date_raw,area,beaufort,effort_km,season,vessel,primary_secondary,date,calendar_year,month,monitoring_period,monitoring_start_year,source_file,area_code
3-Apr-12,LAMMA,1,38.2,SPRING,STANDARD31516,P,2012-04-03,2012,4,2012-13,2012,Final_Report_2012_13.pdf,LM
3-Apr-12,LAMMA,2,30.8,SPRING,STANDARD31516,P,2012-04-03,2012,4,2012-13,2012,Final_Report_2012_13.pdf,LM
3-Apr-12,LAMMA,1,8.7,SPRING,STANDARD31516,S,2012-04-03,2012,4,2012-13,2012,Final_Report_2012_13.pdf,LM
3-Apr-12,LAMMA,2,11.6,SPRING,STANDARD31516,S,2012-04-03,2012,4,2012-13,2012,Final_Report_2012_13.pdf,LM
11-Apr-12,SE LANTAU,1,11.0,SPRING,STANDARD31516,P,2012-04-11,2012,4,2012-13,2012,Final_Report_2012_13.pdf,SEL
11-Apr-12,SE LANTAU,2,13.1,SPRING,STANDARD31516,P,2012-04-11,2012,4,2012-13,2012,Final_Report_2012_13.pdf,SEL
11-Apr-12,SE LANTAU,1,5.8,SPRING,STANDARD31516,S,2012-04-11,2012,4,2012-13,2012,Final_Report_2012_13.pdf,SEL
11-Apr-12,SE LANTAU,2,2.4,SPRING,STANDARD31516,S,2012-04-11,2012,4,2012-13,2012,Final_Report_2012_13.pdf,SEL
11-Apr-12,SW LANTAU,1,4.5,SPRING,STANDARD31516,P,2012-04-11,2012,4,2012-13,2012,Final_Report_2012_13.pdf,SWL
11-Apr-12,SW LANTAU,2,21.2,SPRING,STANDARD31516,P,2012-04-11,2012,4,2012-13,2012,Final_Report_2012_13.pdf,SWL
11-Apr-12,SW LANTAU,1,4.2,SPRING,STANDARD31516,S,2012-04-11,2012,4,2012-13,2012,Final_Report_2012_13.pdf,SWL
11-Apr-12,SW LANTAU,2,5.6,SPRING,STANDARD31516,S,2012-04-11,2012,4,2012-13,2012,Final_Report_2012_13.pdf,SWL
11-Apr-12,W LANTAU,2,1.0,SPRING,STANDARD31516,S,2012-04-11,2012,4,2012-13,2012,Final_Report_2012_13.pdf,WL
11-Apr-12,W LANTAU,3,8.4,SPRING,STANDARD31516,S,2012-04-11,2012,4,2012-13,2012,Final_Report_2012_13.pdf,WL
12-Apr-12,W LANTAU,1,4.6,SPRING,STANDARD31516,P,2012-04-12,2012,4,2012-13,2012,Final_Report_2012_13.pdf,WL
12-Apr-12,W LANTAU,2,10.9,SPRING,STANDARD31516,P,2012-04-12,2012,4,2012-13,2012,Final_Report_2012_13.pdf,WL
12-Apr-12,W LANTAU,3,4.9,SPRING,STANDARD31516,P,2012-04-12,2012,4,2012-13,2012,Final_Report_2012_13.pdf,WL
12-Apr-12,W LANTAU,1,2.7,SPRING,STANDARD31516,S,2012-04-12,2012,4,2012-13,2012,Final_Report_2012_13.pdf,WL
12-Apr-12,W LANTAU,2,12.7,SPRING,STANDARD31516,S,2012-04-12,2012,4,2012-13,2012,Final_Report_2012_13.pdf,WL
12-Apr-12,W LANTAU,3,4.8,SPRING,STANDARD31516,S,2012-04-12,2012,4,2012-13,2012,Final_Report_2012_13.pdf,WL
12-Apr-12,NW LANTAU,3,17.9,SPRING,STANDARD31516,P,2012-04-12,2012,4,2012-13,2012,Final_Report_2012_13.pdf,NWL
12-Apr-12,NW LANTAU,4,7.5,SPRING,STANDARD31516,P,2012-04-12,2012,4,2012-13,2012,Final_Report_2012_13.pdf,NWL
12-Apr-12,NW LANTAU,3,6.1,SPRING,STANDARD31516,S,2012-04-12,2012,4,2012-13,2012,Final_Report_2012_13.pdf,NWL
12-Apr-12,NW LANTAU,4,2.9,SPRING,STANDARD31516,S,2012-04-12,2012,4,2012-13,2012,Final_Report_2012_13.pdf,NWL
26-Apr-12,SE LANTAU,1,3.1,SPRING,STANDARD31516,P,2012-04-26,2012,4,2012-13,2012,Final_Report_2012_13.pdf,SEL
26-Apr-12,SE LANTAU,2,20.2,SPRING,STANDARD31516,P,2012-04-26,2012,4,2012-13,2012,Final_Report_2012_13.pdf,SEL
26-Apr-12,SE LANTAU,2,8.6,SPRING,STANDARD31516,S,2012-04-26,2012,4,2012-13,2012,Final_Report_2012_13.pdf,SEL
26-Apr-12,SW LANTAU,2,8.4,SPRING,STANDARD31516,P,2012-04-26,2012,4,2012-13,2012,Final_Report_2012_13.pdf,SWL
26-Apr-12,SW LANTAU,3,0.8,SPRING,STANDARD31516,P,2012-04-26,2012,4,2012-13,2012,Final_Report_2012_13.pdf,SWL
26-Apr-12,SW LANTAU,2,12.3,SPRING,STANDARD31516,S,2012-04-26,2012,4,2012-13,2012,Final_Report_2012_13.pdf,SWL
26-Apr-12,SW LANTAU,3,2.3,SPRING,STANDARD31516,S,2012-04-26,2012,4,2012-13,2012,Final_Report_2012_13.pdf,SWL
26-Apr-12,W LANTAU,2,2.9,SPRING,STANDARD31516,S,2012-04-26,2012,4,2012-13,2012,Final_Report_2012_13.pdf,WL
26-Apr-12,W LANTAU,3,3.0,SPRING,STANDARD31516,S,2012-04-26,2012,4,2012-13,2012,Final_Report_2012_13.pdf,WL
26-Apr-12,W LANTAU,4,3.2,SPRING,STANDARD31516,S,2012-04-26,2012,4,2012-13,2012,Final_Report_2012_13.pdf,WL
27-Apr-12,NW LANTAU,3,8.2,SPRING,STANDARD31516,P,2012-04-27,2012,4,2012-13,2012,Final_Report_2012_13.pdf,NWL
27-Apr-12,NW LANTAU,4,13.8,SPRING,STANDARD31516,P,2012-04-27,2012,4,2012-13,2012,Final_Report_2012_13.pdf,NWL
27-Apr-12,NW LANTAU,5,4.0,SPRING,STANDARD31516,P,2012-04-27,2012,4,2012-13,2012,Final_Report_2012_13.pdf,NWL
27-Apr-12,NW LANTAU,3,3.1,SPRING,STANDARD31516,S,2012-04-27,2012,4,2012-13,2012,Final_Report_2012_13.pdf,NWL
27-Apr-12,NW LANTAU,4,4.1,SPRING,STANDARD31516,S,2012-04-27,2012,4,2012-13,2012,Final_Report_2012_13.pdf,NWL
27-Apr-12,NE LANTAU,2,3.6,SPRING,STANDARD31516,P,2012-04-27,2012,4,2012-13,2012,Final_Report_2012_13.pdf,NEL
27-Apr-12,NE LANTAU,3,18.6,SPRING,STANDARD31516,P,2012-04-27,2012,4,2012-13,2012,Final_Report_2012_13.pdf,NEL
27-Apr-12,NE LANTAU,3,0.9,SPRING,STANDARD31516,S,2012-04-27,2012,4,2012-13,2012,Final_Report_2012_13.pdf,NEL
27-Apr-12,NE LANTAU,4,1.2,SPRING,STANDARD31516,S,2012-04-27,2012,4,2012-13,2012,Final_Report_2012_13.pdf,NEL
4-May-12,NW LANTAU,1,5.4,SPRING,STANDARD31516,P,2012-05-04,2012,5,2012-13,2012,Final_Report_2012_13.pdf,NWL
4-May-12,NW LANTAU,2,22.9,SPRING,STANDARD31516,P,2012-05-04,2012,5,2012-13,2012,Final_Report_2012_13.pdf,NWL
4-May-12,NW LANTAU,3,3.8,SPRING,STANDARD31516,P,2012-05-04,2012,5,2012-13,2012,Final_Report_2012_13.pdf,NWL
4-May-12,NW LANTAU,2,8.5,SPRING,STANDARD31516,S,2012-05-04,2012,5,2012-13,2012,Final_Report_2012_13.pdf,NWL
4-May-12,NW LANTAU,3,1.7,SPRING,STANDARD31516,S,2012-05-04,2012,5,2012-13,2012,Final_Report_2012_13.pdf,NWL
4-May-12,NE LANTAU,2,4.2,SPRING,STANDARD31516,P,2012-05-04,2012,5,2012-13,2012,Final_Report_2012_13.pdf,NEL
4-May-12,NE LANTAU,3,7.6,SPRING,STANDARD31516,P,2012-05-04,2012,5,2012-13,2012,Final_Report_2012_13.pdf,NEL
4-May-12,NE LANTAU,2,12.6,SPRING,STANDARD31516,S,2012-05-04,2012,5,2012-13,2012,Final_Report_2012_13.pdf,NEL
4-May-12,NE LANTAU,3,1.2,SPRING,STANDARD31516,S,2012-05-04,2012,5,2012-13,2012,Final_Report_2012_13.pdf,NEL
9-May-12,LAMMA,2,20.9,SPRING,STANDARD31516,P,2012-05-09,2012,5,2012-13,2012,Final_Report_2012_13.pdf,LM
9-May-12,LAMMA,3,32.7,SPRING,STANDARD31516,P,2012-05-09,2012,5,2012-13,2012,Final_Report_2012_13.pdf,LM
9-May-12,LAMMA,4,11.6,SPRING,STANDARD31516,P,2012-05-09,2012,5,2012-13,2012,Final_Report_2012_13.pdf,LM
9-May-12,LAMMA,2,12.4,SPRING,STANDARD31516,S,2012-05-09,2012,5,2012-13,2012,Final_Report_2012_13.pdf,LM
9-May-12,LAMMA,3,10.1,SPRING,STANDARD31516,S,2012-05-09,2012,5,2012-13,2012,Final_Report_2012_13.pdf,LM
9-May-12,LAMMA,4,2.9,SPRING,STANDARD31516,S,2012-05-09,2012,5,2012-13,2012,Final_Report_2012_13.pdf,LM
15-May-12,W LANTAU,1,6.7,SPRING,STANDARD31516,P,2012-05-15,2012,5,2012-13,2012,Final_Report_2012_13.pdf,WL
15-May-12,W LANTAU,2,0.3,SPRING,STANDARD31516,P,2012-05-15,2012,5,2012-13,2012,Final_Report_2012_13.pdf,WL
15-May-12,W LANTAU,3,3.6,SPRING,STANDARD31516,P,2012-05-15,2012,5,2012-13,2012,Final_Report_2012_13.pdf,WL
15-May-12,W LANTAU,1,2.1,SPRING,STANDARD31516,S,2012-05-15,2012,5,2012-13,2012,Final_Report_2012_13.pdf,WL
15-May-12,W LANTAU,2,4.8,SPRING,STANDARD31516,S,2012-05-15,2012,5,2012-13,2012,Final_Report_2012_13.pdf,WL
15-May-12,W LANTAU,3,2.0,SPRING,STANDARD31516,S,2012-05-15,2012,5,2012-13,2012,Final_Report_2012_13.pdf,WL
15-May-12,SW LANTAU,2,8.0,SPRING,STANDARD31516,P,2012-05-15,2012,5,2012-13,2012,Final_Report_2012_13.pdf,SWL
15-May-12,SW LANTAU,3,7.6,SPRING,STANDARD31516,P,2012-05-15,2012,5,2012-13,2012,Final_Report_2012_13.pdf,SWL
15-May-12,SW LANTAU,2,9.4,SPRING,STANDARD31516,S,2012-05-15,2012,5,2012-13,2012,Final_Report_2012_13.pdf,SWL
15-May-12,SW LANTAU,3,4.4,SPRING,STANDARD31516,S,2012-05-15,2012,5,2012-13,2012,Final_Report_2012_13.pdf,SWL
15-May-12,SE LANTAU,2,2.0,SPRING,STANDARD31516,P,2012-05-15,2012,5,2012-13,2012,Final_Report_2012_13.pdf,SEL
15-May-12,SE LANTAU,3,7.8,SPRING,STANDARD31516,P,2012-05-15,2012,5,2012-13,2012,Final_Report_2012_13.pdf,SEL
15-May-12,SE LANTAU,2,6.4,SPRING,STANDARD31516,S,2012-05-15,2012,5,2012-13,2012,Final_Report_2012_13.pdf,SEL
15-May-12,SE LANTAU,3,2.2,SPRING,STANDARD31516,S,2012-05-15,2012,5,2012-13,2012,Final_Report_2012_13.pdf,SEL
24-May-12,W LANTAU,1,1.0,SPRING,STANDARD31516,P,2012-05-24,2012,5,2012-13,2012,Final_Report_2012_13.pdf,WL
24-May-12,W LANTAU,2,5.2,SPRING,STANDARD31516,P,2012-05-24,2012,5,2012-13,2012,Final_Report_2012_13.pdf,WL
24-May-12,W LANTAU,3,3.4,SPRING,STANDARD31516,P,2012-05-24,2012,5,2012-13,2012,Final_Report_2012_13.pdf,WL
24-May-12,W LANTAU,4,7.4,SPRING,STANDARD31516,P,2012-05-24,2012,5,2012-13,2012,Final_Report_2012_13.pdf,WL
24-May-12,W LANTAU,1,0.8,SPRING,STANDARD31516,S,2012-05-24,2012,5,2012-13,2012,Final_Report_2012_13.pdf,WL
24-May-12,W LANTAU,2,2.4,SPRING,STANDARD31516,S,2012-05-24,2012,5,2012-13,2012,Final_Report_2012_13.pdf,WL
24-May-12,W LANTAU,3,2.7,SPRING,STANDARD31516,S,2012-05-24,2012,5,2012-13,2012,Final_Report_2012_13.pdf,WL
24-May-12,W LANTAU,4,4.4,SPRING,STANDARD31516,S,2012-05-24,2012,5,2012-13,2012,Final_Report_2012_13.pdf,WL
24-May-12,NE LANTAU,2,3.7,SPRING,STANDARD31516,S,2012-05-24,2012,5,2012-13,2012,Final_Report_2012_13.pdf,NEL
24-May-12,NE LANTAU,3,8.6,SPRING,STANDARD31516,S,2012-05-24,2012,5,2012-13,2012,Final_Report_2012_13.pdf,NEL
30-May-12,NE LANTAU,2,21.3,SPRING,STANDARD31516,P,2012-05-30,2012,5,2012-13,2012,Final_Report_2012_13.pdf,NEL
30-May-12,NE LANTAU,3,7.0,SPRING,STANDARD31516,P,2012-05-30,2012,5,2012-13,2012,Final_Report_2012_13.pdf,NEL
30-May-12,NE LANTAU,2,10.9,SPRING,STANDARD31516,S,2012-05-30,2012,5,2012-13,2012,Final_Report_2012_13.pdf,NEL
30-May-12,NW LANTAU,1,4.1,SPRING,STANDARD31516,P,2012-05-30,2012,5,2012-13,2012,Final_Report_2012_13.pdf,NWL
30-May-12,NW LANTAU,2,14.8,SPRING,STANDARD31516,P,2012-05-30,2012,5,2012-13,2012,Final_Report_2012_13.pdf,NWL
30-May-12,NW LANTAU,3,11.6,SPRING,STANDARD31516,P,2012-05-30,2012,5,2012-13,2012,Final_Report_2012_13.pdf,NWL
30-May-12,NW LANTAU,1,2.9,SPRING,STANDARD31516,S,2012-05-30,2012,5,2012-13,2012,Final_Report_2012_13.pdf,NWL
30-May-12,NW LANTAU,2,5.1,SPRING,STANDARD31516,S,2012-05-30,2012,5,2012-13,2012,Final_Report_2012_13.pdf,NWL
30-May-12,NW LANTAU,3,3.3,SPRING,STANDARD31516,S,2012-05-30,2012,5,2012-13,2012,Final_Report_2012_13.pdf,NWL
31-May-12,W LANTAU,0,3.7,SPRING,STANDARD31516,P,2012-05-31,2012,5,2012-13,2012,Final_Report_2012_13.pdf,WL
31-May-12,W LANTAU,1,2.8,SPRING,STANDARD31516,P,2012-05-31,2012,5,2012-13,2012,Final_Report_2012_13.pdf,WL
31-May-12,W LANTAU,2,8.0,SPRING,STANDARD31516,P,2012-05-31,2012,5,2012-13,2012,Final_Report_2012_13.pdf,WL
31-May-12,W LANTAU,0,2.2,SPRING,STANDARD31516,S,2012-05-31,2012,5,2012-13,2012,Final_Report_2012_13.pdf,WL
31-May-12,W LANTAU,1,1.9,SPRING,STANDARD31516,S,2012-05-31,2012,5,2012-13,2012,Final_Report_2012_13.pdf,WL
31-May-12,W LANTAU,2,6.5,SPRING,STANDARD31516,S,2012-05-31,2012,5,2012-13,2012,Final_Report_2012_13.pdf,WL
31-May-12,NW LANTAU,1,4.4,SPRING,STANDARD31516,P,2012-05-31,2012,5,2012-13,2012,Final_Report_2012_13.pdf,NWL
31-May-12,NW LANTAU,2,17.5,SPRING,STANDARD31516,P,2012-05-31,2012,5,2012-13,2012,Final_Report_2012_13.pdf,NWL
31-May-12,NW LANTAU,3,1.9,SPRING,STANDARD31516,P,2012-05-31,2012,5,2012-13,2012,Final_Report_2012_13.pdf,NWL
31-May-12,NW LANTAU,1,0.5,SPRING,STANDARD31516,S,2012-05-31,2012,5,2012-13,2012,Final_Report_2012_13.pdf,NWL
31-May-12,NW LANTAU,2,8.8,SPRING,STANDARD31516,S,2012-05-31,2012,5,2012-13,2012,Final_Report_2012_13.pdf,NWL
6-Jun-12,W LANTAU,2,13.0,SUMMER,STANDARD31516,P,2012-06-06,2012,6,2012-13,2012,Final_Report_2012_13.pdf,WL
6-Jun-12,W LANTAU,3,5.4,SUMMER,STANDARD31516,P,2012-06-06,2012,6,2012-13,2012,Final_Report_2012_13.pdf,WL
6-Jun-12,W LANTAU,4,2.5,SUMMER,STANDARD31516,P,2012-06-06,2012,6,2012-13,2012,Final_Report_2012_13.pdf,WL
6-Jun-12,W LANTAU,2,4.7,SUMMER,STANDARD31516,S,2012-06-06,2012,6,2012-13,2012,Final_Report_2012_13.pdf,WL
6-Jun-12,W LANTAU,3,12.1,SUMMER,STANDARD31516,S,2012-06-06,2012,6,2012-13,2012,Final_Report_2012_13.pdf,WL
6-Jun-12,W LANTAU,4,1.0,SUMMER,STANDARD31516,S,2012-06-06,2012,6,2012-13,2012,Final_Report_2012_13.pdf,WL
6-Jun-12,NW LANTAU,1,9.8,SUMMER,STANDARD31516,P,2012-06-06,2012,6,2012-13,2012,Final_Report_2012_13.pdf,NWL
6-Jun-12,NW LANTAU,2,2.3,SUMMER,STANDARD31516,P,2012-06-06,2012,6,2012-13,2012,Final_Report_2012_13.pdf,NWL
6-Jun-12,NW LANTAU,3,5.3,SUMMER,STANDARD31516,P,2012-06-06,2012,6,2012-13,2012,Final_Report_2012_13.pdf,NWL
6-Jun-12,NW LANTAU,2,6.0,SUMMER,STANDARD31516,S,2012-06-06,2012,6,2012-13,2012,Final_Report_2012_13.pdf,NWL
6-Jun-12,NW LANTAU,3,2.8,SUMMER,STANDARD31516,S,2012-06-06,2012,6,2012-13,2012,Final_Report_2012_13.pdf,NWL
7-Jun-12,NW LANTAU,1,6.0,SUMMER,STANDARD31516,P,2012-06-07,2012,6,2012-13,2012,Final_Report_2012_13.pdf,NWL
7-Jun-12,NW LANTAU,2,12.1,SUMMER,STANDARD31516,P,2012-06-07,2012,6,2012-13,2012,Final_Report_2012_13.pdf,NWL
7-Jun-12,NW LANTAU,3,9.4,SUMMER,STANDARD31516,P,2012-06-07,2012,6,2012-13,2012,Final_Report_2012_13.pdf,NWL
7-Jun-12,NW LANTAU,4,1.2,SUMMER,STANDARD31516,P,2012-06-07,2012,6,2012-13,2012,Final_Report_2012_13.pdf,NWL
7-Jun-12,NW LANTAU,1,2.4,SUMMER,STANDARD31516,S,2012-06-07,2012,6,2012-13,2012,Final_Report_2012_13.pdf,NWL
7-Jun-12,NW LANTAU,2,2.1,SUMMER,STANDARD31516,S,2012-06-07,2012,6,2012-13,2012,Final_Report_2012_13.pdf,NWL
7-Jun-12,NW LANTAU,3,2.1,SUMMER,STANDARD31516,S,2012-06-07,2012,6,2012-13,2012,Final_Report_2012_13.pdf,NWL
7-Jun-12,NW LANTAU,4,1.0,SUMMER,STANDARD31516,S,2012-06-07,2012,6,2012-13,2012,Final_Report_2012_13.pdf,NWL
7-Jun-12,NE LANTAU,2,7.0,SUMMER,STANDARD31516,P,2012-06-07,2012,6,2012-13,2012,Final_Report_2012_13.pdf,NEL
7-Jun-12,NE LANTAU,3,21.1,SUMMER,STANDARD31516,P,2012-06-07,2012,6,2012-13,2012,Final_Report_2012_13.pdf,NEL
7-Jun-12,NE LANTAU,4,3.1,SUMMER,STANDARD31516,P,2012-06-07,2012,6,2012-13,2012,Final_Report_2012_13.pdf,NEL
7-Jun-12,NE LANTAU,2,6.0,SUMMER,STANDARD31516,S,2012-06-07,2012,6,2012-13,2012,Final_Report_2012_13.pdf,NEL
7-Jun-12,NE LANTAU,3,8.5,SUMMER,STANDARD31516,S,2012-06-07,2012,6,2012-13,2012,Final_Report_2012_13.pdf,NEL
7-Jun-12,NE LANTAU,4,1.3,SUMMER,STANDARD31516,S,2012-06-07,2012,6,2012-13,2012,Final_Report_2012_13.pdf,NEL
8-Jun-12,W LANTAU,1,4.0,SUMMER,STANDARD31516,S,2012-06-08,2012,6,2012-13,2012,Final_Report_2012_13.pdf,WL
8-Jun-12,W LANTAU,2,4.6,SUMMER,STANDARD31516,S,2012-06-08,2012,6,2012-13,2012,Final_Report_2012_13.pdf,WL
8-Jun-12,W LANTAU,3,0.7,SUMMER,STANDARD31516,S,2012-06-08,2012,6,2012-13,2012,Final_Report_2012_13.pdf,WL
8-Jun-12,SW LANTAU,2,26.3,SUMMER,STANDARD31516,P,2012-06-08,2012,6,2012-13,2012,Final_Report_2012_13.pdf,SWL
8-Jun-12,SW LANTAU,2,12.6,SUMMER,STANDARD31516,S,2012-06-08,2012,6,2012-13,2012,Final_Report_2012_13.pdf,SWL
8-Jun-12,SE LANTAU,2,17.9,SUMMER,STANDARD31516,P,2012-06-08,2012,6,2012-13,2012,Final_Report_2012_13.pdf,SEL
8-Jun-12,SE LANTAU,2,8.0,SUMMER,STANDARD31516,S,2012-06-08,2012,6,2012-13,2012,Final_Report_2012_13.pdf,SEL
8-Jun-12,SE LANTAU,3,0.2,SUMMER,STANDARD31516,S,2012-06-08,2012,6,2012-13,2012,Final_Report_2012_13.pdf,SEL
14-Jun-12,NW LANTAU,1,6.0,SUMMER,STANDARD31516,P,2012-06-14,2012,6,2012-13,2012,Final_Report_2012_13.pdf,NWL
14-Jun-12,NW LANTAU,2,19.3,SUMMER,STANDARD31516,P,2012-06-14,2012,6,2012-13,2012,Final_Report_2012_13.pdf,NWL
14-Jun-12,NW LANTAU,1,3.2,SUMMER,STANDARD31516,S,2012-06-14,2012,6,2012-13,2012,Final_Report_2012_13.pdf,NWL
14-Jun-12,NW LANTAU,2,5.2,SUMMER,STANDARD31516,S,2012-06-14,2012,6,2012-13,2012,Final_Report_2012_13.pdf,NWL
14-Jun-12,NE LANTAU,2,12.5,SUMMER,STANDARD31516,P,2012-06-14,2012,6,2012-13,2012,Final_Report_2012_13.pdf,NEL
14-Jun-12,NE LANTAU,3,12.9,SUMMER,STANDARD31516,P,2012-06-14,2012,6,2012-13,2012,Final_Report_2012_13.pdf,NEL
14-Jun-12,NE LANTAU,4,2.3,SUMMER,STANDARD31516,P,2012-06-14,2012,6,2012-13,2012,Final_Report_2012_13.pdf,NEL
14-Jun-12,NE LANTAU,2,6.8,SUMMER,STANDARD31516,S,2012-06-14,2012,6,2012-13,2012,Final_Report_2012_13.pdf,NEL
14-Jun-12,NE LANTAU,3,3.7,SUMMER,STANDARD31516,S,2012-06-14,2012,6,2012-13,2012,Final_Report_2012_13.pdf,NEL
21-Jun-12,W LANTAU,2,0.3,SUMMER,STANDARD31516,P,2012-06-21,2012,6,2012-13,2012,Final_Report_2012_13.pdf,WL
21-Jun-12,W LANTAU,3,9.5,SUMMER,STANDARD31516,P,2012-06-21,2012,6,2012-13,2012,Final_Report_2012_13.pdf,WL
21-Jun-12,W LANTAU,4,5.0,SUMMER,STANDARD31516,P,2012-06-21,2012,6,2012-13,2012,Final_Report_2012_13.pdf,WL
21-Jun-12,W LANTAU,2,0.2,SUMMER,STANDARD31516,S,2012-06-21,2012,6,2012-13,2012,Final_Report_2012_13.pdf,WL
21-Jun-12,W LANTAU,3,7.9,SUMMER,STANDARD31516,S,2012-06-21,2012,6,2012-13,2012,Final_Report_2012_13.pdf,WL
21-Jun-12,W LANTAU,4,2.3,SUMMER,STANDARD31516,S,2012-06-21,2012,6,2012-13,2012,Final_Report_2012_13.pdf,WL
21-Jun-12,SW LANTAU,2,3.7,SUMMER,STANDARD31516,P,2012-06-21,2012,6,2012-13,2012,Final_Report_2012_13.pdf,SWL
21-Jun-12,SW LANTAU,3,9.7,SUMMER,STANDARD31516,P,2012-06-21,2012,6,2012-13,2012,Final_Report_2012_13.pdf,SWL
21-Jun-12,SW LANTAU,4,2.7,SUMMER,STANDARD31516,P,2012-06-21,2012,6,2012-13,2012,Final_Report_2012_13.pdf,SWL
21-Jun-12,SW LANTAU,2,2.0,SUMMER,STANDARD31516,S,2012-06-21,2012,6,2012-13,2012,Final_Report_2012_13.pdf,SWL
21-Jun-12,SW LANTAU,3,2.0,SUMMER,STANDARD31516,S,2012-06-21,2012,6,2012-13,2012,Final_Report_2012_13.pdf,SWL
21-Jun-12,SW LANTAU,4,7.1,SUMMER,STANDARD31516,S,2012-06-21,2012,6,2012-13,2012,Final_Report_2012_13.pdf,SWL
21-Jun-12,SE LANTAU,3,2.7,SUMMER,STANDARD31516,P,2012-06-21,2012,6,2012-13,2012,Final_Report_2012_13.pdf,SEL
21-Jun-12,SE LANTAU,4,5.2,SUMMER,STANDARD31516,P,2012-06-21,2012,6,2012-13,2012,Final_Report_2012_13.pdf,SEL
21-Jun-12,SE LANTAU,2,1.9,SUMMER,STANDARD31516,S,2012-06-21,2012,6,2012-13,2012,Final_Report_2012_13.pdf,SEL
21-Jun-12,SE LANTAU,3,2.2,SUMMER,STANDARD31516,S,2012-06-21,2012,6,2012-13,2012,Final_Report_2012_13.pdf,SEL
21-Jun-12,SE LANTAU,4,3.7,SUMMER,STANDARD31516,S,2012-06-21,2012,6,2012-13,2012,Final_Report_2012_13.pdf,SEL
28-Jun-12,W LANTAU,2,8.2,SUMMER,STANDARD31516,P,2012-06-28,2012,6,2012-13,2012,Final_Report_2012_13.pdf,WL
28-Jun-12,W LANTAU,3,5.8,SUMMER,STANDARD31516,P,2012-06-28,2012,6,2012-13,2012,Final_Report_2012_13.pdf,WL
28-Jun-12,W LANTAU,4,0.8,SUMMER,STANDARD31516,P,2012-06-28,2012,6,2012-13,2012,Final_Report_2012_13.pdf,WL
28-Jun-12,W LANTAU,2,9.6,SUMMER,STANDARD31516,S,2012-06-28,2012,6,2012-13,2012,Final_Report_2012_13.pdf,WL
28-Jun-12,W LANTAU,3,8.9,SUMMER,STANDARD31516,S,2012-06-28,2012,6,2012-13,2012,Final_Report_2012_13.pdf,WL
28-Jun-12,NW LANTAU,2,8.1,SUMMER,STANDARD31516,P,2012-06-28,2012,6,2012-13,2012,Final_Report_2012_13.pdf,NWL
28-Jun-12,NW LANTAU,3,12.7,SUMMER,STANDARD31516,P,2012-06-28,2012,6,2012-13,2012,Final_Report_2012_13.pdf,NWL
28-Jun-12,NW LANTAU,2,3.6,SUMMER,STANDARD31516,S,2012-06-28,2012,6,2012-13,2012,Final_Report_2012_13.pdf,NWL
28-Jun-12,NW LANTAU,3,2.2,SUMMER,STANDARD31516,S,2012-06-28,2012,6,2012-13,2012,Final_Report_2012_13.pdf,NWL
29-Jun-12,PO TOI,1,1.0,SUMMER,STANDARD31516,P,2012-06-29,2012,6,2012-13,2012,Final_Report_2012_13.pdf,PT
29-Jun-12,PO TOI,2,43.4,SUMMER,STANDARD31516,P,2012-06-29,2012,6,2012-13,2012,Final_Report_2012_13.pdf,PT
29-Jun-12,PO TOI,3,13.3,SUMMER,STANDARD31516,P,2012-06-29,2012,6,2012-13,2012,Final_Report_2012_13.pdf,PT
29-Jun-12,PO TOI,1,2.3,SUMMER,STANDARD31516,S,2012-06-29,2012,6,2012-13,2012,Final_Report_2012_13.pdf,PT
29-Jun-12,PO TOI,2,6.3,SUMMER,STANDARD31516,S,2012-06-29,2012,6,2012-13,2012,Final_Report_2012_13.pdf,PT
29-Jun-12,PO TOI,3,1.8,SUMMER,STANDARD31516,S,2012-06-29,2012,6,2012-13,2012,Final_Report_2012_13.pdf,PT
5-Jul-12,W LANTAU,1,3.1,SUMMER,STANDARD31516,P,2012-07-05,2012,7,2012-13,2012,Final_Report_2012_13.pdf,WL
5-Jul-12,W LANTAU,2,12.9,SUMMER,STANDARD31516,P,2012-07-05,2012,7,2012-13,2012,Final_Report_2012_13.pdf,WL
5-Jul-12,W LANTAU,3,0.8,SUMMER,STANDARD31516,P,2012-07-05,2012,7,2012-13,2012,Final_Report_2012_13.pdf,WL
5-Jul-12,W LANTAU,1,2.7,SUMMER,STANDARD31516,S,2012-07-05,2012,7,2012-13,2012,Final_Report_2012_13.pdf,WL
5-Jul-12,W LANTAU,2,11.1,SUMMER,STANDARD31516,S,2012-07-05,2012,7,2012-13,2012,Final_Report_2012_13.pdf,WL
5-Jul-12,W LANTAU,3,3.2,SUMMER,STANDARD31516,S,2012-07-05,2012,7,2012-13,2012,Final_Report_2012_13.pdf,WL
5-Jul-12,NW LANTAU,2,14.8,SUMMER,STANDARD31516,P,2012-07-05,2012,7,2012-13,2012,Final_Report_2012_13.pdf,NWL
5-Jul-12,NW LANTAU,3,3.1,SUMMER,STANDARD31516,P,2012-07-05,2012,7,2012-13,2012,Final_Report_2012_13.pdf,NWL
5-Jul-12,NW LANTAU,2,1.5,SUMMER,STANDARD31516,S,2012-07-05,2012,7,2012-13,2012,Final_Report_2012_13.pdf,NWL
5-Jul-12,NW LANTAU,3,5.3,SUMMER,STANDARD31516,S,2012-07-05,2012,7,2012-13,2012,Final_Report_2012_13.pdf,NWL
6-Jul-12,NW LANTAU,2,9.2,SUMMER,STANDARD31516,P,2012-07-06,2012,7,2012-13,2012,Final_Report_2012_13.pdf,NWL
6-Jul-12,NW LANTAU,3,16.1,SUMMER,STANDARD31516,P,2012-07-06,2012,7,2012-13,2012,Final_Report_2012_13.pdf,NWL
6-Jul-12,NW LANTAU,2,4.9,SUMMER,STANDARD31516,S,2012-07-06,2012,7,2012-13,2012,Final_Report_2012_13.pdf,NWL
6-Jul-12,NW LANTAU,3,3.9,SUMMER,STANDARD31516,S,2012-07-06,2012,7,2012-13,2012,Final_Report_2012_13.pdf,NWL
6-Jul-12,NE LANTAU,2,10.3,SUMMER,STANDARD31516,P,2012-07-06,2012,7,2012-13,2012,Final_Report_2012_13.pdf,NEL
6-Jul-12,NE LANTAU,3,19.2,SUMMER,STANDARD31516,P,2012-07-06,2012,7,2012-13,2012,Final_Report_2012_13.pdf,NEL
6-Jul-12,NE LANTAU,4,0.6,SUMMER,STANDARD31516,P,2012-07-06,2012,7,2012-13,2012,Final_Report_2012_13.pdf,NEL
6-Jul-12,NE LANTAU,2,4.3,SUMMER,STANDARD31516,S,2012-07-06,2012,7,2012-13,2012,Final_Report_2012_13.pdf,NEL
6-Jul-12,NE LANTAU,3,4.7,SUMMER,STANDARD31516,S,2012-07-06,2012,7,2012-13,2012,Final_Report_2012_13.pdf,NEL
10-Jul-12,W LANTAU,2,1.2,SUMMER,STANDARD31516,S,2012-07-10,2012,7,2012-13,2012,Final_Report_2012_13.pdf,WL
10-Jul-12,W LANTAU,3,12.1,SUMMER,STANDARD31516,S,2012-07-10,2012,7,2012-13,2012,Final_Report_2012_13.pdf,WL
10-Jul-12,W LANTAU,4,2.6,SUMMER,STANDARD31516,S,2012-07-10,2012,7,2012-13,2012,Final_Report_2012_13.pdf,WL
10-Jul-12,SW LANTAU,2,11.2,SUMMER,STANDARD31516,P,2012-07-10,2012,7,2012-13,2012,Final_Report_2012_13.pdf,SWL
10-Jul-12,SW LANTAU,3,8.2,SUMMER,STANDARD31516,P,2012-07-10,2012,7,2012-13,2012,Final_Report_2012_13.pdf,SWL
10-Jul-12,SW LANTAU,2,5.6,SUMMER,STANDARD31516,S,2012-07-10,2012,7,2012-13,2012,Final_Report_2012_13.pdf,SWL
10-Jul-12,SW LANTAU,3,10.3,SUMMER,STANDARD31516,S,2012-07-10,2012,7,2012-13,2012,Final_Report_2012_13.pdf,SWL
11-Jul-12,NW LANTAU,3,10.5,SUMMER,STANDARD31516,P,2012-07-11,2012,7,2012-13,2012,Final_Report_2012_13.pdf,NWL
11-Jul-12,NW LANTAU,4,18.3,SUMMER,STANDARD31516,P,2012-07-11,2012,7,2012-13,2012,Final_Report_2012_13.pdf,NWL
11-Jul-12,NW LANTAU,2,0.4,SUMMER,STANDARD31516,S,2012-07-11,2012,7,2012-13,2012,Final_Report_2012_13.pdf,NWL
11-Jul-12,NW LANTAU,3,5.7,SUMMER,STANDARD31516,S,2012-07-11,2012,7,2012-13,2012,Final_Report_2012_13.pdf,NWL
11-Jul-12,NW LANTAU,4,6.0,SUMMER,STANDARD31516,S,2012-07-11,2012,7,2012-13,2012,Final_Report_2012_13.pdf,NWL
11-Jul-12,NE LANTAU,2,17.2,SUMMER,STANDARD31516,P,2012-07-11,2012,7,2012-13,2012,Final_Report_2012_13.pdf,NEL
11-Jul-12,NE LANTAU,3,11.2,SUMMER,STANDARD31516,P,2012-07-11,2012,7,2012-13,2012,Final_Report_2012_13.pdf,NEL
11-Jul-12,NE LANTAU,2,8.2,SUMMER,STANDARD31516,S,2012-07-11,2012,7,2012-13,2012,Final_Report_2012_13.pdf,NEL
11-Jul-12,NE LANTAU,3,1.2,SUMMER,STANDARD31516,S,2012-07-11,2012,7,2012-13,2012,Final_Report_2012_13.pdf,NEL
1-Aug-12,PO TOI,1,7.4,SUMMER,STANDARD31516,P,2012-08-01,2012,8,2012-13,2012,Final_Report_2012_13.pdf,PT
1-Aug-12,PO TOI,2,55.6,SUMMER,STANDARD31516,P,2012-08-01,2012,8,2012-13,2012,Final_Report_2012_13.pdf,PT
1-Aug-12,PO TOI,3,5.0,SUMMER,STANDARD31516,P,2012-08-01,2012,8,2012-13,2012,Final_Report_2012_13.pdf,PT
1-Aug-12,PO TOI,2,10.0,SUMMER,STANDARD31516,S,2012-08-01,2012,8,2012-13,2012,Final_Report_2012_13.pdf,PT
1-Aug-12,PO TOI,3,0.8,SUMMER,STANDARD31516,S,2012-08-01,2012,8,2012-13,2012,Final_Report_2012_13.pdf,PT
1-Aug-12,NINEPINS,2,10.0,SUMMER,STANDARD31516,P,2012-08-01,2012,8,2012-13,2012,Final_Report_2012_13.pdf,NP
1-Aug-12,NINEPINS,3,2.2,SUMMER,STANDARD31516,P,2012-08-01,2012,8,2012-13,2012,Final_Report_2012_13.pdf,NP
2-Aug-12,NINEPINS,1,3.5,SUMMER,STANDARD31516,P,2012-08-02,2012,8,2012-13,2012,Final_Report_2012_13.pdf,NP
2-Aug-12,NINEPINS,2,57.5,SUMMER,STANDARD31516,P,2012-08-02,2012,8,2012-13,2012,Final_Report_2012_13.pdf,NP
2-Aug-12,NINEPINS,3,13.6,SUMMER,STANDARD31516,P,2012-08-02,2012,8,2012-13,2012,Final_Report_2012_13.pdf,NP
2-Aug-12,NINEPINS,1,0.9,SUMMER,STANDARD31516,S,2012-08-02,2012,8,2012-13,2012,Final_Report_2012_13.pdf,NP
2-Aug-12,NINEPINS,2,9.6,SUMMER,STANDARD31516,S,2012-08-02,2012,8,2012-13,2012,Final_Report_2012_13.pdf,NP
6-Aug-12,NE LANTAU,1,2.0,SUMMER,STANDARD31516,P,2012-08-06,2012,8,2012-13,2012,Final_Report_2012_13.pdf,NEL
6-Aug-12,NE LANTAU,2,8.8,SUMMER,STANDARD31516,P,2012-08-06,2012,8,2012-13,2012,Final_Report_2012_13.pdf,NEL
6-Aug-12,NE LANTAU,3,3.1,SUMMER,STANDARD31516,P,2012-08-06,2012,8,2012-13,2012,Final_Report_2012_13.pdf,NEL
6-Aug-12,NE LANTAU,1,0.9,SUMMER,STANDARD31516,S,2012-08-06,2012,8,2012-13,2012,Final_Report_2012_13.pdf,NEL
6-Aug-12,NE LANTAU,2,9.8,SUMMER,STANDARD31516,S,2012-08-06,2012,8,2012-13,2012,Final_Report_2012_13.pdf,NEL
6-Aug-12,NE LANTAU,3,0.1,SUMMER,STANDARD31516,S,2012-08-06,2012,8,2012-13,2012,Final_Report_2012_13.pdf,NEL
6-Aug-12,NW LANTAU,1,0.7,SUMMER,STANDARD31516,P,2012-08-06,2012,8,2012-13,2012,Final_Report_2012_13.pdf,NWL
6-Aug-12,NW LANTAU,2,18.1,SUMMER,STANDARD31516,P,2012-08-06,2012,8,2012-13,2012,Final_Report_2012_13.pdf,NWL
6-Aug-12,NW LANTAU,3,4.5,SUMMER,STANDARD31516,P,2012-08-06,2012,8,2012-13,2012,Final_Report_2012_13.pdf,NWL
6-Aug-12,NW LANTAU,2,9.1,SUMMER,STANDARD31516,S,2012-08-06,2012,8,2012-13,2012,Final_Report_2012_13.pdf,NWL
8-Aug-12,NE LANTAU,2,13.8,SUMMER,STANDARD31516,P,2012-08-08,2012,8,2012-13,2012,Final_Report_2012_13.pdf,NEL
8-Aug-12,NE LANTAU,2,8.4,SUMMER,STANDARD31516,S,2012-08-08,2012,8,2012-13,2012,Final_Report_2012_13.pdf,NEL
8-Aug-12,NW LANTAU,2,19.9,SUMMER,STANDARD31516,P,2012-08-08,2012,8,2012-13,2012,Final_Report_2012_13.pdf,NWL
8-Aug-12,NW LANTAU,2,0.3,SUMMER,STANDARD31516,S,2012-08-08,2012,8,2012-13,2012,Final_Report_2012_13.pdf,NWL
8-Aug-12,NW LANTAU,3,4.1,SUMMER,STANDARD31516,S,2012-08-08,2012,8,2012-13,2012,Final_Report_2012_13.pdf,NWL
9-Aug-12,W LANTAU,1,1.9,SUMMER,STANDARD31516,P,2012-08-09,2012,8,2012-13,2012,Final_Report_2012_13.pdf,WL
9-Aug-12,W LANTAU,2,4.7,SUMMER,STANDARD31516,P,2012-08-09,2012,8,2012-13,2012,Final_Report_2012_13.pdf,WL
9-Aug-12,W LANTAU,1,1.7,SUMMER,STANDARD31516,S,2012-08-09,2012,8,2012-13,2012,Final_Report_2012_13.pdf,WL
9-Aug-12,W LANTAU,2,3.6,SUMMER,STANDARD31516,S,2012-08-09,2012,8,2012-13,2012,Final_Report_2012_13.pdf,WL
9-Aug-12,NW LANTAU,4,7.0,SUMMER,STANDARD31516,P,2012-08-09,2012,8,2012-13,2012,Final_Report_2012_13.pdf,NWL
9-Aug-12,NW LANTAU,4,1.7,SUMMER,STANDARD31516,S,2012-08-09,2012,8,2012-13,2012,Final_Report_2012_13.pdf,NWL
9-Aug-12,NE LANTAU,2,12.4,SUMMER,STANDARD31516,P,2012-08-09,2012,8,2012-13,2012,Final_Report_2012_13.pdf,NEL
9-Aug-12,NE LANTAU,3,3.8,SUMMER,STANDARD31516,P,2012-08-09,2012,8,2012-13,2012,Final_Report_2012_13.pdf,NEL
9-Aug-12,NE LANTAU,4,3.0,SUMMER,STANDARD31516,P,2012-08-09,2012,8,2012-13,2012,Final_Report_2012_13.pdf,NEL
9-Aug-12,NE LANTAU,2,8.5,SUMMER,STANDARD31516,S,2012-08-09,2012,8,2012-13,2012,Final_Report_2012_13.pdf,NEL
9-Aug-12,NE LANTAU,3,2.0,SUMMER,STANDARD31516,S,2012-08-09,2012,8,2012-13,2012,Final_Report_2012_13.pdf,NEL
15-Aug-12,W LANTAU,2,3.0,SUMMER,STANDARD31516,P,2012-08-15,2012,8,2012-13,2012,Final_Report_2012_13.pdf,WL
15-Aug-12,NW LANTAU,1,0.4,SUMMER,STANDARD31516,P,2012-08-15,2012,8,2012-13,2012,Final_Report_2012_13.pdf,NWL
15-Aug-12,NW LANTAU,2,20.4,SUMMER,STANDARD31516,P,2012-08-15,2012,8,2012-13,2012,Final_Report_2012_13.pdf,NWL
15-Aug-12,NW LANTAU,3,2.1,SUMMER,STANDARD31516,P,2012-08-15,2012,8,2012-13,2012,Final_Report_2012_13.pdf,NWL
15-Aug-12,NW LANTAU,2,7.6,SUMMER,STANDARD31516,S,2012-08-15,2012,8,2012-13,2012,Final_Report_2012_13.pdf,NWL
16-Aug-12,W LANTAU,2,6.2,SUMMER,STANDARD31516,P,2012-08-16,2012,8,2012-13,2012,Final_Report_2012_13.pdf,WL
16-Aug-12,W LANTAU,3,7.8,SUMMER,STANDARD31516,P,2012-08-16,2012,8,2012-13,2012,Final_Report_2012_13.pdf,WL
16-Aug-12,W LANTAU,2,7.0,SUMMER,STANDARD31516,S,2012-08-16,2012,8,2012-13,2012,Final_Report_2012_13.pdf,WL
16-Aug-12,W LANTAU,3,9.8,SUMMER,STANDARD31516,S,2012-08-16,2012,8,2012-13,2012,Final_Report_2012_13.pdf,WL
16-Aug-12,W LANTAU,4,1.2,SUMMER,STANDARD31516,S,2012-08-16,2012,8,2012-13,2012,Final_Report_2012_13.pdf,WL
21-Aug-12,W LANTAU,2,9.7,SUMMER,STANDARD31516,S,2012-08-21,2012,8,2012-13,2012,Final_Report_2012_13.pdf,WL
21-Aug-12,W LANTAU,3,1.3,SUMMER,STANDARD31516,S,2012-08-21,2012,8,2012-13,2012,Final_Report_2012_13.pdf,WL
21-Aug-12,SW LANTAU,2,20.3,SUMMER,STANDARD31516,P,2012-08-21,2012,8,2012-13,2012,Final_Report_2012_13.pdf,SWL
21-Aug-12,SW LANTAU,3,1.0,SUMMER,STANDARD31516,P,2012-08-21,2012,8,2012-13,2012,Final_Report_2012_13.pdf,SWL
21-Aug-12,SW LANTAU,2,13.9,SUMMER,STANDARD31516,S,2012-08-21,2012,8,2012-13,2012,Final_Report_2012_13.pdf,SWL
21-Aug-12,SE LANTAU,2,14.2,SUMMER,STANDARD31516,P,2012-08-21,2012,8,2012-13,2012,Final_Report_2012_13.pdf,SEL
21-Aug-12,SE LANTAU,3,4.6,SUMMER,STANDARD31516,P,2012-08-21,2012,8,2012-13,2012,Final_Report_2012_13.pdf,SEL
21-Aug-12,SE LANTAU,2,4.8,SUMMER,STANDARD31516,S,2012-08-21,2012,8,2012-13,2012,Final_Report_2012_13.pdf,SEL
21-Aug-12,SE LANTAU,3,3.6,SUMMER,STANDARD31516,S,2012-08-21,2012,8,2012-13,2012,Final_Report_2012_13.pdf,SEL
22-Aug-12,PO TOI,2,53.2,SUMMER,STANDARD31516,P,2012-08-22,2012,8,2012-13,2012,Final_Report_2012_13.pdf,PT
22-Aug-12,PO TOI,3,20.9,SUMMER,STANDARD31516,P,2012-08-22,2012,8,2012-13,2012,Final_Report_2012_13.pdf,PT
22-Aug-12,PO TOI,2,17.1,SUMMER,STANDARD31516,S,2012-08-22,2012,8,2012-13,2012,Final_Report_2012_13.pdf,PT
29-Aug-12,NE LANTAU,1,3.6,SUMMER,STANDARD31516,P,2012-08-29,2012,8,2012-13,2012,Final_Report_2012_13.pdf,NEL
29-Aug-12,NE LANTAU,2,10.4,SUMMER,STANDARD31516,P,2012-08-29,2012,8,2012-13,2012,Final_Report_2012_13.pdf,NEL
29-Aug-12,NE LANTAU,1,0.3,SUMMER,STANDARD31516,S,2012-08-29,2012,8,2012-13,2012,Final_Report_2012_13.pdf,NEL
29-Aug-12,NE LANTAU,2,8.7,SUMMER,STANDARD31516,S,2012-08-29,2012,8,2012-13,2012,Final_Report_2012_13.pdf,NEL
30-Aug-12,W LANTAU,2,8.7,SUMMER,STANDARD31516,S,2012-08-30,2012,8,2012-13,2012,Final_Report_2012_13.pdf,WL
30-Aug-12,SW LANTAU,1,3.7,SUMMER,STANDARD31516,P,2012-08-30,2012,8,2012-13,2012,Final_Report_2012_13.pdf,SWL
30-Aug-12,SW LANTAU,2,19.7,SUMMER,STANDARD31516,P,2012-08-30,2012,8,2012-13,2012,Final_Report_2012_13.pdf,SWL
30-Aug-12,SW LANTAU,1,2.7,SUMMER,STANDARD31516,S,2012-08-30,2012,8,2012-13,2012,Final_Report_2012_13.pdf,SWL
30-Aug-12,SW LANTAU,2,3.3,SUMMER,STANDARD31516,S,2012-08-30,2012,8,2012-13,2012,Final_Report_2012_13.pdf,SWL
30-Aug-12,SW LANTAU,3,0.8,SUMMER,STANDARD31516,S,2012-08-30,2012,8,2012-13,2012,Final_Report_2012_13.pdf,SWL
30-Aug-12,SE LANTAU,2,15.8,SUMMER,STANDARD31516,P,2012-08-30,2012,8,2012-13,2012,Final_Report_2012_13.pdf,SEL
30-Aug-12,SE LANTAU,2,4.1,SUMMER,STANDARD31516,S,2012-08-30,2012,8,2012-13,2012,Final_Report_2012_13.pdf,SEL
10-Sep-12,PO TOI,1,27.3,AUTUMN,STANDARD31516,P,2012-09-10,2012,9,2012-13,2012,Final_Report_2012_13.pdf,PT
10-Sep-12,PO TOI,2,41.1,AUTUMN,STANDARD31516,P,2012-09-10,2012,9,2012-13,2012,Final_Report_2012_13.pdf,PT
10-Sep-12,PO TOI,3,0.9,AUTUMN,STANDARD31516,P,2012-09-10,2012,9,2012-13,2012,Final_Report_2012_13.pdf,PT
10-Sep-12,PO TOI,1,3.9,AUTUMN,STANDARD31516,S,2012-09-10,2012,9,2012-13,2012,Final_Report_2012_13.pdf,PT
10-Sep-12,PO TOI,2,8.0,AUTUMN,STANDARD31516,S,2012-09-10,2012,9,2012-13,2012,Final_Report_2012_13.pdf,PT
10-Sep-12,NINEPINS,2,12.0,AUTUMN,STANDARD31516,P,2012-09-10,2012,9,2012-13,2012,Final_Report_2012_13.pdf,NP
11-Sep-12,NINEPINS,2,74.7,AUTUMN,STANDARD31516,P,2012-09-11,2012,9,2012-13,2012,Final_Report_2012_13.pdf,NP
11-Sep-12,NINEPINS,2,11.9,AUTUMN,STANDARD31516,S,2012-09-11,2012,9,2012-13,2012,Final_Report_2012_13.pdf,NP
11-Sep-12,NINEPINS,3,1.5,AUTUMN,STANDARD31516,S,2012-09-11,2012,9,2012-13,2012,Final_Report_2012_13.pdf,NP
13-Sep-12,NW LANTAU,2,6.4,AUTUMN,STANDARD31516,P,2012-09-13,2012,9,2012-13,2012,Final_Report_2012_13.pdf,NWL
13-Sep-12,NW LANTAU,3,12.3,AUTUMN,STANDARD31516,P,2012-09-13,2012,9,2012-13,2012,Final_Report_2012_13.pdf,NWL
13-Sep-12,NW LANTAU,2,4.8,AUTUMN,STANDARD31516,S,2012-09-13,2012,9,2012-13,2012,Final_Report_2012_13.pdf,NWL
13-Sep-12,NE LANTAU,1,1.3,AUTUMN,STANDARD31516,P,2012-09-13,2012,9,2012-13,2012,Final_Report_2012_13.pdf,NEL
13-Sep-12,NE LANTAU,1,2.0,AUTUMN,STANDARD31516,S,2012-09-13,2012,9,2012-13,2012,Final_Report_2012_13.pdf,NEL
13-Sep-12,NE LANTAU,2,2.1,AUTUMN,STANDARD31516,S,2012-09-13,2012,9,2012-13,2012,Final_Report_2012_13.pdf,NEL
19-Sep-12,SE LANTAU,2,8.0,AUTUMN,STANDARD31516,P,2012-09-19,2012,9,2012-13,2012,Final_Report_2012_13.pdf,SEL
19-Sep-12,SE LANTAU,3,11.9,AUTUMN,STANDARD31516,P,2012-09-19,2012,9,2012-13,2012,Final_Report_2012_13.pdf,SEL
19-Sep-12,SE LANTAU,4,1.6,AUTUMN,STANDARD31516,P,2012-09-19,2012,9,2012-13,2012,Final_Report_2012_13.pdf,SEL
19-Sep-12,SE LANTAU,2,4.4,AUTUMN,STANDARD31516,S,2012-09-19,2012,9,2012-13,2012,Final_Report_2012_13.pdf,SEL
19-Sep-12,SE LANTAU,3,3.9,AUTUMN,STANDARD31516,S,2012-09-19,2012,9,2012-13,2012,Final_Report_2012_13.pdf,SEL
19-Sep-12,SW LANTAU,2,2.2,AUTUMN,STANDARD31516,P,2012-09-19,2012,9,2012-13,2012,Final_Report_2012_13.pdf,SWL
19-Sep-12,SW LANTAU,3,19.7,AUTUMN,STANDARD31516,P,2012-09-19,2012,9,2012-13,2012,Final_Report_2012_13.pdf,SWL
19-Sep-12,SW LANTAU,4,5.2,AUTUMN,STANDARD31516,P,2012-09-19,2012,9,2012-13,2012,Final_Report_2012_13.pdf,SWL
19-Sep-12,SW LANTAU,2,2.4,AUTUMN,STANDARD31516,S,2012-09-19,2012,9,2012-13,2012,Final_Report_2012_13.pdf,SWL
19-Sep-12,SW LANTAU,3,6.4,AUTUMN,STANDARD31516,S,2012-09-19,2012,9,2012-13,2012,Final_Report_2012_13.pdf,SWL
19-Sep-12,SW LANTAU,4,4.6,AUTUMN,STANDARD31516,S,2012-09-19,2012,9,2012-13,2012,Final_Report_2012_13.pdf,SWL
19-Sep-12,W LANTAU,1,6.8,AUTUMN,STANDARD31516,S,2012-09-19,2012,9,2012-13,2012,Final_Report_2012_13.pdf,WL
19-Sep-12,W LANTAU,2,3.7,AUTUMN,STANDARD31516,S,2012-09-19,2012,9,2012-13,2012,Final_Report_2012_13.pdf,WL
20-Sep-12,NW LANTAU,2,24.3,AUTUMN,STANDARD31516,P,2012-09-20,2012,9,2012-13,2012,Final_Report_2012_13.pdf,NWL
20-Sep-12,NW LANTAU,3,13.2,AUTUMN,STANDARD31516,P,2012-09-20,2012,9,2012-13,2012,Final_Report_2012_13.pdf,NWL
20-Sep-12,NW LANTAU,2,8.6,AUTUMN,STANDARD31516,S,2012-09-20,2012,9,2012-13,2012,Final_Report_2012_13.pdf,NWL
20-Sep-12,NW LANTAU,3,4.0,AUTUMN,STANDARD31516,S,2012-09-20,2012,9,2012-13,2012,Final_Report_2012_13.pdf,NWL
20-Sep-12,NE LANTAU,2,19.4,AUTUMN,STANDARD31516,P,2012-09-20,2012,9,2012-13,2012,Final_Report_2012_13.pdf,NEL
20-Sep-12,NE LANTAU,3,7.1,AUTUMN,STANDARD31516,P,2012-09-20,2012,9,2012-13,2012,Final_Report_2012_13.pdf,NEL
20-Sep-12,NE LANTAU,2,7.6,AUTUMN,STANDARD31516,S,2012-09-20,2012,9,2012-13,2012,Final_Report_2012_13.pdf,NEL
20-Sep-12,NE LANTAU,3,3.1,AUTUMN,STANDARD31516,S,2012-09-20,2012,9,2012-13,2012,Final_Report_2012_13.pdf,NEL
24-Sep-12,NW LANTAU,2,9.7,AUTUMN,STANDARD31516,P,2012-09-24,2012,9,2012-13,2012,Final_Report_2012_13.pdf,NWL
24-Sep-12,NW LANTAU,3,7.9,AUTUMN,STANDARD31516,P,2012-09-24,2012,9,2012-13,2012,Final_Report_2012_13.pdf,NWL
24-Sep-12,NW LANTAU,2,5.3,AUTUMN,STANDARD31516,S,2012-09-24,2012,9,2012-13,2012,Final_Report_2012_13.pdf,NWL
24-Sep-12,NW LANTAU,3,0.1,AUTUMN,STANDARD31516,S,2012-09-24,2012,9,2012-13,2012,Final_Report_2012_13.pdf,NWL
25-Sep-12,NW LANTAU,2,2.0,AUTUMN,STANDARD31516,P,2012-09-25,2012,9,2012-13,2012,Final_Report_2012_13.pdf,NWL
25-Sep-12,NW LANTAU,3,9.5,AUTUMN,STANDARD31516,P,2012-09-25,2012,9,2012-13,2012,Final_Report_2012_13.pdf,NWL
25-Sep-12,NW LANTAU,4,5.1,AUTUMN,STANDARD31516,P,2012-09-25,2012,9,2012-13,2012,Final_Report_2012_13.pdf,NWL
25-Sep-12,NW LANTAU,2,1.4,AUTUMN,STANDARD31516,S,2012-09-25,2012,9,2012-13,2012,Final_Report_2012_13.pdf,NWL
25-Sep-12,NW LANTAU,3,2.1,AUTUMN,STANDARD31516,S,2012-09-25,2012,9,2012-13,2012,Final_Report_2012_13.pdf,NWL
25-Sep-12,NE LANTAU,2,10.5,AUTUMN,STANDARD31516,P,2012-09-25,2012,9,2012-13,2012,Final_Report_2012_13.pdf,NEL
25-Sep-12,NE LANTAU,3,13.6,AUTUMN,STANDARD31516,P,2012-09-25,2012,9,2012-13,2012,Final_Report_2012_13.pdf,NEL
25-Sep-12,NE LANTAU,2,7.6,AUTUMN,STANDARD31516,S,2012-09-25,2012,9,2012-13,2012,Final_Report_2012_13.pdf,NEL
25-Sep-12,NE LANTAU,3,3.6,AUTUMN,STANDARD31516,S,2012-09-25,2012,9,2012-13,2012,Final_Report_2012_13.pdf,NEL
27-Sep-12,NW LANTAU,2,10.9,AUTUMN,STANDARD31516,P,2012-09-27,2012,9,2012-13,2012,Final_Report_2012_13.pdf,NWL
27-Sep-12,NW LANTAU,3,10.3,AUTUMN,STANDARD31516,P,2012-09-27,2012,9,2012-13,2012,Final_Report_2012_13.pdf,NWL
27-Sep-12,NW LANTAU,4,1.4,AUTUMN,STANDARD31516,P,2012-09-27,2012,9,2012-13,2012,Final_Report_2012_13.pdf,NWL
27-Sep-12,NW LANTAU,2,2.7,AUTUMN,STANDARD31516,S,2012-09-27,2012,9,2012-13,2012,Final_Report_2012_13.pdf,NWL
27-Sep-12,NW LANTAU,3,3.7,AUTUMN,STANDARD31516,S,2012-09-27,2012,9,2012-13,2012,Final_Report_2012_13.pdf,NWL
27-Sep-12,NW LANTAU,4,3.0,AUTUMN,STANDARD31516,S,2012-09-27,2012,9,2012-13,2012,Final_Report_2012_13.pdf,NWL
27-Sep-12,W LANTAU,2,3.1,AUTUMN,STANDARD31516,P,2012-09-27,2012,9,2012-13,2012,Final_Report_2012_13.pdf,WL
27-Sep-12,W LANTAU,3,5.8,AUTUMN,STANDARD31516,P,2012-09-27,2012,9,2012-13,2012,Final_Report_2012_13.pdf,WL
27-Sep-12,W LANTAU,2,0.7,AUTUMN,STANDARD31516,S,2012-09-27,2012,9,2012-13,2012,Final_Report_2012_13.pdf,WL
27-Sep-12,W LANTAU,3,7.3,AUTUMN,STANDARD31516,S,2012-09-27,2012,9,2012-13,2012,Final_Report_2012_13.pdf,WL
28-Sep-12,NE LANTAU,2,9.5,AUTUMN,STANDARD31516,P,2012-09-28,2012,9,2012-13,2012,Final_Report_2012_13.pdf,NEL
28-Sep-12,NE LANTAU,3,8.2,AUTUMN,STANDARD31516,P,2012-09-28,2012,9,2012-13,2012,Final_Report_2012_13.pdf,NEL
28-Sep-12,NE LANTAU,4,0.7,AUTUMN,STANDARD31516,P,2012-09-28,2012,9,2012-13,2012,Final_Report_2012_13.pdf,NEL
28-Sep-12,NE LANTAU,2,4.6,AUTUMN,STANDARD31516,S,2012-09-28,2012,9,2012-13,2012,Final_Report_2012_13.pdf,NEL
28-Sep-12,NE LANTAU,3,1.6,AUTUMN,STANDARD31516,S,2012-09-28,2012,9,2012-13,2012,Final_Report_2012_13.pdf,NEL
28-Sep-12,NE LANTAU,4,0.5,AUTUMN,STANDARD31516,S,2012-09-28,2012,9,2012-13,2012,Final_Report_2012_13.pdf,NEL
28-Sep-12,NW LANTAU,3,13.6,AUTUMN,STANDARD31516,P,2012-09-28,2012,9,2012-13,2012,Final_Report_2012_13.pdf,NWL
28-Sep-12,NW LANTAU,2,1.6,AUTUMN,STANDARD31516,S,2012-09-28,2012,9,2012-13,2012,Final_Report_2012_13.pdf,NWL
28-Sep-12,NW LANTAU,3,2.7,AUTUMN,STANDARD31516,S,2012-09-28,2012,9,2012-13,2012,Final_Report_2012_13.pdf,NWL
3-Oct-12,W LANTAU,2,12.2,AUTUMN,STANDARD31516,P,2012-10-03,2012,10,2012-13,2012,Final_Report_2012_13.pdf,WL
3-Oct-12,W LANTAU,3,9.1,AUTUMN,STANDARD31516,P,2012-10-03,2012,10,2012-13,2012,Final_Report_2012_13.pdf,WL
3-Oct-12,W LANTAU,2,13.9,AUTUMN,STANDARD31516,S,2012-10-03,2012,10,2012-13,2012,Final_Report_2012_13.pdf,WL
3-Oct-12,W LANTAU,3,5.0,AUTUMN,STANDARD31516,S,2012-10-03,2012,10,2012-13,2012,Final_Report_2012_13.pdf,WL
3-Oct-12,W LANTAU,4,1.2,AUTUMN,STANDARD31516,S,2012-10-03,2012,10,2012-13,2012,Final_Report_2012_13.pdf,WL
3-Oct-12,NW LANTAU,2,9.9,AUTUMN,STANDARD31516,P,2012-10-03,2012,10,2012-13,2012,Final_Report_2012_13.pdf,NWL
3-Oct-12,NW LANTAU,3,5.3,AUTUMN,STANDARD31516,P,2012-10-03,2012,10,2012-13,2012,Final_Report_2012_13.pdf,NWL
3-Oct-12,NW LANTAU,2,5.0,AUTUMN,STANDARD31516,S,2012-10-03,2012,10,2012-13,2012,Final_Report_2012_13.pdf,NWL
3-Oct-12,NW LANTAU,3,0.5,AUTUMN,STANDARD31516,S,2012-10-03,2012,10,2012-13,2012,Final_Report_2012_13.pdf,NWL
4-Oct-12,NW LANTAU,1,1.5,AUTUMN,STANDARD31516,P,2012-10-04,2012,10,2012-13,2012,Final_Report_2012_13.pdf,NWL
4-Oct-12,NW LANTAU,2,14.6,AUTUMN,STANDARD31516,P,2012-10-04,2012,10,2012-13,2012,Final_Report_2012_13.pdf,NWL
4-Oct-12,NW LANTAU,3,4.7,AUTUMN,STANDARD31516,P,2012-10-04,2012,10,2012-13,2012,Final_Report_2012_13.pdf,NWL
4-Oct-12,NW LANTAU,2,8.4,AUTUMN,STANDARD31516,S,2012-10-04,2012,10,2012-13,2012,Final_Report_2012_13.pdf,NWL
4-Oct-12,NE LANTAU,2,15.4,AUTUMN,STANDARD31516,P,2012-10-04,2012,10,2012-13,2012,Final_Report_2012_13.pdf,NEL
4-Oct-12,NE LANTAU,3,6.0,AUTUMN,STANDARD31516,P,2012-10-04,2012,10,2012-13,2012,Final_Report_2012_13.pdf,NEL
4-Oct-12,NE LANTAU,2,5.8,AUTUMN,STANDARD31516,S,2012-10-04,2012,10,2012-13,2012,Final_Report_2012_13.pdf,NEL
4-Oct-12,NE LANTAU,3,4.3,AUTUMN,STANDARD31516,S,2012-10-04,2012,10,2012-13,2012,Final_Report_2012_13.pdf,NEL
15-Oct-12,NW LANTAU,1,2.5,AUTUMN,STANDARD31516,P,2012-10-15,2012,10,2012-13,2012,Final_Report_2012_13.pdf,NWL
15-Oct-12,NW LANTAU,2,6.4,AUTUMN,STANDARD31516,P,2012-10-15,2012,10,2012-13,2012,Final_Report_2012_13.pdf,NWL
15-Oct-12,NW LANTAU,3,2.9,AUTUMN,STANDARD31516,P,2012-10-15,2012,10,2012-13,2012,Final_Report_2012_13.pdf,NWL
15-Oct-12,NW LANTAU,2,0.6,AUTUMN,STANDARD31516,S,2012-10-15,2012,10,2012-13,2012,Final_Report_2012_13.pdf,NWL
15-Oct-12,NW LANTAU,3,1.7,AUTUMN,STANDARD31516,S,2012-10-15,2012,10,2012-13,2012,Final_Report_2012_13.pdf,NWL
16-Oct-12,W LANTAU,1,2.6,AUTUMN,STANDARD31516,S,2012-10-16,2012,10,2012-13,2012,Final_Report_2012_13.pdf,WL
16-Oct-12,W LANTAU,2,9.3,AUTUMN,STANDARD31516,S,2012-10-16,2012,10,2012-13,2012,Final_Report_2012_13.pdf,WL
16-Oct-12,SW LANTAU,2,16.0,AUTUMN,STANDARD31516,P,2012-10-16,2012,10,2012-13,2012,Final_Report_2012_13.pdf,SWL
16-Oct-12,SW LANTAU,3,12.0,AUTUMN,STANDARD31516,P,2012-10-16,2012,10,2012-13,2012,Final_Report_2012_13.pdf,SWL
16-Oct-12,SW LANTAU,4,0.6,AUTUMN,STANDARD31516,P,2012-10-16,2012,10,2012-13,2012,Final_Report_2012_13.pdf,SWL
16-Oct-12,SW LANTAU,2,1.6,AUTUMN,STANDARD31516,S,2012-10-16,2012,10,2012-13,2012,Final_Report_2012_13.pdf,SWL
16-Oct-12,SW LANTAU,3,10.9,AUTUMN,STANDARD31516,S,2012-10-16,2012,10,2012-13,2012,Final_Report_2012_13.pdf,SWL
16-Oct-12,SE LANTAU,2,17.9,AUTUMN,STANDARD31516,P,2012-10-16,2012,10,2012-13,2012,Final_Report_2012_13.pdf,SEL
16-Oct-12,SE LANTAU,3,1.0,AUTUMN,STANDARD31516,P,2012-10-16,2012,10,2012-13,2012,Final_Report_2012_13.pdf,SEL
16-Oct-12,SE LANTAU,2,6.1,AUTUMN,STANDARD31516,S,2012-10-16,2012,10,2012-13,2012,Final_Report_2012_13.pdf,SEL
22-Oct-12,PO TOI,2,28.4,AUTUMN,STANDARD31516,P,2012-10-22,2012,10,2012-13,2012,Final_Report_2012_13.pdf,PT
22-Oct-12,PO TOI,3,33.8,AUTUMN,STANDARD31516,P,2012-10-22,2012,10,2012-13,2012,Final_Report_2012_13.pdf,PT
22-Oct-12,PO TOI,4,3.3,AUTUMN,STANDARD31516,P,2012-10-22,2012,10,2012-13,2012,Final_Report_2012_13.pdf,PT
22-Oct-12,PO TOI,2,7.3,AUTUMN,STANDARD31516,S,2012-10-22,2012,10,2012-13,2012,Final_Report_2012_13.pdf,PT
22-Oct-12,PO TOI,3,4.9,AUTUMN,STANDARD31516,S,2012-10-22,2012,10,2012-13,2012,Final_Report_2012_13.pdf,PT
9-Nov-12,NW LANTAU,2,20.7,AUTUMN,STANDARD31516,P,2012-11-09,2012,11,2012-13,2012,Final_Report_2012_13.pdf,NWL
9-Nov-12,NW LANTAU,3,6.5,AUTUMN,STANDARD31516,P,2012-11-09,2012,11,2012-13,2012,Final_Report_2012_13.pdf,NWL
9-Nov-12,NW LANTAU,2,4.5,AUTUMN,STANDARD31516,S,2012-11-09,2012,11,2012-13,2012,Final_Report_2012_13.pdf,NWL
9-Nov-12,NW LANTAU,3,2.4,AUTUMN,STANDARD31516,S,2012-11-09,2012,11,2012-13,2012,Final_Report_2012_13.pdf,NWL
20-Nov-12,NE LANTAU,2,2.5,AUTUMN,STANDARD31516,P,2012-11-20,2012,11,2012-13,2012,Final_Report_2012_13.pdf,NEL
20-Nov-12,NE LANTAU,3,21.5,AUTUMN,STANDARD31516,P,2012-11-20,2012,11,2012-13,2012,Final_Report_2012_13.pdf,NEL
20-Nov-12,NE LANTAU,2,6.4,AUTUMN,STANDARD31516,S,2012-11-20,2012,11,2012-13,2012,Final_Report_2012_13.pdf,NEL
20-Nov-12,NE LANTAU,3,9.4,AUTUMN,STANDARD31516,S,2012-11-20,2012,11,2012-13,2012,Final_Report_2012_13.pdf,NEL
21-Nov-12,W LANTAU,3,1.8,AUTUMN,STANDARD31516,S,2012-11-21,2012,11,2012-13,2012,Final_Report_2012_13.pdf,WL
21-Nov-12,W LANTAU,4,9.0,AUTUMN,STANDARD31516,S,2012-11-21,2012,11,2012-13,2012,Final_Report_2012_13.pdf,WL
21-Nov-12,SW LANTAU,3,14.8,AUTUMN,STANDARD31516,P,2012-11-21,2012,11,2012-13,2012,Final_Report_2012_13.pdf,SWL
21-Nov-12,SW LANTAU,4,5.8,AUTUMN,STANDARD31516,P,2012-11-21,2012,11,2012-13,2012,Final_Report_2012_13.pdf,SWL
21-Nov-12,SW LANTAU,3,3.9,AUTUMN,STANDARD31516,S,2012-11-21,2012,11,2012-13,2012,Final_Report_2012_13.pdf,SWL
21-Nov-12,SW LANTAU,4,3.3,AUTUMN,STANDARD31516,S,2012-11-21,2012,11,2012-13,2012,Final_Report_2012_13.pdf,SWL
21-Nov-12,SE LANTAU,2,2.9,AUTUMN,STANDARD31516,P,2012-11-21,2012,11,2012-13,2012,Final_Report_2012_13.pdf,SEL
21-Nov-12,SE LANTAU,3,5.3,AUTUMN,STANDARD31516,P,2012-11-21,2012,11,2012-13,2012,Final_Report_2012_13.pdf,SEL
21-Nov-12,SE LANTAU,2,4.3,AUTUMN,STANDARD31516,S,2012-11-21,2012,11,2012-13,2012,Final_Report_2012_13.pdf,SEL
21-Nov-12,SE LANTAU,3,2.0,AUTUMN,STANDARD31516,S,2012-11-21,2012,11,2012-13,2012,Final_Report_2012_13.pdf,SEL
26-Nov-12,NE LANTAU,2,9.6,AUTUMN,STANDARD31516,P,2012-11-26,2012,11,2012-13,2012,Final_Report_2012_13.pdf,NEL
26-Nov-12,NE LANTAU,3,15.1,AUTUMN,STANDARD31516,P,2012-11-26,2012,11,2012-13,2012,Final_Report_2012_13.pdf,NEL
26-Nov-12,NE LANTAU,4,4.5,AUTUMN,STANDARD31516,P,2012-11-26,2012,11,2012-13,2012,Final_Report_2012_13.pdf,NEL
26-Nov-12,NE LANTAU,5,0.7,AUTUMN,STANDARD31516,P,2012-11-26,2012,11,2012-13,2012,Final_Report_2012_13.pdf,NEL
26-Nov-12,NE LANTAU,2,3.9,AUTUMN,STANDARD31516,S,2012-11-26,2012,11,2012-13,2012,Final_Report_2012_13.pdf,NEL
26-Nov-12,NE LANTAU,3,8.6,AUTUMN,STANDARD31516,S,2012-11-26,2012,11,2012-13,2012,Final_Report_2012_13.pdf,NEL
26-Nov-12,NE LANTAU,4,2.8,AUTUMN,STANDARD31516,S,2012-11-26,2012,11,2012-13,2012,Final_Report_2012_13.pdf,NEL
26-Nov-12,NW LANTAU,2,2.3,AUTUMN,STANDARD31516,P,2012-11-26,2012,11,2012-13,2012,Final_Report_2012_13.pdf,NWL
26-Nov-12,NW LANTAU,3,1.9,AUTUMN,STANDARD31516,P,2012-11-26,2012,11,2012-13,2012,Final_Report_2012_13.pdf,NWL
26-Nov-12,NW LANTAU,4,4.2,AUTUMN,STANDARD31516,P,2012-11-26,2012,11,2012-13,2012,Final_Report_2012_13.pdf,NWL
26-Nov-12,NW LANTAU,2,2.2,AUTUMN,STANDARD31516,S,2012-11-26,2012,11,2012-13,2012,Final_Report_2012_13.pdf,NWL
27-Nov-12,NW LANTAU,2,25.8,AUTUMN,STANDARD31516,P,2012-11-27,2012,11,2012-13,2012,Final_Report_2012_13.pdf,NWL
27-Nov-12,NW LANTAU,3,2.0,AUTUMN,STANDARD31516,P,2012-11-27,2012,11,2012-13,2012,Final_Report_2012_13.pdf,NWL
27-Nov-12,NW LANTAU,2,7.1,AUTUMN,STANDARD31516,S,2012-11-27,2012,11,2012-13,2012,Final_Report_2012_13.pdf,NWL
28-Nov-12,NE LANTAU,2,15.9,AUTUMN,STANDARD31516,P,2012-11-28,2012,11,2012-13,2012,Final_Report_2012_13.pdf,NEL
28-Nov-12,NE LANTAU,2,8.7,AUTUMN,STANDARD31516,S,2012-11-28,2012,11,2012-13,2012,Final_Report_2012_13.pdf,NEL
12-Dec-12,SW LANTAU,2,2.7,WINTER,STANDARD31516,P,2012-12-12,2012,12,2012-13,2012,Final_Report_2012_13.pdf,SWL
12-Dec-12,SW LANTAU,3,11.5,WINTER,STANDARD31516,P,2012-12-12,2012,12,2012-13,2012,Final_Report_2012_13.pdf,SWL
12-Dec-12,SW LANTAU,4,1.4,WINTER,STANDARD31516,P,2012-12-12,2012,12,2012-13,2012,Final_Report_2012_13.pdf,SWL
12-Dec-12,SW LANTAU,2,0.9,WINTER,STANDARD31516,S,2012-12-12,2012,12,2012-13,2012,Final_Report_2012_13.pdf,SWL
12-Dec-12,SW LANTAU,3,2.3,WINTER,STANDARD31516,S,2012-12-12,2012,12,2012-13,2012,Final_Report_2012_13.pdf,SWL
12-Dec-12,SW LANTAU,4,2.1,WINTER,STANDARD31516,S,2012-12-12,2012,12,2012-13,2012,Final_Report_2012_13.pdf,SWL
12-Dec-12,W LANTAU,1,1.7,WINTER,STANDARD31516,S,2012-12-12,2012,12,2012-13,2012,Final_Report_2012_13.pdf,WL
12-Dec-12,W LANTAU,2,8.0,WINTER,STANDARD31516,S,2012-12-12,2012,12,2012-13,2012,Final_Report_2012_13.pdf,WL
17-Dec-12,NW LANTAU,2,3.0,WINTER,STANDARD31516,P,2012-12-17,2012,12,2012-13,2012,Final_Report_2012_13.pdf,NWL
17-Dec-12,NW LANTAU,3,10.9,WINTER,STANDARD31516,P,2012-12-17,2012,12,2012-13,2012,Final_Report_2012_13.pdf,NWL
17-Dec-12,NW LANTAU,4,8.9,WINTER,STANDARD31516,P,2012-12-17,2012,12,2012-13,2012,Final_Report_2012_13.pdf,NWL
17-Dec-12,NW LANTAU,2,0.8,WINTER,STANDARD31516,S,2012-12-17,2012,12,2012-13,2012,Final_Report_2012_13.pdf,NWL
17-Dec-12,NW LANTAU,3,5.3,WINTER,STANDARD31516,S,2012-12-17,2012,12,2012-13,2012,Final_Report_2012_13.pdf,NWL
17-Dec-12,DEEP BAY,2,9.5,WINTER,STANDARD31516,P,2012-12-17,2012,12,2012-13,2012,Final_Report_2012_13.pdf,DB
17-Dec-12,DEEP BAY,3,7.4,WINTER,STANDARD31516,P,2012-12-17,2012,12,2012-13,2012,Final_Report_2012_13.pdf,DB
17-Dec-12,DEEP BAY,2,6.8,WINTER,STANDARD31516,S,2012-12-17,2012,12,2012-13,2012,Final_Report_2012_13.pdf,DB
17-Dec-12,DEEP BAY,3,6.1,WINTER,STANDARD31516,S,2012-12-17,2012,12,2012-13,2012,Final_Report_2012_13.pdf,DB
17-Dec-12,NE LANTAU,2,12.4,WINTER,STANDARD31516,P,2012-12-17,2012,12,2012-13,2012,Final_Report_2012_13.pdf,NEL
17-Dec-12,NE LANTAU,3,2.8,WINTER,STANDARD31516,P,2012-12-17,2012,12,2012-13,2012,Final_Report_2012_13.pdf,NEL
17-Dec-12,NE LANTAU,2,9.0,WINTER,STANDARD31516,S,2012-12-17,2012,12,2012-13,2012,Final_Report_2012_13.pdf,NEL
17-Dec-12,NE LANTAU,3,1.5,WINTER,STANDARD31516,S,2012-12-17,2012,12,2012-13,2012,Final_Report_2012_13.pdf,NEL
20-Dec-12,NE LANTAU,2,5.2,WINTER,STANDARD31516,P,2012-12-20,2012,12,2012-13,2012,Final_Report_2012_13.pdf,NEL
20-Dec-12,NE LANTAU,3,21.3,WINTER,STANDARD31516,P,2012-12-20,2012,12,2012-13,2012,Final_Report_2012_13.pdf,NEL
20-Dec-12,NE LANTAU,4,11.8,WINTER,STANDARD31516,P,2012-12-20,2012,12,2012-13,2012,Final_Report_2012_13.pdf,NEL
20-Dec-12,NE LANTAU,2,4.5,WINTER,STANDARD31516,S,2012-12-20,2012,12,2012-13,2012,Final_Report_2012_13.pdf,NEL
20-Dec-12,NE LANTAU,3,5.7,WINTER,STANDARD31516,S,2012-12-20,2012,12,2012-13,2012,Final_Report_2012_13.pdf,NEL
20-Dec-12,NW LANTAU,2,4.6,WINTER,STANDARD31516,P,2012-12-20,2012,12,2012-13,2012,Final_Report_2012_13.pdf,NWL
20-Dec-12,NW LANTAU,3,9.9,WINTER,STANDARD31516,P,2012-12-20,2012,12,2012-13,2012,Final_Report_2012_13.pdf,NWL
20-Dec-12,NW LANTAU,3,4.0,WINTER,STANDARD31516,S,2012-12-20,2012,12,2012-13,2012,Final_Report_2012_13.pdf,NWL
21-Dec-12,W LANTAU,2,4.2,WINTER,STANDARD31516,S,2012-12-21,2012,12,2012-13,2012,Final_Report_2012_13.pdf,WL
21-Dec-12,W LANTAU,3,3.8,WINTER,STANDARD31516,S,2012-12-21,2012,12,2012-13,2012,Final_Report_2012_13.pdf,WL
21-Dec-12,SW LANTAU,2,14.2,WINTER,STANDARD31516,P,2012-12-21,2012,12,2012-13,2012,Final_Report_2012_13.pdf,SWL
21-Dec-12,SW LANTAU,3,5.5,WINTER,STANDARD31516,P,2012-12-21,2012,12,2012-13,2012,Final_Report_2012_13.pdf,SWL
21-Dec-12,SW LANTAU,2,10.3,WINTER,STANDARD31516,S,2012-12-21,2012,12,2012-13,2012,Final_Report_2012_13.pdf,SWL
21-Dec-12,SW LANTAU,3,2.9,WINTER,STANDARD31516,S,2012-12-21,2012,12,2012-13,2012,Final_Report_2012_13.pdf,SWL
21-Dec-12,SE LANTAU,2,14.0,WINTER,STANDARD31516,P,2012-12-21,2012,12,2012-13,2012,Final_Report_2012_13.pdf,SEL
21-Dec-12,SE LANTAU,1,1.4,WINTER,STANDARD31516,S,2012-12-21,2012,12,2012-13,2012,Final_Report_2012_13.pdf,SEL
21-Dec-12,SE LANTAU,2,8.2,WINTER,STANDARD31516,S,2012-12-21,2012,12,2012-13,2012,Final_Report_2012_13.pdf,SEL
27-Dec-12,SW LANTAU,3,2.0,WINTER,STANDARD31516,P,2012-12-27,2012,12,2012-13,2012,Final_Report_2012_13.pdf,SWL
27-Dec-12,SW LANTAU,4,6.3,WINTER,STANDARD31516,P,2012-12-27,2012,12,2012-13,2012,Final_Report_2012_13.pdf,SWL
27-Dec-12,SW LANTAU,3,2.8,WINTER,STANDARD31516,S,2012-12-27,2012,12,2012-13,2012,Final_Report_2012_13.pdf,SWL
27-Dec-12,SW LANTAU,4,3.7,WINTER,STANDARD31516,S,2012-12-27,2012,12,2012-13,2012,Final_Report_2012_13.pdf,SWL
27-Dec-12,W LANTAU,5,11.7,WINTER,STANDARD31516,S,2012-12-27,2012,12,2012-13,2012,Final_Report_2012_13.pdf,WL
28-Dec-12,NW LANTAU,2,21.1,WINTER,STANDARD31516,P,2012-12-28,2012,12,2012-13,2012,Final_Report_2012_13.pdf,NWL
28-Dec-12,NW LANTAU,3,6.8,WINTER,STANDARD31516,P,2012-12-28,2012,12,2012-13,2012,Final_Report_2012_13.pdf,NWL
28-Dec-12,NW LANTAU,2,7.8,WINTER,STANDARD31516,S,2012-12-28,2012,12,2012-13,2012,Final_Report_2012_13.pdf,NWL
28-Dec-12,DEEP BAY,2,5.6,WINTER,STANDARD31516,P,2012-12-28,2012,12,2012-13,2012,Final_Report_2012_13.pdf,DB
28-Dec-12,DEEP BAY,3,8.8,WINTER,STANDARD31516,P,2012-12-28,2012,12,2012-13,2012,Final_Report_2012_13.pdf,DB
28-Dec-12,DEEP BAY,3,3.3,WINTER,STANDARD31516,S,2012-12-28,2012,12,2012-13,2012,Final_Report_2012_13.pdf,DB
28-Dec-12,NE LANTAU,1,7.1,WINTER,STANDARD31516,P,2012-12-28,2012,12,2012-13,2012,Final_Report_2012_13.pdf,NEL
28-Dec-12,NE LANTAU,2,2.8,WINTER,STANDARD31516,P,2012-12-28,2012,12,2012-13,2012,Final_Report_2012_13.pdf,NEL
28-Dec-12,NE LANTAU,1,2.1,WINTER,STANDARD31516,S,2012-12-28,2012,12,2012-13,2012,Final_Report_2012_13.pdf,NEL
28-Dec-12,NE LANTAU,2,7.0,WINTER,STANDARD31516,S,2012-12-28,2012,12,2012-13,2012,Final_Report_2012_13.pdf,NEL
3-Jan-13,W LANTAU,3,12.8,WINTER,STANDARD31516,P,2013-01-03,2013,1,2012-13,2012,Final_Report_2012_13.pdf,WL
3-Jan-13,W LANTAU,4,7.8,WINTER,STANDARD31516,P,2013-01-03,2013,1,2012-13,2012,Final_Report_2012_13.pdf,WL
3-Jan-13,W LANTAU,5,1.0,WINTER,STANDARD31516,P,2013-01-03,2013,1,2012-13,2012,Final_Report_2012_13.pdf,WL
3-Jan-13,W LANTAU,2,0.3,WINTER,STANDARD31516,S,2013-01-03,2013,1,2012-13,2012,Final_Report_2012_13.pdf,WL
3-Jan-13,W LANTAU,3,6.5,WINTER,STANDARD31516,S,2013-01-03,2013,1,2012-13,2012,Final_Report_2012_13.pdf,WL
3-Jan-13,W LANTAU,4,2.8,WINTER,STANDARD31516,S,2013-01-03,2013,1,2012-13,2012,Final_Report_2012_13.pdf,WL
3-Jan-13,W LANTAU,5,1.2,WINTER,STANDARD31516,S,2013-01-03,2013,1,2012-13,2012,Final_Report_2012_13.pdf,WL
3-Jan-13,NW LANTAU,2,1.4,WINTER,STANDARD31516,P,2013-01-03,2013,1,2012-13,2012,Final_Report_2012_13.pdf,NWL
3-Jan-13,NW LANTAU,3,8.7,WINTER,STANDARD31516,P,2013-01-03,2013,1,2012-13,2012,Final_Report_2012_13.pdf,NWL
3-Jan-13,NW LANTAU,4,1.3,WINTER,STANDARD31516,P,2013-01-03,2013,1,2012-13,2012,Final_Report_2012_13.pdf,NWL
3-Jan-13,NW LANTAU,5,8.8,WINTER,STANDARD31516,P,2013-01-03,2013,1,2012-13,2012,Final_Report_2012_13.pdf,NWL
3-Jan-13,NW LANTAU,2,2.7,WINTER,STANDARD31516,S,2013-01-03,2013,1,2012-13,2012,Final_Report_2012_13.pdf,NWL
9-Jan-13,W LANTAU,3,6.5,WINTER,STANDARD31516,P,2013-01-09,2013,1,2012-13,2012,Final_Report_2012_13.pdf,WL
9-Jan-13,W LANTAU,4,5.3,WINTER,STANDARD31516,P,2013-01-09,2013,1,2012-13,2012,Final_Report_2012_13.pdf,WL
9-Jan-13,W LANTAU,5,3.4,WINTER,STANDARD31516,P,2013-01-09,2013,1,2012-13,2012,Final_Report_2012_13.pdf,WL
9-Jan-13,W LANTAU,3,3.4,WINTER,STANDARD31516,S,2013-01-09,2013,1,2012-13,2012,Final_Report_2012_13.pdf,WL
9-Jan-13,W LANTAU,4,2.3,WINTER,STANDARD31516,S,2013-01-09,2013,1,2012-13,2012,Final_Report_2012_13.pdf,WL
9-Jan-13,W LANTAU,5,8.5,WINTER,STANDARD31516,S,2013-01-09,2013,1,2012-13,2012,Final_Report_2012_13.pdf,WL
9-Jan-13,W LANTAU,6,2.7,WINTER,STANDARD31516,S,2013-01-09,2013,1,2012-13,2012,Final_Report_2012_13.pdf,WL
9-Jan-13,NW LANTAU,5,1.7,WINTER,STANDARD31516,P,2013-01-09,2013,1,2012-13,2012,Final_Report_2012_13.pdf,NWL
9-Jan-13,NE LANTAU,2,12.6,WINTER,STANDARD31516,P,2013-01-09,2013,1,2012-13,2012,Final_Report_2012_13.pdf,NEL
9-Jan-13,NE LANTAU,3,9.7,WINTER,STANDARD31516,P,2013-01-09,2013,1,2012-13,2012,Final_Report_2012_13.pdf,NEL
9-Jan-13,NE LANTAU,2,4.8,WINTER,STANDARD31516,S,2013-01-09,2013,1,2012-13,2012,Final_Report_2012_13.pdf,NEL
9-Jan-13,NE LANTAU,3,2.0,WINTER,STANDARD31516,S,2013-01-09,2013,1,2012-13,2012,Final_Report_2012_13.pdf,NEL
11-Jan-13,SE LANTAU,2,13.8,WINTER,STANDARD31516,P,2013-01-11,2013,1,2012-13,2012,Final_Report_2012_13.pdf,SEL
11-Jan-13,SE LANTAU,3,13.0,WINTER,STANDARD31516,P,2013-01-11,2013,1,2012-13,2012,Final_Report_2012_13.pdf,SEL
11-Jan-13,SE LANTAU,4,2.2,WINTER,STANDARD31516,P,2013-01-11,2013,1,2012-13,2012,Final_Report_2012_13.pdf,SEL
11-Jan-13,SE LANTAU,2,6.3,WINTER,STANDARD31516,S,2013-01-11,2013,1,2012-13,2012,Final_Report_2012_13.pdf,SEL
11-Jan-13,SE LANTAU,3,3.0,WINTER,STANDARD31516,S,2013-01-11,2013,1,2012-13,2012,Final_Report_2012_13.pdf,SEL
11-Jan-13,SE LANTAU,4,2.1,WINTER,STANDARD31516,S,2013-01-11,2013,1,2012-13,2012,Final_Report_2012_13.pdf,SEL
11-Jan-13,SW LANTAU,2,13.6,WINTER,STANDARD31516,P,2013-01-11,2013,1,2012-13,2012,Final_Report_2012_13.pdf,SWL
11-Jan-13,SW LANTAU,3,5.1,WINTER,STANDARD31516,P,2013-01-11,2013,1,2012-13,2012,Final_Report_2012_13.pdf,SWL
11-Jan-13,SW LANTAU,2,3.6,WINTER,STANDARD31516,S,2013-01-11,2013,1,2012-13,2012,Final_Report_2012_13.pdf,SWL
11-Jan-13,SW LANTAU,3,1.7,WINTER,STANDARD31516,S,2013-01-11,2013,1,2012-13,2012,Final_Report_2012_13.pdf,SWL
14-Jan-13,SE LANTAU,1,2.0,WINTER,STANDARD31516,P,2013-01-14,2013,1,2012-13,2012,Final_Report_2012_13.pdf,SEL
14-Jan-13,SE LANTAU,2,23.2,WINTER,STANDARD31516,P,2013-01-14,2013,1,2012-13,2012,Final_Report_2012_13.pdf,SEL
14-Jan-13,SE LANTAU,1,2.0,WINTER,STANDARD31516,S,2013-01-14,2013,1,2012-13,2012,Final_Report_2012_13.pdf,SEL
14-Jan-13,SE LANTAU,2,7.1,WINTER,STANDARD31516,S,2013-01-14,2013,1,2012-13,2012,Final_Report_2012_13.pdf,SEL
14-Jan-13,SW LANTAU,2,12.2,WINTER,STANDARD31516,P,2013-01-14,2013,1,2012-13,2012,Final_Report_2012_13.pdf,SWL
14-Jan-13,SW LANTAU,3,8.1,WINTER,STANDARD31516,P,2013-01-14,2013,1,2012-13,2012,Final_Report_2012_13.pdf,SWL
14-Jan-13,SW LANTAU,2,11.0,WINTER,STANDARD31516,S,2013-01-14,2013,1,2012-13,2012,Final_Report_2012_13.pdf,SWL
14-Jan-13,SW LANTAU,3,2.3,WINTER,STANDARD31516,S,2013-01-14,2013,1,2012-13,2012,Final_Report_2012_13.pdf,SWL
14-Jan-13,W LANTAU,2,11.8,WINTER,STANDARD31516,S,2013-01-14,2013,1,2012-13,2012,Final_Report_2012_13.pdf,WL
15-Jan-13,NW LANTAU,1,1.4,WINTER,STANDARD31516,P,2013-01-15,2013,1,2012-13,2012,Final_Report_2012_13.pdf,NWL
15-Jan-13,NW LANTAU,2,15.1,WINTER,STANDARD31516,P,2013-01-15,2013,1,2012-13,2012,Final_Report_2012_13.pdf,NWL
15-Jan-13,NW LANTAU,3,5.4,WINTER,STANDARD31516,P,2013-01-15,2013,1,2012-13,2012,Final_Report_2012_13.pdf,NWL
15-Jan-13,NW LANTAU,4,1.9,WINTER,STANDARD31516,P,2013-01-15,2013,1,2012-13,2012,Final_Report_2012_13.pdf,NWL
15-Jan-13,NW LANTAU,5,6.4,WINTER,STANDARD31516,P,2013-01-15,2013,1,2012-13,2012,Final_Report_2012_13.pdf,NWL
15-Jan-13,NW LANTAU,1,2.3,WINTER,STANDARD31516,S,2013-01-15,2013,1,2012-13,2012,Final_Report_2012_13.pdf,NWL
15-Jan-13,NW LANTAU,2,1.8,WINTER,STANDARD31516,S,2013-01-15,2013,1,2012-13,2012,Final_Report_2012_13.pdf,NWL
15-Jan-13,NW LANTAU,3,0.7,WINTER,STANDARD31516,S,2013-01-15,2013,1,2012-13,2012,Final_Report_2012_13.pdf,NWL
15-Jan-13,DEEP BAY,2,8.3,WINTER,STANDARD31516,P,2013-01-15,2013,1,2012-13,2012,Final_Report_2012_13.pdf,DB
15-Jan-13,DEEP BAY,3,6.0,WINTER,STANDARD31516,P,2013-01-15,2013,1,2012-13,2012,Final_Report_2012_13.pdf,DB
15-Jan-13,DEEP BAY,2,1.2,WINTER,STANDARD31516,S,2013-01-15,2013,1,2012-13,2012,Final_Report_2012_13.pdf,DB
15-Jan-13,DEEP BAY,3,4.9,WINTER,STANDARD31516,S,2013-01-15,2013,1,2012-13,2012,Final_Report_2012_13.pdf,DB
16-Jan-13,NE LANTAU,1,0.3,WINTER,STANDARD31516,P,2013-01-16,2013,1,2012-13,2012,Final_Report_2012_13.pdf,NEL
16-Jan-13,NE LANTAU,2,14.3,WINTER,STANDARD31516,P,2013-01-16,2013,1,2012-13,2012,Final_Report_2012_13.pdf,NEL
16-Jan-13,NE LANTAU,1,5.1,WINTER,STANDARD31516,S,2013-01-16,2013,1,2012-13,2012,Final_Report_2012_13.pdf,NEL
16-Jan-13,NE LANTAU,2,5.6,WINTER,STANDARD31516,S,2013-01-16,2013,1,2012-13,2012,Final_Report_2012_13.pdf,NEL
16-Jan-13,W LANTAU,2,11.0,WINTER,STANDARD31516,S,2013-01-16,2013,1,2012-13,2012,Final_Report_2012_13.pdf,WL
22-Jan-13,W LANTAU,1,5.5,WINTER,STANDARD31516,S,2013-01-22,2013,1,2012-13,2012,Final_Report_2012_13.pdf,WL
22-Jan-13,W LANTAU,2,3.4,WINTER,STANDARD31516,S,2013-01-22,2013,1,2012-13,2012,Final_Report_2012_13.pdf,WL
22-Jan-13,W LANTAU,3,1.4,WINTER,STANDARD31516,S,2013-01-22,2013,1,2012-13,2012,Final_Report_2012_13.pdf,WL
22-Jan-13,NW LANTAU,1,13.4,WINTER,STANDARD31516,P,2013-01-22,2013,1,2012-13,2012,Final_Report_2012_13.pdf,NWL
22-Jan-13,NW LANTAU,2,6.1,WINTER,STANDARD31516,P,2013-01-22,2013,1,2012-13,2012,Final_Report_2012_13.pdf,NWL
22-Jan-13,NW LANTAU,1,1.5,WINTER,STANDARD31516,S,2013-01-22,2013,1,2012-13,2012,Final_Report_2012_13.pdf,NWL
22-Jan-13,NW LANTAU,2,0.6,WINTER,STANDARD31516,S,2013-01-22,2013,1,2012-13,2012,Final_Report_2012_13.pdf,NWL
23-Jan-13,NW LANTAU,1,10.0,WINTER,STANDARD31516,P,2013-01-23,2013,1,2012-13,2012,Final_Report_2012_13.pdf,NWL
23-Jan-13,NW LANTAU,2,19.1,WINTER,STANDARD31516,P,2013-01-23,2013,1,2012-13,2012,Final_Report_2012_13.pdf,NWL
23-Jan-13,NW LANTAU,1,2.7,WINTER,STANDARD31516,S,2013-01-23,2013,1,2012-13,2012,Final_Report_2012_13.pdf,NWL
23-Jan-13,NW LANTAU,2,6.3,WINTER,STANDARD31516,S,2013-01-23,2013,1,2012-13,2012,Final_Report_2012_13.pdf,NWL
23-Jan-13,NE LANTAU,1,16.1,WINTER,STANDARD31516,P,2013-01-23,2013,1,2012-13,2012,Final_Report_2012_13.pdf,NEL
23-Jan-13,NE LANTAU,2,17.2,WINTER,STANDARD31516,P,2013-01-23,2013,1,2012-13,2012,Final_Report_2012_13.pdf,NEL
23-Jan-13,NE LANTAU,1,2.6,WINTER,STANDARD31516,S,2013-01-23,2013,1,2012-13,2012,Final_Report_2012_13.pdf,NEL
23-Jan-13,NE LANTAU,2,9.3,WINTER,STANDARD31516,S,2013-01-23,2013,1,2012-13,2012,Final_Report_2012_13.pdf,NEL
24-Jan-13,LAMMA,2,57.1,WINTER,STANDARD31516,P,2013-01-24,2013,1,2012-13,2012,Final_Report_2012_13.pdf,LM
24-Jan-13,LAMMA,3,10.8,WINTER,STANDARD31516,P,2013-01-24,2013,1,2012-13,2012,Final_Report_2012_13.pdf,LM
24-Jan-13,LAMMA,2,25.8,WINTER,STANDARD31516,S,2013-01-24,2013,1,2012-13,2012,Final_Report_2012_13.pdf,LM
24-Jan-13,LAMMA,3,3.6,WINTER,STANDARD31516,S,2013-01-24,2013,1,2012-13,2012,Final_Report_2012_13.pdf,LM
29-Jan-13,W LANTAU,1,2.3,WINTER,STANDARD31516,P,2013-01-29,2013,1,2012-13,2012,Final_Report_2012_13.pdf,WL
29-Jan-13,W LANTAU,2,18.8,WINTER,STANDARD31516,P,2013-01-29,2013,1,2012-13,2012,Final_Report_2012_13.pdf,WL
29-Jan-13,W LANTAU,3,0.4,WINTER,STANDARD31516,P,2013-01-29,2013,1,2012-13,2012,Final_Report_2012_13.pdf,WL
29-Jan-13,W LANTAU,1,5.2,WINTER,STANDARD31516,S,2013-01-29,2013,1,2012-13,2012,Final_Report_2012_13.pdf,WL
29-Jan-13,W LANTAU,2,13.6,WINTER,STANDARD31516,S,2013-01-29,2013,1,2012-13,2012,Final_Report_2012_13.pdf,WL
29-Jan-13,W LANTAU,3,0.8,WINTER,STANDARD31516,S,2013-01-29,2013,1,2012-13,2012,Final_Report_2012_13.pdf,WL
29-Jan-13,NW LANTAU,2,15.3,WINTER,STANDARD31516,P,2013-01-29,2013,1,2012-13,2012,Final_Report_2012_13.pdf,NWL
29-Jan-13,NW LANTAU,2,1.8,WINTER,STANDARD31516,S,2013-01-29,2013,1,2012-13,2012,Final_Report_2012_13.pdf,NWL
30-Jan-13,NW LANTAU,2,1.6,WINTER,STANDARD31516,P,2013-01-30,2013,1,2012-13,2012,Final_Report_2012_13.pdf,NWL
30-Jan-13,NW LANTAU,3,16.9,WINTER,STANDARD31516,P,2013-01-30,2013,1,2012-13,2012,Final_Report_2012_13.pdf,NWL
30-Jan-13,NW LANTAU,4,3.7,WINTER,STANDARD31516,P,2013-01-30,2013,1,2012-13,2012,Final_Report_2012_13.pdf,NWL
30-Jan-13,NW LANTAU,5,5.8,WINTER,STANDARD31516,P,2013-01-30,2013,1,2012-13,2012,Final_Report_2012_13.pdf,NWL
30-Jan-13,NW LANTAU,3,4.7,WINTER,STANDARD31516,S,2013-01-30,2013,1,2012-13,2012,Final_Report_2012_13.pdf,NWL
30-Jan-13,DEEP BAY,3,13.8,WINTER,STANDARD31516,P,2013-01-30,2013,1,2012-13,2012,Final_Report_2012_13.pdf,DB
30-Jan-13,DEEP BAY,2,3.4,WINTER,STANDARD31516,S,2013-01-30,2013,1,2012-13,2012,Final_Report_2012_13.pdf,DB
30-Jan-13,DEEP BAY,3,3.1,WINTER,STANDARD31516,S,2013-01-30,2013,1,2012-13,2012,Final_Report_2012_13.pdf,DB
30-Jan-13,NE LANTAU,3,5.6,WINTER,STANDARD31516,P,2013-01-30,2013,1,2012-13,2012,Final_Report_2012_13.pdf,NEL
30-Jan-13,NE LANTAU,4,3.6,WINTER,STANDARD31516,P,2013-01-30,2013,1,2012-13,2012,Final_Report_2012_13.pdf,NEL
30-Jan-13,NE LANTAU,5,1.9,WINTER,STANDARD31516,P,2013-01-30,2013,1,2012-13,2012,Final_Report_2012_13.pdf,NEL
30-Jan-13,NE LANTAU,3,1.9,WINTER,STANDARD31516,S,2013-01-30,2013,1,2012-13,2012,Final_Report_2012_13.pdf,NEL
30-Jan-13,NE LANTAU,4,3.0,WINTER,STANDARD31516,S,2013-01-30,2013,1,2012-13,2012,Final_Report_2012_13.pdf,NEL
30-Jan-13,NE LANTAU,5,3.0,WINTER,STANDARD31516,S,2013-01-30,2013,1,2012-13,2012,Final_Report_2012_13.pdf,NEL
31-Jan-13,SE LANTAU,2,1.8,WINTER,STANDARD31516,P,2013-01-31,2013,1,2012-13,2012,Final_Report_2012_13.pdf,SEL
31-Jan-13,SE LANTAU,3,9.2,WINTER,STANDARD31516,P,2013-01-31,2013,1,2012-13,2012,Final_Report_2012_13.pdf,SEL
31-Jan-13,SE LANTAU,4,4.2,WINTER,STANDARD31516,P,2013-01-31,2013,1,2012-13,2012,Final_Report_2012_13.pdf,SEL
31-Jan-13,SE LANTAU,5,0.4,WINTER,STANDARD31516,P,2013-01-31,2013,1,2012-13,2012,Final_Report_2012_13.pdf,SEL
31-Jan-13,SE LANTAU,2,1.2,WINTER,STANDARD31516,S,2013-01-31,2013,1,2012-13,2012,Final_Report_2012_13.pdf,SEL
31-Jan-13,SE LANTAU,3,3.2,WINTER,STANDARD31516,S,2013-01-31,2013,1,2012-13,2012,Final_Report_2012_13.pdf,SEL
31-Jan-13,SE LANTAU,4,5.7,WINTER,STANDARD31516,S,2013-01-31,2013,1,2012-13,2012,Final_Report_2012_13.pdf,SEL
31-Jan-13,SW LANTAU,3,6.0,WINTER,STANDARD31516,P,2013-01-31,2013,1,2012-13,2012,Final_Report_2012_13.pdf,SWL
31-Jan-13,SW LANTAU,4,12.7,WINTER,STANDARD31516,P,2013-01-31,2013,1,2012-13,2012,Final_Report_2012_13.pdf,SWL
31-Jan-13,SW LANTAU,5,0.9,WINTER,STANDARD31516,P,2013-01-31,2013,1,2012-13,2012,Final_Report_2012_13.pdf,SWL
31-Jan-13,SW LANTAU,3,8.6,WINTER,STANDARD31516,S,2013-01-31,2013,1,2012-13,2012,Final_Report_2012_13.pdf,SWL
31-Jan-13,SW LANTAU,4,4.6,WINTER,STANDARD31516,S,2013-01-31,2013,1,2012-13,2012,Final_Report_2012_13.pdf,SWL
31-Jan-13,SW LANTAU,5,2.2,WINTER,STANDARD31516,S,2013-01-31,2013,1,2012-13,2012,Final_Report_2012_13.pdf,SWL
31-Jan-13,W LANTAU,2,4.9,WINTER,STANDARD31516,P,2013-01-31,2013,1,2012-13,2012,Final_Report_2012_13.pdf,WL
31-Jan-13,W LANTAU,2,6.6,WINTER,STANDARD31516,S,2013-01-31,2013,1,2012-13,2012,Final_Report_2012_13.pdf,WL
31-Jan-13,W LANTAU,3,0.8,WINTER,STANDARD31516,S,2013-01-31,2013,1,2012-13,2012,Final_Report_2012_13.pdf,WL
31-Jan-13,W LANTAU,4,1.3,WINTER,STANDARD31516,S,2013-01-31,2013,1,2012-13,2012,Final_Report_2012_13.pdf,WL
31-Jan-13,W LANTAU,5,1.0,WINTER,STANDARD31516,S,2013-01-31,2013,1,2012-13,2012,Final_Report_2012_13.pdf,WL
5-Feb-13,LAMMA,0,6.4,WINTER,STANDARD31516,P,2013-02-05,2013,2,2012-13,2012,Final_Report_2012_13.pdf,LM
5-Feb-13,LAMMA,1,14.2,WINTER,STANDARD31516,P,2013-02-05,2013,2,2012-13,2012,Final_Report_2012_13.pdf,LM
5-Feb-13,LAMMA,2,40.7,WINTER,STANDARD31516,P,2013-02-05,2013,2,2012-13,2012,Final_Report_2012_13.pdf,LM
5-Feb-13,LAMMA,3,2.1,WINTER,STANDARD31516,P,2013-02-05,2013,2,2012-13,2012,Final_Report_2012_13.pdf,LM
5-Feb-13,LAMMA,1,4.2,WINTER,STANDARD31516,S,2013-02-05,2013,2,2012-13,2012,Final_Report_2012_13.pdf,LM
5-Feb-13,LAMMA,2,14.1,WINTER,STANDARD31516,S,2013-02-05,2013,2,2012-13,2012,Final_Report_2012_13.pdf,LM
5-Feb-13,LAMMA,3,2.4,WINTER,STANDARD31516,S,2013-02-05,2013,2,2012-13,2012,Final_Report_2012_13.pdf,LM
7-Feb-13,NW LANTAU,3,0.2,WINTER,STANDARD31516,P,2013-02-07,2013,2,2012-13,2012,Final_Report_2012_13.pdf,NWL
7-Feb-13,NW LANTAU,4,9.64,WINTER,STANDARD31516,P,2013-02-07,2013,2,2012-13,2012,Final_Report_2012_13.pdf,NWL
7-Feb-13,NW LANTAU,5,7.05,WINTER,STANDARD31516,P,2013-02-07,2013,2,2012-13,2012,Final_Report_2012_13.pdf,NWL
7-Feb-13,NW LANTAU,2,1.15,WINTER,STANDARD31516,S,2013-02-07,2013,2,2012-13,2012,Final_Report_2012_13.pdf,NWL
7-Feb-13,NW LANTAU,4,0.64,WINTER,STANDARD31516,S,2013-02-07,2013,2,2012-13,2012,Final_Report_2012_13.pdf,NWL
7-Feb-13,NW LANTAU,5,3.41,WINTER,STANDARD31516,S,2013-02-07,2013,2,2012-13,2012,Final_Report_2012_13.pdf,NWL
7-Feb-13,NW LANTAU,6,2.54,WINTER,STANDARD31516,S,2013-02-07,2013,2,2012-13,2012,Final_Report_2012_13.pdf,NWL
7-Feb-13,DEEP BAY,2,8.25,WINTER,STANDARD31516,P,2013-02-07,2013,2,2012-13,2012,Final_Report_2012_13.pdf,DB
7-Feb-13,DEEP BAY,3,5.2,WINTER,STANDARD31516,P,2013-02-07,2013,2,2012-13,2012,Final_Report_2012_13.pdf,DB
7-Feb-13,DEEP BAY,4,0.7,WINTER,STANDARD31516,P,2013-02-07,2013,2,2012-13,2012,Final_Report_2012_13.pdf,DB
7-Feb-13,DEEP BAY,2,1.2,WINTER,STANDARD31516,S,2013-02-07,2013,2,2012-13,2012,Final_Report_2012_13.pdf,DB
7-Feb-13,DEEP BAY,3,4.55,WINTER,STANDARD31516,S,2013-02-07,2013,2,2012-13,2012,Final_Report_2012_13.pdf,DB
7-Feb-13,DEEP BAY,4,0.4,WINTER,STANDARD31516,S,2013-02-07,2013,2,2012-13,2012,Final_Report_2012_13.pdf,DB
7-Feb-13,NE LANTAU,2,12.48,WINTER,STANDARD31516,P,2013-02-07,2013,2,2012-13,2012,Final_Report_2012_13.pdf,NEL
7-Feb-13,NE LANTAU,3,12.65,WINTER,STANDARD31516,P,2013-02-07,2013,2,2012-13,2012,Final_Report_2012_13.pdf,NEL
7-Feb-13,NE LANTAU,2,4.2,WINTER,STANDARD31516,S,2013-02-07,2013,2,2012-13,2012,Final_Report_2012_13.pdf,NEL
7-Feb-13,NE LANTAU,3,4.17,WINTER,STANDARD31516,S,2013-02-07,2013,2,2012-13,2012,Final_Report_2012_13.pdf,NEL
19-Feb-13,SW LANTAU,0,2.0,WINTER,STANDARD31516,P,2013-02-19,2013,2,2012-13,2012,Final_Report_2012_13.pdf,SWL
19-Feb-13,SW LANTAU,1,12.1,WINTER,STANDARD31516,P,2013-02-19,2013,2,2012-13,2012,Final_Report_2012_13.pdf,SWL
19-Feb-13,SW LANTAU,2,3.2,WINTER,STANDARD31516,P,2013-02-19,2013,2,2012-13,2012,Final_Report_2012_13.pdf,SWL
19-Feb-13,SW LANTAU,0,2.2,WINTER,STANDARD31516,S,2013-02-19,2013,2,2012-13,2012,Final_Report_2012_13.pdf,SWL
19-Feb-13,SW LANTAU,1,5.0,WINTER,STANDARD31516,S,2013-02-19,2013,2,2012-13,2012,Final_Report_2012_13.pdf,SWL
19-Feb-13,SW LANTAU,2,1.9,WINTER,STANDARD31516,S,2013-02-19,2013,2,2012-13,2012,Final_Report_2012_13.pdf,SWL
19-Feb-13,W LANTAU,1,5.4,WINTER,STANDARD31516,S,2013-02-19,2013,2,2012-13,2012,Final_Report_2012_13.pdf,WL
19-Feb-13,W LANTAU,2,5.2,WINTER,STANDARD31516,S,2013-02-19,2013,2,2012-13,2012,Final_Report_2012_13.pdf,WL
22-Feb-13,SE LANTAU,2,20.8,WINTER,STANDARD31516,P,2013-02-22,2013,2,2012-13,2012,Final_Report_2012_13.pdf,SEL
22-Feb-13,SE LANTAU,3,5.55,WINTER,STANDARD31516,P,2013-02-22,2013,2,2012-13,2012,Final_Report_2012_13.pdf,SEL
22-Feb-13,SE LANTAU,2,4.08,WINTER,STANDARD31516,S,2013-02-22,2013,2,2012-13,2012,Final_Report_2012_13.pdf,SEL
22-Feb-13,SE LANTAU,3,2.58,WINTER,STANDARD31516,S,2013-02-22,2013,2,2012-13,2012,Final_Report_2012_13.pdf,SEL
22-Feb-13,SW LANTAU,2,6.48,WINTER,STANDARD31516,P,2013-02-22,2013,2,2012-13,2012,Final_Report_2012_13.pdf,SWL
22-Feb-13,SW LANTAU,3,15.99,WINTER,STANDARD31516,P,2013-02-22,2013,2,2012-13,2012,Final_Report_2012_13.pdf,SWL
22-Feb-13,SW LANTAU,4,3.78,WINTER,STANDARD31516,P,2013-02-22,2013,2,2012-13,2012,Final_Report_2012_13.pdf,SWL
22-Feb-13,SW LANTAU,5,1.82,WINTER,STANDARD31516,P,2013-02-22,2013,2,2012-13,2012,Final_Report_2012_13.pdf,SWL
22-Feb-13,SW LANTAU,2,2.07,WINTER,STANDARD31516,S,2013-02-22,2013,2,2012-13,2012,Final_Report_2012_13.pdf,SWL
22-Feb-13,SW LANTAU,3,6.28,WINTER,STANDARD31516,S,2013-02-22,2013,2,2012-13,2012,Final_Report_2012_13.pdf,SWL
25-Feb-13,W LANTAU,2,4.65,WINTER,STANDARD31516,S,2013-02-25,2013,2,2012-13,2012,Final_Report_2012_13.pdf,WL
25-Feb-13,W LANTAU,3,5.8,WINTER,STANDARD31516,S,2013-02-25,2013,2,2012-13,2012,Final_Report_2012_13.pdf,WL
25-Feb-13,NE LANTAU,2,9.96,WINTER,STANDARD31516,P,2013-02-25,2013,2,2012-13,2012,Final_Report_2012_13.pdf,NEL
25-Feb-13,NE LANTAU,3,11.34,WINTER,STANDARD31516,P,2013-02-25,2013,2,2012-13,2012,Final_Report_2012_13.pdf,NEL
25-Feb-13,NE LANTAU,2,5.2,WINTER,STANDARD31516,S,2013-02-25,2013,2,2012-13,2012,Final_Report_2012_13.pdf,NEL
25-Feb-13,NE LANTAU,3,2.1,WINTER,STANDARD31516,S,2013-02-25,2013,2,2012-13,2012,Final_Report_2012_13.pdf,NEL
28-Feb-13,NE LANTAU,2,4.1,WINTER,STANDARD31516,P,2013-02-28,2013,2,2012-13,2012,Final_Report_2012_13.pdf,NEL
28-Feb-13,NE LANTAU,3,21.0,WINTER,STANDARD31516,P,2013-02-28,2013,2,2012-13,2012,Final_Report_2012_13.pdf,NEL
28-Feb-13,NE LANTAU,2,4.3,WINTER,STANDARD31516,S,2013-02-28,2013,2,2012-13,2012,Final_Report_2012_13.pdf,NEL
28-Feb-13,NE LANTAU,3,6.8,WINTER,STANDARD31516,S,2013-02-28,2013,2,2012-13,2012,Final_Report_2012_13.pdf,NEL
28-Feb-13,NW LANTAU,3,8.7,WINTER,STANDARD31516,P,2013-02-28,2013,2,2012-13,2012,Final_Report_2012_13.pdf,NWL
28-Feb-13,NW LANTAU,4,8.6,WINTER,STANDARD31516,P,2013-02-28,2013,2,2012-13,2012,Final_Report_2012_13.pdf,NWL
28-Feb-13,NW LANTAU,5,8.6,WINTER,STANDARD31516,P,2013-02-28,2013,2,2012-13,2012,Final_Report_2012_13.pdf,NWL
28-Feb-13,NW LANTAU,3,0.6,WINTER,STANDARD31516,S,2013-02-28,2013,2,2012-13,2012,Final_Report_2012_13.pdf,NWL
28-Feb-13,NW LANTAU,4,2.4,WINTER,STANDARD31516,S,2013-02-28,2013,2,2012-13,2012,Final_Report_2012_13.pdf,NWL
28-Feb-13,NW LANTAU,5,4.2,WINTER,STANDARD31516,S,2013-02-28,2013,2,2012-13,2012,Final_Report_2012_13.pdf,NWL
1-Mar-13,NW LANTAU,3,16.5,SPRING,STANDARD31516,P,2013-03-01,2013,3,2012-13,2012,Final_Report_2012_13.pdf,NWL
1-Mar-13,NW LANTAU,4,4.6,SPRING,STANDARD31516,P,2013-03-01,2013,3,2012-13,2012,Final_Report_2012_13.pdf,NWL
1-Mar-13,NW LANTAU,2,3.0,SPRING,STANDARD31516,S,2013-03-01,2013,3,2012-13,2012,Final_Report_2012_13.pdf,NWL
1-Mar-13,NW LANTAU,3,5.8,SPRING,STANDARD31516,S,2013-03-01,2013,3,2012-13,2012,Final_Report_2012_13.pdf,NWL
1-Mar-13,NW LANTAU,5,2.8,SPRING,STANDARD31516,S,2013-03-01,2013,3,2012-13,2012,Final_Report_2012_13.pdf,NWL
1-Mar-13,W LANTAU,3,6.9,SPRING,STANDARD31516,P,2013-03-01,2013,3,2012-13,2012,Final_Report_2012_13.pdf,WL
1-Mar-13,W LANTAU,4,2.3,SPRING,STANDARD31516,P,2013-03-01,2013,3,2012-13,2012,Final_Report_2012_13.pdf,WL
1-Mar-13,W LANTAU,5,6.0,SPRING,STANDARD31516,P,2013-03-01,2013,3,2012-13,2012,Final_Report_2012_13.pdf,WL
1-Mar-13,W LANTAU,2,0.8,SPRING,STANDARD31516,S,2013-03-01,2013,3,2012-13,2012,Final_Report_2012_13.pdf,WL
1-Mar-13,W LANTAU,3,6.5,SPRING,STANDARD31516,S,2013-03-01,2013,3,2012-13,2012,Final_Report_2012_13.pdf,WL
1-Mar-13,W LANTAU,4,5.4,SPRING,STANDARD31516,S,2013-03-01,2013,3,2012-13,2012,Final_Report_2012_13.pdf,WL
7-Mar-13,W LANTAU,1,9.51,SPRING,STANDARD31516,P,2013-03-07,2013,3,2012-13,2012,Final_Report_2012_13.pdf,WL
7-Mar-13,W LANTAU,2,2.25,SPRING,STANDARD31516,P,2013-03-07,2013,3,2012-13,2012,Final_Report_2012_13.pdf,WL
7-Mar-13,W LANTAU,1,9.7,SPRING,STANDARD31516,S,2013-03-07,2013,3,2012-13,2012,Final_Report_2012_13.pdf,WL
7-Mar-13,W LANTAU,2,12.19,SPRING,STANDARD31516,S,2013-03-07,2013,3,2012-13,2012,Final_Report_2012_13.pdf,WL
7-Mar-13,SW LANTAU,1,10.7,SPRING,STANDARD31516,P,2013-03-07,2013,3,2012-13,2012,Final_Report_2012_13.pdf,SWL
7-Mar-13,SW LANTAU,1,7.81,SPRING,STANDARD31516,S,2013-03-07,2013,3,2012-13,2012,Final_Report_2012_13.pdf,SWL
7-Mar-13,SW LANTAU,2,2.96,SPRING,STANDARD31516,S,2013-03-07,2013,3,2012-13,2012,Final_Report_2012_13.pdf,SWL
8-Mar-13,SW LANTAU,2,7.88,SPRING,STANDARD31516,S,2013-03-08,2013,3,2012-13,2012,Final_Report_2012_13.pdf,SWL
8-Mar-13,SE LANTAU,2,14.24,SPRING,STANDARD31516,P,2013-03-08,2013,3,2012-13,2012,Final_Report_2012_13.pdf,SEL
8-Mar-13,SE LANTAU,2,7.24,SPRING,STANDARD31516,S,2013-03-08,2013,3,2012-13,2012,Final_Report_2012_13.pdf,SEL
19-Mar-13,LAMMA,0,5.1,SPRING,STANDARD31516,P,2013-03-19,2013,3,2012-13,2012,Final_Report_2012_13.pdf,LM
19-Mar-13,LAMMA,1,19.49,SPRING,STANDARD31516,P,2013-03-19,2013,3,2012-13,2012,Final_Report_2012_13.pdf,LM
19-Mar-13,LAMMA,2,34.7,SPRING,STANDARD31516,P,2013-03-19,2013,3,2012-13,2012,Final_Report_2012_13.pdf,LM
19-Mar-13,LAMMA,3,6.1,SPRING,STANDARD31516,P,2013-03-19,2013,3,2012-13,2012,Final_Report_2012_13.pdf,LM
19-Mar-13,LAMMA,0,3.0,SPRING,STANDARD31516,S,2013-03-19,2013,3,2012-13,2012,Final_Report_2012_13.pdf,LM
19-Mar-13,LAMMA,1,8.27,SPRING,STANDARD31516,S,2013-03-19,2013,3,2012-13,2012,Final_Report_2012_13.pdf,LM
19-Mar-13,LAMMA,2,10.6,SPRING,STANDARD31516,S,2013-03-19,2013,3,2012-13,2012,Final_Report_2012_13.pdf,LM
21-Mar-13,NW LANTAU,2,0.7,SPRING,STANDARD31516,P,2013-03-21,2013,3,2012-13,2012,Final_Report_2012_13.pdf,NWL
21-Mar-13,NW LANTAU,3,1.1,SPRING,STANDARD31516,P,2013-03-21,2013,3,2012-13,2012,Final_Report_2012_13.pdf,NWL
21-Mar-13,NW LANTAU,4,7.5,SPRING,STANDARD31516,P,2013-03-21,2013,3,2012-13,2012,Final_Report_2012_13.pdf,NWL
21-Mar-13,NW LANTAU,5,5.1,SPRING,STANDARD31516,P,2013-03-21,2013,3,2012-13,2012,Final_Report_2012_13.pdf,NWL
21-Mar-13,NW LANTAU,4,0.7,SPRING,STANDARD31516,S,2013-03-21,2013,3,2012-13,2012,Final_Report_2012_13.pdf,NWL
21-Mar-13,NE LANTAU,2,0.7,SPRING,STANDARD31516,P,2013-03-21,2013,3,2012-13,2012,Final_Report_2012_13.pdf,NEL
21-Mar-13,NE LANTAU,3,10.1,SPRING,STANDARD31516,P,2013-03-21,2013,3,2012-13,2012,Final_Report_2012_13.pdf,NEL
21-Mar-13,NE LANTAU,4,4.2,SPRING,STANDARD31516,P,2013-03-21,2013,3,2012-13,2012,Final_Report_2012_13.pdf,NEL
21-Mar-13,NE LANTAU,3,3.3,SPRING,STANDARD31516,S,2013-03-21,2013,3,2012-13,2012,Final_Report_2012_13.pdf,NEL
21-Mar-13,NE LANTAU,4,2.1,SPRING,STANDARD31516,S,2013-03-21,2013,3,2012-13,2012,Final_Report_2012_13.pdf,NEL
22-Mar-13,W LANTAU,2,4.08,SPRING,STANDARD31516,S,2013-03-22,2013,3,2012-13,2012,Final_Report_2012_13.pdf,WL
22-Mar-13,W LANTAU,3,4.12,SPRING,STANDARD31516,S,2013-03-22,2013,3,2012-13,2012,Final_Report_2012_13.pdf,WL
22-Mar-13,W LANTAU,4,2.12,SPRING,STANDARD31516,S,2013-03-22,2013,3,2012-13,2012,Final_Report_2012_13.pdf,WL
22-Mar-13,NW LANTAU,2,12.3,SPRING,STANDARD31516,P,2013-03-22,2013,3,2012-13,2012,Final_Report_2012_13.pdf,NWL
22-Mar-13,NW LANTAU,3,2.99,SPRING,STANDARD31516,P,2013-03-22,2013,3,2012-13,2012,Final_Report_2012_13.pdf,NWL
22-Mar-13,NW LANTAU,2,6.72,SPRING,STANDARD31516,S,2013-03-22,2013,3,2012-13,2012,Final_Report_2012_13.pdf,NWL
9-Apr-13,W LANTAU,2,10.3,SPRING,STANDARD31516,S,2013-04-09,2013,4,2013-14,2013,Final_Report_2013_14.pdf,WL
13-Apr-13,SE LANTAU,1,12.87,SPRING,STANDARD31516,P,2013-04-13,2013,4,2013-14,2013,Final_Report_2013_14.pdf,SEL
13-Apr-13,SE LANTAU,2,11.1,SPRING,STANDARD31516,P,2013-04-13,2013,4,2013-14,2013,Final_Report_2013_14.pdf,SEL
13-Apr-13,SE LANTAU,1,4.49,SPRING,STANDARD31516,S,2013-04-13,2013,4,2013-14,2013,Final_Report_2013_14.pdf,SEL
13-Apr-13,SE LANTAU,2,1.2,SPRING,STANDARD31516,S,2013-04-13,2013,4,2013-14,2013,Final_Report_2013_14.pdf,SEL
13-Apr-13,SE LANTAU,3,2.0,SPRING,STANDARD31516,S,2013-04-13,2013,4,2013-14,2013,Final_Report_2013_14.pdf,SEL
13-Apr-13,SW LANTAU,1,3.15,SPRING,STANDARD31516,P,2013-04-13,2013,4,2013-14,2013,Final_Report_2013_14.pdf,SWL
13-Apr-13,SW LANTAU,2,15.38,SPRING,STANDARD31516,P,2013-04-13,2013,4,2013-14,2013,Final_Report_2013_14.pdf,SWL
13-Apr-13,SW LANTAU,3,6.2,SPRING,STANDARD31516,P,2013-04-13,2013,4,2013-14,2013,Final_Report_2013_14.pdf,SWL
13-Apr-13,SW LANTAU,2,7.63,SPRING,STANDARD31516,S,2013-04-13,2013,4,2013-14,2013,Final_Report_2013_14.pdf,SWL
13-Apr-13,SW LANTAU,3,2.2,SPRING,STANDARD31516,S,2013-04-13,2013,4,2013-14,2013,Final_Report_2013_14.pdf,SWL
13-Apr-13,W LANTAU,2,5.37,SPRING,STANDARD31516,S,2013-04-13,2013,4,2013-14,2013,Final_Report_2013_14.pdf,WL
13-Apr-13,W LANTAU,3,4.47,SPRING,STANDARD31516,S,2013-04-13,2013,4,2013-14,2013,Final_Report_2013_14.pdf,WL
16-Apr-13,NE LANTAU,2,24.6,SPRING,STANDARD31516,P,2013-04-16,2013,4,2013-14,2013,Final_Report_2013_14.pdf,NEL
16-Apr-13,NE LANTAU,3,2.1,SPRING,STANDARD31516,P,2013-04-16,2013,4,2013-14,2013,Final_Report_2013_14.pdf,NEL
16-Apr-13,NE LANTAU,1,1.5,SPRING,STANDARD31516,S,2013-04-16,2013,4,2013-14,2013,Final_Report_2013_14.pdf,NEL
16-Apr-13,NE LANTAU,2,6.7,SPRING,STANDARD31516,S,2013-04-16,2013,4,2013-14,2013,Final_Report_2013_14.pdf,NEL
17-Apr-13,W LANTAU,1,0.5,SPRING,STANDARD31516,S,2013-04-17,2013,4,2013-14,2013,Final_Report_2013_14.pdf,WL
17-Apr-13,W LANTAU,2,4.7,SPRING,STANDARD31516,S,2013-04-17,2013,4,2013-14,2013,Final_Report_2013_14.pdf,WL
17-Apr-13,W LANTAU,3,7.2,SPRING,STANDARD31516,S,2013-04-17,2013,4,2013-14,2013,Final_Report_2013_14.pdf,WL
17-Apr-13,NW LANTAU,0,0.9,SPRING,STANDARD31516,P,2013-04-17,2013,4,2013-14,2013,Final_Report_2013_14.pdf,NWL
17-Apr-13,NW LANTAU,1,16.6,SPRING,STANDARD31516,P,2013-04-17,2013,4,2013-14,2013,Final_Report_2013_14.pdf,NWL
17-Apr-13,NW LANTAU,2,9.6,SPRING,STANDARD31516,P,2013-04-17,2013,4,2013-14,2013,Final_Report_2013_14.pdf,NWL
17-Apr-13,NW LANTAU,1,4.2,SPRING,STANDARD31516,S,2013-04-17,2013,4,2013-14,2013,Final_Report_2013_14.pdf,NWL
17-Apr-13,NW LANTAU,2,3.0,SPRING,STANDARD31516,S,2013-04-17,2013,4,2013-14,2013,Final_Report_2013_14.pdf,NWL
18-Apr-13,NW LANTAU,1,0.9,SPRING,STANDARD31516,P,2013-04-18,2013,4,2013-14,2013,Final_Report_2013_14.pdf,NWL
18-Apr-13,NW LANTAU,2,25.8,SPRING,STANDARD31516,P,2013-04-18,2013,4,2013-14,2013,Final_Report_2013_14.pdf,NWL
18-Apr-13,NW LANTAU,3,13.4,SPRING,STANDARD31516,P,2013-04-18,2013,4,2013-14,2013,Final_Report_2013_14.pdf,NWL
18-Apr-13,NW LANTAU,2,13.0,SPRING,STANDARD31516,S,2013-04-18,2013,4,2013-14,2013,Final_Report_2013_14.pdf,NWL
18-Apr-13,NE LANTAU,1,8.2,SPRING,STANDARD31516,P,2013-04-18,2013,4,2013-14,2013,Final_Report_2013_14.pdf,NEL
18-Apr-13,NE LANTAU,2,9.9,SPRING,STANDARD31516,P,2013-04-18,2013,4,2013-14,2013,Final_Report_2013_14.pdf,NEL
18-Apr-13,NE LANTAU,1,2.8,SPRING,STANDARD31516,S,2013-04-18,2013,4,2013-14,2013,Final_Report_2013_14.pdf,NEL
18-Apr-13,NE LANTAU,2,6.6,SPRING,STANDARD31516,S,2013-04-18,2013,4,2013-14,2013,Final_Report_2013_14.pdf,NEL
30-Apr-13,LAMMA,1,8.02,SPRING,STANDARD31516,P,2013-04-30,2013,4,2013-14,2013,Final_Report_2013_14.pdf,LM
30-Apr-13,LAMMA,2,32.19,SPRING,STANDARD31516,P,2013-04-30,2013,4,2013-14,2013,Final_Report_2013_14.pdf,LM
30-Apr-13,LAMMA,3,1.7,SPRING,STANDARD31516,P,2013-04-30,2013,4,2013-14,2013,Final_Report_2013_14.pdf,LM
30-Apr-13,LAMMA,1,1.68,SPRING,STANDARD31516,S,2013-04-30,2013,4,2013-14,2013,Final_Report_2013_14.pdf,LM
30-Apr-13,LAMMA,2,6.45,SPRING,STANDARD31516,S,2013-04-30,2013,4,2013-14,2013,Final_Report_2013_14.pdf,LM
30-Apr-13,LAMMA,3,2.8,SPRING,STANDARD31516,S,2013-04-30,2013,4,2013-14,2013,Final_Report_2013_14.pdf,LM
3-May-13,NW LANTAU,1,0.66,SPRING,STANDARD31516,P,2013-05-03,2013,5,2013-14,2013,Final_Report_2013_14.pdf,NWL
3-May-13,NW LANTAU,2,18.63,SPRING,STANDARD31516,P,2013-05-03,2013,5,2013-14,2013,Final_Report_2013_14.pdf,NWL
3-May-13,NW LANTAU,3,16.45,SPRING,STANDARD31516,P,2013-05-03,2013,5,2013-14,2013,Final_Report_2013_14.pdf,NWL
3-May-13,NW LANTAU,1,1.85,SPRING,STANDARD31516,S,2013-05-03,2013,5,2013-14,2013,Final_Report_2013_14.pdf,NWL
3-May-13,NW LANTAU,2,2.35,SPRING,STANDARD31516,S,2013-05-03,2013,5,2013-14,2013,Final_Report_2013_14.pdf,NWL
3-May-13,NW LANTAU,3,1.33,SPRING,STANDARD31516,S,2013-05-03,2013,5,2013-14,2013,Final_Report_2013_14.pdf,NWL
6-May-13,W LANTAU,1,4.34,SPRING,STANDARD31516,S,2013-05-06,2013,5,2013-14,2013,Final_Report_2013_14.pdf,WL
6-May-13,W LANTAU,2,0.68,SPRING,STANDARD31516,S,2013-05-06,2013,5,2013-14,2013,Final_Report_2013_14.pdf,WL
6-May-13,W LANTAU,3,2.2,SPRING,STANDARD31516,S,2013-05-06,2013,5,2013-14,2013,Final_Report_2013_14.pdf,WL
6-May-13,NW LANTAU,2,9.49,SPRING,STANDARD31516,P,2013-05-06,2013,5,2013-14,2013,Final_Report_2013_14.pdf,NWL
6-May-13,NW LANTAU,3,6.75,SPRING,STANDARD31516,P,2013-05-06,2013,5,2013-14,2013,Final_Report_2013_14.pdf,NWL
6-May-13,NW LANTAU,2,3.06,SPRING,STANDARD31516,S,2013-05-06,2013,5,2013-14,2013,Final_Report_2013_14.pdf,NWL
6-May-13,NW LANTAU,3,4.7,SPRING,STANDARD31516,S,2013-05-06,2013,5,2013-14,2013,Final_Report_2013_14.pdf,NWL
7-May-13,NW LANTAU,2,4.82,SPRING,STANDARD31516,P,2013-05-07,2013,5,2013-14,2013,Final_Report_2013_14.pdf,NWL
7-May-13,NW LANTAU,3,17.59,SPRING,STANDARD31516,P,2013-05-07,2013,5,2013-14,2013,Final_Report_2013_14.pdf,NWL
7-May-13,NW LANTAU,1,1.16,SPRING,STANDARD31516,S,2013-05-07,2013,5,2013-14,2013,Final_Report_2013_14.pdf,NWL
7-May-13,NW LANTAU,2,4.2,SPRING,STANDARD31516,S,2013-05-07,2013,5,2013-14,2013,Final_Report_2013_14.pdf,NWL
7-May-13,NW LANTAU,3,3.12,SPRING,STANDARD31516,S,2013-05-07,2013,5,2013-14,2013,Final_Report_2013_14.pdf,NWL
7-May-13,W LANTAU,2,11.59,SPRING,STANDARD31516,P,2013-05-07,2013,5,2013-14,2013,Final_Report_2013_14.pdf,WL
7-May-13,W LANTAU,3,3.26,SPRING,STANDARD31516,P,2013-05-07,2013,5,2013-14,2013,Final_Report_2013_14.pdf,WL
7-May-13,W LANTAU,4,0.41,SPRING,STANDARD31516,P,2013-05-07,2013,5,2013-14,2013,Final_Report_2013_14.pdf,WL
7-May-13,W LANTAU,5,1.88,SPRING,STANDARD31516,P,2013-05-07,2013,5,2013-14,2013,Final_Report_2013_14.pdf,WL
7-May-13,W LANTAU,1,0.64,SPRING,STANDARD31516,S,2013-05-07,2013,5,2013-14,2013,Final_Report_2013_14.pdf,WL
7-May-13,W LANTAU,2,9.78,SPRING,STANDARD31516,S,2013-05-07,2013,5,2013-14,2013,Final_Report_2013_14.pdf,WL
7-May-13,W LANTAU,3,3.27,SPRING,STANDARD31516,S,2013-05-07,2013,5,2013-14,2013,Final_Report_2013_14.pdf,WL
7-May-13,W LANTAU,4,0.94,SPRING,STANDARD31516,S,2013-05-07,2013,5,2013-14,2013,Final_Report_2013_14.pdf,WL
7-May-13,W LANTAU,5,1.97,SPRING,STANDARD31516,S,2013-05-07,2013,5,2013-14,2013,Final_Report_2013_14.pdf,WL
9-May-13,W LANTAU,2,8.25,SPRING,STANDARD31516,S,2013-05-09,2013,5,2013-14,2013,Final_Report_2013_14.pdf,WL
9-May-13,W LANTAU,3,5.9,SPRING,STANDARD31516,S,2013-05-09,2013,5,2013-14,2013,Final_Report_2013_14.pdf,WL
9-May-13,SW LANTAU,1,7.35,SPRING,STANDARD31516,P,2013-05-09,2013,5,2013-14,2013,Final_Report_2013_14.pdf,SWL
9-May-13,SW LANTAU,2,21.04,SPRING,STANDARD31516,P,2013-05-09,2013,5,2013-14,2013,Final_Report_2013_14.pdf,SWL
9-May-13,SW LANTAU,1,4.82,SPRING,STANDARD31516,S,2013-05-09,2013,5,2013-14,2013,Final_Report_2013_14.pdf,SWL
9-May-13,SW LANTAU,2,5.13,SPRING,STANDARD31516,S,2013-05-09,2013,5,2013-14,2013,Final_Report_2013_14.pdf,SWL
9-May-13,SW LANTAU,3,0.98,SPRING,STANDARD31516,S,2013-05-09,2013,5,2013-14,2013,Final_Report_2013_14.pdf,SWL
9-May-13,SE LANTAU,2,1.55,SPRING,STANDARD31516,P,2013-05-09,2013,5,2013-14,2013,Final_Report_2013_14.pdf,SEL
9-May-13,SE LANTAU,3,5.04,SPRING,STANDARD31516,P,2013-05-09,2013,5,2013-14,2013,Final_Report_2013_14.pdf,SEL
9-May-13,SE LANTAU,2,3.15,SPRING,STANDARD31516,S,2013-05-09,2013,5,2013-14,2013,Final_Report_2013_14.pdf,SEL
9-May-13,SE LANTAU,3,2.09,SPRING,STANDARD31516,S,2013-05-09,2013,5,2013-14,2013,Final_Report_2013_14.pdf,SEL
24-May-13,LAMMA,1,5.08,SPRING,STANDARD31516,P,2013-05-24,2013,5,2013-14,2013,Final_Report_2013_14.pdf,LM
24-May-13,LAMMA,2,56.07,SPRING,STANDARD31516,P,2013-05-24,2013,5,2013-14,2013,Final_Report_2013_14.pdf,LM
24-May-13,LAMMA,3,5.39,SPRING,STANDARD31516,P,2013-05-24,2013,5,2013-14,2013,Final_Report_2013_14.pdf,LM
24-May-13,LAMMA,2,16.26,SPRING,STANDARD31516,S,2013-05-24,2013,5,2013-14,2013,Final_Report_2013_14.pdf,LM
29-May-13,W LANTAU,1,1.37,SPRING,STANDARD31516,P,2013-05-29,2013,5,2013-14,2013,Final_Report_2013_14.pdf,WL
29-May-13,W LANTAU,2,13.89,SPRING,STANDARD31516,P,2013-05-29,2013,5,2013-14,2013,Final_Report_2013_14.pdf,WL
29-May-13,W LANTAU,3,4.99,SPRING,STANDARD31516,P,2013-05-29,2013,5,2013-14,2013,Final_Report_2013_14.pdf,WL
29-May-13,W LANTAU,1,0.31,SPRING,STANDARD31516,S,2013-05-29,2013,5,2013-14,2013,Final_Report_2013_14.pdf,WL
29-May-13,W LANTAU,2,15.63,SPRING,STANDARD31516,S,2013-05-29,2013,5,2013-14,2013,Final_Report_2013_14.pdf,WL
29-May-13,W LANTAU,3,3.8,SPRING,STANDARD31516,S,2013-05-29,2013,5,2013-14,2013,Final_Report_2013_14.pdf,WL
29-May-13,NE LANTAU,2,2.74,SPRING,STANDARD31516,P,2013-05-29,2013,5,2013-14,2013,Final_Report_2013_14.pdf,NEL
29-May-13,NE LANTAU,3,3.5,SPRING,STANDARD31516,P,2013-05-29,2013,5,2013-14,2013,Final_Report_2013_14.pdf,NEL
29-May-13,NE LANTAU,2,6.56,SPRING,STANDARD31516,S,2013-05-29,2013,5,2013-14,2013,Final_Report_2013_14.pdf,NEL
31-May-13,SE LANTAU,1,9.97,SPRING,STANDARD31516,P,2013-05-31,2013,5,2013-14,2013,Final_Report_2013_14.pdf,SEL
31-May-13,SE LANTAU,2,13.89,SPRING,STANDARD31516,P,2013-05-31,2013,5,2013-14,2013,Final_Report_2013_14.pdf,SEL
31-May-13,SE LANTAU,1,3.89,SPRING,STANDARD31516,S,2013-05-31,2013,5,2013-14,2013,Final_Report_2013_14.pdf,SEL
31-May-13,SE LANTAU,2,4.32,SPRING,STANDARD31516,S,2013-05-31,2013,5,2013-14,2013,Final_Report_2013_14.pdf,SEL
31-May-13,SW LANTAU,1,1.1,SPRING,STANDARD31516,P,2013-05-31,2013,5,2013-14,2013,Final_Report_2013_14.pdf,SWL
31-May-13,SW LANTAU,2,20.18,SPRING,STANDARD31516,P,2013-05-31,2013,5,2013-14,2013,Final_Report_2013_14.pdf,SWL
31-May-13,SW LANTAU,3,1.45,SPRING,STANDARD31516,P,2013-05-31,2013,5,2013-14,2013,Final_Report_2013_14.pdf,SWL
31-May-13,SW LANTAU,2,4.22,SPRING,STANDARD31516,S,2013-05-31,2013,5,2013-14,2013,Final_Report_2013_14.pdf,SWL
31-May-13,SW LANTAU,3,2.95,SPRING,STANDARD31516,S,2013-05-31,2013,5,2013-14,2013,Final_Report_2013_14.pdf,SWL
3-Jun-13,PO TOI,1,13.26,SUMMER,STANDARD31516,P,2013-06-03,2013,6,2013-14,2013,Final_Report_2013_14.pdf,PT
3-Jun-13,PO TOI,2,34.54,SUMMER,STANDARD31516,P,2013-06-03,2013,6,2013-14,2013,Final_Report_2013_14.pdf,PT
3-Jun-13,PO TOI,3,25.5,SUMMER,STANDARD31516,P,2013-06-03,2013,6,2013-14,2013,Final_Report_2013_14.pdf,PT
3-Jun-13,PO TOI,4,6.9,SUMMER,STANDARD31516,P,2013-06-03,2013,6,2013-14,2013,Final_Report_2013_14.pdf,PT
3-Jun-13,PO TOI,2,3.4,SUMMER,STANDARD31516,S,2013-06-03,2013,6,2013-14,2013,Final_Report_2013_14.pdf,PT
3-Jun-13,PO TOI,3,7.2,SUMMER,STANDARD31516,S,2013-06-03,2013,6,2013-14,2013,Final_Report_2013_14.pdf,PT
4-Jun-13,NINEPINS,1,4.1,SUMMER,STANDARD31516,P,2013-06-04,2013,6,2013-14,2013,Final_Report_2013_14.pdf,NP
4-Jun-13,NINEPINS,2,59.6,SUMMER,STANDARD31516,P,2013-06-04,2013,6,2013-14,2013,Final_Report_2013_14.pdf,NP
4-Jun-13,NINEPINS,3,6.2,SUMMER,STANDARD31516,P,2013-06-04,2013,6,2013-14,2013,Final_Report_2013_14.pdf,NP
4-Jun-13,NINEPINS,2,5.5,SUMMER,STANDARD31516,S,2013-06-04,2013,6,2013-14,2013,Final_Report_2013_14.pdf,NP
4-Jun-13,NINEPINS,3,2.0,SUMMER,STANDARD31516,S,2013-06-04,2013,6,2013-14,2013,Final_Report_2013_14.pdf,NP
6-Jun-13,W LANTAU,1,6.31,SUMMER,STANDARD31516,S,2013-06-06,2013,6,2013-14,2013,Final_Report_2013_14.pdf,WL
6-Jun-13,W LANTAU,2,2.47,SUMMER,STANDARD31516,S,2013-06-06,2013,6,2013-14,2013,Final_Report_2013_14.pdf,WL
6-Jun-13,W LANTAU,3,2.64,SUMMER,STANDARD31516,S,2013-06-06,2013,6,2013-14,2013,Final_Report_2013_14.pdf,WL
6-Jun-13,NW LANTAU,2,4.94,SUMMER,STANDARD31516,P,2013-06-06,2013,6,2013-14,2013,Final_Report_2013_14.pdf,NWL
6-Jun-13,NW LANTAU,3,3.71,SUMMER,STANDARD31516,P,2013-06-06,2013,6,2013-14,2013,Final_Report_2013_14.pdf,NWL
6-Jun-13,NW LANTAU,4,0.91,SUMMER,STANDARD31516,P,2013-06-06,2013,6,2013-14,2013,Final_Report_2013_14.pdf,NWL
6-Jun-13,NW LANTAU,1,1.77,SUMMER,STANDARD31516,S,2013-06-06,2013,6,2013-14,2013,Final_Report_2013_14.pdf,NWL
6-Jun-13,NW LANTAU,2,4.76,SUMMER,STANDARD31516,S,2013-06-06,2013,6,2013-14,2013,Final_Report_2013_14.pdf,NWL
6-Jun-13,NW LANTAU,3,1.18,SUMMER,STANDARD31516,S,2013-06-06,2013,6,2013-14,2013,Final_Report_2013_14.pdf,NWL
10-Jun-13,NE LANTAU,2,12.02,SUMMER,STANDARD31516,P,2013-06-10,2013,6,2013-14,2013,Final_Report_2013_14.pdf,NEL
10-Jun-13,NE LANTAU,3,7.42,SUMMER,STANDARD31516,P,2013-06-10,2013,6,2013-14,2013,Final_Report_2013_14.pdf,NEL
10-Jun-13,NE LANTAU,2,8.48,SUMMER,STANDARD31516,S,2013-06-10,2013,6,2013-14,2013,Final_Report_2013_14.pdf,NEL
10-Jun-13,NE LANTAU,3,2.38,SUMMER,STANDARD31516,S,2013-06-10,2013,6,2013-14,2013,Final_Report_2013_14.pdf,NEL
10-Jun-13,NW LANTAU,1,11.48,SUMMER,STANDARD31516,P,2013-06-10,2013,6,2013-14,2013,Final_Report_2013_14.pdf,NWL
10-Jun-13,NW LANTAU,2,10.05,SUMMER,STANDARD31516,P,2013-06-10,2013,6,2013-14,2013,Final_Report_2013_14.pdf,NWL
10-Jun-13,NW LANTAU,1,0.79,SUMMER,STANDARD31516,S,2013-06-10,2013,6,2013-14,2013,Final_Report_2013_14.pdf,NWL
10-Jun-13,NW LANTAU,2,2.13,SUMMER,STANDARD31516,S,2013-06-10,2013,6,2013-14,2013,Final_Report_2013_14.pdf,NWL
10-Jun-13,NW LANTAU,3,2.31,SUMMER,STANDARD31516,S,2013-06-10,2013,6,2013-14,2013,Final_Report_2013_14.pdf,NWL
10-Jun-13,DEEP BAY,0,2.81,SUMMER,STANDARD31516,P,2013-06-10,2013,6,2013-14,2013,Final_Report_2013_14.pdf,DB
10-Jun-13,DEEP BAY,1,6.14,SUMMER,STANDARD31516,P,2013-06-10,2013,6,2013-14,2013,Final_Report_2013_14.pdf,DB
10-Jun-13,DEEP BAY,2,6.73,SUMMER,STANDARD31516,P,2013-06-10,2013,6,2013-14,2013,Final_Report_2013_14.pdf,DB
10-Jun-13,DEEP BAY,0,0.94,SUMMER,STANDARD31516,S,2013-06-10,2013,6,2013-14,2013,Final_Report_2013_14.pdf,DB
10-Jun-13,DEEP BAY,1,5.36,SUMMER,STANDARD31516,S,2013-06-10,2013,6,2013-14,2013,Final_Report_2013_14.pdf,DB
10-Jun-13,DEEP BAY,2,1.96,SUMMER,STANDARD31516,S,2013-06-10,2013,6,2013-14,2013,Final_Report_2013_14.pdf,DB
11-Jun-13,W LANTAU,4,0.45,SUMMER,STANDARD31516,S,2013-06-11,2013,6,2013-14,2013,Final_Report_2013_14.pdf,WL
11-Jun-13,W LANTAU,5,1.37,SUMMER,STANDARD31516,S,2013-06-11,2013,6,2013-14,2013,Final_Report_2013_14.pdf,WL
11-Jun-13,SW LANTAU,2,4.04,SUMMER,STANDARD31516,P,2013-06-11,2013,6,2013-14,2013,Final_Report_2013_14.pdf,SWL
11-Jun-13,SW LANTAU,4,6.33,SUMMER,STANDARD31516,P,2013-06-11,2013,6,2013-14,2013,Final_Report_2013_14.pdf,SWL
11-Jun-13,SW LANTAU,5,1.81,SUMMER,STANDARD31516,P,2013-06-11,2013,6,2013-14,2013,Final_Report_2013_14.pdf,SWL
11-Jun-13,SW LANTAU,2,1.21,SUMMER,STANDARD31516,S,2013-06-11,2013,6,2013-14,2013,Final_Report_2013_14.pdf,SWL
11-Jun-13,SW LANTAU,3,1.92,SUMMER,STANDARD31516,S,2013-06-11,2013,6,2013-14,2013,Final_Report_2013_14.pdf,SWL
11-Jun-13,SW LANTAU,4,5.1,SUMMER,STANDARD31516,S,2013-06-11,2013,6,2013-14,2013,Final_Report_2013_14.pdf,SWL
11-Jun-13,SW LANTAU,5,1.96,SUMMER,STANDARD31516,S,2013-06-11,2013,6,2013-14,2013,Final_Report_2013_14.pdf,SWL
11-Jun-13,SE LANTAU,2,8.48,SUMMER,STANDARD31516,P,2013-06-11,2013,6,2013-14,2013,Final_Report_2013_14.pdf,SEL
11-Jun-13,SE LANTAU,3,4.87,SUMMER,STANDARD31516,P,2013-06-11,2013,6,2013-14,2013,Final_Report_2013_14.pdf,SEL
11-Jun-13,SE LANTAU,2,2.0,SUMMER,STANDARD31516,S,2013-06-11,2013,6,2013-14,2013,Final_Report_2013_14.pdf,SEL
11-Jun-13,SE LANTAU,3,2.05,SUMMER,STANDARD31516,S,2013-06-11,2013,6,2013-14,2013,Final_Report_2013_14.pdf,SEL
17-Jun-13,W LANTAU,2,7.6,SUMMER,STANDARD31516,S,2013-06-17,2013,6,2013-14,2013,Final_Report_2013_14.pdf,WL
17-Jun-13,W LANTAU,3,6.3,SUMMER,STANDARD31516,S,2013-06-17,2013,6,2013-14,2013,Final_Report_2013_14.pdf,WL
17-Jun-13,NE LANTAU,2,10.3,SUMMER,STANDARD31516,P,2013-06-17,2013,6,2013-14,2013,Final_Report_2013_14.pdf,NEL
17-Jun-13,NE LANTAU,2,6.8,SUMMER,STANDARD31516,S,2013-06-17,2013,6,2013-14,2013,Final_Report_2013_14.pdf,NEL
20-Jun-13,SE LANTAU,2,21.2,SUMMER,STANDARD31516,P,2013-06-20,2013,6,2013-14,2013,Final_Report_2013_14.pdf,SEL
20-Jun-13,SE LANTAU,2,4.1,SUMMER,STANDARD31516,S,2013-06-20,2013,6,2013-14,2013,Final_Report_2013_14.pdf,SEL
20-Jun-13,SW LANTAU,1,1.4,SUMMER,STANDARD31516,P,2013-06-20,2013,6,2013-14,2013,Final_Report_2013_14.pdf,SWL
20-Jun-13,SW LANTAU,2,24.5,SUMMER,STANDARD31516,P,2013-06-20,2013,6,2013-14,2013,Final_Report_2013_14.pdf,SWL
20-Jun-13,SW LANTAU,1,2.3,SUMMER,STANDARD31516,S,2013-06-20,2013,6,2013-14,2013,Final_Report_2013_14.pdf,SWL
20-Jun-13,SW LANTAU,2,7.1,SUMMER,STANDARD31516,S,2013-06-20,2013,6,2013-14,2013,Final_Report_2013_14.pdf,SWL
20-Jun-13,W LANTAU,2,9.1,SUMMER,STANDARD31516,S,2013-06-20,2013,6,2013-14,2013,Final_Report_2013_14.pdf,WL
21-Jun-13,W LANTAU,1,1.2,SUMMER,STANDARD31516,P,2013-06-21,2013,6,2013-14,2013,Final_Report_2013_14.pdf,WL
21-Jun-13,W LANTAU,2,12.7,SUMMER,STANDARD31516,P,2013-06-21,2013,6,2013-14,2013,Final_Report_2013_14.pdf,WL
21-Jun-13,W LANTAU,3,4.3,SUMMER,STANDARD31516,P,2013-06-21,2013,6,2013-14,2013,Final_Report_2013_14.pdf,WL
21-Jun-13,W LANTAU,1,5.8,SUMMER,STANDARD31516,S,2013-06-21,2013,6,2013-14,2013,Final_Report_2013_14.pdf,WL
21-Jun-13,W LANTAU,2,8.5,SUMMER,STANDARD31516,S,2013-06-21,2013,6,2013-14,2013,Final_Report_2013_14.pdf,WL
21-Jun-13,W LANTAU,3,6.6,SUMMER,STANDARD31516,S,2013-06-21,2013,6,2013-14,2013,Final_Report_2013_14.pdf,WL
21-Jun-13,NE LANTAU,2,0.2,SUMMER,STANDARD31516,P,2013-06-21,2013,6,2013-14,2013,Final_Report_2013_14.pdf,NEL
21-Jun-13,NE LANTAU,3,5.4,SUMMER,STANDARD31516,P,2013-06-21,2013,6,2013-14,2013,Final_Report_2013_14.pdf,NEL
21-Jun-13,NE LANTAU,2,1.3,SUMMER,STANDARD31516,S,2013-06-21,2013,6,2013-14,2013,Final_Report_2013_14.pdf,NEL
21-Jun-13,NE LANTAU,3,3.6,SUMMER,STANDARD31516,S,2013-06-21,2013,6,2013-14,2013,Final_Report_2013_14.pdf,NEL
28-Jun-13,NE LANTAU,2,15.94,SUMMER,STANDARD31516,P,2013-06-28,2013,6,2013-14,2013,Final_Report_2013_14.pdf,NEL
28-Jun-13,NE LANTAU,3,17.82,SUMMER,STANDARD31516,P,2013-06-28,2013,6,2013-14,2013,Final_Report_2013_14.pdf,NEL
28-Jun-13,NE LANTAU,2,11.8,SUMMER,STANDARD31516,S,2013-06-28,2013,6,2013-14,2013,Final_Report_2013_14.pdf,NEL
28-Jun-13,NE LANTAU,3,4.07,SUMMER,STANDARD31516,S,2013-06-28,2013,6,2013-14,2013,Final_Report_2013_14.pdf,NEL
28-Jun-13,NW LANTAU,3,5.7,SUMMER,STANDARD31516,P,2013-06-28,2013,6,2013-14,2013,Final_Report_2013_14.pdf,NWL
28-Jun-13,NW LANTAU,4,4.95,SUMMER,STANDARD31516,P,2013-06-28,2013,6,2013-14,2013,Final_Report_2013_14.pdf,NWL
28-Jun-13,NW LANTAU,5,1.79,SUMMER,STANDARD31516,P,2013-06-28,2013,6,2013-14,2013,Final_Report_2013_14.pdf,NWL
28-Jun-13,NW LANTAU,3,4.17,SUMMER,STANDARD31516,S,2013-06-28,2013,6,2013-14,2013,Final_Report_2013_14.pdf,NWL
28-Jun-13,NW LANTAU,4,2.15,SUMMER,STANDARD31516,S,2013-06-28,2013,6,2013-14,2013,Final_Report_2013_14.pdf,NWL
5-Jul-13,W LANTAU,2,6.25,SUMMER,STANDARD31516,S,2013-07-05,2013,7,2013-14,2013,Final_Report_2013_14.pdf,WL
5-Jul-13,W LANTAU,3,4.23,SUMMER,STANDARD31516,S,2013-07-05,2013,7,2013-14,2013,Final_Report_2013_14.pdf,WL
10-Jul-13,W LANTAU,1,3.89,SUMMER,STANDARD31516,S,2013-07-10,2013,7,2013-14,2013,Final_Report_2013_14.pdf,WL
10-Jul-13,W LANTAU,2,5.78,SUMMER,STANDARD31516,S,2013-07-10,2013,7,2013-14,2013,Final_Report_2013_14.pdf,WL
12-Jul-13,PO TOI,2,46.6,SUMMER,STANDARD31516,P,2013-07-12,2013,7,2013-14,2013,Final_Report_2013_14.pdf,PT
12-Jul-13,PO TOI,3,18.04,SUMMER,STANDARD31516,P,2013-07-12,2013,7,2013-14,2013,Final_Report_2013_14.pdf,PT
12-Jul-13,PO TOI,2,6.06,SUMMER,STANDARD31516,S,2013-07-12,2013,7,2013-14,2013,Final_Report_2013_14.pdf,PT
12-Jul-13,PO TOI,3,1.6,SUMMER,STANDARD31516,S,2013-07-12,2013,7,2013-14,2013,Final_Report_2013_14.pdf,PT
12-Jul-13,NINEPINS,2,9.32,SUMMER,STANDARD31516,P,2013-07-12,2013,7,2013-14,2013,Final_Report_2013_14.pdf,NP
17-Jul-13,SE LANTAU,2,14.62,SUMMER,STANDARD31516,P,2013-07-17,2013,7,2013-14,2013,Final_Report_2013_14.pdf,SEL
17-Jul-13,SE LANTAU,2,1.08,SUMMER,STANDARD31516,S,2013-07-17,2013,7,2013-14,2013,Final_Report_2013_14.pdf,SEL
17-Jul-13,SW LANTAU,2,17.06,SUMMER,STANDARD31516,P,2013-07-17,2013,7,2013-14,2013,Final_Report_2013_14.pdf,SWL
17-Jul-13,SW LANTAU,3,11.37,SUMMER,STANDARD31516,P,2013-07-17,2013,7,2013-14,2013,Final_Report_2013_14.pdf,SWL
17-Jul-13,SW LANTAU,4,1.3,SUMMER,STANDARD31516,P,2013-07-17,2013,7,2013-14,2013,Final_Report_2013_14.pdf,SWL
17-Jul-13,SW LANTAU,5,1.0,SUMMER,STANDARD31516,P,2013-07-17,2013,7,2013-14,2013,Final_Report_2013_14.pdf,SWL
17-Jul-13,SW LANTAU,2,3.3,SUMMER,STANDARD31516,S,2013-07-17,2013,7,2013-14,2013,Final_Report_2013_14.pdf,SWL
17-Jul-13,SW LANTAU,3,9.17,SUMMER,STANDARD31516,S,2013-07-17,2013,7,2013-14,2013,Final_Report_2013_14.pdf,SWL
17-Jul-13,SW LANTAU,4,5.8,SUMMER,STANDARD31516,S,2013-07-17,2013,7,2013-14,2013,Final_Report_2013_14.pdf,SWL
17-Jul-13,W LANTAU,1,2.03,SUMMER,STANDARD31516,S,2013-07-17,2013,7,2013-14,2013,Final_Report_2013_14.pdf,WL
17-Jul-13,W LANTAU,2,7.82,SUMMER,STANDARD31516,S,2013-07-17,2013,7,2013-14,2013,Final_Report_2013_14.pdf,WL
18-Jul-13,W LANTAU,1,5.2,SUMMER,STANDARD31516,P,2013-07-18,2013,7,2013-14,2013,Final_Report_2013_14.pdf,WL
18-Jul-13,W LANTAU,2,14.1,SUMMER,STANDARD31516,P,2013-07-18,2013,7,2013-14,2013,Final_Report_2013_14.pdf,WL
18-Jul-13,W LANTAU,1,3.8,SUMMER,STANDARD31516,S,2013-07-18,2013,7,2013-14,2013,Final_Report_2013_14.pdf,WL
18-Jul-13,W LANTAU,2,12.3,SUMMER,STANDARD31516,S,2013-07-18,2013,7,2013-14,2013,Final_Report_2013_14.pdf,WL
18-Jul-13,NW LANTAU,2,8.5,SUMMER,STANDARD31516,P,2013-07-18,2013,7,2013-14,2013,Final_Report_2013_14.pdf,NWL
18-Jul-13,NW LANTAU,3,5.5,SUMMER,STANDARD31516,P,2013-07-18,2013,7,2013-14,2013,Final_Report_2013_14.pdf,NWL
18-Jul-13,NW LANTAU,2,2.8,SUMMER,STANDARD31516,S,2013-07-18,2013,7,2013-14,2013,Final_Report_2013_14.pdf,NWL
23-Jul-13,SE LANTAU,2,9.3,SUMMER,STANDARD31516,P,2013-07-23,2013,7,2013-14,2013,Final_Report_2013_14.pdf,SEL
23-Jul-13,SE LANTAU,3,5.7,SUMMER,STANDARD31516,P,2013-07-23,2013,7,2013-14,2013,Final_Report_2013_14.pdf,SEL
23-Jul-13,SE LANTAU,3,1.0,SUMMER,STANDARD31516,S,2013-07-23,2013,7,2013-14,2013,Final_Report_2013_14.pdf,SEL
23-Jul-13,SW LANTAU,2,9.1,SUMMER,STANDARD31516,P,2013-07-23,2013,7,2013-14,2013,Final_Report_2013_14.pdf,SWL
23-Jul-13,SW LANTAU,3,15.7,SUMMER,STANDARD31516,P,2013-07-23,2013,7,2013-14,2013,Final_Report_2013_14.pdf,SWL
23-Jul-13,SW LANTAU,4,7.2,SUMMER,STANDARD31516,P,2013-07-23,2013,7,2013-14,2013,Final_Report_2013_14.pdf,SWL
23-Jul-13,SW LANTAU,5,0.6,SUMMER,STANDARD31516,P,2013-07-23,2013,7,2013-14,2013,Final_Report_2013_14.pdf,SWL
23-Jul-13,SW LANTAU,2,4.8,SUMMER,STANDARD31516,S,2013-07-23,2013,7,2013-14,2013,Final_Report_2013_14.pdf,SWL
23-Jul-13,SW LANTAU,3,2.3,SUMMER,STANDARD31516,S,2013-07-23,2013,7,2013-14,2013,Final_Report_2013_14.pdf,SWL
23-Jul-13,SW LANTAU,4,2.1,SUMMER,STANDARD31516,S,2013-07-23,2013,7,2013-14,2013,Final_Report_2013_14.pdf,SWL
23-Jul-13,W LANTAU,2,3.6,SUMMER,STANDARD31516,S,2013-07-23,2013,7,2013-14,2013,Final_Report_2013_14.pdf,WL
23-Jul-13,W LANTAU,3,4.2,SUMMER,STANDARD31516,S,2013-07-23,2013,7,2013-14,2013,Final_Report_2013_14.pdf,WL
24-Jul-13,NW LANTAU,2,7.04,SUMMER,STANDARD31516,P,2013-07-24,2013,7,2013-14,2013,Final_Report_2013_14.pdf,NWL
24-Jul-13,NW LANTAU,3,4.67,SUMMER,STANDARD31516,P,2013-07-24,2013,7,2013-14,2013,Final_Report_2013_14.pdf,NWL
24-Jul-13,NW LANTAU,2,3.27,SUMMER,STANDARD31516,S,2013-07-24,2013,7,2013-14,2013,Final_Report_2013_14.pdf,NWL
24-Jul-13,DEEP BAY,1,5.69,SUMMER,STANDARD31516,P,2013-07-24,2013,7,2013-14,2013,Final_Report_2013_14.pdf,DB
24-Jul-13,DEEP BAY,2,8.55,SUMMER,STANDARD31516,P,2013-07-24,2013,7,2013-14,2013,Final_Report_2013_14.pdf,DB
24-Jul-13,DEEP BAY,3,3.5,SUMMER,STANDARD31516,P,2013-07-24,2013,7,2013-14,2013,Final_Report_2013_14.pdf,DB
24-Jul-13,DEEP BAY,1,2.17,SUMMER,STANDARD31516,S,2013-07-24,2013,7,2013-14,2013,Final_Report_2013_14.pdf,DB
24-Jul-13,DEEP BAY,2,8.36,SUMMER,STANDARD31516,S,2013-07-24,2013,7,2013-14,2013,Final_Report_2013_14.pdf,DB
24-Jul-13,NE LANTAU,1,4.6,SUMMER,STANDARD31516,P,2013-07-24,2013,7,2013-14,2013,Final_Report_2013_14.pdf,NEL
24-Jul-13,NE LANTAU,2,3.6,SUMMER,STANDARD31516,P,2013-07-24,2013,7,2013-14,2013,Final_Report_2013_14.pdf,NEL
24-Jul-13,NE LANTAU,3,6.36,SUMMER,STANDARD31516,P,2013-07-24,2013,7,2013-14,2013,Final_Report_2013_14.pdf,NEL
24-Jul-13,NE LANTAU,1,4.7,SUMMER,STANDARD31516,S,2013-07-24,2013,7,2013-14,2013,Final_Report_2013_14.pdf,NEL
24-Jul-13,NE LANTAU,2,1.0,SUMMER,STANDARD31516,S,2013-07-24,2013,7,2013-14,2013,Final_Report_2013_14.pdf,NEL
24-Jul-13,NE LANTAU,3,1.94,SUMMER,STANDARD31516,S,2013-07-24,2013,7,2013-14,2013,Final_Report_2013_14.pdf,NEL
30-Jul-13,SE LANTAU,1,9.6,SUMMER,STANDARD31516,P,2013-07-30,2013,7,2013-14,2013,Final_Report_2013_14.pdf,SEL
30-Jul-13,SE LANTAU,2,17.6,SUMMER,STANDARD31516,P,2013-07-30,2013,7,2013-14,2013,Final_Report_2013_14.pdf,SEL
30-Jul-13,SE LANTAU,1,3.6,SUMMER,STANDARD31516,S,2013-07-30,2013,7,2013-14,2013,Final_Report_2013_14.pdf,SEL
30-Jul-13,SE LANTAU,2,3.2,SUMMER,STANDARD31516,S,2013-07-30,2013,7,2013-14,2013,Final_Report_2013_14.pdf,SEL
30-Jul-13,SW LANTAU,1,1.4,SUMMER,STANDARD31516,P,2013-07-30,2013,7,2013-14,2013,Final_Report_2013_14.pdf,SWL
30-Jul-13,SW LANTAU,2,23.6,SUMMER,STANDARD31516,P,2013-07-30,2013,7,2013-14,2013,Final_Report_2013_14.pdf,SWL
30-Jul-13,SW LANTAU,2,6.4,SUMMER,STANDARD31516,S,2013-07-30,2013,7,2013-14,2013,Final_Report_2013_14.pdf,SWL
30-Jul-13,W LANTAU,2,7.9,SUMMER,STANDARD31516,S,2013-07-30,2013,7,2013-14,2013,Final_Report_2013_14.pdf,WL
30-Jul-13,W LANTAU,3,2.7,SUMMER,STANDARD31516,S,2013-07-30,2013,7,2013-14,2013,Final_Report_2013_14.pdf,WL
31-Jul-13,W LANTAU,2,2.9,SUMMER,STANDARD31516,P,2013-07-31,2013,7,2013-14,2013,Final_Report_2013_14.pdf,WL
31-Jul-13,W LANTAU,3,15.8,SUMMER,STANDARD31516,P,2013-07-31,2013,7,2013-14,2013,Final_Report_2013_14.pdf,WL
31-Jul-13,W LANTAU,4,1.8,SUMMER,STANDARD31516,P,2013-07-31,2013,7,2013-14,2013,Final_Report_2013_14.pdf,WL
31-Jul-13,W LANTAU,1,2.4,SUMMER,STANDARD31516,S,2013-07-31,2013,7,2013-14,2013,Final_Report_2013_14.pdf,WL
31-Jul-13,W LANTAU,2,2.8,SUMMER,STANDARD31516,S,2013-07-31,2013,7,2013-14,2013,Final_Report_2013_14.pdf,WL
31-Jul-13,W LANTAU,3,12.5,SUMMER,STANDARD31516,S,2013-07-31,2013,7,2013-14,2013,Final_Report_2013_14.pdf,WL
31-Jul-13,W LANTAU,4,1.9,SUMMER,STANDARD31516,S,2013-07-31,2013,7,2013-14,2013,Final_Report_2013_14.pdf,WL
31-Jul-13,NW LANTAU,2,1.7,SUMMER,STANDARD31516,P,2013-07-31,2013,7,2013-14,2013,Final_Report_2013_14.pdf,NWL
31-Jul-13,NW LANTAU,3,11.7,SUMMER,STANDARD31516,P,2013-07-31,2013,7,2013-14,2013,Final_Report_2013_14.pdf,NWL
31-Jul-13,NW LANTAU,4,4.0,SUMMER,STANDARD31516,P,2013-07-31,2013,7,2013-14,2013,Final_Report_2013_14.pdf,NWL
31-Jul-13,NW LANTAU,3,2.3,SUMMER,STANDARD31516,S,2013-07-31,2013,7,2013-14,2013,Final_Report_2013_14.pdf,NWL
6-Aug-13,PO TOI,2,27.4,SUMMER,STANDARD31516,P,2013-08-06,2013,8,2013-14,2013,Final_Report_2013_14.pdf,PT
6-Aug-13,PO TOI,3,28.1,SUMMER,STANDARD31516,P,2013-08-06,2013,8,2013-14,2013,Final_Report_2013_14.pdf,PT
6-Aug-13,PO TOI,4,23.6,SUMMER,STANDARD31516,P,2013-08-06,2013,8,2013-14,2013,Final_Report_2013_14.pdf,PT
6-Aug-13,PO TOI,2,4.7,SUMMER,STANDARD31516,S,2013-08-06,2013,8,2013-14,2013,Final_Report_2013_14.pdf,PT
6-Aug-13,PO TOI,3,5.8,SUMMER,STANDARD31516,S,2013-08-06,2013,8,2013-14,2013,Final_Report_2013_14.pdf,PT
6-Aug-13,PO TOI,4,2.6,SUMMER,STANDARD31516,S,2013-08-06,2013,8,2013-14,2013,Final_Report_2013_14.pdf,PT
9-Aug-13,NINEPINS,2,23.1,SUMMER,STANDARD31516,P,2013-08-09,2013,8,2013-14,2013,Final_Report_2013_14.pdf,NP
9-Aug-13,NINEPINS,3,37.9,SUMMER,STANDARD31516,P,2013-08-09,2013,8,2013-14,2013,Final_Report_2013_14.pdf,NP
9-Aug-13,NINEPINS,4,11.2,SUMMER,STANDARD31516,P,2013-08-09,2013,8,2013-14,2013,Final_Report_2013_14.pdf,NP
9-Aug-13,NINEPINS,2,2.5,SUMMER,STANDARD31516,S,2013-08-09,2013,8,2013-14,2013,Final_Report_2013_14.pdf,NP
9-Aug-13,NINEPINS,3,5.7,SUMMER,STANDARD31516,S,2013-08-09,2013,8,2013-14,2013,Final_Report_2013_14.pdf,NP
9-Aug-13,NINEPINS,4,4.7,SUMMER,STANDARD31516,S,2013-08-09,2013,8,2013-14,2013,Final_Report_2013_14.pdf,NP
21-Aug-13,W LANTAU,2,10.0,SUMMER,STANDARD31516,S,2013-08-21,2013,8,2013-14,2013,Final_Report_2013_14.pdf,WL
21-Aug-13,W LANTAU,3,0.6,SUMMER,STANDARD31516,S,2013-08-21,2013,8,2013-14,2013,Final_Report_2013_14.pdf,WL
21-Aug-13,NW LANTAU,1,10.4,SUMMER,STANDARD31516,P,2013-08-21,2013,8,2013-14,2013,Final_Report_2013_14.pdf,NWL
21-Aug-13,NW LANTAU,2,8.1,SUMMER,STANDARD31516,P,2013-08-21,2013,8,2013-14,2013,Final_Report_2013_14.pdf,NWL
21-Aug-13,NW LANTAU,1,6.0,SUMMER,STANDARD31516,S,2013-08-21,2013,8,2013-14,2013,Final_Report_2013_14.pdf,NWL
21-Aug-13,NW LANTAU,2,1.1,SUMMER,STANDARD31516,S,2013-08-21,2013,8,2013-14,2013,Final_Report_2013_14.pdf,NWL
26-Aug-13,W LANTAU,2,6.86,SUMMER,STANDARD31516,S,2013-08-26,2013,8,2013-14,2013,Final_Report_2013_14.pdf,WL
26-Aug-13,W LANTAU,3,3.63,SUMMER,STANDARD31516,S,2013-08-26,2013,8,2013-14,2013,Final_Report_2013_14.pdf,WL
26-Aug-13,NE LANTAU,1,9.17,SUMMER,STANDARD31516,P,2013-08-26,2013,8,2013-14,2013,Final_Report_2013_14.pdf,NEL
26-Aug-13,NE LANTAU,2,6.08,SUMMER,STANDARD31516,P,2013-08-26,2013,8,2013-14,2013,Final_Report_2013_14.pdf,NEL
26-Aug-13,NE LANTAU,1,3.05,SUMMER,STANDARD31516,S,2013-08-26,2013,8,2013-14,2013,Final_Report_2013_14.pdf,NEL
26-Aug-13,NE LANTAU,2,2.0,SUMMER,STANDARD31516,S,2013-08-26,2013,8,2013-14,2013,Final_Report_2013_14.pdf,NEL
27-Aug-13,W LANTAU,1,4.91,SUMMER,STANDARD31516,S,2013-08-27,2013,8,2013-14,2013,Final_Report_2013_14.pdf,WL
27-Aug-13,W LANTAU,2,6.97,SUMMER,STANDARD31516,S,2013-08-27,2013,8,2013-14,2013,Final_Report_2013_14.pdf,WL
27-Aug-13,W LANTAU,3,0.58,SUMMER,STANDARD31516,S,2013-08-27,2013,8,2013-14,2013,Final_Report_2013_14.pdf,WL
27-Aug-13,SW LANTAU,1,2.75,SUMMER,STANDARD31516,P,2013-08-27,2013,8,2013-14,2013,Final_Report_2013_14.pdf,SWL
27-Aug-13,SW LANTAU,2,22.93,SUMMER,STANDARD31516,P,2013-08-27,2013,8,2013-14,2013,Final_Report_2013_14.pdf,SWL
27-Aug-13,SW LANTAU,3,1.67,SUMMER,STANDARD31516,P,2013-08-27,2013,8,2013-14,2013,Final_Report_2013_14.pdf,SWL
27-Aug-13,SW LANTAU,1,2.09,SUMMER,STANDARD31516,S,2013-08-27,2013,8,2013-14,2013,Final_Report_2013_14.pdf,SWL
27-Aug-13,SW LANTAU,2,6.5,SUMMER,STANDARD31516,S,2013-08-27,2013,8,2013-14,2013,Final_Report_2013_14.pdf,SWL
27-Aug-13,SE LANTAU,2,14.59,SUMMER,STANDARD31516,P,2013-08-27,2013,8,2013-14,2013,Final_Report_2013_14.pdf,SEL
27-Aug-13,SE LANTAU,2,5.71,SUMMER,STANDARD31516,S,2013-08-27,2013,8,2013-14,2013,Final_Report_2013_14.pdf,SEL
28-Aug-13,PO TOI,1,33.76,SUMMER,STANDARD31516,P,2013-08-28,2013,8,2013-14,2013,Final_Report_2013_14.pdf,PT
28-Aug-13,PO TOI,2,33.32,SUMMER,STANDARD31516,P,2013-08-28,2013,8,2013-14,2013,Final_Report_2013_14.pdf,PT
28-Aug-13,PO TOI,1,3.84,SUMMER,STANDARD31516,S,2013-08-28,2013,8,2013-14,2013,Final_Report_2013_14.pdf,PT
28-Aug-13,PO TOI,2,5.88,SUMMER,STANDARD31516,S,2013-08-28,2013,8,2013-14,2013,Final_Report_2013_14.pdf,PT
28-Aug-13,NINEPINS,2,11.2,SUMMER,STANDARD31516,P,2013-08-28,2013,8,2013-14,2013,Final_Report_2013_14.pdf,NP
29-Aug-13,NINEPINS,1,18.69,SUMMER,STANDARD31516,P,2013-08-29,2013,8,2013-14,2013,Final_Report_2013_14.pdf,NP
29-Aug-13,NINEPINS,2,56.51,SUMMER,STANDARD31516,P,2013-08-29,2013,8,2013-14,2013,Final_Report_2013_14.pdf,NP
29-Aug-13,NINEPINS,1,4.2,SUMMER,STANDARD31516,S,2013-08-29,2013,8,2013-14,2013,Final_Report_2013_14.pdf,NP
29-Aug-13,NINEPINS,2,4.9,SUMMER,STANDARD31516,S,2013-08-29,2013,8,2013-14,2013,Final_Report_2013_14.pdf,NP
29-Aug-13,NINEPINS,3,0.8,SUMMER,STANDARD31516,S,2013-08-29,2013,8,2013-14,2013,Final_Report_2013_14.pdf,NP
30-Aug-13,NE LANTAU,1,3.03,SUMMER,STANDARD31516,P,2013-08-30,2013,8,2013-14,2013,Final_Report_2013_14.pdf,NEL
30-Aug-13,NE LANTAU,2,24.09,SUMMER,STANDARD31516,P,2013-08-30,2013,8,2013-14,2013,Final_Report_2013_14.pdf,NEL
30-Aug-13,NE LANTAU,1,6.04,SUMMER,STANDARD31516,S,2013-08-30,2013,8,2013-14,2013,Final_Report_2013_14.pdf,NEL
30-Aug-13,NE LANTAU,2,8.34,SUMMER,STANDARD31516,S,2013-08-30,2013,8,2013-14,2013,Final_Report_2013_14.pdf,NEL
30-Aug-13,NW LANTAU,0,2.0,SUMMER,STANDARD31516,P,2013-08-30,2013,8,2013-14,2013,Final_Report_2013_14.pdf,NWL
30-Aug-13,NW LANTAU,1,17.23,SUMMER,STANDARD31516,P,2013-08-30,2013,8,2013-14,2013,Final_Report_2013_14.pdf,NWL
30-Aug-13,NW LANTAU,2,11.66,SUMMER,STANDARD31516,P,2013-08-30,2013,8,2013-14,2013,Final_Report_2013_14.pdf,NWL
30-Aug-13,NW LANTAU,1,0.47,SUMMER,STANDARD31516,S,2013-08-30,2013,8,2013-14,2013,Final_Report_2013_14.pdf,NWL
30-Aug-13,NW LANTAU,2,6.12,SUMMER,STANDARD31516,S,2013-08-30,2013,8,2013-14,2013,Final_Report_2013_14.pdf,NWL
4-Sep-13,W LANTAU,2,7.31,AUTUMN,STANDARD31516,P,2013-09-04,2013,9,2013-14,2013,Final_Report_2013_14.pdf,WL
4-Sep-13,W LANTAU,3,13.74,AUTUMN,STANDARD31516,P,2013-09-04,2013,9,2013-14,2013,Final_Report_2013_14.pdf,WL
4-Sep-13,W LANTAU,2,8.01,AUTUMN,STANDARD31516,S,2013-09-04,2013,9,2013-14,2013,Final_Report_2013_14.pdf,WL
4-Sep-13,W LANTAU,3,10.53,AUTUMN,STANDARD31516,S,2013-09-04,2013,9,2013-14,2013,Final_Report_2013_14.pdf,WL
4-Sep-13,W LANTAU,4,0.92,AUTUMN,STANDARD31516,S,2013-09-04,2013,9,2013-14,2013,Final_Report_2013_14.pdf,WL
4-Sep-13,NW LANTAU,2,4.05,AUTUMN,STANDARD31516,P,2013-09-04,2013,9,2013-14,2013,Final_Report_2013_14.pdf,NWL
4-Sep-13,NW LANTAU,3,4.94,AUTUMN,STANDARD31516,P,2013-09-04,2013,9,2013-14,2013,Final_Report_2013_14.pdf,NWL
4-Sep-13,NW LANTAU,3,2.44,AUTUMN,STANDARD31516,S,2013-09-04,2013,9,2013-14,2013,Final_Report_2013_14.pdf,NWL
11-Sep-13,W LANTAU,2,9.5,AUTUMN,STANDARD31516,S,2013-09-11,2013,9,2013-14,2013,Final_Report_2013_14.pdf,WL
11-Sep-13,W LANTAU,3,2.43,AUTUMN,STANDARD31516,S,2013-09-11,2013,9,2013-14,2013,Final_Report_2013_14.pdf,WL
11-Sep-13,NW LANTAU,3,16.62,AUTUMN,STANDARD31516,P,2013-09-11,2013,9,2013-14,2013,Final_Report_2013_14.pdf,NWL
11-Sep-13,NW LANTAU,4,2.84,AUTUMN,STANDARD31516,P,2013-09-11,2013,9,2013-14,2013,Final_Report_2013_14.pdf,NWL
11-Sep-13,NW LANTAU,3,8.2,AUTUMN,STANDARD31516,S,2013-09-11,2013,9,2013-14,2013,Final_Report_2013_14.pdf,NWL
12-Sep-13,NINEPINS,3,24.89,AUTUMN,STANDARD31516,P,2013-09-12,2013,9,2013-14,2013,Final_Report_2013_14.pdf,NP
12-Sep-13,NINEPINS,4,9.71,AUTUMN,STANDARD31516,P,2013-09-12,2013,9,2013-14,2013,Final_Report_2013_14.pdf,NP
12-Sep-13,NINEPINS,3,2.1,AUTUMN,STANDARD31516,S,2013-09-12,2013,9,2013-14,2013,Final_Report_2013_14.pdf,NP
12-Sep-13,PO TOI,2,3.5,AUTUMN,STANDARD31516,P,2013-09-12,2013,9,2013-14,2013,Final_Report_2013_14.pdf,PT
12-Sep-13,PO TOI,3,16.69,AUTUMN,STANDARD31516,P,2013-09-12,2013,9,2013-14,2013,Final_Report_2013_14.pdf,PT
12-Sep-13,PO TOI,4,3.91,AUTUMN,STANDARD31516,P,2013-09-12,2013,9,2013-14,2013,Final_Report_2013_14.pdf,PT
12-Sep-13,PO TOI,3,3.4,AUTUMN,STANDARD31516,S,2013-09-12,2013,9,2013-14,2013,Final_Report_2013_14.pdf,PT
19-Sep-13,W LANTAU,2,6.92,AUTUMN,STANDARD31516,S,2013-09-19,2013,9,2013-14,2013,Final_Report_2013_14.pdf,WL
19-Sep-13,W LANTAU,3,2.7,AUTUMN,STANDARD31516,S,2013-09-19,2013,9,2013-14,2013,Final_Report_2013_14.pdf,WL
19-Sep-13,W LANTAU,4,1.35,AUTUMN,STANDARD31516,S,2013-09-19,2013,9,2013-14,2013,Final_Report_2013_14.pdf,WL
19-Sep-13,W LANTAU,5,1.37,AUTUMN,STANDARD31516,S,2013-09-19,2013,9,2013-14,2013,Final_Report_2013_14.pdf,WL
26-Sep-13,NE LANTAU,2,18.66,AUTUMN,STANDARD31516,P,2013-09-26,2013,9,2013-14,2013,Final_Report_2013_14.pdf,NEL
26-Sep-13,NE LANTAU,1,1.6,AUTUMN,STANDARD31516,S,2013-09-26,2013,9,2013-14,2013,Final_Report_2013_14.pdf,NEL
26-Sep-13,NE LANTAU,2,6.62,AUTUMN,STANDARD31516,S,2013-09-26,2013,9,2013-14,2013,Final_Report_2013_14.pdf,NEL
26-Sep-13,NE LANTAU,3,0.5,AUTUMN,STANDARD31516,S,2013-09-26,2013,9,2013-14,2013,Final_Report_2013_14.pdf,NEL
26-Sep-13,NW LANTAU,2,15.02,AUTUMN,STANDARD31516,P,2013-09-26,2013,9,2013-14,2013,Final_Report_2013_14.pdf,NWL
26-Sep-13,NW LANTAU,3,2.04,AUTUMN,STANDARD31516,P,2013-09-26,2013,9,2013-14,2013,Final_Report_2013_14.pdf,NWL
26-Sep-13,NW LANTAU,2,2.91,AUTUMN,STANDARD31516,S,2013-09-26,2013,9,2013-14,2013,Final_Report_2013_14.pdf,NWL
26-Sep-13,NW LANTAU,3,1.2,AUTUMN,STANDARD31516,S,2013-09-26,2013,9,2013-14,2013,Final_Report_2013_14.pdf,NWL
26-Sep-13,DEEP BAY,2,11.69,AUTUMN,STANDARD31516,P,2013-09-26,2013,9,2013-14,2013,Final_Report_2013_14.pdf,DB
26-Sep-13,DEEP BAY,3,5.63,AUTUMN,STANDARD31516,P,2013-09-26,2013,9,2013-14,2013,Final_Report_2013_14.pdf,DB
26-Sep-13,DEEP BAY,2,8.71,AUTUMN,STANDARD31516,S,2013-09-26,2013,9,2013-14,2013,Final_Report_2013_14.pdf,DB
26-Sep-13,DEEP BAY,3,2.41,AUTUMN,STANDARD31516,S,2013-09-26,2013,9,2013-14,2013,Final_Report_2013_14.pdf,DB
27-Sep-13,W LANTAU,1,1.75,AUTUMN,STANDARD31516,P,2013-09-27,2013,9,2013-14,2013,Final_Report_2013_14.pdf,WL
27-Sep-13,W LANTAU,2,11.43,AUTUMN,STANDARD31516,P,2013-09-27,2013,9,2013-14,2013,Final_Report_2013_14.pdf,WL
27-Sep-13,W LANTAU,3,6.74,AUTUMN,STANDARD31516,P,2013-09-27,2013,9,2013-14,2013,Final_Report_2013_14.pdf,WL
27-Sep-13,W LANTAU,2,16.41,AUTUMN,STANDARD31516,S,2013-09-27,2013,9,2013-14,2013,Final_Report_2013_14.pdf,WL
27-Sep-13,W LANTAU,3,3.28,AUTUMN,STANDARD31516,S,2013-09-27,2013,9,2013-14,2013,Final_Report_2013_14.pdf,WL
27-Sep-13,NW LANTAU,1,1.2,AUTUMN,STANDARD31516,P,2013-09-27,2013,9,2013-14,2013,Final_Report_2013_14.pdf,NWL
27-Sep-13,NW LANTAU,2,12.94,AUTUMN,STANDARD31516,P,2013-09-27,2013,9,2013-14,2013,Final_Report_2013_14.pdf,NWL
27-Sep-13,NW LANTAU,1,2.16,AUTUMN,STANDARD31516,S,2013-09-27,2013,9,2013-14,2013,Final_Report_2013_14.pdf,NWL
27-Sep-13,NW LANTAU,2,6.4,AUTUMN,STANDARD31516,S,2013-09-27,2013,9,2013-14,2013,Final_Report_2013_14.pdf,NWL
9-Oct-13,SW LANTAU,3,12.39,AUTUMN,STANDARD31516,P,2013-10-09,2013,10,2013-14,2013,Final_Report_2013_14.pdf,SWL
9-Oct-13,SW LANTAU,4,4.1,AUTUMN,STANDARD31516,P,2013-10-09,2013,10,2013-14,2013,Final_Report_2013_14.pdf,SWL
9-Oct-13,SW LANTAU,2,2.6,AUTUMN,STANDARD31516,S,2013-10-09,2013,10,2013-14,2013,Final_Report_2013_14.pdf,SWL
9-Oct-13,SW LANTAU,3,3.52,AUTUMN,STANDARD31516,S,2013-10-09,2013,10,2013-14,2013,Final_Report_2013_14.pdf,SWL
9-Oct-13,SW LANTAU,4,5.44,AUTUMN,STANDARD31516,S,2013-10-09,2013,10,2013-14,2013,Final_Report_2013_14.pdf,SWL
10-Oct-13,PO TOI,2,4.8,AUTUMN,STANDARD31516,P,2013-10-10,2013,10,2013-14,2013,Final_Report_2013_14.pdf,PT
10-Oct-13,PO TOI,3,19.89,AUTUMN,STANDARD31516,P,2013-10-10,2013,10,2013-14,2013,Final_Report_2013_14.pdf,PT
10-Oct-13,PO TOI,4,8.59,AUTUMN,STANDARD31516,P,2013-10-10,2013,10,2013-14,2013,Final_Report_2013_14.pdf,PT
10-Oct-13,PO TOI,5,10.02,AUTUMN,STANDARD31516,P,2013-10-10,2013,10,2013-14,2013,Final_Report_2013_14.pdf,PT
10-Oct-13,PO TOI,2,6.3,AUTUMN,STANDARD31516,S,2013-10-10,2013,10,2013-14,2013,Final_Report_2013_14.pdf,PT
10-Oct-13,PO TOI,3,11.8,AUTUMN,STANDARD31516,S,2013-10-10,2013,10,2013-14,2013,Final_Report_2013_14.pdf,PT
10-Oct-13,PO TOI,4,4.6,AUTUMN,STANDARD31516,S,2013-10-10,2013,10,2013-14,2013,Final_Report_2013_14.pdf,PT
10-Oct-13,PO TOI,5,2.2,AUTUMN,STANDARD31516,S,2013-10-10,2013,10,2013-14,2013,Final_Report_2013_14.pdf,PT
11-Oct-13,SE LANTAU,2,18.25,AUTUMN,STANDARD31516,P,2013-10-11,2013,10,2013-14,2013,Final_Report_2013_14.pdf,SEL
11-Oct-13,SE LANTAU,3,7.9,AUTUMN,STANDARD31516,P,2013-10-11,2013,10,2013-14,2013,Final_Report_2013_14.pdf,SEL
11-Oct-13,SE LANTAU,2,5.55,AUTUMN,STANDARD31516,S,2013-10-11,2013,10,2013-14,2013,Final_Report_2013_14.pdf,SEL
11-Oct-13,SE LANTAU,3,3.1,AUTUMN,STANDARD31516,S,2013-10-11,2013,10,2013-14,2013,Final_Report_2013_14.pdf,SEL
11-Oct-13,SW LANTAU,1,1.2,AUTUMN,STANDARD31516,P,2013-10-11,2013,10,2013-14,2013,Final_Report_2013_14.pdf,SWL
11-Oct-13,SW LANTAU,2,16.65,AUTUMN,STANDARD31516,P,2013-10-11,2013,10,2013-14,2013,Final_Report_2013_14.pdf,SWL
11-Oct-13,SW LANTAU,1,8.32,AUTUMN,STANDARD31516,S,2013-10-11,2013,10,2013-14,2013,Final_Report_2013_14.pdf,SWL
11-Oct-13,SW LANTAU,2,4.31,AUTUMN,STANDARD31516,S,2013-10-11,2013,10,2013-14,2013,Final_Report_2013_14.pdf,SWL
11-Oct-13,W LANTAU,1,9.64,AUTUMN,STANDARD31516,S,2013-10-11,2013,10,2013-14,2013,Final_Report_2013_14.pdf,WL
21-Oct-13,NE LANTAU,1,7.77,AUTUMN,STANDARD31516,P,2013-10-21,2013,10,2013-14,2013,Final_Report_2013_14.pdf,NEL
21-Oct-13,NE LANTAU,2,13.06,AUTUMN,STANDARD31516,P,2013-10-21,2013,10,2013-14,2013,Final_Report_2013_14.pdf,NEL
21-Oct-13,NE LANTAU,1,3.19,AUTUMN,STANDARD31516,S,2013-10-21,2013,10,2013-14,2013,Final_Report_2013_14.pdf,NEL
21-Oct-13,NE LANTAU,2,7.32,AUTUMN,STANDARD31516,S,2013-10-21,2013,10,2013-14,2013,Final_Report_2013_14.pdf,NEL
21-Oct-13,NW LANTAU,2,1.23,AUTUMN,STANDARD31516,P,2013-10-21,2013,10,2013-14,2013,Final_Report_2013_14.pdf,NWL
21-Oct-13,NW LANTAU,3,14.22,AUTUMN,STANDARD31516,P,2013-10-21,2013,10,2013-14,2013,Final_Report_2013_14.pdf,NWL
21-Oct-13,NW LANTAU,3,4.81,AUTUMN,STANDARD31516,S,2013-10-21,2013,10,2013-14,2013,Final_Report_2013_14.pdf,NWL
21-Oct-13,DEEP BAY,2,5.93,AUTUMN,STANDARD31516,P,2013-10-21,2013,10,2013-14,2013,Final_Report_2013_14.pdf,DB
21-Oct-13,DEEP BAY,3,7.15,AUTUMN,STANDARD31516,P,2013-10-21,2013,10,2013-14,2013,Final_Report_2013_14.pdf,DB
21-Oct-13,DEEP BAY,2,5.35,AUTUMN,STANDARD31516,S,2013-10-21,2013,10,2013-14,2013,Final_Report_2013_14.pdf,DB
21-Oct-13,DEEP BAY,3,0.51,AUTUMN,STANDARD31516,S,2013-10-21,2013,10,2013-14,2013,Final_Report_2013_14.pdf,DB
31-Oct-13,SW LANTAU,1,3.65,AUTUMN,STANDARD31516,P,2013-10-31,2013,10,2013-14,2013,Final_Report_2013_14.pdf,SWL
31-Oct-13,SW LANTAU,2,19.16,AUTUMN,STANDARD31516,P,2013-10-31,2013,10,2013-14,2013,Final_Report_2013_14.pdf,SWL
31-Oct-13,SW LANTAU,3,1.95,AUTUMN,STANDARD31516,P,2013-10-31,2013,10,2013-14,2013,Final_Report_2013_14.pdf,SWL
31-Oct-13,SW LANTAU,2,10.67,AUTUMN,STANDARD31516,S,2013-10-31,2013,10,2013-14,2013,Final_Report_2013_14.pdf,SWL
31-Oct-13,SW LANTAU,3,1.96,AUTUMN,STANDARD31516,S,2013-10-31,2013,10,2013-14,2013,Final_Report_2013_14.pdf,SWL
31-Oct-13,W LANTAU,1,0.28,AUTUMN,STANDARD31516,P,2013-10-31,2013,10,2013-14,2013,Final_Report_2013_14.pdf,WL
31-Oct-13,W LANTAU,2,2.96,AUTUMN,STANDARD31516,P,2013-10-31,2013,10,2013-14,2013,Final_Report_2013_14.pdf,WL
31-Oct-13,W LANTAU,1,1.08,AUTUMN,STANDARD31516,S,2013-10-31,2013,10,2013-14,2013,Final_Report_2013_14.pdf,WL
31-Oct-13,W LANTAU,2,6.54,AUTUMN,STANDARD31516,S,2013-10-31,2013,10,2013-14,2013,Final_Report_2013_14.pdf,WL
6-Nov-13,SE LANTAU,2,13.28,AUTUMN,STANDARD31516,P,2013-11-06,2013,11,2013-14,2013,Final_Report_2013_14.pdf,SEL
6-Nov-13,SE LANTAU,3,2.01,AUTUMN,STANDARD31516,P,2013-11-06,2013,11,2013-14,2013,Final_Report_2013_14.pdf,SEL
6-Nov-13,SE LANTAU,2,6.11,AUTUMN,STANDARD31516,S,2013-11-06,2013,11,2013-14,2013,Final_Report_2013_14.pdf,SEL
7-Nov-13,NE LANTAU,2,12.73,AUTUMN,STANDARD31516,P,2013-11-07,2013,11,2013-14,2013,Final_Report_2013_14.pdf,NEL
7-Nov-13,NE LANTAU,3,3.62,AUTUMN,STANDARD31516,P,2013-11-07,2013,11,2013-14,2013,Final_Report_2013_14.pdf,NEL
7-Nov-13,NE LANTAU,1,1.3,AUTUMN,STANDARD31516,S,2013-11-07,2013,11,2013-14,2013,Final_Report_2013_14.pdf,NEL
7-Nov-13,NE LANTAU,2,11.04,AUTUMN,STANDARD31516,S,2013-11-07,2013,11,2013-14,2013,Final_Report_2013_14.pdf,NEL
7-Nov-13,NW LANTAU,2,12.08,AUTUMN,STANDARD31516,P,2013-11-07,2013,11,2013-14,2013,Final_Report_2013_14.pdf,NWL
7-Nov-13,NW LANTAU,3,1.05,AUTUMN,STANDARD31516,P,2013-11-07,2013,11,2013-14,2013,Final_Report_2013_14.pdf,NWL
7-Nov-13,NW LANTAU,2,10.88,AUTUMN,STANDARD31516,S,2013-11-07,2013,11,2013-14,2013,Final_Report_2013_14.pdf,NWL
7-Nov-13,DEEP BAY,1,3.06,AUTUMN,STANDARD31516,P,2013-11-07,2013,11,2013-14,2013,Final_Report_2013_14.pdf,DB
7-Nov-13,DEEP BAY,2,13.64,AUTUMN,STANDARD31516,P,2013-11-07,2013,11,2013-14,2013,Final_Report_2013_14.pdf,DB
7-Nov-13,DEEP BAY,1,1.5,AUTUMN,STANDARD31516,S,2013-11-07,2013,11,2013-14,2013,Final_Report_2013_14.pdf,DB
7-Nov-13,DEEP BAY,2,8.86,AUTUMN,STANDARD31516,S,2013-11-07,2013,11,2013-14,2013,Final_Report_2013_14.pdf,DB
14-Nov-13,NW LANTAU,1,1.3,AUTUMN,STANDARD31516,P,2013-11-14,2013,11,2013-14,2013,Final_Report_2013_14.pdf,NWL
14-Nov-13,NW LANTAU,2,18.75,AUTUMN,STANDARD31516,P,2013-11-14,2013,11,2013-14,2013,Final_Report_2013_14.pdf,NWL
14-Nov-13,NW LANTAU,3,9.05,AUTUMN,STANDARD31516,P,2013-11-14,2013,11,2013-14,2013,Final_Report_2013_14.pdf,NWL
14-Nov-13,NW LANTAU,2,3.94,AUTUMN,STANDARD31516,S,2013-11-14,2013,11,2013-14,2013,Final_Report_2013_14.pdf,NWL
14-Nov-13,NW LANTAU,3,2.01,AUTUMN,STANDARD31516,S,2013-11-14,2013,11,2013-14,2013,Final_Report_2013_14.pdf,NWL
14-Nov-13,W LANTAU,2,1.49,AUTUMN,STANDARD31516,P,2013-11-14,2013,11,2013-14,2013,Final_Report_2013_14.pdf,WL
14-Nov-13,W LANTAU,3,0.85,AUTUMN,STANDARD31516,P,2013-11-14,2013,11,2013-14,2013,Final_Report_2013_14.pdf,WL
14-Nov-13,W LANTAU,4,4.95,AUTUMN,STANDARD31516,P,2013-11-14,2013,11,2013-14,2013,Final_Report_2013_14.pdf,WL
14-Nov-13,W LANTAU,5,0.5,AUTUMN,STANDARD31516,P,2013-11-14,2013,11,2013-14,2013,Final_Report_2013_14.pdf,WL
14-Nov-13,W LANTAU,3,1.37,AUTUMN,STANDARD31516,S,2013-11-14,2013,11,2013-14,2013,Final_Report_2013_14.pdf,WL
14-Nov-13,W LANTAU,4,5.81,AUTUMN,STANDARD31516,S,2013-11-14,2013,11,2013-14,2013,Final_Report_2013_14.pdf,WL
14-Nov-13,W LANTAU,5,1.4,AUTUMN,STANDARD31516,S,2013-11-14,2013,11,2013-14,2013,Final_Report_2013_14.pdf,WL
15-Nov-13,SW LANTAU,2,10.51,AUTUMN,STANDARD31516,P,2013-11-15,2013,11,2013-14,2013,Final_Report_2013_14.pdf,SWL
15-Nov-13,SW LANTAU,3,1.79,AUTUMN,STANDARD31516,P,2013-11-15,2013,11,2013-14,2013,Final_Report_2013_14.pdf,SWL
15-Nov-13,SW LANTAU,2,0.7,AUTUMN,STANDARD31516,S,2013-11-15,2013,11,2013-14,2013,Final_Report_2013_14.pdf,SWL
15-Nov-13,SW LANTAU,3,5.93,AUTUMN,STANDARD31516,S,2013-11-15,2013,11,2013-14,2013,Final_Report_2013_14.pdf,SWL
22-Nov-13,NW LANTAU,0,2.04,AUTUMN,STANDARD31516,P,2013-11-22,2013,11,2013-14,2013,Final_Report_2013_14.pdf,NWL
22-Nov-13,NW LANTAU,1,7.81,AUTUMN,STANDARD31516,P,2013-11-22,2013,11,2013-14,2013,Final_Report_2013_14.pdf,NWL
22-Nov-13,NW LANTAU,2,12.65,AUTUMN,STANDARD31516,P,2013-11-22,2013,11,2013-14,2013,Final_Report_2013_14.pdf,NWL
22-Nov-13,NW LANTAU,3,3.13,AUTUMN,STANDARD31516,P,2013-11-22,2013,11,2013-14,2013,Final_Report_2013_14.pdf,NWL
22-Nov-13,NW LANTAU,1,0.47,AUTUMN,STANDARD31516,S,2013-11-22,2013,11,2013-14,2013,Final_Report_2013_14.pdf,NWL
22-Nov-13,NW LANTAU,2,5.0,AUTUMN,STANDARD31516,S,2013-11-22,2013,11,2013-14,2013,Final_Report_2013_14.pdf,NWL
22-Nov-13,NW LANTAU,3,0.78,AUTUMN,STANDARD31516,S,2013-11-22,2013,11,2013-14,2013,Final_Report_2013_14.pdf,NWL
22-Nov-13,NE LANTAU,2,2.9,AUTUMN,STANDARD31516,P,2013-11-22,2013,11,2013-14,2013,Final_Report_2013_14.pdf,NEL
22-Nov-13,NE LANTAU,3,13.07,AUTUMN,STANDARD31516,P,2013-11-22,2013,11,2013-14,2013,Final_Report_2013_14.pdf,NEL
22-Nov-13,NE LANTAU,1,2.4,AUTUMN,STANDARD31516,S,2013-11-22,2013,11,2013-14,2013,Final_Report_2013_14.pdf,NEL
22-Nov-13,NE LANTAU,2,2.4,AUTUMN,STANDARD31516,S,2013-11-22,2013,11,2013-14,2013,Final_Report_2013_14.pdf,NEL
22-Nov-13,NE LANTAU,3,4.43,AUTUMN,STANDARD31516,S,2013-11-22,2013,11,2013-14,2013,Final_Report_2013_14.pdf,NEL
25-Nov-13,SE LANTAU,2,7.53,AUTUMN,STANDARD31516,P,2013-11-25,2013,11,2013-14,2013,Final_Report_2013_14.pdf,SEL
25-Nov-13,SE LANTAU,3,8.15,AUTUMN,STANDARD31516,P,2013-11-25,2013,11,2013-14,2013,Final_Report_2013_14.pdf,SEL
25-Nov-13,SE LANTAU,4,7.86,AUTUMN,STANDARD31516,P,2013-11-25,2013,11,2013-14,2013,Final_Report_2013_14.pdf,SEL
25-Nov-13,SE LANTAU,5,1.31,AUTUMN,STANDARD31516,P,2013-11-25,2013,11,2013-14,2013,Final_Report_2013_14.pdf,SEL
25-Nov-13,SE LANTAU,2,2.0,AUTUMN,STANDARD31516,S,2013-11-25,2013,11,2013-14,2013,Final_Report_2013_14.pdf,SEL
25-Nov-13,SE LANTAU,3,4.66,AUTUMN,STANDARD31516,S,2013-11-25,2013,11,2013-14,2013,Final_Report_2013_14.pdf,SEL
25-Nov-13,SE LANTAU,4,3.08,AUTUMN,STANDARD31516,S,2013-11-25,2013,11,2013-14,2013,Final_Report_2013_14.pdf,SEL
25-Nov-13,SW LANTAU,2,7.0,AUTUMN,STANDARD31516,P,2013-11-25,2013,11,2013-14,2013,Final_Report_2013_14.pdf,SWL
25-Nov-13,SW LANTAU,3,10.57,AUTUMN,STANDARD31516,P,2013-11-25,2013,11,2013-14,2013,Final_Report_2013_14.pdf,SWL
25-Nov-13,SW LANTAU,4,3.3,AUTUMN,STANDARD31516,P,2013-11-25,2013,11,2013-14,2013,Final_Report_2013_14.pdf,SWL
25-Nov-13,SW LANTAU,2,2.82,AUTUMN,STANDARD31516,S,2013-11-25,2013,11,2013-14,2013,Final_Report_2013_14.pdf,SWL
25-Nov-13,SW LANTAU,3,8.11,AUTUMN,STANDARD31516,S,2013-11-25,2013,11,2013-14,2013,Final_Report_2013_14.pdf,SWL
25-Nov-13,SW LANTAU,4,0.8,AUTUMN,STANDARD31516,S,2013-11-25,2013,11,2013-14,2013,Final_Report_2013_14.pdf,SWL
25-Nov-13,W LANTAU,3,6.94,AUTUMN,STANDARD31516,S,2013-11-25,2013,11,2013-14,2013,Final_Report_2013_14.pdf,WL
26-Nov-13,NW LANTAU,2,8.3,AUTUMN,STANDARD31516,S,2013-11-26,2013,11,2013-14,2013,Final_Report_2013_14.pdf,NWL
26-Nov-13,W LANTAU,2,8.4,AUTUMN,STANDARD31516,P,2013-11-26,2013,11,2013-14,2013,Final_Report_2013_14.pdf,WL
26-Nov-13,W LANTAU,3,8.3,AUTUMN,STANDARD31516,P,2013-11-26,2013,11,2013-14,2013,Final_Report_2013_14.pdf,WL
26-Nov-13,W LANTAU,1,4.5,AUTUMN,STANDARD31516,S,2013-11-26,2013,11,2013-14,2013,Final_Report_2013_14.pdf,WL
26-Nov-13,W LANTAU,2,5.5,AUTUMN,STANDARD31516,S,2013-11-26,2013,11,2013-14,2013,Final_Report_2013_14.pdf,WL
26-Nov-13,W LANTAU,3,6.9,AUTUMN,STANDARD31516,S,2013-11-26,2013,11,2013-14,2013,Final_Report_2013_14.pdf,WL
26-Nov-13,NE LANTAU,2,2.5,AUTUMN,STANDARD31516,P,2013-11-26,2013,11,2013-14,2013,Final_Report_2013_14.pdf,NEL
26-Nov-13,NE LANTAU,3,3.5,AUTUMN,STANDARD31516,P,2013-11-26,2013,11,2013-14,2013,Final_Report_2013_14.pdf,NEL
26-Nov-13,NE LANTAU,3,7.1,AUTUMN,STANDARD31516,S,2013-11-26,2013,11,2013-14,2013,Final_Report_2013_14.pdf,NEL
3-Dec-13,NW LANTAU,2,5.4,WINTER,STANDARD31516,S,2013-12-03,2013,12,2013-14,2013,Final_Report_2013_14.pdf,NWL
3-Dec-13,NW LANTAU,3,1.9,WINTER,STANDARD31516,S,2013-12-03,2013,12,2013-14,2013,Final_Report_2013_14.pdf,NWL
3-Dec-13,SW LANTAU,1,3.3,WINTER,STANDARD31516,S,2013-12-03,2013,12,2013-14,2013,Final_Report_2013_14.pdf,SWL
3-Dec-13,SW LANTAU,2,3.7,WINTER,STANDARD31516,S,2013-12-03,2013,12,2013-14,2013,Final_Report_2013_14.pdf,SWL
3-Dec-13,SW LANTAU,3,1.9,WINTER,STANDARD31516,S,2013-12-03,2013,12,2013-14,2013,Final_Report_2013_14.pdf,SWL
6-Dec-13,W LANTAU,3,2.2,WINTER,STANDARD31516,S,2013-12-06,2013,12,2013-14,2013,Final_Report_2013_14.pdf,WL
6-Dec-13,W LANTAU,4,7.38,WINTER,STANDARD31516,S,2013-12-06,2013,12,2013-14,2013,Final_Report_2013_14.pdf,WL
6-Dec-13,SW LANTAU,2,3.96,WINTER,STANDARD31516,P,2013-12-06,2013,12,2013-14,2013,Final_Report_2013_14.pdf,SWL
6-Dec-13,SW LANTAU,3,12.41,WINTER,STANDARD31516,P,2013-12-06,2013,12,2013-14,2013,Final_Report_2013_14.pdf,SWL
6-Dec-13,SW LANTAU,4,5.56,WINTER,STANDARD31516,P,2013-12-06,2013,12,2013-14,2013,Final_Report_2013_14.pdf,SWL
6-Dec-13,SW LANTAU,2,3.18,WINTER,STANDARD31516,S,2013-12-06,2013,12,2013-14,2013,Final_Report_2013_14.pdf,SWL
6-Dec-13,SW LANTAU,3,7.48,WINTER,STANDARD31516,S,2013-12-06,2013,12,2013-14,2013,Final_Report_2013_14.pdf,SWL
6-Dec-13,SW LANTAU,4,2.49,WINTER,STANDARD31516,S,2013-12-06,2013,12,2013-14,2013,Final_Report_2013_14.pdf,SWL
6-Dec-13,SE LANTAU,2,5.32,WINTER,STANDARD31516,P,2013-12-06,2013,12,2013-14,2013,Final_Report_2013_14.pdf,SEL
6-Dec-13,SE LANTAU,3,6.79,WINTER,STANDARD31516,P,2013-12-06,2013,12,2013-14,2013,Final_Report_2013_14.pdf,SEL
6-Dec-13,SE LANTAU,2,5.91,WINTER,STANDARD31516,S,2013-12-06,2013,12,2013-14,2013,Final_Report_2013_14.pdf,SEL
10-Dec-13,NW LANTAU,2,11.04,WINTER,STANDARD31516,P,2013-12-10,2013,12,2013-14,2013,Final_Report_2013_14.pdf,NWL
10-Dec-13,NW LANTAU,3,9.03,WINTER,STANDARD31516,P,2013-12-10,2013,12,2013-14,2013,Final_Report_2013_14.pdf,NWL
10-Dec-13,NW LANTAU,2,4.3,WINTER,STANDARD31516,S,2013-12-10,2013,12,2013-14,2013,Final_Report_2013_14.pdf,NWL
10-Dec-13,DEEP BAY,2,12.81,WINTER,STANDARD31516,P,2013-12-10,2013,12,2013-14,2013,Final_Report_2013_14.pdf,DB
10-Dec-13,DEEP BAY,3,3.06,WINTER,STANDARD31516,P,2013-12-10,2013,12,2013-14,2013,Final_Report_2013_14.pdf,DB
10-Dec-13,DEEP BAY,1,1.66,WINTER,STANDARD31516,S,2013-12-10,2013,12,2013-14,2013,Final_Report_2013_14.pdf,DB
10-Dec-13,DEEP BAY,2,7.73,WINTER,STANDARD31516,S,2013-12-10,2013,12,2013-14,2013,Final_Report_2013_14.pdf,DB
10-Dec-13,DEEP BAY,3,0.52,WINTER,STANDARD31516,S,2013-12-10,2013,12,2013-14,2013,Final_Report_2013_14.pdf,DB
10-Dec-13,NE LANTAU,1,4.25,WINTER,STANDARD31516,P,2013-12-10,2013,12,2013-14,2013,Final_Report_2013_14.pdf,NEL
10-Dec-13,NE LANTAU,2,8.71,WINTER,STANDARD31516,P,2013-12-10,2013,12,2013-14,2013,Final_Report_2013_14.pdf,NEL
10-Dec-13,NE LANTAU,3,1.39,WINTER,STANDARD31516,P,2013-12-10,2013,12,2013-14,2013,Final_Report_2013_14.pdf,NEL
10-Dec-13,NE LANTAU,2,4.36,WINTER,STANDARD31516,S,2013-12-10,2013,12,2013-14,2013,Final_Report_2013_14.pdf,NEL
11-Dec-13,W LANTAU,2,3.14,WINTER,STANDARD31516,S,2013-12-11,2013,12,2013-14,2013,Final_Report_2013_14.pdf,WL
11-Dec-13,W LANTAU,3,8.1,WINTER,STANDARD31516,S,2013-12-11,2013,12,2013-14,2013,Final_Report_2013_14.pdf,WL
11-Dec-13,SW LANTAU,2,13.92,WINTER,STANDARD31516,P,2013-12-11,2013,12,2013-14,2013,Final_Report_2013_14.pdf,SWL
11-Dec-13,SW LANTAU,3,4.31,WINTER,STANDARD31516,P,2013-12-11,2013,12,2013-14,2013,Final_Report_2013_14.pdf,SWL
11-Dec-13,SW LANTAU,2,7.61,WINTER,STANDARD31516,S,2013-12-11,2013,12,2013-14,2013,Final_Report_2013_14.pdf,SWL
11-Dec-13,SW LANTAU,3,2.38,WINTER,STANDARD31516,S,2013-12-11,2013,12,2013-14,2013,Final_Report_2013_14.pdf,SWL
11-Dec-13,SE LANTAU,2,17.65,WINTER,STANDARD31516,P,2013-12-11,2013,12,2013-14,2013,Final_Report_2013_14.pdf,SEL
11-Dec-13,SE LANTAU,2,6.11,WINTER,STANDARD31516,S,2013-12-11,2013,12,2013-14,2013,Final_Report_2013_14.pdf,SEL
13-Dec-13,NW LANTAU,2,8.85,WINTER,STANDARD31516,P,2013-12-13,2013,12,2013-14,2013,Final_Report_2013_14.pdf,NWL
13-Dec-13,NW LANTAU,3,4.44,WINTER,STANDARD31516,P,2013-12-13,2013,12,2013-14,2013,Final_Report_2013_14.pdf,NWL
13-Dec-13,NW LANTAU,2,1.65,WINTER,STANDARD31516,S,2013-12-13,2013,12,2013-14,2013,Final_Report_2013_14.pdf,NWL
13-Dec-13,NW LANTAU,3,1.34,WINTER,STANDARD31516,S,2013-12-13,2013,12,2013-14,2013,Final_Report_2013_14.pdf,NWL
19-Dec-13,NW LANTAU,2,5.59,WINTER,STANDARD31516,P,2013-12-19,2013,12,2013-14,2013,Final_Report_2013_14.pdf,NWL
19-Dec-13,NW LANTAU,3,4.41,WINTER,STANDARD31516,P,2013-12-19,2013,12,2013-14,2013,Final_Report_2013_14.pdf,NWL
19-Dec-13,NW LANTAU,4,1.21,WINTER,STANDARD31516,P,2013-12-19,2013,12,2013-14,2013,Final_Report_2013_14.pdf,NWL
19-Dec-13,NW LANTAU,2,4.99,WINTER,STANDARD31516,S,2013-12-19,2013,12,2013-14,2013,Final_Report_2013_14.pdf,NWL
20-Dec-13,W LANTAU,3,6.71,WINTER,STANDARD31516,S,2013-12-20,2013,12,2013-14,2013,Final_Report_2013_14.pdf,WL
20-Dec-13,W LANTAU,4,2.35,WINTER,STANDARD31516,S,2013-12-20,2013,12,2013-14,2013,Final_Report_2013_14.pdf,WL
20-Dec-13,W LANTAU,5,2.37,WINTER,STANDARD31516,S,2013-12-20,2013,12,2013-14,2013,Final_Report_2013_14.pdf,WL
20-Dec-13,NE LANTAU,2,7.77,WINTER,STANDARD31516,P,2013-12-20,2013,12,2013-14,2013,Final_Report_2013_14.pdf,NEL
20-Dec-13,NE LANTAU,3,2.68,WINTER,STANDARD31516,P,2013-12-20,2013,12,2013-14,2013,Final_Report_2013_14.pdf,NEL
20-Dec-13,NE LANTAU,2,4.33,WINTER,STANDARD31516,S,2013-12-20,2013,12,2013-14,2013,Final_Report_2013_14.pdf,NEL
30-Dec-13,NW LANTAU,2,8.76,WINTER,STANDARD31516,P,2013-12-30,2013,12,2013-14,2013,Final_Report_2013_14.pdf,NWL
30-Dec-13,NW LANTAU,3,5.12,WINTER,STANDARD31516,P,2013-12-30,2013,12,2013-14,2013,Final_Report_2013_14.pdf,NWL
30-Dec-13,NW LANTAU,2,3.57,WINTER,STANDARD31516,S,2013-12-30,2013,12,2013-14,2013,Final_Report_2013_14.pdf,NWL
30-Dec-13,NW LANTAU,3,3.16,WINTER,STANDARD31516,S,2013-12-30,2013,12,2013-14,2013,Final_Report_2013_14.pdf,NWL
30-Dec-13,DEEP BAY,2,5.7,WINTER,STANDARD31516,P,2013-12-30,2013,12,2013-14,2013,Final_Report_2013_14.pdf,DB
30-Dec-13,DEEP BAY,3,7.1,WINTER,STANDARD31516,P,2013-12-30,2013,12,2013-14,2013,Final_Report_2013_14.pdf,DB
30-Dec-13,DEEP BAY,2,1.62,WINTER,STANDARD31516,S,2013-12-30,2013,12,2013-14,2013,Final_Report_2013_14.pdf,DB
30-Dec-13,DEEP BAY,3,3.52,WINTER,STANDARD31516,S,2013-12-30,2013,12,2013-14,2013,Final_Report_2013_14.pdf,DB
30-Dec-13,NE LANTAU,2,6.38,WINTER,STANDARD31516,P,2013-12-30,2013,12,2013-14,2013,Final_Report_2013_14.pdf,NEL
30-Dec-13,NE LANTAU,3,5.4,WINTER,STANDARD31516,P,2013-12-30,2013,12,2013-14,2013,Final_Report_2013_14.pdf,NEL
30-Dec-13,NE LANTAU,2,6.79,WINTER,STANDARD31516,S,2013-12-30,2013,12,2013-14,2013,Final_Report_2013_14.pdf,NEL
31-Dec-13,LAMMA,1,16.09,WINTER,STANDARD31516,P,2013-12-31,2013,12,2013-14,2013,Final_Report_2013_14.pdf,LM
31-Dec-13,LAMMA,2,50.54,WINTER,STANDARD31516,P,2013-12-31,2013,12,2013-14,2013,Final_Report_2013_14.pdf,LM
31-Dec-13,LAMMA,3,1.07,WINTER,STANDARD31516,P,2013-12-31,2013,12,2013-14,2013,Final_Report_2013_14.pdf,LM
31-Dec-13,LAMMA,1,4.7,WINTER,STANDARD31516,S,2013-12-31,2013,12,2013-14,2013,Final_Report_2013_14.pdf,LM
31-Dec-13,LAMMA,2,13.35,WINTER,STANDARD31516,S,2013-12-31,2013,12,2013-14,2013,Final_Report_2013_14.pdf,LM
8-Jan-14,W LANTAU,1,5.82,WINTER,STANDARD31516,S,2014-01-08,2014,1,2013-14,2013,Final_Report_2013_14.pdf,WL
8-Jan-14,W LANTAU,2,3.96,WINTER,STANDARD31516,S,2014-01-08,2014,1,2013-14,2013,Final_Report_2013_14.pdf,WL
8-Jan-14,SW LANTAU,1,8.96,WINTER,STANDARD31516,P,2014-01-08,2014,1,2013-14,2013,Final_Report_2013_14.pdf,SWL
8-Jan-14,SW LANTAU,2,3.18,WINTER,STANDARD31516,P,2014-01-08,2014,1,2013-14,2013,Final_Report_2013_14.pdf,SWL
8-Jan-14,SW LANTAU,0,2.71,WINTER,STANDARD31516,S,2014-01-08,2014,1,2013-14,2013,Final_Report_2013_14.pdf,SWL
8-Jan-14,SW LANTAU,1,6.88,WINTER,STANDARD31516,S,2014-01-08,2014,1,2013-14,2013,Final_Report_2013_14.pdf,SWL
8-Jan-14,SW LANTAU,2,2.57,WINTER,STANDARD31516,S,2014-01-08,2014,1,2013-14,2013,Final_Report_2013_14.pdf,SWL
8-Jan-14,SE LANTAU,1,2.86,WINTER,STANDARD31516,P,2014-01-08,2014,1,2013-14,2013,Final_Report_2013_14.pdf,SEL
8-Jan-14,SE LANTAU,2,6.65,WINTER,STANDARD31516,P,2014-01-08,2014,1,2013-14,2013,Final_Report_2013_14.pdf,SEL
8-Jan-14,SE LANTAU,3,14.0,WINTER,STANDARD31516,P,2014-01-08,2014,1,2013-14,2013,Final_Report_2013_14.pdf,SEL
8-Jan-14,SE LANTAU,4,2.89,WINTER,STANDARD31516,P,2014-01-08,2014,1,2013-14,2013,Final_Report_2013_14.pdf,SEL
8-Jan-14,SE LANTAU,1,1.59,WINTER,STANDARD31516,S,2014-01-08,2014,1,2013-14,2013,Final_Report_2013_14.pdf,SEL
8-Jan-14,SE LANTAU,2,3.83,WINTER,STANDARD31516,S,2014-01-08,2014,1,2013-14,2013,Final_Report_2013_14.pdf,SEL
8-Jan-14,SE LANTAU,3,4.18,WINTER,STANDARD31516,S,2014-01-08,2014,1,2013-14,2013,Final_Report_2013_14.pdf,SEL
8-Jan-14,SE LANTAU,4,0.7,WINTER,STANDARD31516,S,2014-01-08,2014,1,2013-14,2013,Final_Report_2013_14.pdf,SEL
10-Jan-14,NW LANTAU,2,4.54,WINTER,STANDARD31516,P,2014-01-10,2014,1,2013-14,2013,Final_Report_2013_14.pdf,NWL
10-Jan-14,NW LANTAU,3,15.45,WINTER,STANDARD31516,P,2014-01-10,2014,1,2013-14,2013,Final_Report_2013_14.pdf,NWL
10-Jan-14,NW LANTAU,2,1.76,WINTER,STANDARD31516,S,2014-01-10,2014,1,2013-14,2013,Final_Report_2013_14.pdf,NWL
10-Jan-14,NW LANTAU,3,1.2,WINTER,STANDARD31516,S,2014-01-10,2014,1,2013-14,2013,Final_Report_2013_14.pdf,NWL
10-Jan-14,DEEP BAY,2,2.37,WINTER,STANDARD31516,P,2014-01-10,2014,1,2013-14,2013,Final_Report_2013_14.pdf,DB
10-Jan-14,DEEP BAY,3,10.42,WINTER,STANDARD31516,P,2014-01-10,2014,1,2013-14,2013,Final_Report_2013_14.pdf,DB
10-Jan-14,DEEP BAY,3,6.22,WINTER,STANDARD31516,S,2014-01-10,2014,1,2013-14,2013,Final_Report_2013_14.pdf,DB
10-Jan-14,NE LANTAU,2,11.22,WINTER,STANDARD31516,P,2014-01-10,2014,1,2013-14,2013,Final_Report_2013_14.pdf,NEL
10-Jan-14,NE LANTAU,3,2.1,WINTER,STANDARD31516,P,2014-01-10,2014,1,2013-14,2013,Final_Report_2013_14.pdf,NEL
10-Jan-14,NE LANTAU,2,6.42,WINTER,STANDARD31516,S,2014-01-10,2014,1,2013-14,2013,Final_Report_2013_14.pdf,NEL
10-Jan-14,NE LANTAU,3,2.3,WINTER,STANDARD31516,S,2014-01-10,2014,1,2013-14,2013,Final_Report_2013_14.pdf,NEL
22-Jan-14,NE LANTAU,2,31.03,WINTER,STANDARD31516,P,2014-01-22,2014,1,2013-14,2013,Final_Report_2013_14.pdf,NEL
22-Jan-14,NE LANTAU,2,12.55,WINTER,STANDARD31516,S,2014-01-22,2014,1,2013-14,2013,Final_Report_2013_14.pdf,NEL
22-Jan-14,NE LANTAU,3,2.27,WINTER,STANDARD31516,S,2014-01-22,2014,1,2013-14,2013,Final_Report_2013_14.pdf,NEL
22-Jan-14,NW LANTAU,2,3.49,WINTER,STANDARD31516,P,2014-01-22,2014,1,2013-14,2013,Final_Report_2013_14.pdf,NWL
22-Jan-14,NW LANTAU,3,13.4,WINTER,STANDARD31516,P,2014-01-22,2014,1,2013-14,2013,Final_Report_2013_14.pdf,NWL
22-Jan-14,NW LANTAU,3,5.14,WINTER,STANDARD31516,S,2014-01-22,2014,1,2013-14,2013,Final_Report_2013_14.pdf,NWL
22-Jan-14,NW LANTAU,4,2.87,WINTER,STANDARD31516,S,2014-01-22,2014,1,2013-14,2013,Final_Report_2013_14.pdf,NWL
24-Jan-14,NW LANTAU,2,4.2,WINTER,STANDARD31516,P,2014-01-24,2014,1,2013-14,2013,Final_Report_2013_14.pdf,NWL
24-Jan-14,NW LANTAU,3,4.4,WINTER,STANDARD31516,P,2014-01-24,2014,1,2013-14,2013,Final_Report_2013_14.pdf,NWL
24-Jan-14,NW LANTAU,4,4.7,WINTER,STANDARD31516,P,2014-01-24,2014,1,2013-14,2013,Final_Report_2013_14.pdf,NWL
24-Jan-14,NW LANTAU,3,9.1,WINTER,STANDARD31516,S,2014-01-24,2014,1,2013-14,2013,Final_Report_2013_14.pdf,NWL
24-Jan-14,NW LANTAU,4,1.5,WINTER,STANDARD31516,S,2014-01-24,2014,1,2013-14,2013,Final_Report_2013_14.pdf,NWL
24-Jan-14,W LANTAU,2,7.33,WINTER,STANDARD31516,S,2014-01-24,2014,1,2013-14,2013,Final_Report_2013_14.pdf,WL
24-Jan-14,W LANTAU,3,1.75,WINTER,STANDARD31516,S,2014-01-24,2014,1,2013-14,2013,Final_Report_2013_14.pdf,WL
24-Jan-14,W LANTAU,4,1.07,WINTER,STANDARD31516,S,2014-01-24,2014,1,2013-14,2013,Final_Report_2013_14.pdf,WL
27-Jan-14,NE LANTAU,2,10.3,WINTER,STANDARD31516,P,2014-01-27,2014,1,2013-14,2013,Final_Report_2013_14.pdf,NEL
27-Jan-14,NE LANTAU,3,20.9,WINTER,STANDARD31516,P,2014-01-27,2014,1,2013-14,2013,Final_Report_2013_14.pdf,NEL
27-Jan-14,NE LANTAU,2,8.7,WINTER,STANDARD31516,S,2014-01-27,2014,1,2013-14,2013,Final_Report_2013_14.pdf,NEL
27-Jan-14,NE LANTAU,3,2.9,WINTER,STANDARD31516,S,2014-01-27,2014,1,2013-14,2013,Final_Report_2013_14.pdf,NEL
27-Jan-14,NW LANTAU,2,6.7,WINTER,STANDARD31516,P,2014-01-27,2014,1,2013-14,2013,Final_Report_2013_14.pdf,NWL
27-Jan-14,NW LANTAU,3,12.1,WINTER,STANDARD31516,P,2014-01-27,2014,1,2013-14,2013,Final_Report_2013_14.pdf,NWL
27-Jan-14,NW LANTAU,2,4.1,WINTER,STANDARD31516,S,2014-01-27,2014,1,2013-14,2013,Final_Report_2013_14.pdf,NWL
27-Jan-14,DEEP BAY,1,1.5,WINTER,STANDARD31516,P,2014-01-27,2014,1,2013-14,2013,Final_Report_2013_14.pdf,DB
27-Jan-14,DEEP BAY,2,8.9,WINTER,STANDARD31516,P,2014-01-27,2014,1,2013-14,2013,Final_Report_2013_14.pdf,DB
27-Jan-14,DEEP BAY,3,1.0,WINTER,STANDARD31516,P,2014-01-27,2014,1,2013-14,2013,Final_Report_2013_14.pdf,DB
27-Jan-14,DEEP BAY,1,1.1,WINTER,STANDARD31516,S,2014-01-27,2014,1,2013-14,2013,Final_Report_2013_14.pdf,DB
27-Jan-14,DEEP BAY,2,4.9,WINTER,STANDARD31516,S,2014-01-27,2014,1,2013-14,2013,Final_Report_2013_14.pdf,DB
28-Jan-14,NW LANTAU,2,15.83,WINTER,STANDARD31516,P,2014-01-28,2014,1,2013-14,2013,Final_Report_2013_14.pdf,NWL
28-Jan-14,NW LANTAU,3,3.23,WINTER,STANDARD31516,P,2014-01-28,2014,1,2013-14,2013,Final_Report_2013_14.pdf,NWL
28-Jan-14,NW LANTAU,2,8.83,WINTER,STANDARD31516,S,2014-01-28,2014,1,2013-14,2013,Final_Report_2013_14.pdf,NWL
29-Jan-14,W LANTAU,0,1.89,WINTER,STANDARD31516,S,2014-01-29,2014,1,2013-14,2013,Final_Report_2013_14.pdf,WL
29-Jan-14,W LANTAU,1,3.6,WINTER,STANDARD31516,S,2014-01-29,2014,1,2013-14,2013,Final_Report_2013_14.pdf,WL
29-Jan-14,W LANTAU,2,5.91,WINTER,STANDARD31516,S,2014-01-29,2014,1,2013-14,2013,Final_Report_2013_14.pdf,WL
29-Jan-14,W LANTAU,3,0.98,WINTER,STANDARD31516,S,2014-01-29,2014,1,2013-14,2013,Final_Report_2013_14.pdf,WL
29-Jan-14,SW LANTAU,2,1.25,WINTER,STANDARD31516,P,2014-01-29,2014,1,2013-14,2013,Final_Report_2013_14.pdf,SWL
29-Jan-14,SW LANTAU,3,7.36,WINTER,STANDARD31516,P,2014-01-29,2014,1,2013-14,2013,Final_Report_2013_14.pdf,SWL
29-Jan-14,SW LANTAU,4,18.33,WINTER,STANDARD31516,P,2014-01-29,2014,1,2013-14,2013,Final_Report_2013_14.pdf,SWL
29-Jan-14,SW LANTAU,4,9.05,WINTER,STANDARD31516,S,2014-01-29,2014,1,2013-14,2013,Final_Report_2013_14.pdf,SWL
29-Jan-14,SE LANTAU,2,1.99,WINTER,STANDARD31516,P,2014-01-29,2014,1,2013-14,2013,Final_Report_2013_14.pdf,SEL
29-Jan-14,SE LANTAU,3,9.42,WINTER,STANDARD31516,P,2014-01-29,2014,1,2013-14,2013,Final_Report_2013_14.pdf,SEL
29-Jan-14,SE LANTAU,4,5.26,WINTER,STANDARD31516,P,2014-01-29,2014,1,2013-14,2013,Final_Report_2013_14.pdf,SEL
29-Jan-14,SE LANTAU,2,1.38,WINTER,STANDARD31516,S,2014-01-29,2014,1,2013-14,2013,Final_Report_2013_14.pdf,SEL
29-Jan-14,SE LANTAU,3,0.88,WINTER,STANDARD31516,S,2014-01-29,2014,1,2013-14,2013,Final_Report_2013_14.pdf,SEL
29-Jan-14,SE LANTAU,4,3.82,WINTER,STANDARD31516,S,2014-01-29,2014,1,2013-14,2013,Final_Report_2013_14.pdf,SEL
7-Feb-14,LAMMA,1,9.4,WINTER,STANDARD31516,P,2014-02-07,2014,2,2013-14,2013,Final_Report_2013_14.pdf,LM
7-Feb-14,LAMMA,2,64.3,WINTER,STANDARD31516,P,2014-02-07,2014,2,2013-14,2013,Final_Report_2013_14.pdf,LM
7-Feb-14,LAMMA,1,4.1,WINTER,STANDARD31516,S,2014-02-07,2014,2,2013-14,2013,Final_Report_2013_14.pdf,LM
7-Feb-14,LAMMA,2,18.6,WINTER,STANDARD31516,S,2014-02-07,2014,2,2013-14,2013,Final_Report_2013_14.pdf,LM
17-Feb-14,SE LANTAU,1,1.5,WINTER,STANDARD31516,P,2014-02-17,2014,2,2013-14,2013,Final_Report_2013_14.pdf,SEL
17-Feb-14,SE LANTAU,2,16.8,WINTER,STANDARD31516,P,2014-02-17,2014,2,2013-14,2013,Final_Report_2013_14.pdf,SEL
17-Feb-14,SE LANTAU,3,6.5,WINTER,STANDARD31516,P,2014-02-17,2014,2,2013-14,2013,Final_Report_2013_14.pdf,SEL
17-Feb-14,SE LANTAU,2,4.2,WINTER,STANDARD31516,S,2014-02-17,2014,2,2013-14,2013,Final_Report_2013_14.pdf,SEL
17-Feb-14,SE LANTAU,3,4.1,WINTER,STANDARD31516,S,2014-02-17,2014,2,2013-14,2013,Final_Report_2013_14.pdf,SEL
17-Feb-14,SW LANTAU,2,13.0,WINTER,STANDARD31516,P,2014-02-17,2014,2,2013-14,2013,Final_Report_2013_14.pdf,SWL
17-Feb-14,SW LANTAU,3,2.3,WINTER,STANDARD31516,P,2014-02-17,2014,2,2013-14,2013,Final_Report_2013_14.pdf,SWL
17-Feb-14,SW LANTAU,2,10.1,WINTER,STANDARD31516,S,2014-02-17,2014,2,2013-14,2013,Final_Report_2013_14.pdf,SWL
18-Feb-14,LAMMA,0,11.0,WINTER,STANDARD31516,P,2014-02-18,2014,2,2013-14,2013,Final_Report_2013_14.pdf,LM
18-Feb-14,LAMMA,1,17.5,WINTER,STANDARD31516,P,2014-02-18,2014,2,2013-14,2013,Final_Report_2013_14.pdf,LM
18-Feb-14,LAMMA,2,22.9,WINTER,STANDARD31516,P,2014-02-18,2014,2,2013-14,2013,Final_Report_2013_14.pdf,LM
18-Feb-14,LAMMA,3,1.3,WINTER,STANDARD31516,P,2014-02-18,2014,2,2013-14,2013,Final_Report_2013_14.pdf,LM
18-Feb-14,LAMMA,4,3.5,WINTER,STANDARD31516,P,2014-02-18,2014,2,2013-14,2013,Final_Report_2013_14.pdf,LM
18-Feb-14,LAMMA,1,7.4,WINTER,STANDARD31516,S,2014-02-18,2014,2,2013-14,2013,Final_Report_2013_14.pdf,LM
18-Feb-14,LAMMA,2,5.4,WINTER,STANDARD31516,S,2014-02-18,2014,2,2013-14,2013,Final_Report_2013_14.pdf,LM
18-Feb-14,LAMMA,4,2.0,WINTER,STANDARD31516,S,2014-02-18,2014,2,2013-14,2013,Final_Report_2013_14.pdf,LM
18-Feb-14,LAMMA,5,1.7,WINTER,STANDARD31516,S,2014-02-18,2014,2,2013-14,2013,Final_Report_2013_14.pdf,LM
24-Feb-14,W LANTAU,2,4.6,WINTER,STANDARD31516,S,2014-02-24,2014,2,2013-14,2013,Final_Report_2013_14.pdf,WL
24-Feb-14,W LANTAU,3,1.2,WINTER,STANDARD31516,S,2014-02-24,2014,2,2013-14,2013,Final_Report_2013_14.pdf,WL
24-Feb-14,W LANTAU,4,0.8,WINTER,STANDARD31516,S,2014-02-24,2014,2,2013-14,2013,Final_Report_2013_14.pdf,WL
24-Feb-14,W LANTAU,5,2.3,WINTER,STANDARD31516,S,2014-02-24,2014,2,2013-14,2013,Final_Report_2013_14.pdf,WL
25-Feb-14,NW LANTAU,2,13.4,WINTER,STANDARD31516,P,2014-02-25,2014,2,2013-14,2013,Final_Report_2013_14.pdf,NWL
25-Feb-14,NW LANTAU,3,16.2,WINTER,STANDARD31516,P,2014-02-25,2014,2,2013-14,2013,Final_Report_2013_14.pdf,NWL
25-Feb-14,NW LANTAU,4,0.5,WINTER,STANDARD31516,P,2014-02-25,2014,2,2013-14,2013,Final_Report_2013_14.pdf,NWL
25-Feb-14,NW LANTAU,2,6.2,WINTER,STANDARD31516,S,2014-02-25,2014,2,2013-14,2013,Final_Report_2013_14.pdf,NWL
25-Feb-14,NW LANTAU,3,2.4,WINTER,STANDARD31516,S,2014-02-25,2014,2,2013-14,2013,Final_Report_2013_14.pdf,NWL
25-Feb-14,NE LANTAU,2,18.9,WINTER,STANDARD31516,P,2014-02-25,2014,2,2013-14,2013,Final_Report_2013_14.pdf,NEL
25-Feb-14,NE LANTAU,2,4.6,WINTER,STANDARD31516,S,2014-02-25,2014,2,2013-14,2013,Final_Report_2013_14.pdf,NEL
26-Feb-14,SE LANTAU,2,11.8,WINTER,STANDARD31516,P,2014-02-26,2014,2,2013-14,2013,Final_Report_2013_14.pdf,SEL
26-Feb-14,SE LANTAU,2,7.3,WINTER,STANDARD31516,S,2014-02-26,2014,2,2013-14,2013,Final_Report_2013_14.pdf,SEL
27-Feb-14,NE LANTAU,1,13.1,WINTER,STANDARD31516,P,2014-02-27,2014,2,2013-14,2013,Final_Report_2013_14.pdf,NEL
27-Feb-14,NE LANTAU,2,8.2,WINTER,STANDARD31516,P,2014-02-27,2014,2,2013-14,2013,Final_Report_2013_14.pdf,NEL
27-Feb-14,NE LANTAU,3,11.0,WINTER,STANDARD31516,P,2014-02-27,2014,2,2013-14,2013,Final_Report_2013_14.pdf,NEL
27-Feb-14,NE LANTAU,4,4.4,WINTER,STANDARD31516,P,2014-02-27,2014,2,2013-14,2013,Final_Report_2013_14.pdf,NEL
27-Feb-14,NE LANTAU,1,4.1,WINTER,STANDARD31516,S,2014-02-27,2014,2,2013-14,2013,Final_Report_2013_14.pdf,NEL
27-Feb-14,NE LANTAU,2,3.8,WINTER,STANDARD31516,S,2014-02-27,2014,2,2013-14,2013,Final_Report_2013_14.pdf,NEL
27-Feb-14,NE LANTAU,3,4.3,WINTER,STANDARD31516,S,2014-02-27,2014,2,2013-14,2013,Final_Report_2013_14.pdf,NEL
27-Feb-14,NW LANTAU,2,5.2,WINTER,STANDARD31516,P,2014-02-27,2014,2,2013-14,2013,Final_Report_2013_14.pdf,NWL
27-Feb-14,NW LANTAU,3,17.4,WINTER,STANDARD31516,P,2014-02-27,2014,2,2013-14,2013,Final_Report_2013_14.pdf,NWL
27-Feb-14,NW LANTAU,4,4.4,WINTER,STANDARD31516,P,2014-02-27,2014,2,2013-14,2013,Final_Report_2013_14.pdf,NWL
27-Feb-14,NW LANTAU,2,4.0,WINTER,STANDARD31516,S,2014-02-27,2014,2,2013-14,2013,Final_Report_2013_14.pdf,NWL
27-Feb-14,NW LANTAU,3,4.5,WINTER,STANDARD31516,S,2014-02-27,2014,2,2013-14,2013,Final_Report_2013_14.pdf,NWL
28-Feb-14,W LANTAU,3,9.6,WINTER,STANDARD31516,P,2014-02-28,2014,2,2013-14,2013,Final_Report_2013_14.pdf,WL
28-Feb-14,W LANTAU,4,3.2,WINTER,STANDARD31516,P,2014-02-28,2014,2,2013-14,2013,Final_Report_2013_14.pdf,WL
28-Feb-14,W LANTAU,5,2.0,WINTER,STANDARD31516,P,2014-02-28,2014,2,2013-14,2013,Final_Report_2013_14.pdf,WL
28-Feb-14,W LANTAU,3,8.0,WINTER,STANDARD31516,S,2014-02-28,2014,2,2013-14,2013,Final_Report_2013_14.pdf,WL
28-Feb-14,W LANTAU,4,4.3,WINTER,STANDARD31516,S,2014-02-28,2014,2,2013-14,2013,Final_Report_2013_14.pdf,WL
28-Feb-14,NW LANTAU,3,6.3,WINTER,STANDARD31516,P,2014-02-28,2014,2,2013-14,2013,Final_Report_2013_14.pdf,NWL
28-Feb-14,NW LANTAU,4,2.6,WINTER,STANDARD31516,P,2014-02-28,2014,2,2013-14,2013,Final_Report_2013_14.pdf,NWL
28-Feb-14,NW LANTAU,3,7.3,WINTER,STANDARD31516,S,2014-02-28,2014,2,2013-14,2013,Final_Report_2013_14.pdf,NWL
28-Feb-14,DEEP BAY,2,8.6,WINTER,STANDARD31516,P,2014-02-28,2014,2,2013-14,2013,Final_Report_2013_14.pdf,DB
28-Feb-14,DEEP BAY,3,1.6,WINTER,STANDARD31516,P,2014-02-28,2014,2,2013-14,2013,Final_Report_2013_14.pdf,DB
28-Feb-14,DEEP BAY,2,4.1,WINTER,STANDARD31516,S,2014-02-28,2014,2,2013-14,2013,Final_Report_2013_14.pdf,DB
4-Mar-14,NE LANTAU,2,16.8,SPRING,STANDARD31516,P,2014-03-04,2014,3,2013-14,2013,Final_Report_2013_14.pdf,NEL
4-Mar-14,NE LANTAU,2,11.5,SPRING,STANDARD31516,S,2014-03-04,2014,3,2013-14,2013,Final_Report_2013_14.pdf,NEL
4-Mar-14,NW LANTAU,1,9.4,SPRING,STANDARD31516,P,2014-03-04,2014,3,2013-14,2013,Final_Report_2013_14.pdf,NWL
4-Mar-14,NW LANTAU,2,30.4,SPRING,STANDARD31516,P,2014-03-04,2014,3,2013-14,2013,Final_Report_2013_14.pdf,NWL
4-Mar-14,NW LANTAU,1,2.2,SPRING,STANDARD31516,S,2014-03-04,2014,3,2013-14,2013,Final_Report_2013_14.pdf,NWL
4-Mar-14,NW LANTAU,2,11.4,SPRING,STANDARD31516,S,2014-03-04,2014,3,2013-14,2013,Final_Report_2013_14.pdf,NWL
12-Mar-14,NW LANTAU,2,12.9,SPRING,STANDARD31516,P,2014-03-12,2014,3,2013-14,2013,Final_Report_2013_14.pdf,NWL
12-Mar-14,NW LANTAU,3,5.5,SPRING,STANDARD31516,P,2014-03-12,2014,3,2013-14,2013,Final_Report_2013_14.pdf,NWL
12-Mar-14,NW LANTAU,2,2.2,SPRING,STANDARD31516,S,2014-03-12,2014,3,2013-14,2013,Final_Report_2013_14.pdf,NWL
12-Mar-14,NW LANTAU,3,4.1,SPRING,STANDARD31516,S,2014-03-12,2014,3,2013-14,2013,Final_Report_2013_14.pdf,NWL
12-Mar-14,W LANTAU,2,10.3,SPRING,STANDARD31516,S,2014-03-12,2014,3,2013-14,2013,Final_Report_2013_14.pdf,WL
12-Mar-14,W LANTAU,3,2.0,SPRING,STANDARD31516,S,2014-03-12,2014,3,2013-14,2013,Final_Report_2013_14.pdf,WL
13-Mar-14,LAMMA,0,2.2,SPRING,STANDARD31516,P,2014-03-13,2014,3,2013-14,2013,Final_Report_2013_14.pdf,LM
13-Mar-14,LAMMA,1,18.3,SPRING,STANDARD31516,P,2014-03-13,2014,3,2013-14,2013,Final_Report_2013_14.pdf,LM
13-Mar-14,LAMMA,2,37.5,SPRING,STANDARD31516,P,2014-03-13,2014,3,2013-14,2013,Final_Report_2013_14.pdf,LM
13-Mar-14,LAMMA,3,9.1,SPRING,STANDARD31516,P,2014-03-13,2014,3,2013-14,2013,Final_Report_2013_14.pdf,LM
13-Mar-14,LAMMA,0,0.2,SPRING,STANDARD31516,S,2014-03-13,2014,3,2013-14,2013,Final_Report_2013_14.pdf,LM
13-Mar-14,LAMMA,1,6.5,SPRING,STANDARD31516,S,2014-03-13,2014,3,2013-14,2013,Final_Report_2013_14.pdf,LM
13-Mar-14,LAMMA,2,11.0,SPRING,STANDARD31516,S,2014-03-13,2014,3,2013-14,2013,Final_Report_2013_14.pdf,LM
13-Mar-14,LAMMA,3,3.1,SPRING,STANDARD31516,S,2014-03-13,2014,3,2013-14,2013,Final_Report_2013_14.pdf,LM
18-Mar-14,W LANTAU,1,6.5,SPRING,STANDARD31516,S,2014-03-18,2014,3,2013-14,2013,Final_Report_2013_14.pdf,WL
18-Mar-14,W LANTAU,2,2.5,SPRING,STANDARD31516,S,2014-03-18,2014,3,2013-14,2013,Final_Report_2013_14.pdf,WL
18-Mar-14,SW LANTAU,1,13.0,SPRING,STANDARD31516,P,2014-03-18,2014,3,2013-14,2013,Final_Report_2013_14.pdf,SWL
18-Mar-14,SW LANTAU,2,7.0,SPRING,STANDARD31516,P,2014-03-18,2014,3,2013-14,2013,Final_Report_2013_14.pdf,SWL
18-Mar-14,SW LANTAU,1,5.9,SPRING,STANDARD31516,S,2014-03-18,2014,3,2013-14,2013,Final_Report_2013_14.pdf,SWL
18-Mar-14,SW LANTAU,2,5.9,SPRING,STANDARD31516,S,2014-03-18,2014,3,2013-14,2013,Final_Report_2013_14.pdf,SWL
18-Mar-14,SE LANTAU,2,9.0,SPRING,STANDARD31516,P,2014-03-18,2014,3,2013-14,2013,Final_Report_2013_14.pdf,SEL
18-Mar-14,SE LANTAU,1,1.8,SPRING,STANDARD31516,S,2014-03-18,2014,3,2013-14,2013,Final_Report_2013_14.pdf,SEL
18-Mar-14,SE LANTAU,2,4.3,SPRING,STANDARD31516,S,2014-03-18,2014,3,2013-14,2013,Final_Report_2013_14.pdf,SEL
20-Mar-14,LAMMA,0,8.9,SPRING,STANDARD31516,P,2014-03-20,2014,3,2013-14,2013,Final_Report_2013_14.pdf,LM
20-Mar-14,LAMMA,1,22.8,SPRING,STANDARD31516,P,2014-03-20,2014,3,2013-14,2013,Final_Report_2013_14.pdf,LM
20-Mar-14,LAMMA,2,5.3,SPRING,STANDARD31516,P,2014-03-20,2014,3,2013-14,2013,Final_Report_2013_14.pdf,LM
20-Mar-14,LAMMA,1,10.1,SPRING,STANDARD31516,S,2014-03-20,2014,3,2013-14,2013,Final_Report_2013_14.pdf,LM
20-Mar-14,SE LANTAU,1,13.2,SPRING,STANDARD31516,P,2014-03-20,2014,3,2013-14,2013,Final_Report_2013_14.pdf,SEL
20-Mar-14,SE LANTAU,2,6.7,SPRING,STANDARD31516,P,2014-03-20,2014,3,2013-14,2013,Final_Report_2013_14.pdf,SEL
20-Mar-14,SE LANTAU,1,5.8,SPRING,STANDARD31516,S,2014-03-20,2014,3,2013-14,2013,Final_Report_2013_14.pdf,SEL
20-Mar-14,SE LANTAU,2,2.1,SPRING,STANDARD31516,S,2014-03-20,2014,3,2013-14,2013,Final_Report_2013_14.pdf,SEL
26-Mar-14,W LANTAU,1,6.8,SPRING,STANDARD31516,S,2014-03-26,2014,3,2013-14,2013,Final_Report_2013_14.pdf,WL
26-Mar-14,W LANTAU,2,6.6,SPRING,STANDARD31516,S,2014-03-26,2014,3,2013-14,2013,Final_Report_2013_14.pdf,WL
26-Mar-14,NW LANTAU,1,9.1,SPRING,STANDARD31516,P,2014-03-26,2014,3,2013-14,2013,Final_Report_2013_14.pdf,NWL
26-Mar-14,NW LANTAU,2,4.7,SPRING,STANDARD31516,P,2014-03-26,2014,3,2013-14,2013,Final_Report_2013_14.pdf,NWL
26-Mar-14,NW LANTAU,1,2.7,SPRING,STANDARD31516,S,2014-03-26,2014,3,2013-14,2013,Final_Report_2013_14.pdf,NWL
26-Mar-14,NW LANTAU,2,4.1,SPRING,STANDARD31516,S,2014-03-26,2014,3,2013-14,2013,Final_Report_2013_14.pdf,NWL
27-Mar-14,W LANTAU,0,2.7,SPRING,STANDARD31516,S,2014-03-27,2014,3,2013-14,2013,Final_Report_2013_14.pdf,WL
27-Mar-14,W LANTAU,1,7.6,SPRING,STANDARD31516,S,2014-03-27,2014,3,2013-14,2013,Final_Report_2013_14.pdf,WL
27-Mar-14,SW LANTAU,0,3.4,SPRING,STANDARD31516,P,2014-03-27,2014,3,2013-14,2013,Final_Report_2013_14.pdf,SWL
27-Mar-14,SW LANTAU,1,13.3,SPRING,STANDARD31516,P,2014-03-27,2014,3,2013-14,2013,Final_Report_2013_14.pdf,SWL
27-Mar-14,SW LANTAU,2,7.5,SPRING,STANDARD31516,P,2014-03-27,2014,3,2013-14,2013,Final_Report_2013_14.pdf,SWL
27-Mar-14,SW LANTAU,0,3.1,SPRING,STANDARD31516,S,2014-03-27,2014,3,2013-14,2013,Final_Report_2013_14.pdf,SWL
27-Mar-14,SW LANTAU,1,4.2,SPRING,STANDARD31516,S,2014-03-27,2014,3,2013-14,2013,Final_Report_2013_14.pdf,SWL
27-Mar-14,SW LANTAU,2,4.2,SPRING,STANDARD31516,S,2014-03-27,2014,3,2013-14,2013,Final_Report_2013_14.pdf,SWL
27-Mar-14,SE LANTAU,0,0.9,SPRING,STANDARD31516,P,2014-03-27,2014,3,2013-14,2013,Final_Report_2013_14.pdf,SEL
27-Mar-14,SE LANTAU,2,23.0,SPRING,STANDARD31516,P,2014-03-27,2014,3,2013-14,2013,Final_Report_2013_14.pdf,SEL
27-Mar-14,SE LANTAU,1,0.8,SPRING,STANDARD31516,S,2014-03-27,2014,3,2013-14,2013,Final_Report_2013_14.pdf,SEL
27-Mar-14,SE LANTAU,2,6.9,SPRING,STANDARD31516,S,2014-03-27,2014,3,2013-14,2013,Final_Report_2013_14.pdf,SEL
9-Apr-14,SE LANTAU,2,14.79,SPRING,STANDARD31516,P,2014-04-09,2014,4,2014-15,2014,Final_Report_2014_15.pdf,SEL
9-Apr-14,SE LANTAU,3,5.33,SPRING,STANDARD31516,P,2014-04-09,2014,4,2014-15,2014,Final_Report_2014_15.pdf,SEL
9-Apr-14,SE LANTAU,2,4.51,SPRING,STANDARD31516,S,2014-04-09,2014,4,2014-15,2014,Final_Report_2014_15.pdf,SEL
9-Apr-14,SE LANTAU,3,1.97,SPRING,STANDARD31516,S,2014-04-09,2014,4,2014-15,2014,Final_Report_2014_15.pdf,SEL
9-Apr-14,SW LANTAU,2,15.37,SPRING,STANDARD31516,P,2014-04-09,2014,4,2014-15,2014,Final_Report_2014_15.pdf,SWL
9-Apr-14,SW LANTAU,3,6.79,SPRING,STANDARD31516,P,2014-04-09,2014,4,2014-15,2014,Final_Report_2014_15.pdf,SWL
9-Apr-14,SW LANTAU,2,10.4,SPRING,STANDARD31516,S,2014-04-09,2014,4,2014-15,2014,Final_Report_2014_15.pdf,SWL
9-Apr-14,SW LANTAU,3,2.63,SPRING,STANDARD31516,S,2014-04-09,2014,4,2014-15,2014,Final_Report_2014_15.pdf,SWL
9-Apr-14,W LANTAU,2,4.36,SPRING,STANDARD31516,S,2014-04-09,2014,4,2014-15,2014,Final_Report_2014_15.pdf,WL
9-Apr-14,W LANTAU,3,8.4,SPRING,STANDARD31516,S,2014-04-09,2014,4,2014-15,2014,Final_Report_2014_15.pdf,WL
10-Apr-14,NW LANTAU,2,11.56,SPRING,STANDARD31516,P,2014-04-10,2014,4,2014-15,2014,Final_Report_2014_15.pdf,NWL
10-Apr-14,NW LANTAU,3,17.56,SPRING,STANDARD31516,P,2014-04-10,2014,4,2014-15,2014,Final_Report_2014_15.pdf,NWL
10-Apr-14,NW LANTAU,4,1.24,SPRING,STANDARD31516,P,2014-04-10,2014,4,2014-15,2014,Final_Report_2014_15.pdf,NWL
10-Apr-14,NW LANTAU,2,0.71,SPRING,STANDARD31516,S,2014-04-10,2014,4,2014-15,2014,Final_Report_2014_15.pdf,NWL
10-Apr-14,NW LANTAU,3,4.26,SPRING,STANDARD31516,S,2014-04-10,2014,4,2014-15,2014,Final_Report_2014_15.pdf,NWL
10-Apr-14,DEEP BAY,2,5.57,SPRING,STANDARD31516,P,2014-04-10,2014,4,2014-15,2014,Final_Report_2014_15.pdf,DB
10-Apr-14,DEEP BAY,3,7.27,SPRING,STANDARD31516,P,2014-04-10,2014,4,2014-15,2014,Final_Report_2014_15.pdf,DB
10-Apr-14,DEEP BAY,4,0.66,SPRING,STANDARD31516,P,2014-04-10,2014,4,2014-15,2014,Final_Report_2014_15.pdf,DB
10-Apr-14,DEEP BAY,2,3.76,SPRING,STANDARD31516,S,2014-04-10,2014,4,2014-15,2014,Final_Report_2014_15.pdf,DB
10-Apr-14,DEEP BAY,3,2.3,SPRING,STANDARD31516,S,2014-04-10,2014,4,2014-15,2014,Final_Report_2014_15.pdf,DB
10-Apr-14,NE LANTAU,2,6.57,SPRING,STANDARD31516,P,2014-04-10,2014,4,2014-15,2014,Final_Report_2014_15.pdf,NEL
10-Apr-14,NE LANTAU,3,5.91,SPRING,STANDARD31516,P,2014-04-10,2014,4,2014-15,2014,Final_Report_2014_15.pdf,NEL
10-Apr-14,NE LANTAU,2,3.61,SPRING,STANDARD31516,S,2014-04-10,2014,4,2014-15,2014,Final_Report_2014_15.pdf,NEL
10-Apr-14,NE LANTAU,3,6.62,SPRING,STANDARD31516,S,2014-04-10,2014,4,2014-15,2014,Final_Report_2014_15.pdf,NEL
15-Apr-14,NW LANTAU,3,7.49,SPRING,STANDARD31516,P,2014-04-15,2014,4,2014-15,2014,Final_Report_2014_15.pdf,NWL
15-Apr-14,NW LANTAU,4,13.39,SPRING,STANDARD31516,P,2014-04-15,2014,4,2014-15,2014,Final_Report_2014_15.pdf,NWL
15-Apr-14,NW LANTAU,5,5.82,SPRING,STANDARD31516,P,2014-04-15,2014,4,2014-15,2014,Final_Report_2014_15.pdf,NWL
15-Apr-14,NW LANTAU,3,1.56,SPRING,STANDARD31516,S,2014-04-15,2014,4,2014-15,2014,Final_Report_2014_15.pdf,NWL
15-Apr-14,NW LANTAU,5,1.14,SPRING,STANDARD31516,S,2014-04-15,2014,4,2014-15,2014,Final_Report_2014_15.pdf,NWL
15-Apr-14,W LANTAU,2,3.22,SPRING,STANDARD31516,S,2014-04-15,2014,4,2014-15,2014,Final_Report_2014_15.pdf,WL
15-Apr-14,W LANTAU,3,4.78,SPRING,STANDARD31516,S,2014-04-15,2014,4,2014-15,2014,Final_Report_2014_15.pdf,WL
15-Apr-14,W LANTAU,4,2.38,SPRING,STANDARD31516,S,2014-04-15,2014,4,2014-15,2014,Final_Report_2014_15.pdf,WL
17-Apr-14,LAMMA,2,48.01,SPRING,STANDARD31516,P,2014-04-17,2014,4,2014-15,2014,Final_Report_2014_15.pdf,LM
17-Apr-14,LAMMA,3,21.24,SPRING,STANDARD31516,P,2014-04-17,2014,4,2014-15,2014,Final_Report_2014_15.pdf,LM
17-Apr-14,LAMMA,2,20.97,SPRING,STANDARD31516,S,2014-04-17,2014,4,2014-15,2014,Final_Report_2014_15.pdf,LM
17-Apr-14,LAMMA,3,6.68,SPRING,STANDARD31516,S,2014-04-17,2014,4,2014-15,2014,Final_Report_2014_15.pdf,LM
23-Apr-14,W LANTAU,3,7.29,SPRING,STANDARD31516,S,2014-04-23,2014,4,2014-15,2014,Final_Report_2014_15.pdf,WL
23-Apr-14,W LANTAU,4,4.11,SPRING,STANDARD31516,S,2014-04-23,2014,4,2014-15,2014,Final_Report_2014_15.pdf,WL
23-Apr-14,NW LANTAU,3,5.73,SPRING,STANDARD31516,P,2014-04-23,2014,4,2014-15,2014,Final_Report_2014_15.pdf,NWL
23-Apr-14,NW LANTAU,4,10.77,SPRING,STANDARD31516,P,2014-04-23,2014,4,2014-15,2014,Final_Report_2014_15.pdf,NWL
23-Apr-14,NW LANTAU,5,4.5,SPRING,STANDARD31516,P,2014-04-23,2014,4,2014-15,2014,Final_Report_2014_15.pdf,NWL
23-Apr-14,NW LANTAU,2,1.8,SPRING,STANDARD31516,S,2014-04-23,2014,4,2014-15,2014,Final_Report_2014_15.pdf,NWL
23-Apr-14,NW LANTAU,3,2.7,SPRING,STANDARD31516,S,2014-04-23,2014,4,2014-15,2014,Final_Report_2014_15.pdf,NWL
23-Apr-14,NW LANTAU,4,1.0,SPRING,STANDARD31516,S,2014-04-23,2014,4,2014-15,2014,Final_Report_2014_15.pdf,NWL
28-Apr-14,SW LANTAU,1,9.43,SPRING,STANDARD31516,P,2014-04-28,2014,4,2014-15,2014,Final_Report_2014_15.pdf,SWL
28-Apr-14,SW LANTAU,2,7.85,SPRING,STANDARD31516,P,2014-04-28,2014,4,2014-15,2014,Final_Report_2014_15.pdf,SWL
28-Apr-14,SW LANTAU,1,4.65,SPRING,STANDARD31516,S,2014-04-28,2014,4,2014-15,2014,Final_Report_2014_15.pdf,SWL
28-Apr-14,SW LANTAU,2,6.06,SPRING,STANDARD31516,S,2014-04-28,2014,4,2014-15,2014,Final_Report_2014_15.pdf,SWL
28-Apr-14,SE LANTAU,1,1.68,SPRING,STANDARD31516,P,2014-04-28,2014,4,2014-15,2014,Final_Report_2014_15.pdf,SEL
28-Apr-14,SE LANTAU,2,10.92,SPRING,STANDARD31516,P,2014-04-28,2014,4,2014-15,2014,Final_Report_2014_15.pdf,SEL
28-Apr-14,SE LANTAU,3,6.58,SPRING,STANDARD31516,P,2014-04-28,2014,4,2014-15,2014,Final_Report_2014_15.pdf,SEL
28-Apr-14,SE LANTAU,1,5.41,SPRING,STANDARD31516,S,2014-04-28,2014,4,2014-15,2014,Final_Report_2014_15.pdf,SEL
28-Apr-14,SE LANTAU,2,3.77,SPRING,STANDARD31516,S,2014-04-28,2014,4,2014-15,2014,Final_Report_2014_15.pdf,SEL
28-Apr-14,W LANTAU,2,8.02,SPRING,STANDARD31516,S,2014-04-28,2014,4,2014-15,2014,Final_Report_2014_15.pdf,WL
28-Apr-14,W LANTAU,3,2.78,SPRING,STANDARD31516,S,2014-04-28,2014,4,2014-15,2014,Final_Report_2014_15.pdf,WL
29-Apr-14,NW LANTAU,0,2.1,SPRING,STANDARD31516,P,2014-04-29,2014,4,2014-15,2014,Final_Report_2014_15.pdf,NWL
29-Apr-14,NW LANTAU,1,6.73,SPRING,STANDARD31516,P,2014-04-29,2014,4,2014-15,2014,Final_Report_2014_15.pdf,NWL
29-Apr-14,NW LANTAU,2,8.27,SPRING,STANDARD31516,P,2014-04-29,2014,4,2014-15,2014,Final_Report_2014_15.pdf,NWL
29-Apr-14,NW LANTAU,3,14.08,SPRING,STANDARD31516,P,2014-04-29,2014,4,2014-15,2014,Final_Report_2014_15.pdf,NWL
29-Apr-14,NW LANTAU,3,4.13,SPRING,STANDARD31516,S,2014-04-29,2014,4,2014-15,2014,Final_Report_2014_15.pdf,NWL
29-Apr-14,DEEP BAY,2,7.9,SPRING,STANDARD31516,P,2014-04-29,2014,4,2014-15,2014,Final_Report_2014_15.pdf,DB
29-Apr-14,DEEP BAY,3,3.16,SPRING,STANDARD31516,P,2014-04-29,2014,4,2014-15,2014,Final_Report_2014_15.pdf,DB
29-Apr-14,DEEP BAY,4,1.36,SPRING,STANDARD31516,P,2014-04-29,2014,4,2014-15,2014,Final_Report_2014_15.pdf,DB
29-Apr-14,DEEP BAY,2,3.31,SPRING,STANDARD31516,S,2014-04-29,2014,4,2014-15,2014,Final_Report_2014_15.pdf,DB
29-Apr-14,DEEP BAY,3,2.48,SPRING,STANDARD31516,S,2014-04-29,2014,4,2014-15,2014,Final_Report_2014_15.pdf,DB
29-Apr-14,DEEP BAY,4,0.3,SPRING,STANDARD31516,S,2014-04-29,2014,4,2014-15,2014,Final_Report_2014_15.pdf,DB
29-Apr-14,NE LANTAU,3,7.2,SPRING,STANDARD31516,P,2014-04-29,2014,4,2014-15,2014,Final_Report_2014_15.pdf,NEL
29-Apr-14,NE LANTAU,2,0.94,SPRING,STANDARD31516,S,2014-04-29,2014,4,2014-15,2014,Final_Report_2014_15.pdf,NEL
29-Apr-14,NE LANTAU,3,5.11,SPRING,STANDARD31516,S,2014-04-29,2014,4,2014-15,2014,Final_Report_2014_15.pdf,NEL
7-May-14,W LANTAU,2,11.0,SPRING,STANDARD31516,S,2014-05-07,2014,5,2014-15,2014,Final_Report_2014_15.pdf,WL
7-May-14,SW LANTAU,2,11.04,SPRING,STANDARD31516,P,2014-05-07,2014,5,2014-15,2014,Final_Report_2014_15.pdf,SWL
7-May-14,SW LANTAU,3,2.3,SPRING,STANDARD31516,P,2014-05-07,2014,5,2014-15,2014,Final_Report_2014_15.pdf,SWL
7-May-14,SW LANTAU,2,9.06,SPRING,STANDARD31516,S,2014-05-07,2014,5,2014-15,2014,Final_Report_2014_15.pdf,SWL
8-May-14,NW LANTAU,1,3.6,SPRING,STANDARD31516,P,2014-05-08,2014,5,2014-15,2014,Final_Report_2014_15.pdf,NWL
8-May-14,NW LANTAU,2,8.57,SPRING,STANDARD31516,P,2014-05-08,2014,5,2014-15,2014,Final_Report_2014_15.pdf,NWL
8-May-14,NW LANTAU,3,10.21,SPRING,STANDARD31516,P,2014-05-08,2014,5,2014-15,2014,Final_Report_2014_15.pdf,NWL
8-May-14,NW LANTAU,1,0.5,SPRING,STANDARD31516,S,2014-05-08,2014,5,2014-15,2014,Final_Report_2014_15.pdf,NWL
8-May-14,DEEP BAY,1,3.49,SPRING,STANDARD31516,P,2014-05-08,2014,5,2014-15,2014,Final_Report_2014_15.pdf,DB
8-May-14,DEEP BAY,2,9.93,SPRING,STANDARD31516,P,2014-05-08,2014,5,2014-15,2014,Final_Report_2014_15.pdf,DB
8-May-14,DEEP BAY,1,2.17,SPRING,STANDARD31516,S,2014-05-08,2014,5,2014-15,2014,Final_Report_2014_15.pdf,DB
8-May-14,DEEP BAY,2,3.89,SPRING,STANDARD31516,S,2014-05-08,2014,5,2014-15,2014,Final_Report_2014_15.pdf,DB
8-May-14,NE LANTAU,2,3.6,SPRING,STANDARD31516,P,2014-05-08,2014,5,2014-15,2014,Final_Report_2014_15.pdf,NEL
8-May-14,NE LANTAU,3,4.87,SPRING,STANDARD31516,P,2014-05-08,2014,5,2014-15,2014,Final_Report_2014_15.pdf,NEL
8-May-14,NE LANTAU,3,0.95,SPRING,STANDARD31516,S,2014-05-08,2014,5,2014-15,2014,Final_Report_2014_15.pdf,NEL
12-May-14,W LANTAU,1,5.41,SPRING,STANDARD31516,P,2014-05-12,2014,5,2014-15,2014,Final_Report_2014_15.pdf,WL
12-May-14,W LANTAU,2,9.33,SPRING,STANDARD31516,P,2014-05-12,2014,5,2014-15,2014,Final_Report_2014_15.pdf,WL
12-May-14,W LANTAU,3,4.4,SPRING,STANDARD31516,P,2014-05-12,2014,5,2014-15,2014,Final_Report_2014_15.pdf,WL
12-May-14,W LANTAU,1,7.17,SPRING,STANDARD31516,S,2014-05-12,2014,5,2014-15,2014,Final_Report_2014_15.pdf,WL
12-May-14,W LANTAU,2,7.8,SPRING,STANDARD31516,S,2014-05-12,2014,5,2014-15,2014,Final_Report_2014_15.pdf,WL
12-May-14,W LANTAU,3,2.82,SPRING,STANDARD31516,S,2014-05-12,2014,5,2014-15,2014,Final_Report_2014_15.pdf,WL
14-May-14,NW LANTAU,2,1.9,SPRING,STANDARD31516,P,2014-05-14,2014,5,2014-15,2014,Final_Report_2014_15.pdf,NWL
14-May-14,NW LANTAU,3,7.41,SPRING,STANDARD31516,P,2014-05-14,2014,5,2014-15,2014,Final_Report_2014_15.pdf,NWL
14-May-14,NW LANTAU,4,12.88,SPRING,STANDARD31516,P,2014-05-14,2014,5,2014-15,2014,Final_Report_2014_15.pdf,NWL
14-May-14,NW LANTAU,2,2.0,SPRING,STANDARD31516,S,2014-05-14,2014,5,2014-15,2014,Final_Report_2014_15.pdf,NWL
14-May-14,NW LANTAU,3,3.57,SPRING,STANDARD31516,S,2014-05-14,2014,5,2014-15,2014,Final_Report_2014_15.pdf,NWL
14-May-14,NW LANTAU,4,2.03,SPRING,STANDARD31516,S,2014-05-14,2014,5,2014-15,2014,Final_Report_2014_15.pdf,NWL
14-May-14,NE LANTAU,2,4.29,SPRING,STANDARD31516,P,2014-05-14,2014,5,2014-15,2014,Final_Report_2014_15.pdf,NEL
14-May-14,NE LANTAU,3,6.24,SPRING,STANDARD31516,P,2014-05-14,2014,5,2014-15,2014,Final_Report_2014_15.pdf,NEL
14-May-14,NE LANTAU,2,0.3,SPRING,STANDARD31516,S,2014-05-14,2014,5,2014-15,2014,Final_Report_2014_15.pdf,NEL
14-May-14,NE LANTAU,3,3.97,SPRING,STANDARD31516,S,2014-05-14,2014,5,2014-15,2014,Final_Report_2014_15.pdf,NEL
15-May-14,W LANTAU,2,2.72,SPRING,STANDARD31516,S,2014-05-15,2014,5,2014-15,2014,Final_Report_2014_15.pdf,WL
15-May-14,W LANTAU,3,7.85,SPRING,STANDARD31516,S,2014-05-15,2014,5,2014-15,2014,Final_Report_2014_15.pdf,WL
15-May-14,SW LANTAU,1,7.55,SPRING,STANDARD31516,P,2014-05-15,2014,5,2014-15,2014,Final_Report_2014_15.pdf,SWL
15-May-14,SW LANTAU,2,13.76,SPRING,STANDARD31516,P,2014-05-15,2014,5,2014-15,2014,Final_Report_2014_15.pdf,SWL
15-May-14,SW LANTAU,1,0.3,SPRING,STANDARD31516,S,2014-05-15,2014,5,2014-15,2014,Final_Report_2014_15.pdf,SWL
15-May-14,SW LANTAU,2,10.82,SPRING,STANDARD31516,S,2014-05-15,2014,5,2014-15,2014,Final_Report_2014_15.pdf,SWL
15-May-14,SW LANTAU,3,0.91,SPRING,STANDARD31516,S,2014-05-15,2014,5,2014-15,2014,Final_Report_2014_15.pdf,SWL
15-May-14,SE LANTAU,2,6.38,SPRING,STANDARD31516,P,2014-05-15,2014,5,2014-15,2014,Final_Report_2014_15.pdf,SEL
15-May-14,SE LANTAU,1,1.69,SPRING,STANDARD31516,S,2014-05-15,2014,5,2014-15,2014,Final_Report_2014_15.pdf,SEL
15-May-14,SE LANTAU,2,2.69,SPRING,STANDARD31516,S,2014-05-15,2014,5,2014-15,2014,Final_Report_2014_15.pdf,SEL
15-May-14,SE LANTAU,3,2.44,SPRING,STANDARD31516,S,2014-05-15,2014,5,2014-15,2014,Final_Report_2014_15.pdf,SEL
20-May-14,SW LANTAU,2,3.38,SPRING,STANDARD31516,P,2014-05-20,2014,5,2014-15,2014,Final_Report_2014_15.pdf,SWL
20-May-14,SW LANTAU,3,5.9,SPRING,STANDARD31516,P,2014-05-20,2014,5,2014-15,2014,Final_Report_2014_15.pdf,SWL
20-May-14,SW LANTAU,2,2.85,SPRING,STANDARD31516,S,2014-05-20,2014,5,2014-15,2014,Final_Report_2014_15.pdf,SWL
20-May-14,SW LANTAU,3,7.29,SPRING,STANDARD31516,S,2014-05-20,2014,5,2014-15,2014,Final_Report_2014_15.pdf,SWL
20-May-14,W LANTAU,2,2.79,SPRING,STANDARD31516,S,2014-05-20,2014,5,2014-15,2014,Final_Report_2014_15.pdf,WL
20-May-14,W LANTAU,3,3.65,SPRING,STANDARD31516,S,2014-05-20,2014,5,2014-15,2014,Final_Report_2014_15.pdf,WL
20-May-14,W LANTAU,4,3.42,SPRING,STANDARD31516,S,2014-05-20,2014,5,2014-15,2014,Final_Report_2014_15.pdf,WL
28-May-14,LAMMA,2,21.59,SPRING,STANDARD31516,P,2014-05-28,2014,5,2014-15,2014,Final_Report_2014_15.pdf,LM
28-May-14,LAMMA,3,29.3,SPRING,STANDARD31516,P,2014-05-28,2014,5,2014-15,2014,Final_Report_2014_15.pdf,LM
28-May-14,LAMMA,4,6.8,SPRING,STANDARD31516,P,2014-05-28,2014,5,2014-15,2014,Final_Report_2014_15.pdf,LM
28-May-14,LAMMA,2,7.21,SPRING,STANDARD31516,S,2014-05-28,2014,5,2014-15,2014,Final_Report_2014_15.pdf,LM
28-May-14,LAMMA,3,8.3,SPRING,STANDARD31516,S,2014-05-28,2014,5,2014-15,2014,Final_Report_2014_15.pdf,LM
28-May-14,LAMMA,4,1.4,SPRING,STANDARD31516,S,2014-05-28,2014,5,2014-15,2014,Final_Report_2014_15.pdf,LM
4-Jun-14,W LANTAU,2,5.17,SUMMER,STANDARD31516,S,2014-06-04,2014,6,2014-15,2014,Final_Report_2014_15.pdf,WL
4-Jun-14,SW LANTAU,2,15.6,SUMMER,STANDARD31516,P,2014-06-04,2014,6,2014-15,2014,Final_Report_2014_15.pdf,SWL
4-Jun-14,SW LANTAU,3,5.17,SUMMER,STANDARD31516,P,2014-06-04,2014,6,2014-15,2014,Final_Report_2014_15.pdf,SWL
4-Jun-14,SW LANTAU,2,7.71,SUMMER,STANDARD31516,S,2014-06-04,2014,6,2014-15,2014,Final_Report_2014_15.pdf,SWL
4-Jun-14,SW LANTAU,3,3.21,SUMMER,STANDARD31516,S,2014-06-04,2014,6,2014-15,2014,Final_Report_2014_15.pdf,SWL
4-Jun-14,SE LANTAU,2,6.42,SUMMER,STANDARD31516,P,2014-06-04,2014,6,2014-15,2014,Final_Report_2014_15.pdf,SEL
4-Jun-14,SE LANTAU,3,6.56,SUMMER,STANDARD31516,P,2014-06-04,2014,6,2014-15,2014,Final_Report_2014_15.pdf,SEL
4-Jun-14,SE LANTAU,2,5.59,SUMMER,STANDARD31516,S,2014-06-04,2014,6,2014-15,2014,Final_Report_2014_15.pdf,SEL
4-Jun-14,SE LANTAU,3,2.1,SUMMER,STANDARD31516,S,2014-06-04,2014,6,2014-15,2014,Final_Report_2014_15.pdf,SEL
6-Jun-14,SW LANTAU,2,5.2,SUMMER,STANDARD31516,S,2014-06-06,2014,6,2014-15,2014,Final_Report_2014_15.pdf,SWL
6-Jun-14,SW LANTAU,3,3.7,SUMMER,STANDARD31516,S,2014-06-06,2014,6,2014-15,2014,Final_Report_2014_15.pdf,SWL
6-Jun-14,SE LANTAU,2,11.72,SUMMER,STANDARD31516,P,2014-06-06,2014,6,2014-15,2014,Final_Report_2014_15.pdf,SEL
6-Jun-14,SE LANTAU,3,1.59,SUMMER,STANDARD31516,P,2014-06-06,2014,6,2014-15,2014,Final_Report_2014_15.pdf,SEL
6-Jun-14,SE LANTAU,2,6.24,SUMMER,STANDARD31516,S,2014-06-06,2014,6,2014-15,2014,Final_Report_2014_15.pdf,SEL
9-Jun-14,W LANTAU,2,4.83,SUMMER,STANDARD31516,S,2014-06-09,2014,6,2014-15,2014,Final_Report_2014_15.pdf,WL
9-Jun-14,W LANTAU,3,1.28,SUMMER,STANDARD31516,S,2014-06-09,2014,6,2014-15,2014,Final_Report_2014_15.pdf,WL
9-Jun-14,W LANTAU,4,1.65,SUMMER,STANDARD31516,S,2014-06-09,2014,6,2014-15,2014,Final_Report_2014_15.pdf,WL
9-Jun-14,NW LANTAU,3,11.54,SUMMER,STANDARD31516,P,2014-06-09,2014,6,2014-15,2014,Final_Report_2014_15.pdf,NWL
9-Jun-14,NW LANTAU,4,4.81,SUMMER,STANDARD31516,P,2014-06-09,2014,6,2014-15,2014,Final_Report_2014_15.pdf,NWL
9-Jun-14,NW LANTAU,5,0.7,SUMMER,STANDARD31516,P,2014-06-09,2014,6,2014-15,2014,Final_Report_2014_15.pdf,NWL
9-Jun-14,NW LANTAU,2,1.32,SUMMER,STANDARD31516,S,2014-06-09,2014,6,2014-15,2014,Final_Report_2014_15.pdf,NWL
9-Jun-14,NW LANTAU,3,7.03,SUMMER,STANDARD31516,S,2014-06-09,2014,6,2014-15,2014,Final_Report_2014_15.pdf,NWL
12-Jun-14,NE LANTAU,2,14.27,SUMMER,STANDARD31516,P,2014-06-12,2014,6,2014-15,2014,Final_Report_2014_15.pdf,NEL
12-Jun-14,NE LANTAU,3,1.5,SUMMER,STANDARD31516,P,2014-06-12,2014,6,2014-15,2014,Final_Report_2014_15.pdf,NEL
12-Jun-14,NE LANTAU,2,7.23,SUMMER,STANDARD31516,S,2014-06-12,2014,6,2014-15,2014,Final_Report_2014_15.pdf,NEL
12-Jun-14,NW LANTAU,2,2.22,SUMMER,STANDARD31516,P,2014-06-12,2014,6,2014-15,2014,Final_Report_2014_15.pdf,NWL
12-Jun-14,NW LANTAU,3,0.84,SUMMER,STANDARD31516,P,2014-06-12,2014,6,2014-15,2014,Final_Report_2014_15.pdf,NWL
12-Jun-14,NW LANTAU,1,1.64,SUMMER,STANDARD31516,S,2014-06-12,2014,6,2014-15,2014,Final_Report_2014_15.pdf,NWL
12-Jun-14,NW LANTAU,2,3.03,SUMMER,STANDARD31516,S,2014-06-12,2014,6,2014-15,2014,Final_Report_2014_15.pdf,NWL
12-Jun-14,DEEP BAY,2,1.81,SUMMER,STANDARD31516,P,2014-06-12,2014,6,2014-15,2014,Final_Report_2014_15.pdf,DB
12-Jun-14,DEEP BAY,3,4.53,SUMMER,STANDARD31516,P,2014-06-12,2014,6,2014-15,2014,Final_Report_2014_15.pdf,DB
12-Jun-14,DEEP BAY,2,1.41,SUMMER,STANDARD31516,S,2014-06-12,2014,6,2014-15,2014,Final_Report_2014_15.pdf,DB
12-Jun-14,DEEP BAY,3,0.85,SUMMER,STANDARD31516,S,2014-06-12,2014,6,2014-15,2014,Final_Report_2014_15.pdf,DB
13-Jun-14,W LANTAU,1,5.95,SUMMER,STANDARD31516,P,2014-06-13,2014,6,2014-15,2014,Final_Report_2014_15.pdf,WL
13-Jun-14,W LANTAU,2,11.33,SUMMER,STANDARD31516,P,2014-06-13,2014,6,2014-15,2014,Final_Report_2014_15.pdf,WL
13-Jun-14,W LANTAU,3,4.5,SUMMER,STANDARD31516,P,2014-06-13,2014,6,2014-15,2014,Final_Report_2014_15.pdf,WL
13-Jun-14,W LANTAU,1,4.77,SUMMER,STANDARD31516,S,2014-06-13,2014,6,2014-15,2014,Final_Report_2014_15.pdf,WL
13-Jun-14,W LANTAU,2,3.63,SUMMER,STANDARD31516,S,2014-06-13,2014,6,2014-15,2014,Final_Report_2014_15.pdf,WL
13-Jun-14,W LANTAU,3,1.18,SUMMER,STANDARD31516,S,2014-06-13,2014,6,2014-15,2014,Final_Report_2014_15.pdf,WL
13-Jun-14,W LANTAU,4,0.94,SUMMER,STANDARD31516,S,2014-06-13,2014,6,2014-15,2014,Final_Report_2014_15.pdf,WL
13-Jun-14,SW LANTAU,1,3.03,SUMMER,STANDARD31516,P,2014-06-13,2014,6,2014-15,2014,Final_Report_2014_15.pdf,SWL
13-Jun-14,SW LANTAU,2,5.82,SUMMER,STANDARD31516,P,2014-06-13,2014,6,2014-15,2014,Final_Report_2014_15.pdf,SWL
13-Jun-14,SW LANTAU,3,2.78,SUMMER,STANDARD31516,P,2014-06-13,2014,6,2014-15,2014,Final_Report_2014_15.pdf,SWL
13-Jun-14,SW LANTAU,1,1.77,SUMMER,STANDARD31516,S,2014-06-13,2014,6,2014-15,2014,Final_Report_2014_15.pdf,SWL
13-Jun-14,SW LANTAU,2,3.34,SUMMER,STANDARD31516,S,2014-06-13,2014,6,2014-15,2014,Final_Report_2014_15.pdf,SWL
13-Jun-14,SW LANTAU,3,1.16,SUMMER,STANDARD31516,S,2014-06-13,2014,6,2014-15,2014,Final_Report_2014_15.pdf,SWL
17-Jun-14,W LANTAU,2,2.35,SUMMER,STANDARD31516,S,2014-06-17,2014,6,2014-15,2014,Final_Report_2014_15.pdf,WL
17-Jun-14,W LANTAU,3,7.58,SUMMER,STANDARD31516,S,2014-06-17,2014,6,2014-15,2014,Final_Report_2014_15.pdf,WL
17-Jun-14,W LANTAU,4,0.9,SUMMER,STANDARD31516,S,2014-06-17,2014,6,2014-15,2014,Final_Report_2014_15.pdf,WL
17-Jun-14,SW LANTAU,2,3.86,SUMMER,STANDARD31516,P,2014-06-17,2014,6,2014-15,2014,Final_Report_2014_15.pdf,SWL
17-Jun-14,SW LANTAU,3,19.0,SUMMER,STANDARD31516,P,2014-06-17,2014,6,2014-15,2014,Final_Report_2014_15.pdf,SWL
17-Jun-14,SW LANTAU,4,6.04,SUMMER,STANDARD31516,P,2014-06-17,2014,6,2014-15,2014,Final_Report_2014_15.pdf,SWL
17-Jun-14,SW LANTAU,3,7.59,SUMMER,STANDARD31516,S,2014-06-17,2014,6,2014-15,2014,Final_Report_2014_15.pdf,SWL
17-Jun-14,SE LANTAU,2,1.14,SUMMER,STANDARD31516,P,2014-06-17,2014,6,2014-15,2014,Final_Report_2014_15.pdf,SEL
17-Jun-14,SE LANTAU,3,10.24,SUMMER,STANDARD31516,P,2014-06-17,2014,6,2014-15,2014,Final_Report_2014_15.pdf,SEL
17-Jun-14,SE LANTAU,4,1.45,SUMMER,STANDARD31516,P,2014-06-17,2014,6,2014-15,2014,Final_Report_2014_15.pdf,SEL
17-Jun-14,SE LANTAU,2,2.07,SUMMER,STANDARD31516,S,2014-06-17,2014,6,2014-15,2014,Final_Report_2014_15.pdf,SEL
25-Jun-14,NW LANTAU,2,15.98,SUMMER,STANDARD31516,P,2014-06-25,2014,6,2014-15,2014,Final_Report_2014_15.pdf,NWL
25-Jun-14,NW LANTAU,3,15.09,SUMMER,STANDARD31516,P,2014-06-25,2014,6,2014-15,2014,Final_Report_2014_15.pdf,NWL
25-Jun-14,NW LANTAU,1,1.09,SUMMER,STANDARD31516,S,2014-06-25,2014,6,2014-15,2014,Final_Report_2014_15.pdf,NWL
25-Jun-14,NW LANTAU,3,4.24,SUMMER,STANDARD31516,S,2014-06-25,2014,6,2014-15,2014,Final_Report_2014_15.pdf,NWL
25-Jun-14,DEEP BAY,2,5.33,SUMMER,STANDARD31516,P,2014-06-25,2014,6,2014-15,2014,Final_Report_2014_15.pdf,DB
25-Jun-14,DEEP BAY,3,6.63,SUMMER,STANDARD31516,P,2014-06-25,2014,6,2014-15,2014,Final_Report_2014_15.pdf,DB
25-Jun-14,DEEP BAY,4,1.9,SUMMER,STANDARD31516,P,2014-06-25,2014,6,2014-15,2014,Final_Report_2014_15.pdf,DB
25-Jun-14,DEEP BAY,2,1.86,SUMMER,STANDARD31516,S,2014-06-25,2014,6,2014-15,2014,Final_Report_2014_15.pdf,DB
25-Jun-14,DEEP BAY,3,3.26,SUMMER,STANDARD31516,S,2014-06-25,2014,6,2014-15,2014,Final_Report_2014_15.pdf,DB
25-Jun-14,DEEP BAY,4,0.8,SUMMER,STANDARD31516,S,2014-06-25,2014,6,2014-15,2014,Final_Report_2014_15.pdf,DB
4-Jul-14,NW LANTAU,3,7.07,SUMMER,STANDARD31516,S,2014-07-04,2014,7,2014-15,2014,Final_Report_2014_15.pdf,NWL
4-Jul-14,W LANTAU,2,5.46,SUMMER,STANDARD31516,S,2014-07-04,2014,7,2014-15,2014,Final_Report_2014_15.pdf,WL
4-Jul-14,W LANTAU,3,2.94,SUMMER,STANDARD31516,S,2014-07-04,2014,7,2014-15,2014,Final_Report_2014_15.pdf,WL
7-Jul-14,PO TOI,1,36.35,SUMMER,STANDARD31516,P,2014-07-07,2014,7,2014-15,2014,Final_Report_2014_15.pdf,PT
7-Jul-14,PO TOI,2,31.0,SUMMER,STANDARD31516,P,2014-07-07,2014,7,2014-15,2014,Final_Report_2014_15.pdf,PT
7-Jul-14,PO TOI,3,3.03,SUMMER,STANDARD31516,P,2014-07-07,2014,7,2014-15,2014,Final_Report_2014_15.pdf,PT
7-Jul-14,PO TOI,1,5.82,SUMMER,STANDARD31516,S,2014-07-07,2014,7,2014-15,2014,Final_Report_2014_15.pdf,PT
7-Jul-14,PO TOI,2,10.69,SUMMER,STANDARD31516,S,2014-07-07,2014,7,2014-15,2014,Final_Report_2014_15.pdf,PT
8-Jul-14,NINEPINS,0,1.8,SUMMER,STANDARD31516,P,2014-07-08,2014,7,2014-15,2014,Final_Report_2014_15.pdf,NP
8-Jul-14,NINEPINS,1,33.45,SUMMER,STANDARD31516,P,2014-07-08,2014,7,2014-15,2014,Final_Report_2014_15.pdf,NP
8-Jul-14,NINEPINS,2,19.45,SUMMER,STANDARD31516,P,2014-07-08,2014,7,2014-15,2014,Final_Report_2014_15.pdf,NP
8-Jul-14,NINEPINS,3,13.6,SUMMER,STANDARD31516,P,2014-07-08,2014,7,2014-15,2014,Final_Report_2014_15.pdf,NP
8-Jul-14,NINEPINS,1,6.21,SUMMER,STANDARD31516,S,2014-07-08,2014,7,2014-15,2014,Final_Report_2014_15.pdf,NP
8-Jul-14,NINEPINS,2,3.5,SUMMER,STANDARD31516,S,2014-07-08,2014,7,2014-15,2014,Final_Report_2014_15.pdf,NP
8-Jul-14,NINEPINS,3,1.9,SUMMER,STANDARD31516,S,2014-07-08,2014,7,2014-15,2014,Final_Report_2014_15.pdf,NP
9-Jul-14,W LANTAU,1,5.0,SUMMER,STANDARD31516,S,2014-07-09,2014,7,2014-15,2014,Final_Report_2014_15.pdf,WL
9-Jul-14,W LANTAU,2,0.94,SUMMER,STANDARD31516,S,2014-07-09,2014,7,2014-15,2014,Final_Report_2014_15.pdf,WL
23-Jul-14,NE LANTAU,2,4.16,SUMMER,STANDARD31516,P,2014-07-23,2014,7,2014-15,2014,Final_Report_2014_15.pdf,NEL
23-Jul-14,NE LANTAU,3,16.11,SUMMER,STANDARD31516,P,2014-07-23,2014,7,2014-15,2014,Final_Report_2014_15.pdf,NEL
23-Jul-14,NE LANTAU,2,4.7,SUMMER,STANDARD31516,S,2014-07-23,2014,7,2014-15,2014,Final_Report_2014_15.pdf,NEL
23-Jul-14,NE LANTAU,3,5.73,SUMMER,STANDARD31516,S,2014-07-23,2014,7,2014-15,2014,Final_Report_2014_15.pdf,NEL
23-Jul-14,NW LANTAU,3,11.75,SUMMER,STANDARD31516,P,2014-07-23,2014,7,2014-15,2014,Final_Report_2014_15.pdf,NWL
23-Jul-14,NW LANTAU,4,19.11,SUMMER,STANDARD31516,P,2014-07-23,2014,7,2014-15,2014,Final_Report_2014_15.pdf,NWL
23-Jul-14,NW LANTAU,3,4.84,SUMMER,STANDARD31516,S,2014-07-23,2014,7,2014-15,2014,Final_Report_2014_15.pdf,NWL
23-Jul-14,NW LANTAU,4,3.5,SUMMER,STANDARD31516,S,2014-07-23,2014,7,2014-15,2014,Final_Report_2014_15.pdf,NWL
24-Jul-14,NW LANTAU,3,11.47,SUMMER,STANDARD31516,P,2014-07-24,2014,7,2014-15,2014,Final_Report_2014_15.pdf,NWL
24-Jul-14,NW LANTAU,4,12.59,SUMMER,STANDARD31516,P,2014-07-24,2014,7,2014-15,2014,Final_Report_2014_15.pdf,NWL
24-Jul-14,NW LANTAU,3,9.44,SUMMER,STANDARD31516,S,2014-07-24,2014,7,2014-15,2014,Final_Report_2014_15.pdf,NWL
24-Jul-14,DEEP BAY,3,0.67,SUMMER,STANDARD31516,P,2014-07-24,2014,7,2014-15,2014,Final_Report_2014_15.pdf,DB
24-Jul-14,DEEP BAY,4,9.16,SUMMER,STANDARD31516,P,2014-07-24,2014,7,2014-15,2014,Final_Report_2014_15.pdf,DB
24-Jul-14,DEEP BAY,5,3.3,SUMMER,STANDARD31516,P,2014-07-24,2014,7,2014-15,2014,Final_Report_2014_15.pdf,DB
24-Jul-14,DEEP BAY,3,1.1,SUMMER,STANDARD31516,S,2014-07-24,2014,7,2014-15,2014,Final_Report_2014_15.pdf,DB
24-Jul-14,DEEP BAY,4,3.57,SUMMER,STANDARD31516,S,2014-07-24,2014,7,2014-15,2014,Final_Report_2014_15.pdf,DB
24-Jul-14,DEEP BAY,5,1.7,SUMMER,STANDARD31516,S,2014-07-24,2014,7,2014-15,2014,Final_Report_2014_15.pdf,DB
24-Jul-14,NE LANTAU,1,1.83,SUMMER,STANDARD31516,P,2014-07-24,2014,7,2014-15,2014,Final_Report_2014_15.pdf,NEL
24-Jul-14,NE LANTAU,2,20.61,SUMMER,STANDARD31516,P,2014-07-24,2014,7,2014-15,2014,Final_Report_2014_15.pdf,NEL
24-Jul-14,NE LANTAU,1,0.4,SUMMER,STANDARD31516,S,2014-07-24,2014,7,2014-15,2014,Final_Report_2014_15.pdf,NEL
24-Jul-14,NE LANTAU,2,8.06,SUMMER,STANDARD31516,S,2014-07-24,2014,7,2014-15,2014,Final_Report_2014_15.pdf,NEL
28-Jul-14,SE LANTAU,1,2.47,SUMMER,STANDARD31516,P,2014-07-28,2014,7,2014-15,2014,Final_Report_2014_15.pdf,SEL
28-Jul-14,SE LANTAU,2,16.68,SUMMER,STANDARD31516,P,2014-07-28,2014,7,2014-15,2014,Final_Report_2014_15.pdf,SEL
28-Jul-14,SE LANTAU,3,6.48,SUMMER,STANDARD31516,P,2014-07-28,2014,7,2014-15,2014,Final_Report_2014_15.pdf,SEL
28-Jul-14,SE LANTAU,2,4.57,SUMMER,STANDARD31516,S,2014-07-28,2014,7,2014-15,2014,Final_Report_2014_15.pdf,SEL
28-Jul-14,SE LANTAU,3,3.1,SUMMER,STANDARD31516,S,2014-07-28,2014,7,2014-15,2014,Final_Report_2014_15.pdf,SEL
28-Jul-14,SW LANTAU,2,8.49,SUMMER,STANDARD31516,P,2014-07-28,2014,7,2014-15,2014,Final_Report_2014_15.pdf,SWL
28-Jul-14,SW LANTAU,3,6.19,SUMMER,STANDARD31516,P,2014-07-28,2014,7,2014-15,2014,Final_Report_2014_15.pdf,SWL
28-Jul-14,SW LANTAU,4,0.73,SUMMER,STANDARD31516,P,2014-07-28,2014,7,2014-15,2014,Final_Report_2014_15.pdf,SWL
28-Jul-14,SW LANTAU,2,5.42,SUMMER,STANDARD31516,S,2014-07-28,2014,7,2014-15,2014,Final_Report_2014_15.pdf,SWL
28-Jul-14,SW LANTAU,3,4.37,SUMMER,STANDARD31516,S,2014-07-28,2014,7,2014-15,2014,Final_Report_2014_15.pdf,SWL
28-Jul-14,W LANTAU,2,4.34,SUMMER,STANDARD31516,S,2014-07-28,2014,7,2014-15,2014,Final_Report_2014_15.pdf,WL
28-Jul-14,W LANTAU,3,5.21,SUMMER,STANDARD31516,S,2014-07-28,2014,7,2014-15,2014,Final_Report_2014_15.pdf,WL
29-Jul-14,W LANTAU,1,1.22,SUMMER,STANDARD31516,P,2014-07-29,2014,7,2014-15,2014,Final_Report_2014_15.pdf,WL
29-Jul-14,W LANTAU,2,17.91,SUMMER,STANDARD31516,P,2014-07-29,2014,7,2014-15,2014,Final_Report_2014_15.pdf,WL
29-Jul-14,W LANTAU,3,2.39,SUMMER,STANDARD31516,P,2014-07-29,2014,7,2014-15,2014,Final_Report_2014_15.pdf,WL
29-Jul-14,W LANTAU,1,1.96,SUMMER,STANDARD31516,S,2014-07-29,2014,7,2014-15,2014,Final_Report_2014_15.pdf,WL
29-Jul-14,W LANTAU,2,7.56,SUMMER,STANDARD31516,S,2014-07-29,2014,7,2014-15,2014,Final_Report_2014_15.pdf,WL
29-Jul-14,W LANTAU,3,0.43,SUMMER,STANDARD31516,S,2014-07-29,2014,7,2014-15,2014,Final_Report_2014_15.pdf,WL
29-Jul-14,W LANTAU,4,0.92,SUMMER,STANDARD31516,S,2014-07-29,2014,7,2014-15,2014,Final_Report_2014_15.pdf,WL
29-Jul-14,SW LANTAU,2,1.57,SUMMER,STANDARD31516,P,2014-07-29,2014,7,2014-15,2014,Final_Report_2014_15.pdf,SWL
29-Jul-14,SW LANTAU,3,2.34,SUMMER,STANDARD31516,P,2014-07-29,2014,7,2014-15,2014,Final_Report_2014_15.pdf,SWL
29-Jul-14,SW LANTAU,2,0.36,SUMMER,STANDARD31516,S,2014-07-29,2014,7,2014-15,2014,Final_Report_2014_15.pdf,SWL
29-Jul-14,SW LANTAU,3,8.74,SUMMER,STANDARD31516,S,2014-07-29,2014,7,2014-15,2014,Final_Report_2014_15.pdf,SWL
29-Jul-14,SE LANTAU,2,4.49,SUMMER,STANDARD31516,S,2014-07-29,2014,7,2014-15,2014,Final_Report_2014_15.pdf,SEL
29-Jul-14,SE LANTAU,3,3.26,SUMMER,STANDARD31516,S,2014-07-29,2014,7,2014-15,2014,Final_Report_2014_15.pdf,SEL
30-Jul-14,NINEPINS,2,8.08,SUMMER,STANDARD31516,P,2014-07-30,2014,7,2014-15,2014,Final_Report_2014_15.pdf,NP
30-Jul-14,PO TOI,1,4.4,SUMMER,STANDARD31516,P,2014-07-30,2014,7,2014-15,2014,Final_Report_2014_15.pdf,PT
30-Jul-14,PO TOI,2,53.19,SUMMER,STANDARD31516,P,2014-07-30,2014,7,2014-15,2014,Final_Report_2014_15.pdf,PT
30-Jul-14,PO TOI,3,7.45,SUMMER,STANDARD31516,P,2014-07-30,2014,7,2014-15,2014,Final_Report_2014_15.pdf,PT
30-Jul-14,PO TOI,2,5.16,SUMMER,STANDARD31516,S,2014-07-30,2014,7,2014-15,2014,Final_Report_2014_15.pdf,PT
30-Jul-14,PO TOI,3,2.0,SUMMER,STANDARD31516,S,2014-07-30,2014,7,2014-15,2014,Final_Report_2014_15.pdf,PT
8-Aug-14,NW LANTAU,1,1.52,SUMMER,STANDARD31516,P,2014-08-08,2014,8,2014-15,2014,Final_Report_2014_15.pdf,NWL
8-Aug-14,NW LANTAU,2,9.55,SUMMER,STANDARD31516,P,2014-08-08,2014,8,2014-15,2014,Final_Report_2014_15.pdf,NWL
8-Aug-14,NW LANTAU,3,6.57,SUMMER,STANDARD31516,P,2014-08-08,2014,8,2014-15,2014,Final_Report_2014_15.pdf,NWL
8-Aug-14,NW LANTAU,4,7.55,SUMMER,STANDARD31516,P,2014-08-08,2014,8,2014-15,2014,Final_Report_2014_15.pdf,NWL
8-Aug-14,NW LANTAU,2,2.14,SUMMER,STANDARD31516,S,2014-08-08,2014,8,2014-15,2014,Final_Report_2014_15.pdf,NWL
8-Aug-14,NW LANTAU,3,2.0,SUMMER,STANDARD31516,S,2014-08-08,2014,8,2014-15,2014,Final_Report_2014_15.pdf,NWL
8-Aug-14,NW LANTAU,4,1.98,SUMMER,STANDARD31516,S,2014-08-08,2014,8,2014-15,2014,Final_Report_2014_15.pdf,NWL
8-Aug-14,DEEP BAY,2,1.92,SUMMER,STANDARD31516,P,2014-08-08,2014,8,2014-15,2014,Final_Report_2014_15.pdf,DB
8-Aug-14,DEEP BAY,3,9.81,SUMMER,STANDARD31516,P,2014-08-08,2014,8,2014-15,2014,Final_Report_2014_15.pdf,DB
8-Aug-14,DEEP BAY,4,0.9,SUMMER,STANDARD31516,P,2014-08-08,2014,8,2014-15,2014,Final_Report_2014_15.pdf,DB
8-Aug-14,DEEP BAY,5,0.9,SUMMER,STANDARD31516,P,2014-08-08,2014,8,2014-15,2014,Final_Report_2014_15.pdf,DB
8-Aug-14,DEEP BAY,3,4.57,SUMMER,STANDARD31516,S,2014-08-08,2014,8,2014-15,2014,Final_Report_2014_15.pdf,DB
8-Aug-14,DEEP BAY,4,1.6,SUMMER,STANDARD31516,S,2014-08-08,2014,8,2014-15,2014,Final_Report_2014_15.pdf,DB
8-Aug-14,NE LANTAU,2,10.86,SUMMER,STANDARD31516,P,2014-08-08,2014,8,2014-15,2014,Final_Report_2014_15.pdf,NEL
8-Aug-14,NE LANTAU,3,1.27,SUMMER,STANDARD31516,P,2014-08-08,2014,8,2014-15,2014,Final_Report_2014_15.pdf,NEL
8-Aug-14,NE LANTAU,2,7.12,SUMMER,STANDARD31516,S,2014-08-08,2014,8,2014-15,2014,Final_Report_2014_15.pdf,NEL
8-Aug-14,NE LANTAU,3,0.85,SUMMER,STANDARD31516,S,2014-08-08,2014,8,2014-15,2014,Final_Report_2014_15.pdf,NEL
21-Aug-14,NE LANTAU,2,15.57,SUMMER,STANDARD31516,P,2014-08-21,2014,8,2014-15,2014,Final_Report_2014_15.pdf,NEL
21-Aug-14,NE LANTAU,3,1.7,SUMMER,STANDARD31516,P,2014-08-21,2014,8,2014-15,2014,Final_Report_2014_15.pdf,NEL
21-Aug-14,NE LANTAU,1,1.1,SUMMER,STANDARD31516,S,2014-08-21,2014,8,2014-15,2014,Final_Report_2014_15.pdf,NEL
21-Aug-14,NE LANTAU,2,7.13,SUMMER,STANDARD31516,S,2014-08-21,2014,8,2014-15,2014,Final_Report_2014_15.pdf,NEL
21-Aug-14,NE LANTAU,3,1.7,SUMMER,STANDARD31516,S,2014-08-21,2014,8,2014-15,2014,Final_Report_2014_15.pdf,NEL
21-Aug-14,NW LANTAU,2,3.14,SUMMER,STANDARD31516,P,2014-08-21,2014,8,2014-15,2014,Final_Report_2014_15.pdf,NWL
21-Aug-14,NW LANTAU,3,19.86,SUMMER,STANDARD31516,P,2014-08-21,2014,8,2014-15,2014,Final_Report_2014_15.pdf,NWL
21-Aug-14,NW LANTAU,2,3.93,SUMMER,STANDARD31516,S,2014-08-21,2014,8,2014-15,2014,Final_Report_2014_15.pdf,NWL
21-Aug-14,NW LANTAU,3,2.69,SUMMER,STANDARD31516,S,2014-08-21,2014,8,2014-15,2014,Final_Report_2014_15.pdf,NWL
21-Aug-14,DEEP BAY,2,8.29,SUMMER,STANDARD31516,P,2014-08-21,2014,8,2014-15,2014,Final_Report_2014_15.pdf,DB
21-Aug-14,DEEP BAY,3,5.11,SUMMER,STANDARD31516,P,2014-08-21,2014,8,2014-15,2014,Final_Report_2014_15.pdf,DB
21-Aug-14,DEEP BAY,2,3.91,SUMMER,STANDARD31516,S,2014-08-21,2014,8,2014-15,2014,Final_Report_2014_15.pdf,DB
21-Aug-14,DEEP BAY,3,2.29,SUMMER,STANDARD31516,S,2014-08-21,2014,8,2014-15,2014,Final_Report_2014_15.pdf,DB
22-Aug-14,SW LANTAU,2,3.76,SUMMER,STANDARD31516,P,2014-08-22,2014,8,2014-15,2014,Final_Report_2014_15.pdf,SWL
22-Aug-14,SW LANTAU,3,4.24,SUMMER,STANDARD31516,P,2014-08-22,2014,8,2014-15,2014,Final_Report_2014_15.pdf,SWL
22-Aug-14,SW LANTAU,2,8.09,SUMMER,STANDARD31516,S,2014-08-22,2014,8,2014-15,2014,Final_Report_2014_15.pdf,SWL
25-Aug-14,SAI KUNG,2,39.0,SUMMER,STANDARD31516,P,2014-08-25,2014,8,2014-15,2014,Final_Report_2014_15.pdf,SK
25-Aug-14,SAI KUNG,2,16.0,SUMMER,STANDARD31516,S,2014-08-25,2014,8,2014-15,2014,Final_Report_2014_15.pdf,SK
25-Aug-14,NINEPINS,2,15.54,SUMMER,STANDARD31516,P,2014-08-25,2014,8,2014-15,2014,Final_Report_2014_15.pdf,NP
25-Aug-14,NINEPINS,3,12.76,SUMMER,STANDARD31516,P,2014-08-25,2014,8,2014-15,2014,Final_Report_2014_15.pdf,NP
25-Aug-14,NINEPINS,1,1.7,SUMMER,STANDARD31516,S,2014-08-25,2014,8,2014-15,2014,Final_Report_2014_15.pdf,NP
25-Aug-14,NINEPINS,2,2.0,SUMMER,STANDARD31516,S,2014-08-25,2014,8,2014-15,2014,Final_Report_2014_15.pdf,NP
25-Aug-14,NINEPINS,3,2.1,SUMMER,STANDARD31516,S,2014-08-25,2014,8,2014-15,2014,Final_Report_2014_15.pdf,NP
26-Aug-14,NINEPINS,2,3.12,SUMMER,STANDARD31516,P,2014-08-26,2014,8,2014-15,2014,Final_Report_2014_15.pdf,NP
26-Aug-14,NINEPINS,3,31.85,SUMMER,STANDARD31516,P,2014-08-26,2014,8,2014-15,2014,Final_Report_2014_15.pdf,NP
26-Aug-14,NINEPINS,3,2.0,SUMMER,STANDARD31516,S,2014-08-26,2014,8,2014-15,2014,Final_Report_2014_15.pdf,NP
26-Aug-14,PO TOI,2,5.1,SUMMER,STANDARD31516,P,2014-08-26,2014,8,2014-15,2014,Final_Report_2014_15.pdf,PT
26-Aug-14,PO TOI,3,23.72,SUMMER,STANDARD31516,P,2014-08-26,2014,8,2014-15,2014,Final_Report_2014_15.pdf,PT
26-Aug-14,PO TOI,4,5.56,SUMMER,STANDARD31516,P,2014-08-26,2014,8,2014-15,2014,Final_Report_2014_15.pdf,PT
26-Aug-14,PO TOI,2,6.3,SUMMER,STANDARD31516,S,2014-08-26,2014,8,2014-15,2014,Final_Report_2014_15.pdf,PT
26-Aug-14,PO TOI,3,9.42,SUMMER,STANDARD31516,S,2014-08-26,2014,8,2014-15,2014,Final_Report_2014_15.pdf,PT
27-Aug-14,W LANTAU,2,0.52,SUMMER,STANDARD31516,S,2014-08-27,2014,8,2014-15,2014,Final_Report_2014_15.pdf,WL
27-Aug-14,W LANTAU,3,7.23,SUMMER,STANDARD31516,S,2014-08-27,2014,8,2014-15,2014,Final_Report_2014_15.pdf,WL
27-Aug-14,NW LANTAU,2,1.23,SUMMER,STANDARD31516,P,2014-08-27,2014,8,2014-15,2014,Final_Report_2014_15.pdf,NWL
27-Aug-14,NW LANTAU,3,8.55,SUMMER,STANDARD31516,P,2014-08-27,2014,8,2014-15,2014,Final_Report_2014_15.pdf,NWL
27-Aug-14,NW LANTAU,4,7.15,SUMMER,STANDARD31516,P,2014-08-27,2014,8,2014-15,2014,Final_Report_2014_15.pdf,NWL
27-Aug-14,NW LANTAU,3,5.47,SUMMER,STANDARD31516,S,2014-08-27,2014,8,2014-15,2014,Final_Report_2014_15.pdf,NWL
27-Aug-14,NW LANTAU,4,1.4,SUMMER,STANDARD31516,S,2014-08-27,2014,8,2014-15,2014,Final_Report_2014_15.pdf,NWL
28-Aug-14,NW LANTAU,2,4.4,SUMMER,STANDARD31516,P,2014-08-28,2014,8,2014-15,2014,Final_Report_2014_15.pdf,NWL
28-Aug-14,NW LANTAU,3,17.76,SUMMER,STANDARD31516,P,2014-08-28,2014,8,2014-15,2014,Final_Report_2014_15.pdf,NWL
28-Aug-14,NW LANTAU,4,3.32,SUMMER,STANDARD31516,P,2014-08-28,2014,8,2014-15,2014,Final_Report_2014_15.pdf,NWL
28-Aug-14,NW LANTAU,2,3.96,SUMMER,STANDARD31516,S,2014-08-28,2014,8,2014-15,2014,Final_Report_2014_15.pdf,NWL
28-Aug-14,NW LANTAU,3,3.03,SUMMER,STANDARD31516,S,2014-08-28,2014,8,2014-15,2014,Final_Report_2014_15.pdf,NWL
28-Aug-14,NW LANTAU,4,1.29,SUMMER,STANDARD31516,S,2014-08-28,2014,8,2014-15,2014,Final_Report_2014_15.pdf,NWL
28-Aug-14,NE LANTAU,2,4.2,SUMMER,STANDARD31516,P,2014-08-28,2014,8,2014-15,2014,Final_Report_2014_15.pdf,NEL
28-Aug-14,NE LANTAU,3,19.01,SUMMER,STANDARD31516,P,2014-08-28,2014,8,2014-15,2014,Final_Report_2014_15.pdf,NEL
28-Aug-14,NE LANTAU,4,8.66,SUMMER,STANDARD31516,P,2014-08-28,2014,8,2014-15,2014,Final_Report_2014_15.pdf,NEL
28-Aug-14,NE LANTAU,2,2.2,SUMMER,STANDARD31516,S,2014-08-28,2014,8,2014-15,2014,Final_Report_2014_15.pdf,NEL
28-Aug-14,NE LANTAU,3,7.93,SUMMER,STANDARD31516,S,2014-08-28,2014,8,2014-15,2014,Final_Report_2014_15.pdf,NEL
3-Sep-14,PO TOI,2,13.6,AUTUMN,STANDARD31516,P,2014-09-03,2014,9,2014-15,2014,Final_Report_2014_15.pdf,PT
3-Sep-14,PO TOI,3,33.2,AUTUMN,STANDARD31516,P,2014-09-03,2014,9,2014-15,2014,Final_Report_2014_15.pdf,PT
3-Sep-14,PO TOI,2,2.1,AUTUMN,STANDARD31516,S,2014-09-03,2014,9,2014-15,2014,Final_Report_2014_15.pdf,PT
3-Sep-14,PO TOI,3,7.32,AUTUMN,STANDARD31516,S,2014-09-03,2014,9,2014-15,2014,Final_Report_2014_15.pdf,PT
3-Sep-14,NINEPINS,2,0.8,AUTUMN,STANDARD31516,P,2014-09-03,2014,9,2014-15,2014,Final_Report_2014_15.pdf,NP
3-Sep-14,NINEPINS,3,27.47,AUTUMN,STANDARD31516,P,2014-09-03,2014,9,2014-15,2014,Final_Report_2014_15.pdf,NP
3-Sep-14,NINEPINS,4,3.1,AUTUMN,STANDARD31516,P,2014-09-03,2014,9,2014-15,2014,Final_Report_2014_15.pdf,NP
3-Sep-14,NINEPINS,3,4.03,AUTUMN,STANDARD31516,S,2014-09-03,2014,9,2014-15,2014,Final_Report_2014_15.pdf,NP
4-Sep-14,SAI KUNG,1,6.9,AUTUMN,STANDARD31516,P,2014-09-04,2014,9,2014-15,2014,Final_Report_2014_15.pdf,SK
4-Sep-14,SAI KUNG,2,23.5,AUTUMN,STANDARD31516,P,2014-09-04,2014,9,2014-15,2014,Final_Report_2014_15.pdf,SK
4-Sep-14,SAI KUNG,3,6.23,AUTUMN,STANDARD31516,P,2014-09-04,2014,9,2014-15,2014,Final_Report_2014_15.pdf,SK
4-Sep-14,SAI KUNG,1,2.0,AUTUMN,STANDARD31516,S,2014-09-04,2014,9,2014-15,2014,Final_Report_2014_15.pdf,SK
4-Sep-14,SAI KUNG,2,5.17,AUTUMN,STANDARD31516,S,2014-09-04,2014,9,2014-15,2014,Final_Report_2014_15.pdf,SK
4-Sep-14,NINEPINS,1,6.21,AUTUMN,STANDARD31516,P,2014-09-04,2014,9,2014-15,2014,Final_Report_2014_15.pdf,NP
4-Sep-14,NINEPINS,2,16.8,AUTUMN,STANDARD31516,P,2014-09-04,2014,9,2014-15,2014,Final_Report_2014_15.pdf,NP
4-Sep-14,NINEPINS,1,1.75,AUTUMN,STANDARD31516,S,2014-09-04,2014,9,2014-15,2014,Final_Report_2014_15.pdf,NP
4-Sep-14,NINEPINS,2,1.94,AUTUMN,STANDARD31516,S,2014-09-04,2014,9,2014-15,2014,Final_Report_2014_15.pdf,NP
10-Sep-14,W LANTAU,2,8.17,AUTUMN,STANDARD31516,S,2014-09-10,2014,9,2014-15,2014,Final_Report_2014_15.pdf,WL
10-Sep-14,W LANTAU,3,1.16,AUTUMN,STANDARD31516,S,2014-09-10,2014,9,2014-15,2014,Final_Report_2014_15.pdf,WL
12-Sep-14,SE LANTAU,2,9.33,AUTUMN,STANDARD31516,P,2014-09-12,2014,9,2014-15,2014,Final_Report_2014_15.pdf,SEL
12-Sep-14,SE LANTAU,3,6.69,AUTUMN,STANDARD31516,P,2014-09-12,2014,9,2014-15,2014,Final_Report_2014_15.pdf,SEL
12-Sep-14,SE LANTAU,4,2.0,AUTUMN,STANDARD31516,P,2014-09-12,2014,9,2014-15,2014,Final_Report_2014_15.pdf,SEL
12-Sep-14,SE LANTAU,2,3.72,AUTUMN,STANDARD31516,S,2014-09-12,2014,9,2014-15,2014,Final_Report_2014_15.pdf,SEL
12-Sep-14,SE LANTAU,3,5.9,AUTUMN,STANDARD31516,S,2014-09-12,2014,9,2014-15,2014,Final_Report_2014_15.pdf,SEL
12-Sep-14,SE LANTAU,4,4.24,AUTUMN,STANDARD31516,S,2014-09-12,2014,9,2014-15,2014,Final_Report_2014_15.pdf,SEL
12-Sep-14,SW LANTAU,2,3.61,AUTUMN,STANDARD31516,P,2014-09-12,2014,9,2014-15,2014,Final_Report_2014_15.pdf,SWL
12-Sep-14,SW LANTAU,3,18.2,AUTUMN,STANDARD31516,P,2014-09-12,2014,9,2014-15,2014,Final_Report_2014_15.pdf,SWL
12-Sep-14,SW LANTAU,4,2.18,AUTUMN,STANDARD31516,P,2014-09-12,2014,9,2014-15,2014,Final_Report_2014_15.pdf,SWL
12-Sep-14,SW LANTAU,2,2.26,AUTUMN,STANDARD31516,S,2014-09-12,2014,9,2014-15,2014,Final_Report_2014_15.pdf,SWL
12-Sep-14,SW LANTAU,3,10.79,AUTUMN,STANDARD31516,S,2014-09-12,2014,9,2014-15,2014,Final_Report_2014_15.pdf,SWL
23-Sep-14,W LANTAU,2,9.6,AUTUMN,STANDARD31516,S,2014-09-23,2014,9,2014-15,2014,Final_Report_2014_15.pdf,WL
23-Sep-14,W LANTAU,3,0.22,AUTUMN,STANDARD31516,S,2014-09-23,2014,9,2014-15,2014,Final_Report_2014_15.pdf,WL
25-Sep-14,SE LANTAU,1,5.5,AUTUMN,STANDARD31516,P,2014-09-25,2014,9,2014-15,2014,Final_Report_2014_15.pdf,SEL
25-Sep-14,SE LANTAU,2,13.34,AUTUMN,STANDARD31516,P,2014-09-25,2014,9,2014-15,2014,Final_Report_2014_15.pdf,SEL
25-Sep-14,SE LANTAU,1,2.04,AUTUMN,STANDARD31516,S,2014-09-25,2014,9,2014-15,2014,Final_Report_2014_15.pdf,SEL
25-Sep-14,SE LANTAU,2,4.34,AUTUMN,STANDARD31516,S,2014-09-25,2014,9,2014-15,2014,Final_Report_2014_15.pdf,SEL
25-Sep-14,SW LANTAU,2,6.32,AUTUMN,STANDARD31516,P,2014-09-25,2014,9,2014-15,2014,Final_Report_2014_15.pdf,SWL
25-Sep-14,SW LANTAU,3,0.52,AUTUMN,STANDARD31516,P,2014-09-25,2014,9,2014-15,2014,Final_Report_2014_15.pdf,SWL
25-Sep-14,SW LANTAU,2,4.52,AUTUMN,STANDARD31516,S,2014-09-25,2014,9,2014-15,2014,Final_Report_2014_15.pdf,SWL
25-Sep-14,SW LANTAU,3,1.15,AUTUMN,STANDARD31516,S,2014-09-25,2014,9,2014-15,2014,Final_Report_2014_15.pdf,SWL
25-Sep-14,W LANTAU,2,5.73,AUTUMN,STANDARD31516,S,2014-09-25,2014,9,2014-15,2014,Final_Report_2014_15.pdf,WL
25-Sep-14,W LANTAU,3,3.79,AUTUMN,STANDARD31516,S,2014-09-25,2014,9,2014-15,2014,Final_Report_2014_15.pdf,WL
8-Oct-14,SW LANTAU,2,12.1,AUTUMN,STANDARD31516,P,2014-10-08,2014,10,2014-15,2014,Final_Report_2014_15.pdf,SWL
8-Oct-14,SW LANTAU,2,7.51,AUTUMN,STANDARD31516,S,2014-10-08,2014,10,2014-15,2014,Final_Report_2014_15.pdf,SWL
9-Oct-14,NE LANTAU,2,13.58,AUTUMN,STANDARD31516,P,2014-10-09,2014,10,2014-15,2014,Final_Report_2014_15.pdf,NEL
9-Oct-14,NE LANTAU,3,3.69,AUTUMN,STANDARD31516,P,2014-10-09,2014,10,2014-15,2014,Final_Report_2014_15.pdf,NEL
9-Oct-14,NE LANTAU,2,7.68,AUTUMN,STANDARD31516,S,2014-10-09,2014,10,2014-15,2014,Final_Report_2014_15.pdf,NEL
9-Oct-14,NE LANTAU,3,2.26,AUTUMN,STANDARD31516,S,2014-10-09,2014,10,2014-15,2014,Final_Report_2014_15.pdf,NEL
9-Oct-14,NW LANTAU,2,12.95,AUTUMN,STANDARD31516,P,2014-10-09,2014,10,2014-15,2014,Final_Report_2014_15.pdf,NWL
9-Oct-14,NW LANTAU,3,1.75,AUTUMN,STANDARD31516,P,2014-10-09,2014,10,2014-15,2014,Final_Report_2014_15.pdf,NWL
9-Oct-14,NW LANTAU,2,7.22,AUTUMN,STANDARD31516,S,2014-10-09,2014,10,2014-15,2014,Final_Report_2014_15.pdf,NWL
9-Oct-14,NW LANTAU,3,2.15,AUTUMN,STANDARD31516,S,2014-10-09,2014,10,2014-15,2014,Final_Report_2014_15.pdf,NWL
9-Oct-14,DEEP BAY,2,9.86,AUTUMN,STANDARD31516,P,2014-10-09,2014,10,2014-15,2014,Final_Report_2014_15.pdf,DB
9-Oct-14,DEEP BAY,3,2.25,AUTUMN,STANDARD31516,P,2014-10-09,2014,10,2014-15,2014,Final_Report_2014_15.pdf,DB
9-Oct-14,DEEP BAY,2,3.78,AUTUMN,STANDARD31516,S,2014-10-09,2014,10,2014-15,2014,Final_Report_2014_15.pdf,DB
9-Oct-14,DEEP BAY,3,2.29,AUTUMN,STANDARD31516,S,2014-10-09,2014,10,2014-15,2014,Final_Report_2014_15.pdf,DB
10-Oct-14,W LANTAU,3,6.36,AUTUMN,STANDARD31516,S,2014-10-10,2014,10,2014-15,2014,Final_Report_2014_15.pdf,WL
10-Oct-14,W LANTAU,4,3.1,AUTUMN,STANDARD31516,S,2014-10-10,2014,10,2014-15,2014,Final_Report_2014_15.pdf,WL
10-Oct-14,SW LANTAU,2,13.32,AUTUMN,STANDARD31516,P,2014-10-10,2014,10,2014-15,2014,Final_Report_2014_15.pdf,SWL
10-Oct-14,SW LANTAU,3,5.21,AUTUMN,STANDARD31516,P,2014-10-10,2014,10,2014-15,2014,Final_Report_2014_15.pdf,SWL
10-Oct-14,SW LANTAU,4,1.91,AUTUMN,STANDARD31516,P,2014-10-10,2014,10,2014-15,2014,Final_Report_2014_15.pdf,SWL
10-Oct-14,SW LANTAU,2,4.86,AUTUMN,STANDARD31516,S,2014-10-10,2014,10,2014-15,2014,Final_Report_2014_15.pdf,SWL
10-Oct-14,SW LANTAU,3,4.06,AUTUMN,STANDARD31516,S,2014-10-10,2014,10,2014-15,2014,Final_Report_2014_15.pdf,SWL
10-Oct-14,SE LANTAU,1,2.07,AUTUMN,STANDARD31516,P,2014-10-10,2014,10,2014-15,2014,Final_Report_2014_15.pdf,SEL
10-Oct-14,SE LANTAU,2,12.33,AUTUMN,STANDARD31516,P,2014-10-10,2014,10,2014-15,2014,Final_Report_2014_15.pdf,SEL
10-Oct-14,SE LANTAU,2,6.09,AUTUMN,STANDARD31516,S,2014-10-10,2014,10,2014-15,2014,Final_Report_2014_15.pdf,SEL
15-Oct-14,NW LANTAU,2,15.98,AUTUMN,STANDARD31516,P,2014-10-15,2014,10,2014-15,2014,Final_Report_2014_15.pdf,NWL
15-Oct-14,NW LANTAU,3,6.84,AUTUMN,STANDARD31516,P,2014-10-15,2014,10,2014-15,2014,Final_Report_2014_15.pdf,NWL
15-Oct-14,NW LANTAU,2,7.57,AUTUMN,STANDARD31516,S,2014-10-15,2014,10,2014-15,2014,Final_Report_2014_15.pdf,NWL
15-Oct-14,NW LANTAU,3,0.67,AUTUMN,STANDARD31516,S,2014-10-15,2014,10,2014-15,2014,Final_Report_2014_15.pdf,NWL
21-Oct-14,PO TOI,1,10.59,AUTUMN,STANDARD31516,P,2014-10-21,2014,10,2014-15,2014,Final_Report_2014_15.pdf,PT
21-Oct-14,PO TOI,2,39.19,AUTUMN,STANDARD31516,P,2014-10-21,2014,10,2014-15,2014,Final_Report_2014_15.pdf,PT
21-Oct-14,PO TOI,2,5.52,AUTUMN,STANDARD31516,S,2014-10-21,2014,10,2014-15,2014,Final_Report_2014_15.pdf,PT
21-Oct-14,NINEPINS,2,27.1,AUTUMN,STANDARD31516,P,2014-10-21,2014,10,2014-15,2014,Final_Report_2014_15.pdf,NP
21-Oct-14,NINEPINS,2,2.1,AUTUMN,STANDARD31516,S,2014-10-21,2014,10,2014-15,2014,Final_Report_2014_15.pdf,NP
22-Oct-14,W LANTAU,2,0.73,AUTUMN,STANDARD31516,S,2014-10-22,2014,10,2014-15,2014,Final_Report_2014_15.pdf,WL
22-Oct-14,W LANTAU,3,7.74,AUTUMN,STANDARD31516,S,2014-10-22,2014,10,2014-15,2014,Final_Report_2014_15.pdf,WL
22-Oct-14,W LANTAU,4,1.54,AUTUMN,STANDARD31516,S,2014-10-22,2014,10,2014-15,2014,Final_Report_2014_15.pdf,WL
22-Oct-14,NE LANTAU,2,8.82,AUTUMN,STANDARD31516,P,2014-10-22,2014,10,2014-15,2014,Final_Report_2014_15.pdf,NEL
22-Oct-14,NE LANTAU,3,4.99,AUTUMN,STANDARD31516,P,2014-10-22,2014,10,2014-15,2014,Final_Report_2014_15.pdf,NEL
22-Oct-14,NE LANTAU,2,6.09,AUTUMN,STANDARD31516,S,2014-10-22,2014,10,2014-15,2014,Final_Report_2014_15.pdf,NEL
22-Oct-14,NE LANTAU,3,0.6,AUTUMN,STANDARD31516,S,2014-10-22,2014,10,2014-15,2014,Final_Report_2014_15.pdf,NEL
24-Oct-14,NW LANTAU,2,12.75,AUTUMN,STANDARD31516,P,2014-10-24,2014,10,2014-15,2014,Final_Report_2014_15.pdf,NWL
24-Oct-14,NW LANTAU,3,17.6,AUTUMN,STANDARD31516,P,2014-10-24,2014,10,2014-15,2014,Final_Report_2014_15.pdf,NWL
24-Oct-14,NW LANTAU,2,4.07,AUTUMN,STANDARD31516,S,2014-10-24,2014,10,2014-15,2014,Final_Report_2014_15.pdf,NWL
24-Oct-14,NE LANTAU,2,12.25,AUTUMN,STANDARD31516,P,2014-10-24,2014,10,2014-15,2014,Final_Report_2014_15.pdf,NEL
24-Oct-14,NE LANTAU,3,6.51,AUTUMN,STANDARD31516,P,2014-10-24,2014,10,2014-15,2014,Final_Report_2014_15.pdf,NEL
24-Oct-14,NE LANTAU,2,8.34,AUTUMN,STANDARD31516,S,2014-10-24,2014,10,2014-15,2014,Final_Report_2014_15.pdf,NEL
24-Oct-14,NE LANTAU,3,1.92,AUTUMN,STANDARD31516,S,2014-10-24,2014,10,2014-15,2014,Final_Report_2014_15.pdf,NEL
24-Oct-14,DEEP BAY,2,4.9,AUTUMN,STANDARD31516,P,2014-10-24,2014,10,2014-15,2014,Final_Report_2014_15.pdf,DB
24-Oct-14,DEEP BAY,3,8.39,AUTUMN,STANDARD31516,P,2014-10-24,2014,10,2014-15,2014,Final_Report_2014_15.pdf,DB
24-Oct-14,DEEP BAY,2,6.34,AUTUMN,STANDARD31516,S,2014-10-24,2014,10,2014-15,2014,Final_Report_2014_15.pdf,DB
30-Oct-14,NW LANTAU,2,2.67,AUTUMN,STANDARD31516,P,2014-10-30,2014,10,2014-15,2014,Final_Report_2014_15.pdf,NWL
30-Oct-14,NW LANTAU,3,29.85,AUTUMN,STANDARD31516,P,2014-10-30,2014,10,2014-15,2014,Final_Report_2014_15.pdf,NWL
30-Oct-14,NW LANTAU,2,3.77,AUTUMN,STANDARD31516,S,2014-10-30,2014,10,2014-15,2014,Final_Report_2014_15.pdf,NWL
30-Oct-14,NW LANTAU,3,6.96,AUTUMN,STANDARD31516,S,2014-10-30,2014,10,2014-15,2014,Final_Report_2014_15.pdf,NWL
30-Oct-14,W LANTAU,2,4.04,AUTUMN,STANDARD31516,P,2014-10-30,2014,10,2014-15,2014,Final_Report_2014_15.pdf,WL
30-Oct-14,W LANTAU,3,3.21,AUTUMN,STANDARD31516,P,2014-10-30,2014,10,2014-15,2014,Final_Report_2014_15.pdf,WL
30-Oct-14,W LANTAU,2,12.56,AUTUMN,STANDARD31516,S,2014-10-30,2014,10,2014-15,2014,Final_Report_2014_15.pdf,WL
30-Oct-14,W LANTAU,3,0.32,AUTUMN,STANDARD31516,S,2014-10-30,2014,10,2014-15,2014,Final_Report_2014_15.pdf,WL
31-Oct-14,W LANTAU,1,2.31,AUTUMN,STANDARD31516,S,2014-10-31,2014,10,2014-15,2014,Final_Report_2014_15.pdf,WL
31-Oct-14,W LANTAU,2,7.76,AUTUMN,STANDARD31516,S,2014-10-31,2014,10,2014-15,2014,Final_Report_2014_15.pdf,WL
31-Oct-14,W LANTAU,3,0.83,AUTUMN,STANDARD31516,S,2014-10-31,2014,10,2014-15,2014,Final_Report_2014_15.pdf,WL
31-Oct-14,SW LANTAU,2,5.28,AUTUMN,STANDARD31516,P,2014-10-31,2014,10,2014-15,2014,Final_Report_2014_15.pdf,SWL
31-Oct-14,SW LANTAU,3,12.91,AUTUMN,STANDARD31516,P,2014-10-31,2014,10,2014-15,2014,Final_Report_2014_15.pdf,SWL
31-Oct-14,SW LANTAU,4,0.64,AUTUMN,STANDARD31516,P,2014-10-31,2014,10,2014-15,2014,Final_Report_2014_15.pdf,SWL
31-Oct-14,SW LANTAU,2,4.0,AUTUMN,STANDARD31516,S,2014-10-31,2014,10,2014-15,2014,Final_Report_2014_15.pdf,SWL
31-Oct-14,SW LANTAU,3,8.16,AUTUMN,STANDARD31516,S,2014-10-31,2014,10,2014-15,2014,Final_Report_2014_15.pdf,SWL
31-Oct-14,SW LANTAU,4,1.47,AUTUMN,STANDARD31516,S,2014-10-31,2014,10,2014-15,2014,Final_Report_2014_15.pdf,SWL
31-Oct-14,SE LANTAU,3,13.72,AUTUMN,STANDARD31516,P,2014-10-31,2014,10,2014-15,2014,Final_Report_2014_15.pdf,SEL
31-Oct-14,SE LANTAU,2,1.51,AUTUMN,STANDARD31516,S,2014-10-31,2014,10,2014-15,2014,Final_Report_2014_15.pdf,SEL
31-Oct-14,SE LANTAU,3,5.41,AUTUMN,STANDARD31516,S,2014-10-31,2014,10,2014-15,2014,Final_Report_2014_15.pdf,SEL
31-Oct-14,SE LANTAU,4,2.06,AUTUMN,STANDARD31516,S,2014-10-31,2014,10,2014-15,2014,Final_Report_2014_15.pdf,SEL
5-Nov-14,W LANTAU,2,3.1,AUTUMN,STANDARD31516,S,2014-11-05,2014,11,2014-15,2014,Final_Report_2014_15.pdf,WL
5-Nov-14,W LANTAU,3,4.95,AUTUMN,STANDARD31516,S,2014-11-05,2014,11,2014-15,2014,Final_Report_2014_15.pdf,WL
5-Nov-14,W LANTAU,4,2.46,AUTUMN,STANDARD31516,S,2014-11-05,2014,11,2014-15,2014,Final_Report_2014_15.pdf,WL
5-Nov-14,NW LANTAU,2,8.0,AUTUMN,STANDARD31516,P,2014-11-05,2014,11,2014-15,2014,Final_Report_2014_15.pdf,NWL
5-Nov-14,NW LANTAU,3,7.71,AUTUMN,STANDARD31516,P,2014-11-05,2014,11,2014-15,2014,Final_Report_2014_15.pdf,NWL
5-Nov-14,NW LANTAU,2,1.79,AUTUMN,STANDARD31516,S,2014-11-05,2014,11,2014-15,2014,Final_Report_2014_15.pdf,NWL
5-Nov-14,NW LANTAU,3,4.8,AUTUMN,STANDARD31516,S,2014-11-05,2014,11,2014-15,2014,Final_Report_2014_15.pdf,NWL
6-Nov-14,W LANTAU,1,2.96,AUTUMN,STANDARD31516,S,2014-11-06,2014,11,2014-15,2014,Final_Report_2014_15.pdf,WL
6-Nov-14,W LANTAU,2,5.93,AUTUMN,STANDARD31516,S,2014-11-06,2014,11,2014-15,2014,Final_Report_2014_15.pdf,WL
6-Nov-14,SW LANTAU,2,8.5,AUTUMN,STANDARD31516,P,2014-11-06,2014,11,2014-15,2014,Final_Report_2014_15.pdf,SWL
6-Nov-14,SW LANTAU,3,4.93,AUTUMN,STANDARD31516,P,2014-11-06,2014,11,2014-15,2014,Final_Report_2014_15.pdf,SWL
6-Nov-14,SW LANTAU,1,2.64,AUTUMN,STANDARD31516,S,2014-11-06,2014,11,2014-15,2014,Final_Report_2014_15.pdf,SWL
6-Nov-14,SW LANTAU,2,3.54,AUTUMN,STANDARD31516,S,2014-11-06,2014,11,2014-15,2014,Final_Report_2014_15.pdf,SWL
6-Nov-14,SW LANTAU,3,2.08,AUTUMN,STANDARD31516,S,2014-11-06,2014,11,2014-15,2014,Final_Report_2014_15.pdf,SWL
6-Nov-14,SE LANTAU,2,18.58,AUTUMN,STANDARD31516,P,2014-11-06,2014,11,2014-15,2014,Final_Report_2014_15.pdf,SEL
6-Nov-14,SE LANTAU,3,6.68,AUTUMN,STANDARD31516,P,2014-11-06,2014,11,2014-15,2014,Final_Report_2014_15.pdf,SEL
6-Nov-14,SE LANTAU,2,3.01,AUTUMN,STANDARD31516,S,2014-11-06,2014,11,2014-15,2014,Final_Report_2014_15.pdf,SEL
6-Nov-14,SE LANTAU,3,4.03,AUTUMN,STANDARD31516,S,2014-11-06,2014,11,2014-15,2014,Final_Report_2014_15.pdf,SEL
11-Nov-14,W LANTAU,2,10.47,AUTUMN,STANDARD31516,P,2014-11-11,2014,11,2014-15,2014,Final_Report_2014_15.pdf,WL
11-Nov-14,W LANTAU,3,10.17,AUTUMN,STANDARD31516,P,2014-11-11,2014,11,2014-15,2014,Final_Report_2014_15.pdf,WL
11-Nov-14,W LANTAU,2,10.28,AUTUMN,STANDARD31516,S,2014-11-11,2014,11,2014-15,2014,Final_Report_2014_15.pdf,WL
11-Nov-14,W LANTAU,3,10.4,AUTUMN,STANDARD31516,S,2014-11-11,2014,11,2014-15,2014,Final_Report_2014_15.pdf,WL
11-Nov-14,NW LANTAU,2,4.78,AUTUMN,STANDARD31516,P,2014-11-11,2014,11,2014-15,2014,Final_Report_2014_15.pdf,NWL
11-Nov-14,NW LANTAU,3,17.81,AUTUMN,STANDARD31516,P,2014-11-11,2014,11,2014-15,2014,Final_Report_2014_15.pdf,NWL
11-Nov-14,NW LANTAU,4,0.6,AUTUMN,STANDARD31516,P,2014-11-11,2014,11,2014-15,2014,Final_Report_2014_15.pdf,NWL
11-Nov-14,NW LANTAU,3,5.47,AUTUMN,STANDARD31516,S,2014-11-11,2014,11,2014-15,2014,Final_Report_2014_15.pdf,NWL
11-Nov-14,NW LANTAU,4,2.34,AUTUMN,STANDARD31516,S,2014-11-11,2014,11,2014-15,2014,Final_Report_2014_15.pdf,NWL
17-Nov-14,NW LANTAU,2,1.0,AUTUMN,STANDARD31516,P,2014-11-17,2014,11,2014-15,2014,Final_Report_2014_15.pdf,NWL
17-Nov-14,NW LANTAU,3,13.74,AUTUMN,STANDARD31516,P,2014-11-17,2014,11,2014-15,2014,Final_Report_2014_15.pdf,NWL
17-Nov-14,NW LANTAU,2,1.82,AUTUMN,STANDARD31516,S,2014-11-17,2014,11,2014-15,2014,Final_Report_2014_15.pdf,NWL
17-Nov-14,NW LANTAU,3,2.94,AUTUMN,STANDARD31516,S,2014-11-17,2014,11,2014-15,2014,Final_Report_2014_15.pdf,NWL
17-Nov-14,NW LANTAU,4,0.7,AUTUMN,STANDARD31516,S,2014-11-17,2014,11,2014-15,2014,Final_Report_2014_15.pdf,NWL
17-Nov-14,W LANTAU,3,3.03,AUTUMN,STANDARD31516,S,2014-11-17,2014,11,2014-15,2014,Final_Report_2014_15.pdf,WL
17-Nov-14,W LANTAU,4,3.43,AUTUMN,STANDARD31516,S,2014-11-17,2014,11,2014-15,2014,Final_Report_2014_15.pdf,WL
20-Nov-14,NE LANTAU,2,15.11,AUTUMN,STANDARD31516,P,2014-11-20,2014,11,2014-15,2014,Final_Report_2014_15.pdf,NEL
20-Nov-14,NE LANTAU,3,4.96,AUTUMN,STANDARD31516,P,2014-11-20,2014,11,2014-15,2014,Final_Report_2014_15.pdf,NEL
20-Nov-14,NE LANTAU,2,9.73,AUTUMN,STANDARD31516,S,2014-11-20,2014,11,2014-15,2014,Final_Report_2014_15.pdf,NEL
20-Nov-14,NE LANTAU,3,2.4,AUTUMN,STANDARD31516,S,2014-11-20,2014,11,2014-15,2014,Final_Report_2014_15.pdf,NEL
20-Nov-14,NW LANTAU,2,16.87,AUTUMN,STANDARD31516,P,2014-11-20,2014,11,2014-15,2014,Final_Report_2014_15.pdf,NWL
20-Nov-14,NW LANTAU,3,2.4,AUTUMN,STANDARD31516,P,2014-11-20,2014,11,2014-15,2014,Final_Report_2014_15.pdf,NWL
20-Nov-14,NW LANTAU,2,6.02,AUTUMN,STANDARD31516,S,2014-11-20,2014,11,2014-15,2014,Final_Report_2014_15.pdf,NWL
20-Nov-14,DEEP BAY,2,16.26,AUTUMN,STANDARD31516,P,2014-11-20,2014,11,2014-15,2014,Final_Report_2014_15.pdf,DB
20-Nov-14,DEEP BAY,3,1.47,AUTUMN,STANDARD31516,P,2014-11-20,2014,11,2014-15,2014,Final_Report_2014_15.pdf,DB
20-Nov-14,DEEP BAY,2,5.75,AUTUMN,STANDARD31516,S,2014-11-20,2014,11,2014-15,2014,Final_Report_2014_15.pdf,DB
20-Nov-14,DEEP BAY,3,0.42,AUTUMN,STANDARD31516,S,2014-11-20,2014,11,2014-15,2014,Final_Report_2014_15.pdf,DB
21-Nov-14,W LANTAU,2,13.01,AUTUMN,STANDARD31516,P,2014-11-21,2014,11,2014-15,2014,Final_Report_2014_15.pdf,WL
21-Nov-14,W LANTAU,3,6.21,AUTUMN,STANDARD31516,P,2014-11-21,2014,11,2014-15,2014,Final_Report_2014_15.pdf,WL
21-Nov-14,W LANTAU,2,8.7,AUTUMN,STANDARD31516,S,2014-11-21,2014,11,2014-15,2014,Final_Report_2014_15.pdf,WL
21-Nov-14,W LANTAU,3,1.15,AUTUMN,STANDARD31516,S,2014-11-21,2014,11,2014-15,2014,Final_Report_2014_15.pdf,WL
21-Nov-14,SW LANTAU,2,1.78,AUTUMN,STANDARD31516,P,2014-11-21,2014,11,2014-15,2014,Final_Report_2014_15.pdf,SWL
21-Nov-14,SW LANTAU,3,10.11,AUTUMN,STANDARD31516,P,2014-11-21,2014,11,2014-15,2014,Final_Report_2014_15.pdf,SWL
21-Nov-14,SW LANTAU,4,3.23,AUTUMN,STANDARD31516,P,2014-11-21,2014,11,2014-15,2014,Final_Report_2014_15.pdf,SWL
21-Nov-14,SW LANTAU,3,2.22,AUTUMN,STANDARD31516,S,2014-11-21,2014,11,2014-15,2014,Final_Report_2014_15.pdf,SWL
21-Nov-14,SW LANTAU,4,1.99,AUTUMN,STANDARD31516,S,2014-11-21,2014,11,2014-15,2014,Final_Report_2014_15.pdf,SWL
24-Nov-14,W LANTAU,3,1.72,AUTUMN,STANDARD31516,P,2014-11-24,2014,11,2014-15,2014,Final_Report_2014_15.pdf,WL
24-Nov-14,W LANTAU,2,17.07,AUTUMN,STANDARD31516,S,2014-11-24,2014,11,2014-15,2014,Final_Report_2014_15.pdf,WL
24-Nov-14,W LANTAU,3,1.77,AUTUMN,STANDARD31516,S,2014-11-24,2014,11,2014-15,2014,Final_Report_2014_15.pdf,WL
24-Nov-14,W LANTAU,4,0.73,AUTUMN,STANDARD31516,S,2014-11-24,2014,11,2014-15,2014,Final_Report_2014_15.pdf,WL
24-Nov-14,NW LANTAU,2,21.9,AUTUMN,STANDARD31516,P,2014-11-24,2014,11,2014-15,2014,Final_Report_2014_15.pdf,NWL
24-Nov-14,NW LANTAU,2,4.76,AUTUMN,STANDARD31516,S,2014-11-24,2014,11,2014-15,2014,Final_Report_2014_15.pdf,NWL
24-Nov-14,DEEP BAY,2,10.33,AUTUMN,STANDARD31516,P,2014-11-24,2014,11,2014-15,2014,Final_Report_2014_15.pdf,DB
24-Nov-14,DEEP BAY,3,0.16,AUTUMN,STANDARD31516,P,2014-11-24,2014,11,2014-15,2014,Final_Report_2014_15.pdf,DB
24-Nov-14,DEEP BAY,2,1.02,AUTUMN,STANDARD31516,S,2014-11-24,2014,11,2014-15,2014,Final_Report_2014_15.pdf,DB
24-Nov-14,DEEP BAY,3,0.99,AUTUMN,STANDARD31516,S,2014-11-24,2014,11,2014-15,2014,Final_Report_2014_15.pdf,DB
25-Nov-14,W LANTAU,2,13.5,AUTUMN,STANDARD31516,S,2014-11-25,2014,11,2014-15,2014,Final_Report_2014_15.pdf,WL
25-Nov-14,W LANTAU,3,0.58,AUTUMN,STANDARD31516,S,2014-11-25,2014,11,2014-15,2014,Final_Report_2014_15.pdf,WL
25-Nov-14,SW LANTAU,2,7.09,AUTUMN,STANDARD31516,P,2014-11-25,2014,11,2014-15,2014,Final_Report_2014_15.pdf,SWL
25-Nov-14,SW LANTAU,2,8.82,AUTUMN,STANDARD31516,S,2014-11-25,2014,11,2014-15,2014,Final_Report_2014_15.pdf,SWL
25-Nov-14,SW LANTAU,3,1.29,AUTUMN,STANDARD31516,S,2014-11-25,2014,11,2014-15,2014,Final_Report_2014_15.pdf,SWL
25-Nov-14,SE LANTAU,2,10.43,AUTUMN,STANDARD31516,P,2014-11-25,2014,11,2014-15,2014,Final_Report_2014_15.pdf,SEL
25-Nov-14,SE LANTAU,2,2.07,AUTUMN,STANDARD31516,S,2014-11-25,2014,11,2014-15,2014,Final_Report_2014_15.pdf,SEL
3-Dec-14,W LANTAU,2,8.98,WINTER,STANDARD31516,S,2014-12-03,2014,12,2014-15,2014,Final_Report_2014_15.pdf,WL
3-Dec-14,W LANTAU,3,1.76,WINTER,STANDARD31516,S,2014-12-03,2014,12,2014-15,2014,Final_Report_2014_15.pdf,WL
3-Dec-14,NE LANTAU,1,2.2,WINTER,STANDARD31516,P,2014-12-03,2014,12,2014-15,2014,Final_Report_2014_15.pdf,NEL
3-Dec-14,NE LANTAU,2,11.72,WINTER,STANDARD31516,P,2014-12-03,2014,12,2014-15,2014,Final_Report_2014_15.pdf,NEL
3-Dec-14,NE LANTAU,2,7.48,WINTER,STANDARD31516,S,2014-12-03,2014,12,2014-15,2014,Final_Report_2014_15.pdf,NEL
10-Dec-14,SW LANTAU,1,3.82,WINTER,STANDARD31516,P,2014-12-10,2014,12,2014-15,2014,Final_Report_2014_15.pdf,SWL
10-Dec-14,SW LANTAU,2,5.92,WINTER,STANDARD31516,P,2014-12-10,2014,12,2014-15,2014,Final_Report_2014_15.pdf,SWL
10-Dec-14,SW LANTAU,3,1.95,WINTER,STANDARD31516,P,2014-12-10,2014,12,2014-15,2014,Final_Report_2014_15.pdf,SWL
10-Dec-14,SW LANTAU,2,2.35,WINTER,STANDARD31516,S,2014-12-10,2014,12,2014-15,2014,Final_Report_2014_15.pdf,SWL
10-Dec-14,SW LANTAU,3,1.86,WINTER,STANDARD31516,S,2014-12-10,2014,12,2014-15,2014,Final_Report_2014_15.pdf,SWL
10-Dec-14,W LANTAU,1,0.96,WINTER,STANDARD31516,S,2014-12-10,2014,12,2014-15,2014,Final_Report_2014_15.pdf,WL
10-Dec-14,W LANTAU,2,10.64,WINTER,STANDARD31516,S,2014-12-10,2014,12,2014-15,2014,Final_Report_2014_15.pdf,WL
11-Dec-14,W LANTAU,3,1.54,WINTER,STANDARD31516,S,2014-12-11,2014,12,2014-15,2014,Final_Report_2014_15.pdf,WL
11-Dec-14,W LANTAU,4,6.69,WINTER,STANDARD31516,S,2014-12-11,2014,12,2014-15,2014,Final_Report_2014_15.pdf,WL
11-Dec-14,W LANTAU,5,1.66,WINTER,STANDARD31516,S,2014-12-11,2014,12,2014-15,2014,Final_Report_2014_15.pdf,WL
11-Dec-14,SW LANTAU,2,1.1,WINTER,STANDARD31516,P,2014-12-11,2014,12,2014-15,2014,Final_Report_2014_15.pdf,SWL
11-Dec-14,SW LANTAU,3,12.06,WINTER,STANDARD31516,P,2014-12-11,2014,12,2014-15,2014,Final_Report_2014_15.pdf,SWL
11-Dec-14,SW LANTAU,4,1.21,WINTER,STANDARD31516,P,2014-12-11,2014,12,2014-15,2014,Final_Report_2014_15.pdf,SWL
11-Dec-14,SW LANTAU,2,2.0,WINTER,STANDARD31516,S,2014-12-11,2014,12,2014-15,2014,Final_Report_2014_15.pdf,SWL
11-Dec-14,SW LANTAU,3,4.65,WINTER,STANDARD31516,S,2014-12-11,2014,12,2014-15,2014,Final_Report_2014_15.pdf,SWL
11-Dec-14,SW LANTAU,4,3.08,WINTER,STANDARD31516,S,2014-12-11,2014,12,2014-15,2014,Final_Report_2014_15.pdf,SWL
11-Dec-14,SE LANTAU,1,0.9,WINTER,STANDARD31516,P,2014-12-11,2014,12,2014-15,2014,Final_Report_2014_15.pdf,SEL
11-Dec-14,SE LANTAU,2,18.7,WINTER,STANDARD31516,P,2014-12-11,2014,12,2014-15,2014,Final_Report_2014_15.pdf,SEL
11-Dec-14,SE LANTAU,3,6.59,WINTER,STANDARD31516,P,2014-12-11,2014,12,2014-15,2014,Final_Report_2014_15.pdf,SEL
11-Dec-14,SE LANTAU,1,1.7,WINTER,STANDARD31516,S,2014-12-11,2014,12,2014-15,2014,Final_Report_2014_15.pdf,SEL
11-Dec-14,SE LANTAU,2,6.24,WINTER,STANDARD31516,S,2014-12-11,2014,12,2014-15,2014,Final_Report_2014_15.pdf,SEL
19-Dec-14,NW LANTAU,2,7.19,WINTER,STANDARD31516,P,2014-12-19,2014,12,2014-15,2014,Final_Report_2014_15.pdf,NWL
19-Dec-14,NW LANTAU,3,10.74,WINTER,STANDARD31516,P,2014-12-19,2014,12,2014-15,2014,Final_Report_2014_15.pdf,NWL
19-Dec-14,NW LANTAU,2,1.0,WINTER,STANDARD31516,S,2014-12-19,2014,12,2014-15,2014,Final_Report_2014_15.pdf,NWL
19-Dec-14,NW LANTAU,3,1.09,WINTER,STANDARD31516,S,2014-12-19,2014,12,2014-15,2014,Final_Report_2014_15.pdf,NWL
19-Dec-14,DEEP BAY,2,10.22,WINTER,STANDARD31516,P,2014-12-19,2014,12,2014-15,2014,Final_Report_2014_15.pdf,DB
19-Dec-14,DEEP BAY,3,3.38,WINTER,STANDARD31516,P,2014-12-19,2014,12,2014-15,2014,Final_Report_2014_15.pdf,DB
19-Dec-14,DEEP BAY,2,5.6,WINTER,STANDARD31516,S,2014-12-19,2014,12,2014-15,2014,Final_Report_2014_15.pdf,DB
19-Dec-14,DEEP BAY,3,0.64,WINTER,STANDARD31516,S,2014-12-19,2014,12,2014-15,2014,Final_Report_2014_15.pdf,DB
19-Dec-14,NE LANTAU,2,16.34,WINTER,STANDARD31516,P,2014-12-19,2014,12,2014-15,2014,Final_Report_2014_15.pdf,NEL
19-Dec-14,NE LANTAU,2,4.22,WINTER,STANDARD31516,S,2014-12-19,2014,12,2014-15,2014,Final_Report_2014_15.pdf,NEL
19-Dec-14,NE LANTAU,3,6.58,WINTER,STANDARD31516,S,2014-12-19,2014,12,2014-15,2014,Final_Report_2014_15.pdf,NEL
24-Dec-14,W LANTAU,2,3.8,WINTER,STANDARD31516,S,2014-12-24,2014,12,2014-15,2014,Final_Report_2014_15.pdf,WL
24-Dec-14,W LANTAU,3,4.82,WINTER,STANDARD31516,S,2014-12-24,2014,12,2014-15,2014,Final_Report_2014_15.pdf,WL
24-Dec-14,W LANTAU,4,1.98,WINTER,STANDARD31516,S,2014-12-24,2014,12,2014-15,2014,Final_Report_2014_15.pdf,WL
24-Dec-14,SW LANTAU,1,0.6,WINTER,STANDARD31516,P,2014-12-24,2014,12,2014-15,2014,Final_Report_2014_15.pdf,SWL
24-Dec-14,SW LANTAU,2,15.16,WINTER,STANDARD31516,P,2014-12-24,2014,12,2014-15,2014,Final_Report_2014_15.pdf,SWL
24-Dec-14,SW LANTAU,3,0.7,WINTER,STANDARD31516,P,2014-12-24,2014,12,2014-15,2014,Final_Report_2014_15.pdf,SWL
24-Dec-14,SW LANTAU,1,1.6,WINTER,STANDARD31516,S,2014-12-24,2014,12,2014-15,2014,Final_Report_2014_15.pdf,SWL
24-Dec-14,SW LANTAU,2,9.69,WINTER,STANDARD31516,S,2014-12-24,2014,12,2014-15,2014,Final_Report_2014_15.pdf,SWL
24-Dec-14,SW LANTAU,3,2.74,WINTER,STANDARD31516,S,2014-12-24,2014,12,2014-15,2014,Final_Report_2014_15.pdf,SWL
24-Dec-14,SE LANTAU,2,20.58,WINTER,STANDARD31516,P,2014-12-24,2014,12,2014-15,2014,Final_Report_2014_15.pdf,SEL
24-Dec-14,SE LANTAU,2,6.14,WINTER,STANDARD31516,S,2014-12-24,2014,12,2014-15,2014,Final_Report_2014_15.pdf,SEL
29-Dec-14,NE LANTAU,2,8.5,WINTER,STANDARD31516,P,2014-12-29,2014,12,2014-15,2014,Final_Report_2014_15.pdf,NEL
29-Dec-14,NE LANTAU,3,6.85,WINTER,STANDARD31516,P,2014-12-29,2014,12,2014-15,2014,Final_Report_2014_15.pdf,NEL
29-Dec-14,NE LANTAU,2,5.85,WINTER,STANDARD31516,S,2014-12-29,2014,12,2014-15,2014,Final_Report_2014_15.pdf,NEL
29-Dec-14,NE LANTAU,3,3.8,WINTER,STANDARD31516,S,2014-12-29,2014,12,2014-15,2014,Final_Report_2014_15.pdf,NEL
29-Dec-14,NW LANTAU,2,8.37,WINTER,STANDARD31516,P,2014-12-29,2014,12,2014-15,2014,Final_Report_2014_15.pdf,NWL
29-Dec-14,NW LANTAU,3,15.23,WINTER,STANDARD31516,P,2014-12-29,2014,12,2014-15,2014,Final_Report_2014_15.pdf,NWL
29-Dec-14,NW LANTAU,2,1.78,WINTER,STANDARD31516,S,2014-12-29,2014,12,2014-15,2014,Final_Report_2014_15.pdf,NWL
29-Dec-14,NW LANTAU,3,3.95,WINTER,STANDARD31516,S,2014-12-29,2014,12,2014-15,2014,Final_Report_2014_15.pdf,NWL
29-Dec-14,DEEP BAY,1,1.4,WINTER,STANDARD31516,P,2014-12-29,2014,12,2014-15,2014,Final_Report_2014_15.pdf,DB
29-Dec-14,DEEP BAY,2,10.75,WINTER,STANDARD31516,P,2014-12-29,2014,12,2014-15,2014,Final_Report_2014_15.pdf,DB
29-Dec-14,DEEP BAY,3,0.65,WINTER,STANDARD31516,P,2014-12-29,2014,12,2014-15,2014,Final_Report_2014_15.pdf,DB
29-Dec-14,DEEP BAY,2,5.62,WINTER,STANDARD31516,S,2014-12-29,2014,12,2014-15,2014,Final_Report_2014_15.pdf,DB
29-Dec-14,DEEP BAY,3,0.39,WINTER,STANDARD31516,S,2014-12-29,2014,12,2014-15,2014,Final_Report_2014_15.pdf,DB
30-Dec-14,W LANTAU,2,5.86,WINTER,STANDARD31516,P,2014-12-30,2014,12,2014-15,2014,Final_Report_2014_15.pdf,WL
30-Dec-14,W LANTAU,3,6.34,WINTER,STANDARD31516,P,2014-12-30,2014,12,2014-15,2014,Final_Report_2014_15.pdf,WL
30-Dec-14,W LANTAU,2,3.81,WINTER,STANDARD31516,S,2014-12-30,2014,12,2014-15,2014,Final_Report_2014_15.pdf,WL
30-Dec-14,W LANTAU,3,6.69,WINTER,STANDARD31516,S,2014-12-30,2014,12,2014-15,2014,Final_Report_2014_15.pdf,WL
30-Dec-14,SW LANTAU,2,5.88,WINTER,STANDARD31516,P,2014-12-30,2014,12,2014-15,2014,Final_Report_2014_15.pdf,SWL
30-Dec-14,SW LANTAU,3,8.38,WINTER,STANDARD31516,P,2014-12-30,2014,12,2014-15,2014,Final_Report_2014_15.pdf,SWL
30-Dec-14,SW LANTAU,2,3.1,WINTER,STANDARD31516,S,2014-12-30,2014,12,2014-15,2014,Final_Report_2014_15.pdf,SWL
30-Dec-14,SW LANTAU,3,5.94,WINTER,STANDARD31516,S,2014-12-30,2014,12,2014-15,2014,Final_Report_2014_15.pdf,SWL
5-Jan-15,SE LANTAU,2,24.1,WINTER,STANDARD31516,P,2015-01-05,2015,1,2014-15,2014,Final_Report_2014_15.pdf,SEL
5-Jan-15,SE LANTAU,3,1.65,WINTER,STANDARD31516,P,2015-01-05,2015,1,2014-15,2014,Final_Report_2014_15.pdf,SEL
5-Jan-15,SE LANTAU,1,1.7,WINTER,STANDARD31516,S,2015-01-05,2015,1,2014-15,2014,Final_Report_2014_15.pdf,SEL
5-Jan-15,SE LANTAU,2,4.48,WINTER,STANDARD31516,S,2015-01-05,2015,1,2014-15,2014,Final_Report_2014_15.pdf,SEL
5-Jan-15,SE LANTAU,3,2.07,WINTER,STANDARD31516,S,2015-01-05,2015,1,2014-15,2014,Final_Report_2014_15.pdf,SEL
5-Jan-15,SW LANTAU,2,10.44,WINTER,STANDARD31516,P,2015-01-05,2015,1,2014-15,2014,Final_Report_2014_15.pdf,SWL
5-Jan-15,SW LANTAU,3,10.42,WINTER,STANDARD31516,P,2015-01-05,2015,1,2014-15,2014,Final_Report_2014_15.pdf,SWL
5-Jan-15,SW LANTAU,2,2.0,WINTER,STANDARD31516,S,2015-01-05,2015,1,2014-15,2014,Final_Report_2014_15.pdf,SWL
5-Jan-15,SW LANTAU,3,2.04,WINTER,STANDARD31516,S,2015-01-05,2015,1,2014-15,2014,Final_Report_2014_15.pdf,SWL
6-Jan-15,LAMMA,1,2.33,WINTER,STANDARD31516,P,2015-01-06,2015,1,2014-15,2014,Final_Report_2014_15.pdf,LM
6-Jan-15,LAMMA,2,69.01,WINTER,STANDARD31516,P,2015-01-06,2015,1,2014-15,2014,Final_Report_2014_15.pdf,LM
6-Jan-15,LAMMA,1,3.2,WINTER,STANDARD31516,S,2015-01-06,2015,1,2014-15,2014,Final_Report_2014_15.pdf,LM
6-Jan-15,LAMMA,2,22.76,WINTER,STANDARD31516,S,2015-01-06,2015,1,2014-15,2014,Final_Report_2014_15.pdf,LM
9-Jan-15,SW LANTAU,2,7.07,WINTER,STANDARD31516,P,2015-01-09,2015,1,2014-15,2014,Final_Report_2014_15.pdf,SWL
9-Jan-15,SW LANTAU,3,0.91,WINTER,STANDARD31516,P,2015-01-09,2015,1,2014-15,2014,Final_Report_2014_15.pdf,SWL
9-Jan-15,SW LANTAU,4,5.0,WINTER,STANDARD31516,P,2015-01-09,2015,1,2014-15,2014,Final_Report_2014_15.pdf,SWL
9-Jan-15,SW LANTAU,2,1.47,WINTER,STANDARD31516,S,2015-01-09,2015,1,2014-15,2014,Final_Report_2014_15.pdf,SWL
9-Jan-15,SW LANTAU,3,3.45,WINTER,STANDARD31516,S,2015-01-09,2015,1,2014-15,2014,Final_Report_2014_15.pdf,SWL
9-Jan-15,SW LANTAU,4,2.2,WINTER,STANDARD31516,S,2015-01-09,2015,1,2014-15,2014,Final_Report_2014_15.pdf,SWL
14-Jan-15,NE LANTAU,2,5.6,WINTER,STANDARD31516,P,2015-01-14,2015,1,2014-15,2014,Final_Report_2014_15.pdf,NEL
14-Jan-15,NE LANTAU,3,12.22,WINTER,STANDARD31516,P,2015-01-14,2015,1,2014-15,2014,Final_Report_2014_15.pdf,NEL
14-Jan-15,NE LANTAU,4,1.77,WINTER,STANDARD31516,P,2015-01-14,2015,1,2014-15,2014,Final_Report_2014_15.pdf,NEL
14-Jan-15,NE LANTAU,2,4.58,WINTER,STANDARD31516,S,2015-01-14,2015,1,2014-15,2014,Final_Report_2014_15.pdf,NEL
14-Jan-15,NE LANTAU,3,5.93,WINTER,STANDARD31516,S,2015-01-14,2015,1,2014-15,2014,Final_Report_2014_15.pdf,NEL
14-Jan-15,NW LANTAU,3,11.61,WINTER,STANDARD31516,P,2015-01-14,2015,1,2014-15,2014,Final_Report_2014_15.pdf,NWL
14-Jan-15,NW LANTAU,4,10.49,WINTER,STANDARD31516,P,2015-01-14,2015,1,2014-15,2014,Final_Report_2014_15.pdf,NWL
14-Jan-15,NW LANTAU,3,4.9,WINTER,STANDARD31516,S,2015-01-14,2015,1,2014-15,2014,Final_Report_2014_15.pdf,NWL
14-Jan-15,DEEP BAY,1,0.66,WINTER,STANDARD31516,P,2015-01-14,2015,1,2014-15,2014,Final_Report_2014_15.pdf,DB
14-Jan-15,DEEP BAY,2,6.07,WINTER,STANDARD31516,P,2015-01-14,2015,1,2014-15,2014,Final_Report_2014_15.pdf,DB
14-Jan-15,DEEP BAY,3,6.3,WINTER,STANDARD31516,P,2015-01-14,2015,1,2014-15,2014,Final_Report_2014_15.pdf,DB
14-Jan-15,DEEP BAY,4,0.5,WINTER,STANDARD31516,P,2015-01-14,2015,1,2014-15,2014,Final_Report_2014_15.pdf,DB
14-Jan-15,DEEP BAY,2,1.79,WINTER,STANDARD31516,S,2015-01-14,2015,1,2014-15,2014,Final_Report_2014_15.pdf,DB
14-Jan-15,DEEP BAY,3,3.28,WINTER,STANDARD31516,S,2015-01-14,2015,1,2014-15,2014,Final_Report_2014_15.pdf,DB
14-Jan-15,DEEP BAY,4,1.0,WINTER,STANDARD31516,S,2015-01-14,2015,1,2014-15,2014,Final_Report_2014_15.pdf,DB
16-Jan-15,SE LANTAU,2,17.48,WINTER,STANDARD31516,P,2015-01-16,2015,1,2014-15,2014,Final_Report_2014_15.pdf,SEL
16-Jan-15,SE LANTAU,3,3.69,WINTER,STANDARD31516,P,2015-01-16,2015,1,2014-15,2014,Final_Report_2014_15.pdf,SEL
16-Jan-15,SE LANTAU,2,6.58,WINTER,STANDARD31516,S,2015-01-16,2015,1,2014-15,2014,Final_Report_2014_15.pdf,SEL
16-Jan-15,SW LANTAU,2,14.87,WINTER,STANDARD31516,P,2015-01-16,2015,1,2014-15,2014,Final_Report_2014_15.pdf,SWL
16-Jan-15,SW LANTAU,3,2.0,WINTER,STANDARD31516,P,2015-01-16,2015,1,2014-15,2014,Final_Report_2014_15.pdf,SWL
16-Jan-15,SW LANTAU,2,6.14,WINTER,STANDARD31516,S,2015-01-16,2015,1,2014-15,2014,Final_Report_2014_15.pdf,SWL
2-Feb-15,SW LANTAU,2,1.14,WINTER,STANDARD31516,P,2015-02-02,2015,2,2014-15,2014,Final_Report_2014_15.pdf,SWL
10-Feb-15,W LANTAU,2,9.81,WINTER,STANDARD31516,S,2015-02-10,2015,2,2014-15,2014,Final_Report_2014_15.pdf,WL
10-Feb-15,W LANTAU,3,1.98,WINTER,STANDARD31516,S,2015-02-10,2015,2,2014-15,2014,Final_Report_2014_15.pdf,WL
11-Feb-15,LAMMA,1,13.82,WINTER,STANDARD31516,P,2015-02-11,2015,2,2014-15,2014,Final_Report_2014_15.pdf,LM
11-Feb-15,LAMMA,2,52.26,WINTER,STANDARD31516,P,2015-02-11,2015,2,2014-15,2014,Final_Report_2014_15.pdf,LM
11-Feb-15,LAMMA,1,7.74,WINTER,STANDARD31516,S,2015-02-11,2015,2,2014-15,2014,Final_Report_2014_15.pdf,LM
11-Feb-15,LAMMA,2,13.38,WINTER,STANDARD31516,S,2015-02-11,2015,2,2014-15,2014,Final_Report_2014_15.pdf,LM
12-Feb-15,SE LANTAU,1,3.21,WINTER,STANDARD31516,P,2015-02-12,2015,2,2014-15,2014,Final_Report_2014_15.pdf,SEL
12-Feb-15,SE LANTAU,2,22.92,WINTER,STANDARD31516,P,2015-02-12,2015,2,2014-15,2014,Final_Report_2014_15.pdf,SEL
12-Feb-15,SE LANTAU,1,1.6,WINTER,STANDARD31516,S,2015-02-12,2015,2,2014-15,2014,Final_Report_2014_15.pdf,SEL
12-Feb-15,SE LANTAU,2,6.73,WINTER,STANDARD31516,S,2015-02-12,2015,2,2014-15,2014,Final_Report_2014_15.pdf,SEL
12-Feb-15,SW LANTAU,1,11.54,WINTER,STANDARD31516,P,2015-02-12,2015,2,2014-15,2014,Final_Report_2014_15.pdf,SWL
12-Feb-15,SW LANTAU,2,5.18,WINTER,STANDARD31516,P,2015-02-12,2015,2,2014-15,2014,Final_Report_2014_15.pdf,SWL
12-Feb-15,SW LANTAU,1,8.59,WINTER,STANDARD31516,S,2015-02-12,2015,2,2014-15,2014,Final_Report_2014_15.pdf,SWL
12-Feb-15,SW LANTAU,2,0.17,WINTER,STANDARD31516,S,2015-02-12,2015,2,2014-15,2014,Final_Report_2014_15.pdf,SWL
3-Mar-15,SE LANTAU,2,10.8,SPRING,STANDARD31516,P,2015-03-03,2015,3,2014-15,2014,Final_Report_2014_15.pdf,SEL
3-Mar-15,SE LANTAU,3,6.43,SPRING,STANDARD31516,P,2015-03-03,2015,3,2014-15,2014,Final_Report_2014_15.pdf,SEL
3-Mar-15,SE LANTAU,2,7.01,SPRING,STANDARD31516,S,2015-03-03,2015,3,2014-15,2014,Final_Report_2014_15.pdf,SEL
3-Mar-15,SE LANTAU,3,2.08,SPRING,STANDARD31516,S,2015-03-03,2015,3,2014-15,2014,Final_Report_2014_15.pdf,SEL
3-Mar-15,LAMMA,2,13.03,SPRING,STANDARD31516,P,2015-03-03,2015,3,2014-15,2014,Final_Report_2014_15.pdf,LM
3-Mar-15,LAMMA,3,24.36,SPRING,STANDARD31516,P,2015-03-03,2015,3,2014-15,2014,Final_Report_2014_15.pdf,LM
3-Mar-15,LAMMA,4,3.0,SPRING,STANDARD31516,P,2015-03-03,2015,3,2014-15,2014,Final_Report_2014_15.pdf,LM
3-Mar-15,LAMMA,2,5.21,SPRING,STANDARD31516,S,2015-03-03,2015,3,2014-15,2014,Final_Report_2014_15.pdf,LM
3-Mar-15,LAMMA,3,2.0,SPRING,STANDARD31516,S,2015-03-03,2015,3,2014-15,2014,Final_Report_2014_15.pdf,LM
12-Mar-15,NW LANTAU,1,7.51,SPRING,STANDARD31516,P,2015-03-12,2015,3,2014-15,2014,Final_Report_2014_15.pdf,NWL
12-Mar-15,NW LANTAU,2,23.15,SPRING,STANDARD31516,P,2015-03-12,2015,3,2014-15,2014,Final_Report_2014_15.pdf,NWL
12-Mar-15,NW LANTAU,3,9.97,SPRING,STANDARD31516,P,2015-03-12,2015,3,2014-15,2014,Final_Report_2014_15.pdf,NWL
12-Mar-15,NW LANTAU,1,0.29,SPRING,STANDARD31516,S,2015-03-12,2015,3,2014-15,2014,Final_Report_2014_15.pdf,NWL
12-Mar-15,NW LANTAU,2,9.08,SPRING,STANDARD31516,S,2015-03-12,2015,3,2014-15,2014,Final_Report_2014_15.pdf,NWL
12-Mar-15,DEEP BAY,2,13.64,SPRING,STANDARD31516,P,2015-03-12,2015,3,2014-15,2014,Final_Report_2014_15.pdf,DB
12-Mar-15,DEEP BAY,2,5.88,SPRING,STANDARD31516,S,2015-03-12,2015,3,2014-15,2014,Final_Report_2014_15.pdf,DB
12-Mar-15,NE LANTAU,2,9.01,SPRING,STANDARD31516,P,2015-03-12,2015,3,2014-15,2014,Final_Report_2014_15.pdf,NEL
12-Mar-15,NE LANTAU,2,10.26,SPRING,STANDARD31516,S,2015-03-12,2015,3,2014-15,2014,Final_Report_2014_15.pdf,NEL
16-Mar-15,LAMMA,1,1.9,SPRING,STANDARD31516,P,2015-03-16,2015,3,2014-15,2014,Final_Report_2014_15.pdf,LM
16-Mar-15,LAMMA,2,62.91,SPRING,STANDARD31516,P,2015-03-16,2015,3,2014-15,2014,Final_Report_2014_15.pdf,LM
16-Mar-15,LAMMA,3,2.46,SPRING,STANDARD31516,P,2015-03-16,2015,3,2014-15,2014,Final_Report_2014_15.pdf,LM
16-Mar-15,LAMMA,1,2.3,SPRING,STANDARD31516,S,2015-03-16,2015,3,2014-15,2014,Final_Report_2014_15.pdf,LM
16-Mar-15,LAMMA,2,18.44,SPRING,STANDARD31516,S,2015-03-16,2015,3,2014-15,2014,Final_Report_2014_15.pdf,LM
19-Mar-15,W LANTAU,2,10.1,SPRING,STANDARD31516,S,2015-03-19,2015,3,2014-15,2014,Final_Report_2014_15.pdf,WL
20-Mar-15,LAMMA,1,6.48,SPRING,STANDARD31516,P,2015-03-20,2015,3,2014-15,2014,Final_Report_2014_15.pdf,LM
20-Mar-15,LAMMA,2,31.34,SPRING,STANDARD31516,P,2015-03-20,2015,3,2014-15,2014,Final_Report_2014_15.pdf,LM
20-Mar-15,LAMMA,1,1.91,SPRING,STANDARD31516,S,2015-03-20,2015,3,2014-15,2014,Final_Report_2014_15.pdf,LM
20-Mar-15,LAMMA,2,3.13,SPRING,STANDARD31516,S,2015-03-20,2015,3,2014-15,2014,Final_Report_2014_15.pdf,LM
20-Mar-15,SE LANTAU,1,8.24,SPRING,STANDARD31516,P,2015-03-20,2015,3,2014-15,2014,Final_Report_2014_15.pdf,SEL
20-Mar-15,SE LANTAU,2,11.65,SPRING,STANDARD31516,P,2015-03-20,2015,3,2014-15,2014,Final_Report_2014_15.pdf,SEL
20-Mar-15,SE LANTAU,1,3.28,SPRING,STANDARD31516,S,2015-03-20,2015,3,2014-15,2014,Final_Report_2014_15.pdf,SEL
20-Mar-15,SE LANTAU,2,2.61,SPRING,STANDARD31516,S,2015-03-20,2015,3,2014-15,2014,Final_Report_2014_15.pdf,SEL
27-Mar-15,SW LANTAU,1,13.28,SPRING,STANDARD31516,P,2015-03-27,2015,3,2014-15,2014,Final_Report_2014_15.pdf,SWL
27-Mar-15,SW LANTAU,2,3.3,SPRING,STANDARD31516,P,2015-03-27,2015,3,2014-15,2014,Final_Report_2014_15.pdf,SWL
27-Mar-15,SW LANTAU,1,3.07,SPRING,STANDARD31516,S,2015-03-27,2015,3,2014-15,2014,Final_Report_2014_15.pdf,SWL
27-Mar-15,SW LANTAU,2,4.45,SPRING,STANDARD31516,S,2015-03-27,2015,3,2014-15,2014,Final_Report_2014_15.pdf,SWL
30-Mar-15,W LANTAU,2,2.1,SPRING,STANDARD31516,S,2015-03-30,2015,3,2014-15,2014,Final_Report_2014_15.pdf,WL
30-Mar-15,W LANTAU,3,6.35,SPRING,STANDARD31516,S,2015-03-30,2015,3,2014-15,2014,Final_Report_2014_15.pdf,WL
30-Mar-15,W LANTAU,4,1.65,SPRING,STANDARD31516,S,2015-03-30,2015,3,2014-15,2014,Final_Report_2014_15.pdf,WL
31-Mar-15,LAMMA,2,13.73,SPRING,STANDARD31516,P,2015-03-31,2015,3,2014-15,2014,Final_Report_2014_15.pdf,LM
31-Mar-15,LAMMA,3,19.7,SPRING,STANDARD31516,P,2015-03-31,2015,3,2014-15,2014,Final_Report_2014_15.pdf,LM
31-Mar-15,LAMMA,1,1.0,SPRING,STANDARD31516,S,2015-03-31,2015,3,2014-15,2014,Final_Report_2014_15.pdf,LM
31-Mar-15,LAMMA,2,6.27,SPRING,STANDARD31516,S,2015-03-31,2015,3,2014-15,2014,Final_Report_2014_15.pdf,LM
31-Mar-15,LAMMA,3,1.0,SPRING,STANDARD31516,S,2015-03-31,2015,3,2014-15,2014,Final_Report_2014_15.pdf,LM
31-Mar-15,SE LANTAU,2,15.62,SPRING,STANDARD31516,P,2015-03-31,2015,3,2014-15,2014,Final_Report_2014_15.pdf,SEL
31-Mar-15,SE LANTAU,3,10.54,SPRING,STANDARD31516,P,2015-03-31,2015,3,2014-15,2014,Final_Report_2014_15.pdf,SEL
31-Mar-15,SE LANTAU,1,0.35,SPRING,STANDARD31516,S,2015-03-31,2015,3,2014-15,2014,Final_Report_2014_15.pdf,SEL
31-Mar-15,SE LANTAU,2,4.95,SPRING,STANDARD31516,S,2015-03-31,2015,3,2014-15,2014,Final_Report_2014_15.pdf,SEL
31-Mar-15,SE LANTAU,3,4.09,SPRING,STANDARD31516,S,2015-03-31,2015,3,2014-15,2014,Final_Report_2014_15.pdf,SEL
1-Apr-15,NW LANTAU,2,2.13,SPRING,STANDARD31516,P,2015-04-01,2015,4,2015-16,2015,Final_Report_2015_16.pdf,NWL
1-Apr-15,NW LANTAU,3,23.39,SPRING,STANDARD31516,P,2015-04-01,2015,4,2015-16,2015,Final_Report_2015_16.pdf,NWL
1-Apr-15,NW LANTAU,4,0.56,SPRING,STANDARD31516,P,2015-04-01,2015,4,2015-16,2015,Final_Report_2015_16.pdf,NWL
1-Apr-15,NW LANTAU,2,0.9,SPRING,STANDARD31516,S,2015-04-01,2015,4,2015-16,2015,Final_Report_2015_16.pdf,NWL
1-Apr-15,NW LANTAU,3,7.52,SPRING,STANDARD31516,S,2015-04-01,2015,4,2015-16,2015,Final_Report_2015_16.pdf,NWL
1-Apr-15,DEEP BAY,2,2.46,SPRING,STANDARD31516,P,2015-04-01,2015,4,2015-16,2015,Final_Report_2015_16.pdf,DB
1-Apr-15,DEEP BAY,3,8.73,SPRING,STANDARD31516,P,2015-04-01,2015,4,2015-16,2015,Final_Report_2015_16.pdf,DB
1-Apr-15,DEEP BAY,4,1.2,SPRING,STANDARD31516,P,2015-04-01,2015,4,2015-16,2015,Final_Report_2015_16.pdf,DB
1-Apr-15,DEEP BAY,2,0.61,SPRING,STANDARD31516,S,2015-04-01,2015,4,2015-16,2015,Final_Report_2015_16.pdf,DB
1-Apr-15,DEEP BAY,3,3.46,SPRING,STANDARD31516,S,2015-04-01,2015,4,2015-16,2015,Final_Report_2015_16.pdf,DB
1-Apr-15,DEEP BAY,4,1.3,SPRING,STANDARD31516,S,2015-04-01,2015,4,2015-16,2015,Final_Report_2015_16.pdf,DB
1-Apr-15,NE LANTAU,2,8.7,SPRING,STANDARD31516,P,2015-04-01,2015,4,2015-16,2015,Final_Report_2015_16.pdf,NEL
1-Apr-15,NE LANTAU,3,13.15,SPRING,STANDARD31516,P,2015-04-01,2015,4,2015-16,2015,Final_Report_2015_16.pdf,NEL
1-Apr-15,NE LANTAU,2,6.06,SPRING,STANDARD31516,S,2015-04-01,2015,4,2015-16,2015,Final_Report_2015_16.pdf,NEL
1-Apr-15,NE LANTAU,3,3.79,SPRING,STANDARD31516,S,2015-04-01,2015,4,2015-16,2015,Final_Report_2015_16.pdf,NEL
2-Apr-15,W LANTAU,2,1.53,SPRING,STANDARD31516,S,2015-04-02,2015,4,2015-16,2015,Final_Report_2015_16.pdf,WL
2-Apr-15,W LANTAU,3,9.38,SPRING,STANDARD31516,S,2015-04-02,2015,4,2015-16,2015,Final_Report_2015_16.pdf,WL
2-Apr-15,NW LANTAU,3,16.7,SPRING,STANDARD31516,P,2015-04-02,2015,4,2015-16,2015,Final_Report_2015_16.pdf,NWL
2-Apr-15,NW LANTAU,4,9.1,SPRING,STANDARD31516,P,2015-04-02,2015,4,2015-16,2015,Final_Report_2015_16.pdf,NWL
2-Apr-15,NW LANTAU,2,1.0,SPRING,STANDARD31516,S,2015-04-02,2015,4,2015-16,2015,Final_Report_2015_16.pdf,NWL
2-Apr-15,NW LANTAU,3,5.4,SPRING,STANDARD31516,S,2015-04-02,2015,4,2015-16,2015,Final_Report_2015_16.pdf,NWL
2-Apr-15,NW LANTAU,4,1.0,SPRING,STANDARD31516,S,2015-04-02,2015,4,2015-16,2015,Final_Report_2015_16.pdf,NWL
9-Apr-15,W LANTAU,2,16.74,SPRING,STANDARD31516,P,2015-04-09,2015,4,2015-16,2015,Final_Report_2015_16.pdf,WL
9-Apr-15,W LANTAU,3,4.97,SPRING,STANDARD31516,P,2015-04-09,2015,4,2015-16,2015,Final_Report_2015_16.pdf,WL
9-Apr-15,W LANTAU,2,16.5,SPRING,STANDARD31516,S,2015-04-09,2015,4,2015-16,2015,Final_Report_2015_16.pdf,WL
9-Apr-15,W LANTAU,3,3.0,SPRING,STANDARD31516,S,2015-04-09,2015,4,2015-16,2015,Final_Report_2015_16.pdf,WL
9-Apr-15,NW LANTAU,2,20.39,SPRING,STANDARD31516,P,2015-04-09,2015,4,2015-16,2015,Final_Report_2015_16.pdf,NWL
9-Apr-15,NW LANTAU,3,3.1,SPRING,STANDARD31516,P,2015-04-09,2015,4,2015-16,2015,Final_Report_2015_16.pdf,NWL
9-Apr-15,NW LANTAU,2,5.91,SPRING,STANDARD31516,S,2015-04-09,2015,4,2015-16,2015,Final_Report_2015_16.pdf,NWL
9-Apr-15,NW LANTAU,3,1.5,SPRING,STANDARD31516,S,2015-04-09,2015,4,2015-16,2015,Final_Report_2015_16.pdf,NWL
13-Apr-15,SW LANTAU,2,2.9,SPRING,STANDARD31516,P,2015-04-13,2015,4,2015-16,2015,Final_Report_2015_16.pdf,SWL
13-Apr-15,SW LANTAU,3,12.52,SPRING,STANDARD31516,P,2015-04-13,2015,4,2015-16,2015,Final_Report_2015_16.pdf,SWL
13-Apr-15,SW LANTAU,4,4.96,SPRING,STANDARD31516,P,2015-04-13,2015,4,2015-16,2015,Final_Report_2015_16.pdf,SWL
13-Apr-15,SW LANTAU,2,1.4,SPRING,STANDARD31516,S,2015-04-13,2015,4,2015-16,2015,Final_Report_2015_16.pdf,SWL
13-Apr-15,SW LANTAU,3,5.85,SPRING,STANDARD31516,S,2015-04-13,2015,4,2015-16,2015,Final_Report_2015_16.pdf,SWL
13-Apr-15,SW LANTAU,4,2.22,SPRING,STANDARD31516,S,2015-04-13,2015,4,2015-16,2015,Final_Report_2015_16.pdf,SWL
15-Apr-15,W LANTAU,2,10.4,SPRING,STANDARD31516,S,2015-04-15,2015,4,2015-16,2015,Final_Report_2015_16.pdf,WL
16-Apr-15,LAMMA,1,11.03,SPRING,STANDARD31516,P,2015-04-16,2015,4,2015-16,2015,Final_Report_2015_16.pdf,LM
16-Apr-15,LAMMA,2,43.23,SPRING,STANDARD31516,P,2015-04-16,2015,4,2015-16,2015,Final_Report_2015_16.pdf,LM
16-Apr-15,LAMMA,3,17.5,SPRING,STANDARD31516,P,2015-04-16,2015,4,2015-16,2015,Final_Report_2015_16.pdf,LM
16-Apr-15,LAMMA,1,1.1,SPRING,STANDARD31516,S,2015-04-16,2015,4,2015-16,2015,Final_Report_2015_16.pdf,LM
16-Apr-15,LAMMA,2,16.89,SPRING,STANDARD31516,S,2015-04-16,2015,4,2015-16,2015,Final_Report_2015_16.pdf,LM
16-Apr-15,LAMMA,3,7.3,SPRING,STANDARD31516,S,2015-04-16,2015,4,2015-16,2015,Final_Report_2015_16.pdf,LM
21-Apr-15,W LANTAU,2,1.9,SPRING,STANDARD31516,P,2015-04-21,2015,4,2015-16,2015,Final_Report_2015_16.pdf,WL
21-Apr-15,W LANTAU,3,10.1,SPRING,STANDARD31516,P,2015-04-21,2015,4,2015-16,2015,Final_Report_2015_16.pdf,WL
21-Apr-15,W LANTAU,4,1.09,SPRING,STANDARD31516,P,2015-04-21,2015,4,2015-16,2015,Final_Report_2015_16.pdf,WL
21-Apr-15,W LANTAU,2,1.5,SPRING,STANDARD31516,S,2015-04-21,2015,4,2015-16,2015,Final_Report_2015_16.pdf,WL
21-Apr-15,W LANTAU,3,7.25,SPRING,STANDARD31516,S,2015-04-21,2015,4,2015-16,2015,Final_Report_2015_16.pdf,WL
21-Apr-15,SW LANTAU,1,2.99,SPRING,STANDARD31516,P,2015-04-21,2015,4,2015-16,2015,Final_Report_2015_16.pdf,SWL
21-Apr-15,SW LANTAU,2,12.38,SPRING,STANDARD31516,P,2015-04-21,2015,4,2015-16,2015,Final_Report_2015_16.pdf,SWL
21-Apr-15,SW LANTAU,3,1.15,SPRING,STANDARD31516,P,2015-04-21,2015,4,2015-16,2015,Final_Report_2015_16.pdf,SWL
21-Apr-15,SW LANTAU,1,2.2,SPRING,STANDARD31516,S,2015-04-21,2015,4,2015-16,2015,Final_Report_2015_16.pdf,SWL
21-Apr-15,SW LANTAU,2,9.7,SPRING,STANDARD31516,S,2015-04-21,2015,4,2015-16,2015,Final_Report_2015_16.pdf,SWL
21-Apr-15,SW LANTAU,3,2.51,SPRING,STANDARD31516,S,2015-04-21,2015,4,2015-16,2015,Final_Report_2015_16.pdf,SWL
27-Apr-15,SE LANTAU,2,12.81,SPRING,STANDARD31516,P,2015-04-27,2015,4,2015-16,2015,Final_Report_2015_16.pdf,SEL
27-Apr-15,SE LANTAU,3,27.68,SPRING,STANDARD31516,P,2015-04-27,2015,4,2015-16,2015,Final_Report_2015_16.pdf,SEL
27-Apr-15,SE LANTAU,2,1.04,SPRING,STANDARD31516,S,2015-04-27,2015,4,2015-16,2015,Final_Report_2015_16.pdf,SEL
27-Apr-15,SE LANTAU,3,8.87,SPRING,STANDARD31516,S,2015-04-27,2015,4,2015-16,2015,Final_Report_2015_16.pdf,SEL
27-Apr-15,SW LANTAU,3,13.85,SPRING,STANDARD31516,P,2015-04-27,2015,4,2015-16,2015,Final_Report_2015_16.pdf,SWL
27-Apr-15,SW LANTAU,4,1.22,SPRING,STANDARD31516,P,2015-04-27,2015,4,2015-16,2015,Final_Report_2015_16.pdf,SWL
27-Apr-15,SW LANTAU,3,1.22,SPRING,STANDARD31516,S,2015-04-27,2015,4,2015-16,2015,Final_Report_2015_16.pdf,SWL
29-Apr-15,NW LANTAU,2,19.19,SPRING,STANDARD31516,P,2015-04-29,2015,4,2015-16,2015,Final_Report_2015_16.pdf,NWL
29-Apr-15,NW LANTAU,3,8.22,SPRING,STANDARD31516,P,2015-04-29,2015,4,2015-16,2015,Final_Report_2015_16.pdf,NWL
29-Apr-15,NW LANTAU,2,4.61,SPRING,STANDARD31516,S,2015-04-29,2015,4,2015-16,2015,Final_Report_2015_16.pdf,NWL
29-Apr-15,NW LANTAU,3,1.98,SPRING,STANDARD31516,S,2015-04-29,2015,4,2015-16,2015,Final_Report_2015_16.pdf,NWL
29-Apr-15,DEEP BAY,2,6.26,SPRING,STANDARD31516,P,2015-04-29,2015,4,2015-16,2015,Final_Report_2015_16.pdf,DB
29-Apr-15,DEEP BAY,3,6.69,SPRING,STANDARD31516,P,2015-04-29,2015,4,2015-16,2015,Final_Report_2015_16.pdf,DB
29-Apr-15,DEEP BAY,2,3.23,SPRING,STANDARD31516,S,2015-04-29,2015,4,2015-16,2015,Final_Report_2015_16.pdf,DB
29-Apr-15,NE LANTAU,1,3.8,SPRING,STANDARD31516,P,2015-04-29,2015,4,2015-16,2015,Final_Report_2015_16.pdf,NEL
29-Apr-15,NE LANTAU,2,8.93,SPRING,STANDARD31516,P,2015-04-29,2015,4,2015-16,2015,Final_Report_2015_16.pdf,NEL
29-Apr-15,NE LANTAU,3,3.42,SPRING,STANDARD31516,P,2015-04-29,2015,4,2015-16,2015,Final_Report_2015_16.pdf,NEL
29-Apr-15,NE LANTAU,2,7.33,SPRING,STANDARD31516,S,2015-04-29,2015,4,2015-16,2015,Final_Report_2015_16.pdf,NEL
29-Apr-15,NE LANTAU,3,1.22,SPRING,STANDARD31516,S,2015-04-29,2015,4,2015-16,2015,Final_Report_2015_16.pdf,NEL
12-May-15,LAMMA,1,15.98,SPRING,STANDARD31516,P,2015-05-12,2015,5,2015-16,2015,Final_Report_2015_16.pdf,LM
12-May-15,LAMMA,2,28.37,SPRING,STANDARD31516,P,2015-05-12,2015,5,2015-16,2015,Final_Report_2015_16.pdf,LM
12-May-15,LAMMA,3,0.65,SPRING,STANDARD31516,P,2015-05-12,2015,5,2015-16,2015,Final_Report_2015_16.pdf,LM
12-May-15,LAMMA,2,6.53,SPRING,STANDARD31516,S,2015-05-12,2015,5,2015-16,2015,Final_Report_2015_16.pdf,LM
12-May-15,SE LANTAU,1,7.61,SPRING,STANDARD31516,P,2015-05-12,2015,5,2015-16,2015,Final_Report_2015_16.pdf,SEL
12-May-15,SE LANTAU,2,10.9,SPRING,STANDARD31516,P,2015-05-12,2015,5,2015-16,2015,Final_Report_2015_16.pdf,SEL
12-May-15,SE LANTAU,1,4.01,SPRING,STANDARD31516,S,2015-05-12,2015,5,2015-16,2015,Final_Report_2015_16.pdf,SEL
12-May-15,SE LANTAU,2,5.19,SPRING,STANDARD31516,S,2015-05-12,2015,5,2015-16,2015,Final_Report_2015_16.pdf,SEL
13-May-15,W LANTAU,2,6.23,SPRING,STANDARD31516,P,2015-05-13,2015,5,2015-16,2015,Final_Report_2015_16.pdf,WL
13-May-15,W LANTAU,3,10.58,SPRING,STANDARD31516,P,2015-05-13,2015,5,2015-16,2015,Final_Report_2015_16.pdf,WL
13-May-15,W LANTAU,4,5.01,SPRING,STANDARD31516,P,2015-05-13,2015,5,2015-16,2015,Final_Report_2015_16.pdf,WL
13-May-15,W LANTAU,2,5.42,SPRING,STANDARD31516,S,2015-05-13,2015,5,2015-16,2015,Final_Report_2015_16.pdf,WL
13-May-15,W LANTAU,3,12.05,SPRING,STANDARD31516,S,2015-05-13,2015,5,2015-16,2015,Final_Report_2015_16.pdf,WL
13-May-15,W LANTAU,4,3.75,SPRING,STANDARD31516,S,2015-05-13,2015,5,2015-16,2015,Final_Report_2015_16.pdf,WL
13-May-15,NW LANTAU,3,21.1,SPRING,STANDARD31516,P,2015-05-13,2015,5,2015-16,2015,Final_Report_2015_16.pdf,NWL
13-May-15,NW LANTAU,2,1.7,SPRING,STANDARD31516,S,2015-05-13,2015,5,2015-16,2015,Final_Report_2015_16.pdf,NWL
13-May-15,NW LANTAU,3,8.8,SPRING,STANDARD31516,S,2015-05-13,2015,5,2015-16,2015,Final_Report_2015_16.pdf,NWL
19-May-15,NW LANTAU,2,9.27,SPRING,STANDARD31516,P,2015-05-19,2015,5,2015-16,2015,Final_Report_2015_16.pdf,NWL
19-May-15,NW LANTAU,3,16.62,SPRING,STANDARD31516,P,2015-05-19,2015,5,2015-16,2015,Final_Report_2015_16.pdf,NWL
19-May-15,NW LANTAU,3,6.08,SPRING,STANDARD31516,S,2015-05-19,2015,5,2015-16,2015,Final_Report_2015_16.pdf,NWL
19-May-15,NW LANTAU,4,0.63,SPRING,STANDARD31516,S,2015-05-19,2015,5,2015-16,2015,Final_Report_2015_16.pdf,NWL
19-May-15,DEEP BAY,3,6.8,SPRING,STANDARD31516,P,2015-05-19,2015,5,2015-16,2015,Final_Report_2015_16.pdf,DB
19-May-15,DEEP BAY,4,5.98,SPRING,STANDARD31516,P,2015-05-19,2015,5,2015-16,2015,Final_Report_2015_16.pdf,DB
19-May-15,DEEP BAY,3,2.03,SPRING,STANDARD31516,S,2015-05-19,2015,5,2015-16,2015,Final_Report_2015_16.pdf,DB
19-May-15,DEEP BAY,4,1.15,SPRING,STANDARD31516,S,2015-05-19,2015,5,2015-16,2015,Final_Report_2015_16.pdf,DB
19-May-15,NE LANTAU,2,13.03,SPRING,STANDARD31516,P,2015-05-19,2015,5,2015-16,2015,Final_Report_2015_16.pdf,NEL
19-May-15,NE LANTAU,3,3.52,SPRING,STANDARD31516,P,2015-05-19,2015,5,2015-16,2015,Final_Report_2015_16.pdf,NEL
19-May-15,NE LANTAU,2,4.53,SPRING,STANDARD31516,S,2015-05-19,2015,5,2015-16,2015,Final_Report_2015_16.pdf,NEL
19-May-15,NE LANTAU,3,3.82,SPRING,STANDARD31516,S,2015-05-19,2015,5,2015-16,2015,Final_Report_2015_16.pdf,NEL
22-May-15,W LANTAU,2,2.83,SPRING,STANDARD31516,P,2015-05-22,2015,5,2015-16,2015,Final_Report_2015_16.pdf,WL
22-May-15,W LANTAU,3,3.35,SPRING,STANDARD31516,P,2015-05-22,2015,5,2015-16,2015,Final_Report_2015_16.pdf,WL
22-May-15,W LANTAU,4,1.3,SPRING,STANDARD31516,P,2015-05-22,2015,5,2015-16,2015,Final_Report_2015_16.pdf,WL
22-May-15,W LANTAU,5,4.8,SPRING,STANDARD31516,P,2015-05-22,2015,5,2015-16,2015,Final_Report_2015_16.pdf,WL
22-May-15,W LANTAU,2,2.09,SPRING,STANDARD31516,S,2015-05-22,2015,5,2015-16,2015,Final_Report_2015_16.pdf,WL
22-May-15,W LANTAU,3,2.79,SPRING,STANDARD31516,S,2015-05-22,2015,5,2015-16,2015,Final_Report_2015_16.pdf,WL
22-May-15,W LANTAU,4,2.37,SPRING,STANDARD31516,S,2015-05-22,2015,5,2015-16,2015,Final_Report_2015_16.pdf,WL
22-May-15,W LANTAU,5,3.4,SPRING,STANDARD31516,S,2015-05-22,2015,5,2015-16,2015,Final_Report_2015_16.pdf,WL
22-May-15,NW LANTAU,2,0.38,SPRING,STANDARD31516,P,2015-05-22,2015,5,2015-16,2015,Final_Report_2015_16.pdf,NWL
22-May-15,NW LANTAU,3,3.07,SPRING,STANDARD31516,P,2015-05-22,2015,5,2015-16,2015,Final_Report_2015_16.pdf,NWL
22-May-15,NW LANTAU,4,7.83,SPRING,STANDARD31516,P,2015-05-22,2015,5,2015-16,2015,Final_Report_2015_16.pdf,NWL
22-May-15,NW LANTAU,5,3.1,SPRING,STANDARD31516,P,2015-05-22,2015,5,2015-16,2015,Final_Report_2015_16.pdf,NWL
22-May-15,NW LANTAU,2,1.89,SPRING,STANDARD31516,S,2015-05-22,2015,5,2015-16,2015,Final_Report_2015_16.pdf,NWL
22-May-15,NW LANTAU,3,2.55,SPRING,STANDARD31516,S,2015-05-22,2015,5,2015-16,2015,Final_Report_2015_16.pdf,NWL
22-May-15,NW LANTAU,4,5.58,SPRING,STANDARD31516,S,2015-05-22,2015,5,2015-16,2015,Final_Report_2015_16.pdf,NWL
22-May-15,NE LANTAU,2,4.11,SPRING,STANDARD31516,P,2015-05-22,2015,5,2015-16,2015,Final_Report_2015_16.pdf,NEL
22-May-15,NE LANTAU,3,19.95,SPRING,STANDARD31516,P,2015-05-22,2015,5,2015-16,2015,Final_Report_2015_16.pdf,NEL
22-May-15,NE LANTAU,4,3.26,SPRING,STANDARD31516,P,2015-05-22,2015,5,2015-16,2015,Final_Report_2015_16.pdf,NEL
22-May-15,NE LANTAU,2,2.17,SPRING,STANDARD31516,S,2015-05-22,2015,5,2015-16,2015,Final_Report_2015_16.pdf,NEL
22-May-15,NE LANTAU,3,8.51,SPRING,STANDARD31516,S,2015-05-22,2015,5,2015-16,2015,Final_Report_2015_16.pdf,NEL
26-May-15,SE LANTAU,2,12.61,SPRING,STANDARD31516,P,2015-05-26,2015,5,2015-16,2015,Final_Report_2015_16.pdf,SEL
26-May-15,SE LANTAU,2,1.99,SPRING,STANDARD31516,S,2015-05-26,2015,5,2015-16,2015,Final_Report_2015_16.pdf,SEL
26-May-15,SW LANTAU,1,4.46,SPRING,STANDARD31516,P,2015-05-26,2015,5,2015-16,2015,Final_Report_2015_16.pdf,SWL
26-May-15,SW LANTAU,2,17.56,SPRING,STANDARD31516,P,2015-05-26,2015,5,2015-16,2015,Final_Report_2015_16.pdf,SWL
26-May-15,SW LANTAU,2,4.58,SPRING,STANDARD31516,S,2015-05-26,2015,5,2015-16,2015,Final_Report_2015_16.pdf,SWL
27-May-15,W LANTAU,3,9.77,SPRING,STANDARD31516,S,2015-05-27,2015,5,2015-16,2015,Final_Report_2015_16.pdf,WL
27-May-15,W LANTAU,4,0.83,SPRING,STANDARD31516,S,2015-05-27,2015,5,2015-16,2015,Final_Report_2015_16.pdf,WL
4-Jun-15,SE LANTAU,2,10.47,SUMMER,STANDARD31516,P,2015-06-04,2015,6,2015-16,2015,Final_Report_2015_16.pdf,SEL
4-Jun-15,SE LANTAU,2,6.1,SUMMER,STANDARD31516,S,2015-06-04,2015,6,2015-16,2015,Final_Report_2015_16.pdf,SEL
4-Jun-15,SW LANTAU,2,10.44,SUMMER,STANDARD31516,P,2015-06-04,2015,6,2015-16,2015,Final_Report_2015_16.pdf,SWL
4-Jun-15,SW LANTAU,3,13.58,SUMMER,STANDARD31516,P,2015-06-04,2015,6,2015-16,2015,Final_Report_2015_16.pdf,SWL
4-Jun-15,SW LANTAU,2,3.71,SUMMER,STANDARD31516,S,2015-06-04,2015,6,2015-16,2015,Final_Report_2015_16.pdf,SWL
4-Jun-15,SW LANTAU,3,9.2,SUMMER,STANDARD31516,S,2015-06-04,2015,6,2015-16,2015,Final_Report_2015_16.pdf,SWL
8-Jun-15,PO TOI,2,8.4,SUMMER,STANDARD31516,P,2015-06-08,2015,6,2015-16,2015,Final_Report_2015_16.pdf,PT
8-Jun-15,PO TOI,3,41.72,SUMMER,STANDARD31516,P,2015-06-08,2015,6,2015-16,2015,Final_Report_2015_16.pdf,PT
8-Jun-15,PO TOI,4,3.91,SUMMER,STANDARD31516,P,2015-06-08,2015,6,2015-16,2015,Final_Report_2015_16.pdf,PT
8-Jun-15,PO TOI,2,2.37,SUMMER,STANDARD31516,S,2015-06-08,2015,6,2015-16,2015,Final_Report_2015_16.pdf,PT
8-Jun-15,PO TOI,3,8.0,SUMMER,STANDARD31516,S,2015-06-08,2015,6,2015-16,2015,Final_Report_2015_16.pdf,PT
8-Jun-15,NINEPINS,2,8.37,SUMMER,STANDARD31516,P,2015-06-08,2015,6,2015-16,2015,Final_Report_2015_16.pdf,NP
8-Jun-15,NINEPINS,3,5.53,SUMMER,STANDARD31516,P,2015-06-08,2015,6,2015-16,2015,Final_Report_2015_16.pdf,NP
9-Jun-15,SW LANTAU,2,1.1,SUMMER,STANDARD31516,P,2015-06-09,2015,6,2015-16,2015,Final_Report_2015_16.pdf,SWL
9-Jun-15,SW LANTAU,3,10.18,SUMMER,STANDARD31516,P,2015-06-09,2015,6,2015-16,2015,Final_Report_2015_16.pdf,SWL
9-Jun-15,SW LANTAU,4,0.6,SUMMER,STANDARD31516,P,2015-06-09,2015,6,2015-16,2015,Final_Report_2015_16.pdf,SWL
9-Jun-15,SW LANTAU,2,1.9,SUMMER,STANDARD31516,S,2015-06-09,2015,6,2015-16,2015,Final_Report_2015_16.pdf,SWL
9-Jun-15,SW LANTAU,3,11.54,SUMMER,STANDARD31516,S,2015-06-09,2015,6,2015-16,2015,Final_Report_2015_16.pdf,SWL
9-Jun-15,SW LANTAU,4,1.0,SUMMER,STANDARD31516,S,2015-06-09,2015,6,2015-16,2015,Final_Report_2015_16.pdf,SWL
12-Jun-15,W LANTAU,2,2.32,SUMMER,STANDARD31516,S,2015-06-12,2015,6,2015-16,2015,Final_Report_2015_16.pdf,WL
12-Jun-15,W LANTAU,3,7.09,SUMMER,STANDARD31516,S,2015-06-12,2015,6,2015-16,2015,Final_Report_2015_16.pdf,WL
12-Jun-15,W LANTAU,4,1.19,SUMMER,STANDARD31516,S,2015-06-12,2015,6,2015-16,2015,Final_Report_2015_16.pdf,WL
12-Jun-15,SW LANTAU,2,13.37,SUMMER,STANDARD31516,P,2015-06-12,2015,6,2015-16,2015,Final_Report_2015_16.pdf,SWL
12-Jun-15,SW LANTAU,3,5.14,SUMMER,STANDARD31516,P,2015-06-12,2015,6,2015-16,2015,Final_Report_2015_16.pdf,SWL
12-Jun-15,SW LANTAU,1,0.67,SUMMER,STANDARD31516,S,2015-06-12,2015,6,2015-16,2015,Final_Report_2015_16.pdf,SWL
12-Jun-15,SW LANTAU,2,5.28,SUMMER,STANDARD31516,S,2015-06-12,2015,6,2015-16,2015,Final_Report_2015_16.pdf,SWL
12-Jun-15,SW LANTAU,3,4.81,SUMMER,STANDARD31516,S,2015-06-12,2015,6,2015-16,2015,Final_Report_2015_16.pdf,SWL
12-Jun-15,SW LANTAU,4,0.6,SUMMER,STANDARD31516,S,2015-06-12,2015,6,2015-16,2015,Final_Report_2015_16.pdf,SWL
12-Jun-15,SE LANTAU,3,8.37,SUMMER,STANDARD31516,P,2015-06-12,2015,6,2015-16,2015,Final_Report_2015_16.pdf,SEL
12-Jun-15,SE LANTAU,2,1.72,SUMMER,STANDARD31516,S,2015-06-12,2015,6,2015-16,2015,Final_Report_2015_16.pdf,SEL
12-Jun-15,SE LANTAU,3,4.21,SUMMER,STANDARD31516,S,2015-06-12,2015,6,2015-16,2015,Final_Report_2015_16.pdf,SEL
12-Jun-15,SE LANTAU,4,0.6,SUMMER,STANDARD31516,S,2015-06-12,2015,6,2015-16,2015,Final_Report_2015_16.pdf,SEL
15-Jun-15,W LANTAU,2,9.9,SUMMER,STANDARD31516,S,2015-06-15,2015,6,2015-16,2015,Final_Report_2015_16.pdf,WL
15-Jun-15,W LANTAU,3,0.5,SUMMER,STANDARD31516,S,2015-06-15,2015,6,2015-16,2015,Final_Report_2015_16.pdf,WL
16-Jun-15,PO TOI,1,36.53,SUMMER,STANDARD31516,P,2015-06-16,2015,6,2015-16,2015,Final_Report_2015_16.pdf,PT
16-Jun-15,PO TOI,2,12.09,SUMMER,STANDARD31516,P,2015-06-16,2015,6,2015-16,2015,Final_Report_2015_16.pdf,PT
16-Jun-15,PO TOI,1,1.71,SUMMER,STANDARD31516,S,2015-06-16,2015,6,2015-16,2015,Final_Report_2015_16.pdf,PT
16-Jun-15,PO TOI,2,5.44,SUMMER,STANDARD31516,S,2015-06-16,2015,6,2015-16,2015,Final_Report_2015_16.pdf,PT
16-Jun-15,NINEPINS,2,31.1,SUMMER,STANDARD31516,P,2015-06-16,2015,6,2015-16,2015,Final_Report_2015_16.pdf,NP
16-Jun-15,NINEPINS,3,5.59,SUMMER,STANDARD31516,P,2015-06-16,2015,6,2015-16,2015,Final_Report_2015_16.pdf,NP
16-Jun-15,NINEPINS,2,2.0,SUMMER,STANDARD31516,S,2015-06-16,2015,6,2015-16,2015,Final_Report_2015_16.pdf,NP
18-Jun-15,SW LANTAU,2,0.94,SUMMER,STANDARD31516,P,2015-06-18,2015,6,2015-16,2015,Final_Report_2015_16.pdf,SWL
18-Jun-15,SW LANTAU,3,11.29,SUMMER,STANDARD31516,P,2015-06-18,2015,6,2015-16,2015,Final_Report_2015_16.pdf,SWL
18-Jun-15,SW LANTAU,2,3.71,SUMMER,STANDARD31516,S,2015-06-18,2015,6,2015-16,2015,Final_Report_2015_16.pdf,SWL
18-Jun-15,SW LANTAU,3,3.92,SUMMER,STANDARD31516,S,2015-06-18,2015,6,2015-16,2015,Final_Report_2015_16.pdf,SWL
19-Jun-15,NW LANTAU,1,2.1,SUMMER,STANDARD31516,P,2015-06-19,2015,6,2015-16,2015,Final_Report_2015_16.pdf,NWL
19-Jun-15,NW LANTAU,2,13.82,SUMMER,STANDARD31516,P,2015-06-19,2015,6,2015-16,2015,Final_Report_2015_16.pdf,NWL
19-Jun-15,NW LANTAU,3,14.41,SUMMER,STANDARD31516,P,2015-06-19,2015,6,2015-16,2015,Final_Report_2015_16.pdf,NWL
19-Jun-15,NW LANTAU,4,0.79,SUMMER,STANDARD31516,P,2015-06-19,2015,6,2015-16,2015,Final_Report_2015_16.pdf,NWL
19-Jun-15,NW LANTAU,2,0.5,SUMMER,STANDARD31516,S,2015-06-19,2015,6,2015-16,2015,Final_Report_2015_16.pdf,NWL
19-Jun-15,NW LANTAU,3,4.4,SUMMER,STANDARD31516,S,2015-06-19,2015,6,2015-16,2015,Final_Report_2015_16.pdf,NWL
19-Jun-15,NE LANTAU,2,11.04,SUMMER,STANDARD31516,P,2015-06-19,2015,6,2015-16,2015,Final_Report_2015_16.pdf,NEL
19-Jun-15,NE LANTAU,3,8.64,SUMMER,STANDARD31516,P,2015-06-19,2015,6,2015-16,2015,Final_Report_2015_16.pdf,NEL
19-Jun-15,NE LANTAU,2,8.71,SUMMER,STANDARD31516,S,2015-06-19,2015,6,2015-16,2015,Final_Report_2015_16.pdf,NEL
19-Jun-15,NE LANTAU,3,2.1,SUMMER,STANDARD31516,S,2015-06-19,2015,6,2015-16,2015,Final_Report_2015_16.pdf,NEL
19-Jun-15,DEEP BAY,2,5.12,SUMMER,STANDARD31516,P,2015-06-19,2015,6,2015-16,2015,Final_Report_2015_16.pdf,DB
19-Jun-15,DEEP BAY,3,7.29,SUMMER,STANDARD31516,P,2015-06-19,2015,6,2015-16,2015,Final_Report_2015_16.pdf,DB
19-Jun-15,DEEP BAY,2,2.3,SUMMER,STANDARD31516,S,2015-06-19,2015,6,2015-16,2015,Final_Report_2015_16.pdf,DB
19-Jun-15,DEEP BAY,3,5.89,SUMMER,STANDARD31516,S,2015-06-19,2015,6,2015-16,2015,Final_Report_2015_16.pdf,DB
29-Jun-15,SE LANTAU,2,14.04,SUMMER,STANDARD31516,P,2015-06-29,2015,6,2015-16,2015,Final_Report_2015_16.pdf,SEL
29-Jun-15,SE LANTAU,3,12.78,SUMMER,STANDARD31516,P,2015-06-29,2015,6,2015-16,2015,Final_Report_2015_16.pdf,SEL
29-Jun-15,SE LANTAU,2,4.3,SUMMER,STANDARD31516,S,2015-06-29,2015,6,2015-16,2015,Final_Report_2015_16.pdf,SEL
29-Jun-15,SE LANTAU,3,3.98,SUMMER,STANDARD31516,S,2015-06-29,2015,6,2015-16,2015,Final_Report_2015_16.pdf,SEL
29-Jun-15,SW LANTAU,2,13.44,SUMMER,STANDARD31516,P,2015-06-29,2015,6,2015-16,2015,Final_Report_2015_16.pdf,SWL
29-Jun-15,SW LANTAU,3,9.35,SUMMER,STANDARD31516,P,2015-06-29,2015,6,2015-16,2015,Final_Report_2015_16.pdf,SWL
29-Jun-15,SW LANTAU,2,2.03,SUMMER,STANDARD31516,S,2015-06-29,2015,6,2015-16,2015,Final_Report_2015_16.pdf,SWL
29-Jun-15,SW LANTAU,3,1.61,SUMMER,STANDARD31516,S,2015-06-29,2015,6,2015-16,2015,Final_Report_2015_16.pdf,SWL
30-Jun-15,NW LANTAU,2,0.9,SUMMER,STANDARD31516,P,2015-06-30,2015,6,2015-16,2015,Final_Report_2015_16.pdf,NWL
30-Jun-15,NW LANTAU,3,25.73,SUMMER,STANDARD31516,P,2015-06-30,2015,6,2015-16,2015,Final_Report_2015_16.pdf,NWL
30-Jun-15,NW LANTAU,4,0.62,SUMMER,STANDARD31516,P,2015-06-30,2015,6,2015-16,2015,Final_Report_2015_16.pdf,NWL
30-Jun-15,NW LANTAU,3,6.88,SUMMER,STANDARD31516,S,2015-06-30,2015,6,2015-16,2015,Final_Report_2015_16.pdf,NWL
30-Jun-15,DEEP BAY,3,1.86,SUMMER,STANDARD31516,P,2015-06-30,2015,6,2015-16,2015,Final_Report_2015_16.pdf,DB
30-Jun-15,DEEP BAY,4,7.67,SUMMER,STANDARD31516,P,2015-06-30,2015,6,2015-16,2015,Final_Report_2015_16.pdf,DB
30-Jun-15,DEEP BAY,5,4.03,SUMMER,STANDARD31516,P,2015-06-30,2015,6,2015-16,2015,Final_Report_2015_16.pdf,DB
30-Jun-15,DEEP BAY,3,1.08,SUMMER,STANDARD31516,S,2015-06-30,2015,6,2015-16,2015,Final_Report_2015_16.pdf,DB
30-Jun-15,DEEP BAY,4,3.86,SUMMER,STANDARD31516,S,2015-06-30,2015,6,2015-16,2015,Final_Report_2015_16.pdf,DB
30-Jun-15,DEEP BAY,5,1.5,SUMMER,STANDARD31516,S,2015-06-30,2015,6,2015-16,2015,Final_Report_2015_16.pdf,DB
30-Jun-15,NE LANTAU,2,10.13,SUMMER,STANDARD31516,P,2015-06-30,2015,6,2015-16,2015,Final_Report_2015_16.pdf,NEL
30-Jun-15,NE LANTAU,3,3.3,SUMMER,STANDARD31516,P,2015-06-30,2015,6,2015-16,2015,Final_Report_2015_16.pdf,NEL
30-Jun-15,NE LANTAU,2,6.97,SUMMER,STANDARD31516,S,2015-06-30,2015,6,2015-16,2015,Final_Report_2015_16.pdf,NEL
30-Jun-15,NE LANTAU,3,1.9,SUMMER,STANDARD31516,S,2015-06-30,2015,6,2015-16,2015,Final_Report_2015_16.pdf,NEL
6-Jul-15,SW LANTAU,2,10.55,SUMMER,STANDARD31516,P,2015-07-06,2015,7,2015-16,2015,Final_Report_2015_16.pdf,SWL
6-Jul-15,SW LANTAU,2,7.73,SUMMER,STANDARD31516,S,2015-07-06,2015,7,2015-16,2015,Final_Report_2015_16.pdf,SWL
6-Jul-15,SW LANTAU,3,2.3,SUMMER,STANDARD31516,S,2015-07-06,2015,7,2015-16,2015,Final_Report_2015_16.pdf,SWL
8-Jul-15,W LANTAU,2,1.32,SUMMER,STANDARD31516,S,2015-07-08,2015,7,2015-16,2015,Final_Report_2015_16.pdf,WL
8-Jul-15,W LANTAU,3,7.86,SUMMER,STANDARD31516,S,2015-07-08,2015,7,2015-16,2015,Final_Report_2015_16.pdf,WL
8-Jul-15,W LANTAU,4,1.22,SUMMER,STANDARD31516,S,2015-07-08,2015,7,2015-16,2015,Final_Report_2015_16.pdf,WL
13-Jul-15,PO TOI,1,3.2,SUMMER,STANDARD31516,P,2015-07-13,2015,7,2015-16,2015,Final_Report_2015_16.pdf,PT
13-Jul-15,PO TOI,2,71.2,SUMMER,STANDARD31516,P,2015-07-13,2015,7,2015-16,2015,Final_Report_2015_16.pdf,PT
13-Jul-15,PO TOI,2,17.2,SUMMER,STANDARD31516,S,2015-07-13,2015,7,2015-16,2015,Final_Report_2015_16.pdf,PT
28-Jul-15,SW LANTAU,2,9.1,SUMMER,STANDARD31516,P,2015-07-28,2015,7,2015-16,2015,Final_Report_2015_16.pdf,SWL
28-Jul-15,SW LANTAU,3,3.03,SUMMER,STANDARD31516,P,2015-07-28,2015,7,2015-16,2015,Final_Report_2015_16.pdf,SWL
28-Jul-15,SW LANTAU,2,6.5,SUMMER,STANDARD31516,S,2015-07-28,2015,7,2015-16,2015,Final_Report_2015_16.pdf,SWL
28-Jul-15,SW LANTAU,3,4.31,SUMMER,STANDARD31516,S,2015-07-28,2015,7,2015-16,2015,Final_Report_2015_16.pdf,SWL
30-Jul-15,NW LANTAU,2,3.28,SUMMER,STANDARD31516,P,2015-07-30,2015,7,2015-16,2015,Final_Report_2015_16.pdf,NWL
30-Jul-15,NW LANTAU,3,13.53,SUMMER,STANDARD31516,P,2015-07-30,2015,7,2015-16,2015,Final_Report_2015_16.pdf,NWL
30-Jul-15,NW LANTAU,4,4.6,SUMMER,STANDARD31516,P,2015-07-30,2015,7,2015-16,2015,Final_Report_2015_16.pdf,NWL
30-Jul-15,NW LANTAU,5,1.23,SUMMER,STANDARD31516,P,2015-07-30,2015,7,2015-16,2015,Final_Report_2015_16.pdf,NWL
30-Jul-15,NW LANTAU,3,0.94,SUMMER,STANDARD31516,S,2015-07-30,2015,7,2015-16,2015,Final_Report_2015_16.pdf,NWL
30-Jul-15,DEEP BAY,2,3.6,SUMMER,STANDARD31516,P,2015-07-30,2015,7,2015-16,2015,Final_Report_2015_16.pdf,DB
30-Jul-15,DEEP BAY,3,7.87,SUMMER,STANDARD31516,P,2015-07-30,2015,7,2015-16,2015,Final_Report_2015_16.pdf,DB
30-Jul-15,DEEP BAY,4,1.62,SUMMER,STANDARD31516,P,2015-07-30,2015,7,2015-16,2015,Final_Report_2015_16.pdf,DB
30-Jul-15,DEEP BAY,2,2.98,SUMMER,STANDARD31516,S,2015-07-30,2015,7,2015-16,2015,Final_Report_2015_16.pdf,DB
30-Jul-15,DEEP BAY,3,4.2,SUMMER,STANDARD31516,S,2015-07-30,2015,7,2015-16,2015,Final_Report_2015_16.pdf,DB
30-Jul-15,DEEP BAY,4,0.63,SUMMER,STANDARD31516,S,2015-07-30,2015,7,2015-16,2015,Final_Report_2015_16.pdf,DB
30-Jul-15,W LANTAU,2,4.23,SUMMER,STANDARD31516,P,2015-07-30,2015,7,2015-16,2015,Final_Report_2015_16.pdf,WL
30-Jul-15,W LANTAU,3,6.06,SUMMER,STANDARD31516,P,2015-07-30,2015,7,2015-16,2015,Final_Report_2015_16.pdf,WL
30-Jul-15,W LANTAU,4,0.7,SUMMER,STANDARD31516,P,2015-07-30,2015,7,2015-16,2015,Final_Report_2015_16.pdf,WL
30-Jul-15,W LANTAU,2,9.69,SUMMER,STANDARD31516,S,2015-07-30,2015,7,2015-16,2015,Final_Report_2015_16.pdf,WL
30-Jul-15,W LANTAU,3,7.25,SUMMER,STANDARD31516,S,2015-07-30,2015,7,2015-16,2015,Final_Report_2015_16.pdf,WL
31-Jul-15,SE LANTAU,2,10.33,SUMMER,STANDARD31516,P,2015-07-31,2015,7,2015-16,2015,Final_Report_2015_16.pdf,SEL
31-Jul-15,SE LANTAU,3,7.88,SUMMER,STANDARD31516,P,2015-07-31,2015,7,2015-16,2015,Final_Report_2015_16.pdf,SEL
31-Jul-15,SE LANTAU,2,9.28,SUMMER,STANDARD31516,S,2015-07-31,2015,7,2015-16,2015,Final_Report_2015_16.pdf,SEL
31-Jul-15,SE LANTAU,3,3.11,SUMMER,STANDARD31516,S,2015-07-31,2015,7,2015-16,2015,Final_Report_2015_16.pdf,SEL
31-Jul-15,SW LANTAU,2,9.63,SUMMER,STANDARD31516,P,2015-07-31,2015,7,2015-16,2015,Final_Report_2015_16.pdf,SWL
31-Jul-15,SW LANTAU,3,11.98,SUMMER,STANDARD31516,P,2015-07-31,2015,7,2015-16,2015,Final_Report_2015_16.pdf,SWL
31-Jul-15,SW LANTAU,2,3.01,SUMMER,STANDARD31516,S,2015-07-31,2015,7,2015-16,2015,Final_Report_2015_16.pdf,SWL
31-Jul-15,SW LANTAU,3,1.31,SUMMER,STANDARD31516,S,2015-07-31,2015,7,2015-16,2015,Final_Report_2015_16.pdf,SWL
31-Jul-15,SW LANTAU,4,1.8,SUMMER,STANDARD31516,S,2015-07-31,2015,7,2015-16,2015,Final_Report_2015_16.pdf,SWL
3-Aug-15,SAI KUNG,1,21.37,SUMMER,STANDARD31516,P,2015-08-03,2015,8,2015-16,2015,Final_Report_2015_16.pdf,SK
3-Aug-15,SAI KUNG,2,20.97,SUMMER,STANDARD31516,P,2015-08-03,2015,8,2015-16,2015,Final_Report_2015_16.pdf,SK
3-Aug-15,SAI KUNG,1,2.73,SUMMER,STANDARD31516,S,2015-08-03,2015,8,2015-16,2015,Final_Report_2015_16.pdf,SK
3-Aug-15,SAI KUNG,2,3.23,SUMMER,STANDARD31516,S,2015-08-03,2015,8,2015-16,2015,Final_Report_2015_16.pdf,SK
3-Aug-15,NINEPINS,2,22.36,SUMMER,STANDARD31516,P,2015-08-03,2015,8,2015-16,2015,Final_Report_2015_16.pdf,NP
3-Aug-15,NINEPINS,2,3.64,SUMMER,STANDARD31516,S,2015-08-03,2015,8,2015-16,2015,Final_Report_2015_16.pdf,NP
4-Aug-15,NINEPINS,0,16.97,SUMMER,STANDARD31516,P,2015-08-04,2015,8,2015-16,2015,Final_Report_2015_16.pdf,NP
4-Aug-15,NINEPINS,1,24.18,SUMMER,STANDARD31516,P,2015-08-04,2015,8,2015-16,2015,Final_Report_2015_16.pdf,NP
4-Aug-15,NINEPINS,2,1.36,SUMMER,STANDARD31516,P,2015-08-04,2015,8,2015-16,2015,Final_Report_2015_16.pdf,NP
4-Aug-15,NINEPINS,0,1.96,SUMMER,STANDARD31516,S,2015-08-04,2015,8,2015-16,2015,Final_Report_2015_16.pdf,NP
4-Aug-15,NINEPINS,1,2.46,SUMMER,STANDARD31516,S,2015-08-04,2015,8,2015-16,2015,Final_Report_2015_16.pdf,NP
4-Aug-15,PO TOI,1,11.74,SUMMER,STANDARD31516,P,2015-08-04,2015,8,2015-16,2015,Final_Report_2015_16.pdf,PT
4-Aug-15,PO TOI,2,23.88,SUMMER,STANDARD31516,P,2015-08-04,2015,8,2015-16,2015,Final_Report_2015_16.pdf,PT
4-Aug-15,PO TOI,2,4.28,SUMMER,STANDARD31516,S,2015-08-04,2015,8,2015-16,2015,Final_Report_2015_16.pdf,PT
6-Aug-15,PO TOI,0,11.61,SUMMER,STANDARD31516,P,2015-08-06,2015,8,2015-16,2015,Final_Report_2015_16.pdf,PT
6-Aug-15,PO TOI,1,36.06,SUMMER,STANDARD31516,P,2015-08-06,2015,8,2015-16,2015,Final_Report_2015_16.pdf,PT
6-Aug-15,PO TOI,2,19.36,SUMMER,STANDARD31516,P,2015-08-06,2015,8,2015-16,2015,Final_Report_2015_16.pdf,PT
6-Aug-15,PO TOI,1,4.71,SUMMER,STANDARD31516,S,2015-08-06,2015,8,2015-16,2015,Final_Report_2015_16.pdf,PT
6-Aug-15,PO TOI,2,11.11,SUMMER,STANDARD31516,S,2015-08-06,2015,8,2015-16,2015,Final_Report_2015_16.pdf,PT
7-Aug-15,W LANTAU,2,10.4,SUMMER,STANDARD31516,S,2015-08-07,2015,8,2015-16,2015,Final_Report_2015_16.pdf,WL
11-Aug-15,SE LANTAU,0,0.7,SUMMER,STANDARD31516,P,2015-08-11,2015,8,2015-16,2015,Final_Report_2015_16.pdf,SEL
11-Aug-15,SE LANTAU,1,15.01,SUMMER,STANDARD31516,P,2015-08-11,2015,8,2015-16,2015,Final_Report_2015_16.pdf,SEL
11-Aug-15,SE LANTAU,2,4.51,SUMMER,STANDARD31516,P,2015-08-11,2015,8,2015-16,2015,Final_Report_2015_16.pdf,SEL
11-Aug-15,SE LANTAU,1,6.1,SUMMER,STANDARD31516,S,2015-08-11,2015,8,2015-16,2015,Final_Report_2015_16.pdf,SEL
11-Aug-15,SW LANTAU,1,10.58,SUMMER,STANDARD31516,P,2015-08-11,2015,8,2015-16,2015,Final_Report_2015_16.pdf,SWL
11-Aug-15,SW LANTAU,2,6.01,SUMMER,STANDARD31516,P,2015-08-11,2015,8,2015-16,2015,Final_Report_2015_16.pdf,SWL
11-Aug-15,SW LANTAU,1,5.56,SUMMER,STANDARD31516,S,2015-08-11,2015,8,2015-16,2015,Final_Report_2015_16.pdf,SWL
11-Aug-15,SW LANTAU,2,4.48,SUMMER,STANDARD31516,S,2015-08-11,2015,8,2015-16,2015,Final_Report_2015_16.pdf,SWL
12-Aug-15,W LANTAU,2,12.48,SUMMER,STANDARD31516,P,2015-08-12,2015,8,2015-16,2015,Final_Report_2015_16.pdf,WL
12-Aug-15,W LANTAU,3,2.78,SUMMER,STANDARD31516,P,2015-08-12,2015,8,2015-16,2015,Final_Report_2015_16.pdf,WL
12-Aug-15,W LANTAU,1,0.9,SUMMER,STANDARD31516,S,2015-08-12,2015,8,2015-16,2015,Final_Report_2015_16.pdf,WL
12-Aug-15,W LANTAU,2,5.54,SUMMER,STANDARD31516,S,2015-08-12,2015,8,2015-16,2015,Final_Report_2015_16.pdf,WL
12-Aug-15,W LANTAU,3,1.17,SUMMER,STANDARD31516,S,2015-08-12,2015,8,2015-16,2015,Final_Report_2015_16.pdf,WL
12-Aug-15,SW LANTAU,2,20.96,SUMMER,STANDARD31516,P,2015-08-12,2015,8,2015-16,2015,Final_Report_2015_16.pdf,SWL
12-Aug-15,SW LANTAU,3,0.46,SUMMER,STANDARD31516,P,2015-08-12,2015,8,2015-16,2015,Final_Report_2015_16.pdf,SWL
12-Aug-15,SW LANTAU,2,10.38,SUMMER,STANDARD31516,S,2015-08-12,2015,8,2015-16,2015,Final_Report_2015_16.pdf,SWL
18-Aug-15,SW LANTAU,2,8.63,SUMMER,STANDARD31516,P,2015-08-18,2015,8,2015-16,2015,Final_Report_2015_16.pdf,SWL
18-Aug-15,SW LANTAU,1,1.91,SUMMER,STANDARD31516,S,2015-08-18,2015,8,2015-16,2015,Final_Report_2015_16.pdf,SWL
18-Aug-15,SW LANTAU,2,8.64,SUMMER,STANDARD31516,S,2015-08-18,2015,8,2015-16,2015,Final_Report_2015_16.pdf,SWL
18-Aug-15,SW LANTAU,3,1.2,SUMMER,STANDARD31516,S,2015-08-18,2015,8,2015-16,2015,Final_Report_2015_16.pdf,SWL
20-Aug-15,PO TOI,0,2.34,SUMMER,STANDARD31516,P,2015-08-20,2015,8,2015-16,2015,Final_Report_2015_16.pdf,PT
20-Aug-15,PO TOI,1,3.32,SUMMER,STANDARD31516,P,2015-08-20,2015,8,2015-16,2015,Final_Report_2015_16.pdf,PT
20-Aug-15,PO TOI,2,27.43,SUMMER,STANDARD31516,P,2015-08-20,2015,8,2015-16,2015,Final_Report_2015_16.pdf,PT
20-Aug-15,PO TOI,3,12.9,SUMMER,STANDARD31516,P,2015-08-20,2015,8,2015-16,2015,Final_Report_2015_16.pdf,PT
20-Aug-15,PO TOI,1,1.96,SUMMER,STANDARD31516,S,2015-08-20,2015,8,2015-16,2015,Final_Report_2015_16.pdf,PT
20-Aug-15,PO TOI,2,1.23,SUMMER,STANDARD31516,S,2015-08-20,2015,8,2015-16,2015,Final_Report_2015_16.pdf,PT
20-Aug-15,PO TOI,3,1.9,SUMMER,STANDARD31516,S,2015-08-20,2015,8,2015-16,2015,Final_Report_2015_16.pdf,PT
20-Aug-15,NINEPINS,1,19.54,SUMMER,STANDARD31516,P,2015-08-20,2015,8,2015-16,2015,Final_Report_2015_16.pdf,NP
20-Aug-15,NINEPINS,2,11.16,SUMMER,STANDARD31516,P,2015-08-20,2015,8,2015-16,2015,Final_Report_2015_16.pdf,NP
20-Aug-15,NINEPINS,1,2.1,SUMMER,STANDARD31516,S,2015-08-20,2015,8,2015-16,2015,Final_Report_2015_16.pdf,NP
25-Aug-15,SAI KUNG,2,41.8,SUMMER,STANDARD31516,P,2015-08-25,2015,8,2015-16,2015,Final_Report_2015_16.pdf,SK
25-Aug-15,SAI KUNG,3,4.84,SUMMER,STANDARD31516,P,2015-08-25,2015,8,2015-16,2015,Final_Report_2015_16.pdf,SK
25-Aug-15,SAI KUNG,2,6.1,SUMMER,STANDARD31516,S,2015-08-25,2015,8,2015-16,2015,Final_Report_2015_16.pdf,SK
26-Aug-15,SW LANTAU,2,10.1,SUMMER,STANDARD31516,S,2015-08-26,2015,8,2015-16,2015,Final_Report_2015_16.pdf,SWL
27-Aug-15,NW LANTAU,1,5.53,SUMMER,STANDARD31516,P,2015-08-27,2015,8,2015-16,2015,Final_Report_2015_16.pdf,NWL
27-Aug-15,NW LANTAU,2,21.35,SUMMER,STANDARD31516,P,2015-08-27,2015,8,2015-16,2015,Final_Report_2015_16.pdf,NWL
27-Aug-15,NW LANTAU,1,2.71,SUMMER,STANDARD31516,S,2015-08-27,2015,8,2015-16,2015,Final_Report_2015_16.pdf,NWL
27-Aug-15,NW LANTAU,2,4.05,SUMMER,STANDARD31516,S,2015-08-27,2015,8,2015-16,2015,Final_Report_2015_16.pdf,NWL
27-Aug-15,DEEP BAY,2,7.02,SUMMER,STANDARD31516,P,2015-08-27,2015,8,2015-16,2015,Final_Report_2015_16.pdf,DB
27-Aug-15,DEEP BAY,3,6.07,SUMMER,STANDARD31516,P,2015-08-27,2015,8,2015-16,2015,Final_Report_2015_16.pdf,DB
27-Aug-15,DEEP BAY,2,2.02,SUMMER,STANDARD31516,S,2015-08-27,2015,8,2015-16,2015,Final_Report_2015_16.pdf,DB
27-Aug-15,DEEP BAY,3,4.09,SUMMER,STANDARD31516,S,2015-08-27,2015,8,2015-16,2015,Final_Report_2015_16.pdf,DB
27-Aug-15,NE LANTAU,1,2.1,SUMMER,STANDARD31516,P,2015-08-27,2015,8,2015-16,2015,Final_Report_2015_16.pdf,NEL
27-Aug-15,NE LANTAU,2,7.88,SUMMER,STANDARD31516,P,2015-08-27,2015,8,2015-16,2015,Final_Report_2015_16.pdf,NEL
27-Aug-15,NE LANTAU,3,4.95,SUMMER,STANDARD31516,P,2015-08-27,2015,8,2015-16,2015,Final_Report_2015_16.pdf,NEL
27-Aug-15,NE LANTAU,1,0.3,SUMMER,STANDARD31516,S,2015-08-27,2015,8,2015-16,2015,Final_Report_2015_16.pdf,NEL
27-Aug-15,NE LANTAU,2,8.67,SUMMER,STANDARD31516,S,2015-08-27,2015,8,2015-16,2015,Final_Report_2015_16.pdf,NEL
27-Aug-15,NE LANTAU,3,1.3,SUMMER,STANDARD31516,S,2015-08-27,2015,8,2015-16,2015,Final_Report_2015_16.pdf,NEL
7-Sep-15,SW LANTAU,1,1.6,AUTUMN,STANDARD31516,P,2015-09-07,2015,9,2015-16,2015,Final_Report_2015_16.pdf,SWL
7-Sep-15,SW LANTAU,2,6.87,AUTUMN,STANDARD31516,P,2015-09-07,2015,9,2015-16,2015,Final_Report_2015_16.pdf,SWL
7-Sep-15,SW LANTAU,1,2.4,AUTUMN,STANDARD31516,S,2015-09-07,2015,9,2015-16,2015,Final_Report_2015_16.pdf,SWL
7-Sep-15,SW LANTAU,2,4.73,AUTUMN,STANDARD31516,S,2015-09-07,2015,9,2015-16,2015,Final_Report_2015_16.pdf,SWL
7-Sep-15,SW LANTAU,3,0.17,AUTUMN,STANDARD31516,S,2015-09-07,2015,9,2015-16,2015,Final_Report_2015_16.pdf,SWL
8-Sep-15,NW LANTAU,2,10.82,AUTUMN,STANDARD31516,P,2015-09-08,2015,9,2015-16,2015,Final_Report_2015_16.pdf,NWL
8-Sep-15,NW LANTAU,3,12.98,AUTUMN,STANDARD31516,P,2015-09-08,2015,9,2015-16,2015,Final_Report_2015_16.pdf,NWL
8-Sep-15,NW LANTAU,2,3.3,AUTUMN,STANDARD31516,S,2015-09-08,2015,9,2015-16,2015,Final_Report_2015_16.pdf,NWL
8-Sep-15,W LANTAU,2,3.03,AUTUMN,STANDARD31516,P,2015-09-08,2015,9,2015-16,2015,Final_Report_2015_16.pdf,WL
8-Sep-15,W LANTAU,3,13.79,AUTUMN,STANDARD31516,P,2015-09-08,2015,9,2015-16,2015,Final_Report_2015_16.pdf,WL
8-Sep-15,W LANTAU,4,1.25,AUTUMN,STANDARD31516,P,2015-09-08,2015,9,2015-16,2015,Final_Report_2015_16.pdf,WL
8-Sep-15,W LANTAU,2,5.61,AUTUMN,STANDARD31516,S,2015-09-08,2015,9,2015-16,2015,Final_Report_2015_16.pdf,WL
8-Sep-15,W LANTAU,3,12.14,AUTUMN,STANDARD31516,S,2015-09-08,2015,9,2015-16,2015,Final_Report_2015_16.pdf,WL
8-Sep-15,W LANTAU,4,2.16,AUTUMN,STANDARD31516,S,2015-09-08,2015,9,2015-16,2015,Final_Report_2015_16.pdf,WL
10-Sep-15,W LANTAU,2,8.03,AUTUMN,STANDARD31516,S,2015-09-10,2015,9,2015-16,2015,Final_Report_2015_16.pdf,WL
10-Sep-15,W LANTAU,3,1.71,AUTUMN,STANDARD31516,S,2015-09-10,2015,9,2015-16,2015,Final_Report_2015_16.pdf,WL
18-Sep-15,SE LANTAU,2,8.73,AUTUMN,STANDARD31516,P,2015-09-18,2015,9,2015-16,2015,Final_Report_2015_16.pdf,SEL
18-Sep-15,SE LANTAU,3,10.17,AUTUMN,STANDARD31516,P,2015-09-18,2015,9,2015-16,2015,Final_Report_2015_16.pdf,SEL
18-Sep-15,SE LANTAU,2,3.5,AUTUMN,STANDARD31516,S,2015-09-18,2015,9,2015-16,2015,Final_Report_2015_16.pdf,SEL
18-Sep-15,SE LANTAU,3,5.1,AUTUMN,STANDARD31516,S,2015-09-18,2015,9,2015-16,2015,Final_Report_2015_16.pdf,SEL
18-Sep-15,SW LANTAU,3,18.77,AUTUMN,STANDARD31516,P,2015-09-18,2015,9,2015-16,2015,Final_Report_2015_16.pdf,SWL
18-Sep-15,SW LANTAU,4,1.5,AUTUMN,STANDARD31516,P,2015-09-18,2015,9,2015-16,2015,Final_Report_2015_16.pdf,SWL
18-Sep-15,SW LANTAU,2,3.6,AUTUMN,STANDARD31516,S,2015-09-18,2015,9,2015-16,2015,Final_Report_2015_16.pdf,SWL
18-Sep-15,SW LANTAU,3,6.23,AUTUMN,STANDARD31516,S,2015-09-18,2015,9,2015-16,2015,Final_Report_2015_16.pdf,SWL
18-Sep-15,SW LANTAU,4,1.8,AUTUMN,STANDARD31516,S,2015-09-18,2015,9,2015-16,2015,Final_Report_2015_16.pdf,SWL
21-Sep-15,W LANTAU,2,4.65,AUTUMN,STANDARD31516,S,2015-09-21,2015,9,2015-16,2015,Final_Report_2015_16.pdf,WL
21-Sep-15,W LANTAU,3,4.22,AUTUMN,STANDARD31516,S,2015-09-21,2015,9,2015-16,2015,Final_Report_2015_16.pdf,WL
22-Sep-15,W LANTAU,2,7.94,AUTUMN,STANDARD31516,P,2015-09-22,2015,9,2015-16,2015,Final_Report_2015_16.pdf,WL
22-Sep-15,W LANTAU,3,2.55,AUTUMN,STANDARD31516,P,2015-09-22,2015,9,2015-16,2015,Final_Report_2015_16.pdf,WL
22-Sep-15,W LANTAU,2,3.03,AUTUMN,STANDARD31516,S,2015-09-22,2015,9,2015-16,2015,Final_Report_2015_16.pdf,WL
22-Sep-15,W LANTAU,3,3.22,AUTUMN,STANDARD31516,S,2015-09-22,2015,9,2015-16,2015,Final_Report_2015_16.pdf,WL
22-Sep-15,NW LANTAU,2,6.42,AUTUMN,STANDARD31516,P,2015-09-22,2015,9,2015-16,2015,Final_Report_2015_16.pdf,NWL
22-Sep-15,NW LANTAU,3,7.02,AUTUMN,STANDARD31516,P,2015-09-22,2015,9,2015-16,2015,Final_Report_2015_16.pdf,NWL
22-Sep-15,NW LANTAU,2,0.61,AUTUMN,STANDARD31516,S,2015-09-22,2015,9,2015-16,2015,Final_Report_2015_16.pdf,NWL
22-Sep-15,DEEP BAY,2,10.32,AUTUMN,STANDARD31516,P,2015-09-22,2015,9,2015-16,2015,Final_Report_2015_16.pdf,DB
22-Sep-15,DEEP BAY,3,3.09,AUTUMN,STANDARD31516,P,2015-09-22,2015,9,2015-16,2015,Final_Report_2015_16.pdf,DB
22-Sep-15,DEEP BAY,2,5.23,AUTUMN,STANDARD31516,S,2015-09-22,2015,9,2015-16,2015,Final_Report_2015_16.pdf,DB
22-Sep-15,DEEP BAY,3,2.16,AUTUMN,STANDARD31516,S,2015-09-22,2015,9,2015-16,2015,Final_Report_2015_16.pdf,DB
24-Sep-15,PO TOI,2,17.64,AUTUMN,STANDARD31516,P,2015-09-24,2015,9,2015-16,2015,Final_Report_2015_16.pdf,PT
24-Sep-15,PO TOI,3,23.3,AUTUMN,STANDARD31516,P,2015-09-24,2015,9,2015-16,2015,Final_Report_2015_16.pdf,PT
24-Sep-15,PO TOI,4,1.0,AUTUMN,STANDARD31516,P,2015-09-24,2015,9,2015-16,2015,Final_Report_2015_16.pdf,PT
24-Sep-15,PO TOI,2,7.09,AUTUMN,STANDARD31516,S,2015-09-24,2015,9,2015-16,2015,Final_Report_2015_16.pdf,PT
24-Sep-15,PO TOI,3,2.9,AUTUMN,STANDARD31516,S,2015-09-24,2015,9,2015-16,2015,Final_Report_2015_16.pdf,PT
24-Sep-15,NINEPINS,2,1.14,AUTUMN,STANDARD31516,P,2015-09-24,2015,9,2015-16,2015,Final_Report_2015_16.pdf,NP
24-Sep-15,NINEPINS,3,16.01,AUTUMN,STANDARD31516,P,2015-09-24,2015,9,2015-16,2015,Final_Report_2015_16.pdf,NP
24-Sep-15,NINEPINS,4,2.6,AUTUMN,STANDARD31516,P,2015-09-24,2015,9,2015-16,2015,Final_Report_2015_16.pdf,NP
24-Sep-15,NINEPINS,2,3.12,AUTUMN,STANDARD31516,S,2015-09-24,2015,9,2015-16,2015,Final_Report_2015_16.pdf,NP
24-Sep-15,NINEPINS,3,3.8,AUTUMN,STANDARD31516,S,2015-09-24,2015,9,2015-16,2015,Final_Report_2015_16.pdf,NP
24-Sep-15,NINEPINS,4,0.7,AUTUMN,STANDARD31516,S,2015-09-24,2015,9,2015-16,2015,Final_Report_2015_16.pdf,NP
25-Sep-15,W LANTAU,2,1.29,AUTUMN,STANDARD31516,S,2015-09-25,2015,9,2015-16,2015,Final_Report_2015_16.pdf,WL
25-Sep-15,W LANTAU,3,6.86,AUTUMN,STANDARD31516,S,2015-09-25,2015,9,2015-16,2015,Final_Report_2015_16.pdf,WL
25-Sep-15,SW LANTAU,2,19.31,AUTUMN,STANDARD31516,P,2015-09-25,2015,9,2015-16,2015,Final_Report_2015_16.pdf,SWL
25-Sep-15,SW LANTAU,3,2.23,AUTUMN,STANDARD31516,P,2015-09-25,2015,9,2015-16,2015,Final_Report_2015_16.pdf,SWL
25-Sep-15,SW LANTAU,1,1.16,AUTUMN,STANDARD31516,S,2015-09-25,2015,9,2015-16,2015,Final_Report_2015_16.pdf,SWL
25-Sep-15,SW LANTAU,2,7.34,AUTUMN,STANDARD31516,S,2015-09-25,2015,9,2015-16,2015,Final_Report_2015_16.pdf,SWL
25-Sep-15,SW LANTAU,3,0.75,AUTUMN,STANDARD31516,S,2015-09-25,2015,9,2015-16,2015,Final_Report_2015_16.pdf,SWL
25-Sep-15,SE LANTAU,2,10.28,AUTUMN,STANDARD31516,P,2015-09-25,2015,9,2015-16,2015,Final_Report_2015_16.pdf,SEL
25-Sep-15,SE LANTAU,2,5.31,AUTUMN,STANDARD31516,S,2015-09-25,2015,9,2015-16,2015,Final_Report_2015_16.pdf,SEL
8-Oct-15,PO TOI,2,54.1,AUTUMN,STANDARD31516,P,2015-10-08,2015,10,2015-16,2015,Final_Report_2015_16.pdf,PT
8-Oct-15,PO TOI,3,17.4,AUTUMN,STANDARD31516,P,2015-10-08,2015,10,2015-16,2015,Final_Report_2015_16.pdf,PT
8-Oct-15,PO TOI,4,0.8,AUTUMN,STANDARD31516,P,2015-10-08,2015,10,2015-16,2015,Final_Report_2015_16.pdf,PT
8-Oct-15,PO TOI,2,6.1,AUTUMN,STANDARD31516,S,2015-10-08,2015,10,2015-16,2015,Final_Report_2015_16.pdf,PT
8-Oct-15,PO TOI,3,6.2,AUTUMN,STANDARD31516,S,2015-10-08,2015,10,2015-16,2015,Final_Report_2015_16.pdf,PT
8-Oct-15,PO TOI,4,3.7,AUTUMN,STANDARD31516,S,2015-10-08,2015,10,2015-16,2015,Final_Report_2015_16.pdf,PT
15-Oct-15,SE LANTAU,2,14.98,AUTUMN,STANDARD31516,P,2015-10-15,2015,10,2015-16,2015,Final_Report_2015_16.pdf,SEL
15-Oct-15,SE LANTAU,2,6.22,AUTUMN,STANDARD31516,S,2015-10-15,2015,10,2015-16,2015,Final_Report_2015_16.pdf,SEL
16-Oct-15,W LANTAU,2,9.84,AUTUMN,STANDARD31516,S,2015-10-16,2015,10,2015-16,2015,Final_Report_2015_16.pdf,WL
20-Oct-15,W LANTAU,2,1.91,AUTUMN,STANDARD31516,P,2015-10-20,2015,10,2015-16,2015,Final_Report_2015_16.pdf,WL
20-Oct-15,W LANTAU,3,7.45,AUTUMN,STANDARD31516,P,2015-10-20,2015,10,2015-16,2015,Final_Report_2015_16.pdf,WL
20-Oct-15,W LANTAU,4,1.46,AUTUMN,STANDARD31516,P,2015-10-20,2015,10,2015-16,2015,Final_Report_2015_16.pdf,WL
20-Oct-15,W LANTAU,2,1.61,AUTUMN,STANDARD31516,S,2015-10-20,2015,10,2015-16,2015,Final_Report_2015_16.pdf,WL
20-Oct-15,W LANTAU,3,6.18,AUTUMN,STANDARD31516,S,2015-10-20,2015,10,2015-16,2015,Final_Report_2015_16.pdf,WL
20-Oct-15,SW LANTAU,2,8.56,AUTUMN,STANDARD31516,P,2015-10-20,2015,10,2015-16,2015,Final_Report_2015_16.pdf,SWL
20-Oct-15,SW LANTAU,3,8.37,AUTUMN,STANDARD31516,P,2015-10-20,2015,10,2015-16,2015,Final_Report_2015_16.pdf,SWL
20-Oct-15,SW LANTAU,2,9.56,AUTUMN,STANDARD31516,S,2015-10-20,2015,10,2015-16,2015,Final_Report_2015_16.pdf,SWL
20-Oct-15,SW LANTAU,3,2.01,AUTUMN,STANDARD31516,S,2015-10-20,2015,10,2015-16,2015,Final_Report_2015_16.pdf,SWL
22-Oct-15,NW LANTAU,2,16.87,AUTUMN,STANDARD31516,P,2015-10-22,2015,10,2015-16,2015,Final_Report_2015_16.pdf,NWL
22-Oct-15,NW LANTAU,3,9.98,AUTUMN,STANDARD31516,P,2015-10-22,2015,10,2015-16,2015,Final_Report_2015_16.pdf,NWL
22-Oct-15,NW LANTAU,2,3.35,AUTUMN,STANDARD31516,S,2015-10-22,2015,10,2015-16,2015,Final_Report_2015_16.pdf,NWL
22-Oct-15,NW LANTAU,3,3.38,AUTUMN,STANDARD31516,S,2015-10-22,2015,10,2015-16,2015,Final_Report_2015_16.pdf,NWL
22-Oct-15,DEEP BAY,2,9.86,AUTUMN,STANDARD31516,P,2015-10-22,2015,10,2015-16,2015,Final_Report_2015_16.pdf,DB
22-Oct-15,DEEP BAY,3,3.6,AUTUMN,STANDARD31516,P,2015-10-22,2015,10,2015-16,2015,Final_Report_2015_16.pdf,DB
22-Oct-15,DEEP BAY,2,4.94,AUTUMN,STANDARD31516,S,2015-10-22,2015,10,2015-16,2015,Final_Report_2015_16.pdf,DB
22-Oct-15,DEEP BAY,3,2.6,AUTUMN,STANDARD31516,S,2015-10-22,2015,10,2015-16,2015,Final_Report_2015_16.pdf,DB
22-Oct-15,NE LANTAU,2,14.16,AUTUMN,STANDARD31516,P,2015-10-22,2015,10,2015-16,2015,Final_Report_2015_16.pdf,NEL
22-Oct-15,NE LANTAU,2,7.44,AUTUMN,STANDARD31516,S,2015-10-22,2015,10,2015-16,2015,Final_Report_2015_16.pdf,NEL
23-Oct-15,SE LANTAU,2,14.04,AUTUMN,STANDARD31516,P,2015-10-23,2015,10,2015-16,2015,Final_Report_2015_16.pdf,SEL
23-Oct-15,SE LANTAU,2,6.46,AUTUMN,STANDARD31516,S,2015-10-23,2015,10,2015-16,2015,Final_Report_2015_16.pdf,SEL
23-Oct-15,SW LANTAU,2,23.03,AUTUMN,STANDARD31516,P,2015-10-23,2015,10,2015-16,2015,Final_Report_2015_16.pdf,SWL
23-Oct-15,SW LANTAU,3,7.5,AUTUMN,STANDARD31516,P,2015-10-23,2015,10,2015-16,2015,Final_Report_2015_16.pdf,SWL
23-Oct-15,SW LANTAU,2,7.87,AUTUMN,STANDARD31516,S,2015-10-23,2015,10,2015-16,2015,Final_Report_2015_16.pdf,SWL
23-Oct-15,SW LANTAU,3,2.2,AUTUMN,STANDARD31516,S,2015-10-23,2015,10,2015-16,2015,Final_Report_2015_16.pdf,SWL
27-Oct-15,PO TOI,2,19.29,AUTUMN,STANDARD31516,P,2015-10-27,2015,10,2015-16,2015,Final_Report_2015_16.pdf,PT
27-Oct-15,PO TOI,3,17.07,AUTUMN,STANDARD31516,P,2015-10-27,2015,10,2015-16,2015,Final_Report_2015_16.pdf,PT
27-Oct-15,PO TOI,2,5.45,AUTUMN,STANDARD31516,S,2015-10-27,2015,10,2015-16,2015,Final_Report_2015_16.pdf,PT
27-Oct-15,PO TOI,3,1.99,AUTUMN,STANDARD31516,S,2015-10-27,2015,10,2015-16,2015,Final_Report_2015_16.pdf,PT
27-Oct-15,NINEPINS,2,32.9,AUTUMN,STANDARD31516,P,2015-10-27,2015,10,2015-16,2015,Final_Report_2015_16.pdf,NP
27-Oct-15,NINEPINS,2,2.1,AUTUMN,STANDARD31516,S,2015-10-27,2015,10,2015-16,2015,Final_Report_2015_16.pdf,NP
30-Oct-15,W LANTAU,1,3.26,AUTUMN,STANDARD31516,P,2015-10-30,2015,10,2015-16,2015,Final_Report_2015_16.pdf,WL
30-Oct-15,W LANTAU,2,18.28,AUTUMN,STANDARD31516,P,2015-10-30,2015,10,2015-16,2015,Final_Report_2015_16.pdf,WL
30-Oct-15,W LANTAU,1,3.56,AUTUMN,STANDARD31516,S,2015-10-30,2015,10,2015-16,2015,Final_Report_2015_16.pdf,WL
30-Oct-15,W LANTAU,2,15.63,AUTUMN,STANDARD31516,S,2015-10-30,2015,10,2015-16,2015,Final_Report_2015_16.pdf,WL
30-Oct-15,NW LANTAU,2,19.77,AUTUMN,STANDARD31516,P,2015-10-30,2015,10,2015-16,2015,Final_Report_2015_16.pdf,NWL
30-Oct-15,NW LANTAU,2,3.94,AUTUMN,STANDARD31516,S,2015-10-30,2015,10,2015-16,2015,Final_Report_2015_16.pdf,NWL
5-Nov-15,SE LANTAU,2,9.58,AUTUMN,STANDARD31516,P,2015-11-05,2015,11,2015-16,2015,Final_Report_2015_16.pdf,SEL
5-Nov-15,SE LANTAU,3,5.58,AUTUMN,STANDARD31516,P,2015-11-05,2015,11,2015-16,2015,Final_Report_2015_16.pdf,SEL
5-Nov-15,SE LANTAU,4,2.9,AUTUMN,STANDARD31516,P,2015-11-05,2015,11,2015-16,2015,Final_Report_2015_16.pdf,SEL
5-Nov-15,SE LANTAU,2,0.6,AUTUMN,STANDARD31516,S,2015-11-05,2015,11,2015-16,2015,Final_Report_2015_16.pdf,SEL
5-Nov-15,SE LANTAU,3,4.1,AUTUMN,STANDARD31516,S,2015-11-05,2015,11,2015-16,2015,Final_Report_2015_16.pdf,SEL
5-Nov-15,SE LANTAU,4,3.14,AUTUMN,STANDARD31516,S,2015-11-05,2015,11,2015-16,2015,Final_Report_2015_16.pdf,SEL
5-Nov-15,SW LANTAU,2,3.43,AUTUMN,STANDARD31516,P,2015-11-05,2015,11,2015-16,2015,Final_Report_2015_16.pdf,SWL
5-Nov-15,SW LANTAU,3,18.31,AUTUMN,STANDARD31516,P,2015-11-05,2015,11,2015-16,2015,Final_Report_2015_16.pdf,SWL
5-Nov-15,SW LANTAU,4,1.21,AUTUMN,STANDARD31516,P,2015-11-05,2015,11,2015-16,2015,Final_Report_2015_16.pdf,SWL
5-Nov-15,SW LANTAU,2,1.2,AUTUMN,STANDARD31516,S,2015-11-05,2015,11,2015-16,2015,Final_Report_2015_16.pdf,SWL
5-Nov-15,SW LANTAU,3,4.18,AUTUMN,STANDARD31516,S,2015-11-05,2015,11,2015-16,2015,Final_Report_2015_16.pdf,SWL
5-Nov-15,SW LANTAU,4,2.94,AUTUMN,STANDARD31516,S,2015-11-05,2015,11,2015-16,2015,Final_Report_2015_16.pdf,SWL
5-Nov-15,W LANTAU,1,5.36,AUTUMN,STANDARD31516,S,2015-11-05,2015,11,2015-16,2015,Final_Report_2015_16.pdf,WL
5-Nov-15,W LANTAU,2,2.45,AUTUMN,STANDARD31516,S,2015-11-05,2015,11,2015-16,2015,Final_Report_2015_16.pdf,WL
5-Nov-15,W LANTAU,3,3.04,AUTUMN,STANDARD31516,S,2015-11-05,2015,11,2015-16,2015,Final_Report_2015_16.pdf,WL
9-Nov-15,W LANTAU,1,3.51,AUTUMN,STANDARD31516,S,2015-11-09,2015,11,2015-16,2015,Final_Report_2015_16.pdf,WL
9-Nov-15,W LANTAU,2,6.69,AUTUMN,STANDARD31516,S,2015-11-09,2015,11,2015-16,2015,Final_Report_2015_16.pdf,WL
13-Nov-15,W LANTAU,2,1.8,AUTUMN,STANDARD31516,S,2015-11-13,2015,11,2015-16,2015,Final_Report_2015_16.pdf,WL
13-Nov-15,W LANTAU,3,2.97,AUTUMN,STANDARD31516,S,2015-11-13,2015,11,2015-16,2015,Final_Report_2015_16.pdf,WL
13-Nov-15,W LANTAU,4,5.99,AUTUMN,STANDARD31516,S,2015-11-13,2015,11,2015-16,2015,Final_Report_2015_16.pdf,WL
17-Nov-15,NW LANTAU,2,20.33,AUTUMN,STANDARD31516,P,2015-11-17,2015,11,2015-16,2015,Final_Report_2015_16.pdf,NWL
17-Nov-15,NW LANTAU,3,2.97,AUTUMN,STANDARD31516,P,2015-11-17,2015,11,2015-16,2015,Final_Report_2015_16.pdf,NWL
17-Nov-15,NW LANTAU,2,4.01,AUTUMN,STANDARD31516,S,2015-11-17,2015,11,2015-16,2015,Final_Report_2015_16.pdf,NWL
17-Nov-15,NW LANTAU,3,1.3,AUTUMN,STANDARD31516,S,2015-11-17,2015,11,2015-16,2015,Final_Report_2015_16.pdf,NWL
17-Nov-15,DEEP BAY,2,12.22,AUTUMN,STANDARD31516,P,2015-11-17,2015,11,2015-16,2015,Final_Report_2015_16.pdf,DB
17-Nov-15,DEEP BAY,3,1.06,AUTUMN,STANDARD31516,P,2015-11-17,2015,11,2015-16,2015,Final_Report_2015_16.pdf,DB
17-Nov-15,DEEP BAY,2,7.62,AUTUMN,STANDARD31516,S,2015-11-17,2015,11,2015-16,2015,Final_Report_2015_16.pdf,DB
17-Nov-15,NE LANTAU,2,8.0,AUTUMN,STANDARD31516,P,2015-11-17,2015,11,2015-16,2015,Final_Report_2015_16.pdf,NEL
17-Nov-15,NE LANTAU,3,12.36,AUTUMN,STANDARD31516,P,2015-11-17,2015,11,2015-16,2015,Final_Report_2015_16.pdf,NEL
17-Nov-15,NE LANTAU,2,8.6,AUTUMN,STANDARD31516,S,2015-11-17,2015,11,2015-16,2015,Final_Report_2015_16.pdf,NEL
17-Nov-15,NE LANTAU,3,2.04,AUTUMN,STANDARD31516,S,2015-11-17,2015,11,2015-16,2015,Final_Report_2015_16.pdf,NEL
18-Nov-15,SE LANTAU,2,17.38,AUTUMN,STANDARD31516,P,2015-11-18,2015,11,2015-16,2015,Final_Report_2015_16.pdf,SEL
18-Nov-15,SE LANTAU,3,7.59,AUTUMN,STANDARD31516,P,2015-11-18,2015,11,2015-16,2015,Final_Report_2015_16.pdf,SEL
18-Nov-15,SE LANTAU,2,6.4,AUTUMN,STANDARD31516,S,2015-11-18,2015,11,2015-16,2015,Final_Report_2015_16.pdf,SEL
18-Nov-15,SE LANTAU,3,2.1,AUTUMN,STANDARD31516,S,2015-11-18,2015,11,2015-16,2015,Final_Report_2015_16.pdf,SEL
18-Nov-15,SW LANTAU,2,14.52,AUTUMN,STANDARD31516,P,2015-11-18,2015,11,2015-16,2015,Final_Report_2015_16.pdf,SWL
18-Nov-15,SW LANTAU,2,9.48,AUTUMN,STANDARD31516,S,2015-11-18,2015,11,2015-16,2015,Final_Report_2015_16.pdf,SWL
19-Nov-15,W LANTAU,2,9.97,AUTUMN,STANDARD31516,S,2015-11-19,2015,11,2015-16,2015,Final_Report_2015_16.pdf,WL
19-Nov-15,NW LANTAU,2,10.17,AUTUMN,STANDARD31516,P,2015-11-19,2015,11,2015-16,2015,Final_Report_2015_16.pdf,NWL
19-Nov-15,NW LANTAU,3,3.61,AUTUMN,STANDARD31516,P,2015-11-19,2015,11,2015-16,2015,Final_Report_2015_16.pdf,NWL
19-Nov-15,NW LANTAU,2,2.82,AUTUMN,STANDARD31516,S,2015-11-19,2015,11,2015-16,2015,Final_Report_2015_16.pdf,NWL
19-Nov-15,NW LANTAU,3,0.46,AUTUMN,STANDARD31516,S,2015-11-19,2015,11,2015-16,2015,Final_Report_2015_16.pdf,NWL
23-Nov-15,W LANTAU,2,6.28,AUTUMN,STANDARD31516,S,2015-11-23,2015,11,2015-16,2015,Final_Report_2015_16.pdf,WL
23-Nov-15,W LANTAU,3,0.96,AUTUMN,STANDARD31516,S,2015-11-23,2015,11,2015-16,2015,Final_Report_2015_16.pdf,WL
23-Nov-15,SW LANTAU,1,4.08,AUTUMN,STANDARD31516,P,2015-11-23,2015,11,2015-16,2015,Final_Report_2015_16.pdf,SWL
23-Nov-15,SW LANTAU,2,25.47,AUTUMN,STANDARD31516,P,2015-11-23,2015,11,2015-16,2015,Final_Report_2015_16.pdf,SWL
23-Nov-15,SW LANTAU,3,0.99,AUTUMN,STANDARD31516,P,2015-11-23,2015,11,2015-16,2015,Final_Report_2015_16.pdf,SWL
23-Nov-15,SW LANTAU,2,8.8,AUTUMN,STANDARD31516,S,2015-11-23,2015,11,2015-16,2015,Final_Report_2015_16.pdf,SWL
23-Nov-15,SW LANTAU,3,2.19,AUTUMN,STANDARD31516,S,2015-11-23,2015,11,2015-16,2015,Final_Report_2015_16.pdf,SWL
23-Nov-15,SE LANTAU,2,7.45,AUTUMN,STANDARD31516,P,2015-11-23,2015,11,2015-16,2015,Final_Report_2015_16.pdf,SEL
23-Nov-15,SE LANTAU,2,5.05,AUTUMN,STANDARD31516,S,2015-11-23,2015,11,2015-16,2015,Final_Report_2015_16.pdf,SEL
24-Nov-15,W LANTAU,2,12.74,AUTUMN,STANDARD31516,P,2015-11-24,2015,11,2015-16,2015,Final_Report_2015_16.pdf,WL
24-Nov-15,W LANTAU,3,3.72,AUTUMN,STANDARD31516,P,2015-11-24,2015,11,2015-16,2015,Final_Report_2015_16.pdf,WL
24-Nov-15,W LANTAU,4,2.76,AUTUMN,STANDARD31516,P,2015-11-24,2015,11,2015-16,2015,Final_Report_2015_16.pdf,WL
24-Nov-15,W LANTAU,2,9.68,AUTUMN,STANDARD31516,S,2015-11-24,2015,11,2015-16,2015,Final_Report_2015_16.pdf,WL
24-Nov-15,W LANTAU,3,8.56,AUTUMN,STANDARD31516,S,2015-11-24,2015,11,2015-16,2015,Final_Report_2015_16.pdf,WL
24-Nov-15,NE LANTAU,2,15.85,AUTUMN,STANDARD31516,P,2015-11-24,2015,11,2015-16,2015,Final_Report_2015_16.pdf,NEL
24-Nov-15,NE LANTAU,2,10.25,AUTUMN,STANDARD31516,S,2015-11-24,2015,11,2015-16,2015,Final_Report_2015_16.pdf,NEL
3-Dec-15,SW LANTAU,2,16.37,WINTER,STANDARD31516,P,2015-12-03,2015,12,2015-16,2015,Final_Report_2015_16.pdf,SWL
3-Dec-15,SW LANTAU,3,0.88,WINTER,STANDARD31516,P,2015-12-03,2015,12,2015-16,2015,Final_Report_2015_16.pdf,SWL
3-Dec-15,SW LANTAU,2,4.24,WINTER,STANDARD31516,S,2015-12-03,2015,12,2015-16,2015,Final_Report_2015_16.pdf,SWL
3-Dec-15,SW LANTAU,3,3.29,WINTER,STANDARD31516,S,2015-12-03,2015,12,2015-16,2015,Final_Report_2015_16.pdf,SWL
10-Dec-15,NW LANTAU,2,11.9,WINTER,STANDARD31516,P,2015-12-10,2015,12,2015-16,2015,Final_Report_2015_16.pdf,NWL
10-Dec-15,NW LANTAU,3,8.92,WINTER,STANDARD31516,P,2015-12-10,2015,12,2015-16,2015,Final_Report_2015_16.pdf,NWL
10-Dec-15,NW LANTAU,4,0.98,WINTER,STANDARD31516,P,2015-12-10,2015,12,2015-16,2015,Final_Report_2015_16.pdf,NWL
10-Dec-15,NW LANTAU,2,2.82,WINTER,STANDARD31516,S,2015-12-10,2015,12,2015-16,2015,Final_Report_2015_16.pdf,NWL
10-Dec-15,NW LANTAU,3,7.78,WINTER,STANDARD31516,S,2015-12-10,2015,12,2015-16,2015,Final_Report_2015_16.pdf,NWL
10-Dec-15,W LANTAU,2,7.94,WINTER,STANDARD31516,S,2015-12-10,2015,12,2015-16,2015,Final_Report_2015_16.pdf,WL
10-Dec-15,W LANTAU,3,2.58,WINTER,STANDARD31516,S,2015-12-10,2015,12,2015-16,2015,Final_Report_2015_16.pdf,WL
11-Dec-15,W LANTAU,2,0.98,WINTER,STANDARD31516,S,2015-12-11,2015,12,2015-16,2015,Final_Report_2015_16.pdf,WL
11-Dec-15,W LANTAU,3,18.79,WINTER,STANDARD31516,S,2015-12-11,2015,12,2015-16,2015,Final_Report_2015_16.pdf,WL
11-Dec-15,NE LANTAU,2,33.3,WINTER,STANDARD31516,P,2015-12-11,2015,12,2015-16,2015,Final_Report_2015_16.pdf,NEL
11-Dec-15,NE LANTAU,2,10.49,WINTER,STANDARD31516,S,2015-12-11,2015,12,2015-16,2015,Final_Report_2015_16.pdf,NEL
14-Dec-15,W LANTAU,3,7.56,WINTER,STANDARD31516,S,2015-12-14,2015,12,2015-16,2015,Final_Report_2015_16.pdf,WL
14-Dec-15,W LANTAU,4,3.04,WINTER,STANDARD31516,S,2015-12-14,2015,12,2015-16,2015,Final_Report_2015_16.pdf,WL
18-Dec-15,SE LANTAU,2,9.27,WINTER,STANDARD31516,P,2015-12-18,2015,12,2015-16,2015,Final_Report_2015_16.pdf,SEL
18-Dec-15,SE LANTAU,3,15.15,WINTER,STANDARD31516,P,2015-12-18,2015,12,2015-16,2015,Final_Report_2015_16.pdf,SEL
18-Dec-15,SE LANTAU,2,3.7,WINTER,STANDARD31516,S,2015-12-18,2015,12,2015-16,2015,Final_Report_2015_16.pdf,SEL
18-Dec-15,SE LANTAU,3,4.88,WINTER,STANDARD31516,S,2015-12-18,2015,12,2015-16,2015,Final_Report_2015_16.pdf,SEL
18-Dec-15,SW LANTAU,2,14.4,WINTER,STANDARD31516,P,2015-12-18,2015,12,2015-16,2015,Final_Report_2015_16.pdf,SWL
18-Dec-15,SW LANTAU,3,6.59,WINTER,STANDARD31516,P,2015-12-18,2015,12,2015-16,2015,Final_Report_2015_16.pdf,SWL
18-Dec-15,SW LANTAU,2,6.92,WINTER,STANDARD31516,S,2015-12-18,2015,12,2015-16,2015,Final_Report_2015_16.pdf,SWL
18-Dec-15,SW LANTAU,3,4.54,WINTER,STANDARD31516,S,2015-12-18,2015,12,2015-16,2015,Final_Report_2015_16.pdf,SWL
21-Dec-15,NW LANTAU,2,23.14,WINTER,STANDARD31516,P,2015-12-21,2015,12,2015-16,2015,Final_Report_2015_16.pdf,NWL
21-Dec-15,NW LANTAU,3,8.23,WINTER,STANDARD31516,P,2015-12-21,2015,12,2015-16,2015,Final_Report_2015_16.pdf,NWL
21-Dec-15,NW LANTAU,2,4.49,WINTER,STANDARD31516,S,2015-12-21,2015,12,2015-16,2015,Final_Report_2015_16.pdf,NWL
21-Dec-15,NW LANTAU,3,0.7,WINTER,STANDARD31516,S,2015-12-21,2015,12,2015-16,2015,Final_Report_2015_16.pdf,NWL
21-Dec-15,DEEP BAY,2,12.9,WINTER,STANDARD31516,P,2015-12-21,2015,12,2015-16,2015,Final_Report_2015_16.pdf,DB
21-Dec-15,DEEP BAY,2,7.4,WINTER,STANDARD31516,S,2015-12-21,2015,12,2015-16,2015,Final_Report_2015_16.pdf,DB
21-Dec-15,NE LANTAU,1,1.0,WINTER,STANDARD31516,P,2015-12-21,2015,12,2015-16,2015,Final_Report_2015_16.pdf,NEL
21-Dec-15,NE LANTAU,2,18.81,WINTER,STANDARD31516,P,2015-12-21,2015,12,2015-16,2015,Final_Report_2015_16.pdf,NEL
21-Dec-15,NE LANTAU,2,10.69,WINTER,STANDARD31516,S,2015-12-21,2015,12,2015-16,2015,Final_Report_2015_16.pdf,NEL
29-Dec-15,NW LANTAU,2,18.21,WINTER,STANDARD31516,P,2015-12-29,2015,12,2015-16,2015,Final_Report_2015_16.pdf,NWL
29-Dec-15,NW LANTAU,3,10.69,WINTER,STANDARD31516,P,2015-12-29,2015,12,2015-16,2015,Final_Report_2015_16.pdf,NWL
29-Dec-15,NW LANTAU,2,7.54,WINTER,STANDARD31516,S,2015-12-29,2015,12,2015-16,2015,Final_Report_2015_16.pdf,NWL
29-Dec-15,DEEP BAY,2,1.23,WINTER,STANDARD31516,P,2015-12-29,2015,12,2015-16,2015,Final_Report_2015_16.pdf,DB
29-Dec-15,DEEP BAY,3,11.67,WINTER,STANDARD31516,P,2015-12-29,2015,12,2015-16,2015,Final_Report_2015_16.pdf,DB
29-Dec-15,DEEP BAY,2,2.6,WINTER,STANDARD31516,S,2015-12-29,2015,12,2015-16,2015,Final_Report_2015_16.pdf,DB
29-Dec-15,DEEP BAY,3,5.1,WINTER,STANDARD31516,S,2015-12-29,2015,12,2015-16,2015,Final_Report_2015_16.pdf,DB
29-Dec-15,NE LANTAU,1,6.63,WINTER,STANDARD31516,P,2015-12-29,2015,12,2015-16,2015,Final_Report_2015_16.pdf,NEL
29-Dec-15,NE LANTAU,2,7.59,WINTER,STANDARD31516,P,2015-12-29,2015,12,2015-16,2015,Final_Report_2015_16.pdf,NEL
29-Dec-15,NE LANTAU,1,4.36,WINTER,STANDARD31516,S,2015-12-29,2015,12,2015-16,2015,Final_Report_2015_16.pdf,NEL
29-Dec-15,NE LANTAU,2,1.42,WINTER,STANDARD31516,S,2015-12-29,2015,12,2015-16,2015,Final_Report_2015_16.pdf,NEL
30-Dec-15,W LANTAU,2,1.06,WINTER,STANDARD31516,P,2015-12-30,2015,12,2015-16,2015,Final_Report_2015_16.pdf,WL
30-Dec-15,W LANTAU,3,11.92,WINTER,STANDARD31516,P,2015-12-30,2015,12,2015-16,2015,Final_Report_2015_16.pdf,WL
30-Dec-15,W LANTAU,2,3.64,WINTER,STANDARD31516,S,2015-12-30,2015,12,2015-16,2015,Final_Report_2015_16.pdf,WL
30-Dec-15,W LANTAU,3,7.16,WINTER,STANDARD31516,S,2015-12-30,2015,12,2015-16,2015,Final_Report_2015_16.pdf,WL
30-Dec-15,SW LANTAU,1,2.1,WINTER,STANDARD31516,P,2015-12-30,2015,12,2015-16,2015,Final_Report_2015_16.pdf,SWL
30-Dec-15,SW LANTAU,2,20.56,WINTER,STANDARD31516,P,2015-12-30,2015,12,2015-16,2015,Final_Report_2015_16.pdf,SWL
30-Dec-15,SW LANTAU,2,10.26,WINTER,STANDARD31516,S,2015-12-30,2015,12,2015-16,2015,Final_Report_2015_16.pdf,SWL
30-Dec-15,SW LANTAU,3,1.38,WINTER,STANDARD31516,S,2015-12-30,2015,12,2015-16,2015,Final_Report_2015_16.pdf,SWL
4-Jan-16,LAMMA,1,6.4,WINTER,STANDARD31516,P,2016-01-04,2016,1,2015-16,2015,Final_Report_2015_16.pdf,LM
4-Jan-16,LAMMA,2,45.9,WINTER,STANDARD31516,P,2016-01-04,2016,1,2015-16,2015,Final_Report_2015_16.pdf,LM
4-Jan-16,LAMMA,3,19.2,WINTER,STANDARD31516,P,2016-01-04,2016,1,2015-16,2015,Final_Report_2015_16.pdf,LM
4-Jan-16,LAMMA,1,2.0,WINTER,STANDARD31516,S,2016-01-04,2016,1,2015-16,2015,Final_Report_2015_16.pdf,LM
4-Jan-16,LAMMA,2,18.0,WINTER,STANDARD31516,S,2016-01-04,2016,1,2015-16,2015,Final_Report_2015_16.pdf,LM
4-Jan-16,LAMMA,3,5.6,WINTER,STANDARD31516,S,2016-01-04,2016,1,2015-16,2015,Final_Report_2015_16.pdf,LM
5-Jan-16,SE LANTAU,2,8.16,WINTER,STANDARD31516,P,2016-01-05,2016,1,2015-16,2015,Final_Report_2015_16.pdf,SEL
5-Jan-16,SE LANTAU,3,18.88,WINTER,STANDARD31516,P,2016-01-05,2016,1,2015-16,2015,Final_Report_2015_16.pdf,SEL
5-Jan-16,SE LANTAU,2,3.0,WINTER,STANDARD31516,S,2016-01-05,2016,1,2015-16,2015,Final_Report_2015_16.pdf,SEL
5-Jan-16,SE LANTAU,3,4.96,WINTER,STANDARD31516,S,2016-01-05,2016,1,2015-16,2015,Final_Report_2015_16.pdf,SEL
5-Jan-16,SW LANTAU,2,15.16,WINTER,STANDARD31516,P,2016-01-05,2016,1,2015-16,2015,Final_Report_2015_16.pdf,SWL
5-Jan-16,SW LANTAU,3,5.7,WINTER,STANDARD31516,S,2016-01-05,2016,1,2015-16,2015,Final_Report_2015_16.pdf,SWL
6-Jan-16,W LANTAU,2,7.06,WINTER,STANDARD31516,S,2016-01-06,2016,1,2015-16,2015,Final_Report_2015_16.pdf,WL
6-Jan-16,W LANTAU,2,3.43,WINTER,STANDARD31516,S,2016-01-06,2016,1,2015-16,2015,Final_Report_2015_16.pdf,WL
6-Jan-16,NW LANTAU,2,4.42,WINTER,STANDARD31516,P,2016-01-06,2016,1,2015-16,2015,Final_Report_2015_16.pdf,NWL
6-Jan-16,NW LANTAU,3,4.2,WINTER,STANDARD31516,P,2016-01-06,2016,1,2015-16,2015,Final_Report_2015_16.pdf,NWL
6-Jan-16,NW LANTAU,2,0.35,WINTER,STANDARD31516,S,2016-01-06,2016,1,2015-16,2015,Final_Report_2015_16.pdf,NWL
15-Jan-16,NW LANTAU,2,0.77,WINTER,STANDARD31516,P,2016-01-15,2016,1,2015-16,2015,Final_Report_2015_16.pdf,NWL
15-Jan-16,NW LANTAU,3,3.74,WINTER,STANDARD31516,P,2016-01-15,2016,1,2015-16,2015,Final_Report_2015_16.pdf,NWL
15-Jan-16,DEEP BAY,2,4.73,WINTER,STANDARD31516,P,2016-01-15,2016,1,2015-16,2015,Final_Report_2015_16.pdf,DB
15-Jan-16,DEEP BAY,3,7.64,WINTER,STANDARD31516,P,2016-01-15,2016,1,2015-16,2015,Final_Report_2015_16.pdf,DB
15-Jan-16,DEEP BAY,4,0.88,WINTER,STANDARD31516,P,2016-01-15,2016,1,2015-16,2015,Final_Report_2015_16.pdf,DB
15-Jan-16,DEEP BAY,2,2.25,WINTER,STANDARD31516,S,2016-01-15,2016,1,2015-16,2015,Final_Report_2015_16.pdf,DB
15-Jan-16,DEEP BAY,3,3.9,WINTER,STANDARD31516,S,2016-01-15,2016,1,2015-16,2015,Final_Report_2015_16.pdf,DB
15-Jan-16,W LANTAU,3,2.72,WINTER,STANDARD31516,P,2016-01-15,2016,1,2015-16,2015,Final_Report_2015_16.pdf,WL
15-Jan-16,W LANTAU,4,8.79,WINTER,STANDARD31516,P,2016-01-15,2016,1,2015-16,2015,Final_Report_2015_16.pdf,WL
15-Jan-16,W LANTAU,2,0.5,WINTER,STANDARD31516,S,2016-01-15,2016,1,2015-16,2015,Final_Report_2015_16.pdf,WL
15-Jan-16,W LANTAU,3,9.37,WINTER,STANDARD31516,S,2016-01-15,2016,1,2015-16,2015,Final_Report_2015_16.pdf,WL
15-Jan-16,W LANTAU,4,1.62,WINTER,STANDARD31516,S,2016-01-15,2016,1,2015-16,2015,Final_Report_2015_16.pdf,WL
18-Jan-16,W LANTAU,3,7.99,WINTER,STANDARD31516,S,2016-01-18,2016,1,2015-16,2015,Final_Report_2015_16.pdf,WL
18-Jan-16,W LANTAU,4,2.17,WINTER,STANDARD31516,S,2016-01-18,2016,1,2015-16,2015,Final_Report_2015_16.pdf,WL
21-Jan-16,NE LANTAU,1,0.38,WINTER,STANDARD31516,P,2016-01-21,2016,1,2015-16,2015,Final_Report_2015_16.pdf,NEL
21-Jan-16,NE LANTAU,2,12.05,WINTER,STANDARD31516,P,2016-01-21,2016,1,2015-16,2015,Final_Report_2015_16.pdf,NEL
21-Jan-16,NE LANTAU,1,1.65,WINTER,STANDARD31516,S,2016-01-21,2016,1,2015-16,2015,Final_Report_2015_16.pdf,NEL
21-Jan-16,NE LANTAU,2,8.62,WINTER,STANDARD31516,S,2016-01-21,2016,1,2015-16,2015,Final_Report_2015_16.pdf,NEL
21-Jan-16,SW LANTAU,2,8.47,WINTER,STANDARD31516,S,2016-01-21,2016,1,2015-16,2015,Final_Report_2015_16.pdf,SWL
26-Jan-16,W LANTAU,2,6.71,WINTER,STANDARD31516,S,2016-01-26,2016,1,2015-16,2015,Final_Report_2015_16.pdf,WL
26-Jan-16,W LANTAU,3,2.8,WINTER,STANDARD31516,S,2016-01-26,2016,1,2015-16,2015,Final_Report_2015_16.pdf,WL
26-Jan-16,SW LANTAU,2,6.24,WINTER,STANDARD31516,P,2016-01-26,2016,1,2015-16,2015,Final_Report_2015_16.pdf,SWL
26-Jan-16,SW LANTAU,3,15.68,WINTER,STANDARD31516,P,2016-01-26,2016,1,2015-16,2015,Final_Report_2015_16.pdf,SWL
26-Jan-16,SW LANTAU,2,1.97,WINTER,STANDARD31516,S,2016-01-26,2016,1,2015-16,2015,Final_Report_2015_16.pdf,SWL
26-Jan-16,SW LANTAU,3,12.21,WINTER,STANDARD31516,S,2016-01-26,2016,1,2015-16,2015,Final_Report_2015_16.pdf,SWL
26-Jan-16,SE LANTAU,2,2.88,WINTER,STANDARD31516,P,2016-01-26,2016,1,2015-16,2015,Final_Report_2015_16.pdf,SEL
26-Jan-16,SE LANTAU,3,9.58,WINTER,STANDARD31516,P,2016-01-26,2016,1,2015-16,2015,Final_Report_2015_16.pdf,SEL
26-Jan-16,SE LANTAU,3,2.62,WINTER,STANDARD31516,S,2016-01-26,2016,1,2015-16,2015,Final_Report_2015_16.pdf,SEL
4-Feb-16,SW LANTAU,1,3.2,WINTER,STANDARD31516,P,2016-02-04,2016,2,2015-16,2015,Final_Report_2015_16.pdf,SWL
4-Feb-16,SW LANTAU,2,6.3,WINTER,STANDARD31516,P,2016-02-04,2016,2,2015-16,2015,Final_Report_2015_16.pdf,SWL
4-Feb-16,SW LANTAU,3,2.52,WINTER,STANDARD31516,P,2016-02-04,2016,2,2015-16,2015,Final_Report_2015_16.pdf,SWL
4-Feb-16,SW LANTAU,1,1.1,WINTER,STANDARD31516,S,2016-02-04,2016,2,2015-16,2015,Final_Report_2015_16.pdf,SWL
4-Feb-16,SW LANTAU,2,3.48,WINTER,STANDARD31516,S,2016-02-04,2016,2,2015-16,2015,Final_Report_2015_16.pdf,SWL
4-Feb-16,SW LANTAU,3,4.77,WINTER,STANDARD31516,S,2016-02-04,2016,2,2015-16,2015,Final_Report_2015_16.pdf,SWL
17-Feb-16,W LANTAU,2,10.2,WINTER,STANDARD31516,S,2016-02-17,2016,2,2015-16,2015,Final_Report_2015_16.pdf,WL
17-Feb-16,W LANTAU,3,0.5,WINTER,STANDARD31516,S,2016-02-17,2016,2,2015-16,2015,Final_Report_2015_16.pdf,WL
18-Feb-16,LAMMA,1,19.55,WINTER,STANDARD31516,P,2016-02-18,2016,2,2015-16,2015,Final_Report_2015_16.pdf,LM
18-Feb-16,LAMMA,2,43.2,WINTER,STANDARD31516,P,2016-02-18,2016,2,2015-16,2015,Final_Report_2015_16.pdf,LM
18-Feb-16,LAMMA,3,17.94,WINTER,STANDARD31516,P,2016-02-18,2016,2,2015-16,2015,Final_Report_2015_16.pdf,LM
18-Feb-16,LAMMA,1,1.0,WINTER,STANDARD31516,S,2016-02-18,2016,2,2015-16,2015,Final_Report_2015_16.pdf,LM
18-Feb-16,LAMMA,2,8.76,WINTER,STANDARD31516,S,2016-02-18,2016,2,2015-16,2015,Final_Report_2015_16.pdf,LM
18-Feb-16,LAMMA,3,2.7,WINTER,STANDARD31516,S,2016-02-18,2016,2,2015-16,2015,Final_Report_2015_16.pdf,LM
19-Feb-16,SW LANTAU,2,7.0,WINTER,STANDARD31516,P,2016-02-19,2016,2,2015-16,2015,Final_Report_2015_16.pdf,SWL
19-Feb-16,SW LANTAU,3,8.67,WINTER,STANDARD31516,P,2016-02-19,2016,2,2015-16,2015,Final_Report_2015_16.pdf,SWL
19-Feb-16,SW LANTAU,2,7.3,WINTER,STANDARD31516,S,2016-02-19,2016,2,2015-16,2015,Final_Report_2015_16.pdf,SWL
19-Feb-16,SW LANTAU,3,2.33,WINTER,STANDARD31516,S,2016-02-19,2016,2,2015-16,2015,Final_Report_2015_16.pdf,SWL
23-Feb-16,SE LANTAU,1,10.91,WINTER,STANDARD31516,P,2016-02-23,2016,2,2015-16,2015,Final_Report_2015_16.pdf,SEL
23-Feb-16,SE LANTAU,2,14.29,WINTER,STANDARD31516,P,2016-02-23,2016,2,2015-16,2015,Final_Report_2015_16.pdf,SEL
23-Feb-16,SE LANTAU,1,4.03,WINTER,STANDARD31516,S,2016-02-23,2016,2,2015-16,2015,Final_Report_2015_16.pdf,SEL
23-Feb-16,SE LANTAU,2,5.01,WINTER,STANDARD31516,S,2016-02-23,2016,2,2015-16,2015,Final_Report_2015_16.pdf,SEL
23-Feb-16,SW LANTAU,1,6.58,WINTER,STANDARD31516,P,2016-02-23,2016,2,2015-16,2015,Final_Report_2015_16.pdf,SWL
23-Feb-16,SW LANTAU,3,1.1,WINTER,STANDARD31516,P,2016-02-23,2016,2,2015-16,2015,Final_Report_2015_16.pdf,SWL
23-Feb-16,SW LANTAU,4,5.1,WINTER,STANDARD31516,P,2016-02-23,2016,2,2015-16,2015,Final_Report_2015_16.pdf,SWL
23-Feb-16,SW LANTAU,2,2.05,WINTER,STANDARD31516,S,2016-02-23,2016,2,2015-16,2015,Final_Report_2015_16.pdf,SWL
23-Feb-16,SW LANTAU,3,4.73,WINTER,STANDARD31516,S,2016-02-23,2016,2,2015-16,2015,Final_Report_2015_16.pdf,SWL
23-Feb-16,SW LANTAU,4,3.0,WINTER,STANDARD31516,S,2016-02-23,2016,2,2015-16,2015,Final_Report_2015_16.pdf,SWL
25-Feb-16,NW LANTAU,2,16.38,WINTER,STANDARD31516,P,2016-02-25,2016,2,2015-16,2015,Final_Report_2015_16.pdf,NWL
25-Feb-16,NW LANTAU,3,11.96,WINTER,STANDARD31516,P,2016-02-25,2016,2,2015-16,2015,Final_Report_2015_16.pdf,NWL
25-Feb-16,NW LANTAU,2,4.66,WINTER,STANDARD31516,S,2016-02-25,2016,2,2015-16,2015,Final_Report_2015_16.pdf,NWL
25-Feb-16,NW LANTAU,3,2.08,WINTER,STANDARD31516,S,2016-02-25,2016,2,2015-16,2015,Final_Report_2015_16.pdf,NWL
25-Feb-16,DEEP BAY,2,9.07,WINTER,STANDARD31516,P,2016-02-25,2016,2,2015-16,2015,Final_Report_2015_16.pdf,DB
25-Feb-16,DEEP BAY,3,2.8,WINTER,STANDARD31516,P,2016-02-25,2016,2,2015-16,2015,Final_Report_2015_16.pdf,DB
25-Feb-16,DEEP BAY,2,5.67,WINTER,STANDARD31516,S,2016-02-25,2016,2,2015-16,2015,Final_Report_2015_16.pdf,DB
25-Feb-16,DEEP BAY,3,2.06,WINTER,STANDARD31516,S,2016-02-25,2016,2,2015-16,2015,Final_Report_2015_16.pdf,DB
25-Feb-16,NE LANTAU,1,1.3,WINTER,STANDARD31516,P,2016-02-25,2016,2,2015-16,2015,Final_Report_2015_16.pdf,NEL
25-Feb-16,NE LANTAU,2,15.66,WINTER,STANDARD31516,P,2016-02-25,2016,2,2015-16,2015,Final_Report_2015_16.pdf,NEL
25-Feb-16,NE LANTAU,2,9.58,WINTER,STANDARD31516,S,2016-02-25,2016,2,2015-16,2015,Final_Report_2015_16.pdf,NEL
25-Feb-16,NE LANTAU,3,0.66,WINTER,STANDARD31516,S,2016-02-25,2016,2,2015-16,2015,Final_Report_2015_16.pdf,NEL
29-Feb-16,W LANTAU,2,6.16,WINTER,STANDARD31516,P,2016-02-29,2016,2,2015-16,2015,Final_Report_2015_16.pdf,WL
29-Feb-16,W LANTAU,3,11.62,WINTER,STANDARD31516,P,2016-02-29,2016,2,2015-16,2015,Final_Report_2015_16.pdf,WL
29-Feb-16,W LANTAU,4,1.2,WINTER,STANDARD31516,P,2016-02-29,2016,2,2015-16,2015,Final_Report_2015_16.pdf,WL
29-Feb-16,W LANTAU,2,3.09,WINTER,STANDARD31516,S,2016-02-29,2016,2,2015-16,2015,Final_Report_2015_16.pdf,WL
29-Feb-16,W LANTAU,3,6.11,WINTER,STANDARD31516,S,2016-02-29,2016,2,2015-16,2015,Final_Report_2015_16.pdf,WL
29-Feb-16,SE LANTAU,2,14.44,WINTER,STANDARD31516,P,2016-02-29,2016,2,2015-16,2015,Final_Report_2015_16.pdf,SEL
29-Feb-16,SE LANTAU,3,2.46,WINTER,STANDARD31516,P,2016-02-29,2016,2,2015-16,2015,Final_Report_2015_16.pdf,SEL
29-Feb-16,SE LANTAU,4,3.23,WINTER,STANDARD31516,P,2016-02-29,2016,2,2015-16,2015,Final_Report_2015_16.pdf,SEL
29-Feb-16,SE LANTAU,2,6.73,WINTER,STANDARD31516,S,2016-02-29,2016,2,2015-16,2015,Final_Report_2015_16.pdf,SEL
29-Feb-16,SE LANTAU,3,1.63,WINTER,STANDARD31516,S,2016-02-29,2016,2,2015-16,2015,Final_Report_2015_16.pdf,SEL
29-Feb-16,SE LANTAU,4,0.42,WINTER,STANDARD31516,S,2016-02-29,2016,2,2015-16,2015,Final_Report_2015_16.pdf,SEL
1-Mar-16,NE LANTAU,2,5.59,SPRING,STANDARD31516,P,2016-03-01,2016,3,2015-16,2015,Final_Report_2015_16.pdf,NEL
1-Mar-16,NE LANTAU,3,13.58,SPRING,STANDARD31516,P,2016-03-01,2016,3,2015-16,2015,Final_Report_2015_16.pdf,NEL
1-Mar-16,NE LANTAU,4,0.8,SPRING,STANDARD31516,P,2016-03-01,2016,3,2015-16,2015,Final_Report_2015_16.pdf,NEL
1-Mar-16,NE LANTAU,2,7.23,SPRING,STANDARD31516,S,2016-03-01,2016,3,2015-16,2015,Final_Report_2015_16.pdf,NEL
1-Mar-16,NE LANTAU,3,3.6,SPRING,STANDARD31516,S,2016-03-01,2016,3,2015-16,2015,Final_Report_2015_16.pdf,NEL
1-Mar-16,NW LANTAU,1,2.63,SPRING,STANDARD31516,P,2016-03-01,2016,3,2015-16,2015,Final_Report_2015_16.pdf,NWL
1-Mar-16,NW LANTAU,2,12.25,SPRING,STANDARD31516,P,2016-03-01,2016,3,2015-16,2015,Final_Report_2015_16.pdf,NWL
1-Mar-16,NW LANTAU,3,15.72,SPRING,STANDARD31516,P,2016-03-01,2016,3,2015-16,2015,Final_Report_2015_16.pdf,NWL
1-Mar-16,NW LANTAU,2,3.04,SPRING,STANDARD31516,S,2016-03-01,2016,3,2015-16,2015,Final_Report_2015_16.pdf,NWL
1-Mar-16,NW LANTAU,3,2.3,SPRING,STANDARD31516,S,2016-03-01,2016,3,2015-16,2015,Final_Report_2015_16.pdf,NWL
1-Mar-16,DEEP BAY,2,4.78,SPRING,STANDARD31516,P,2016-03-01,2016,3,2015-16,2015,Final_Report_2015_16.pdf,DB
1-Mar-16,DEEP BAY,3,7.68,SPRING,STANDARD31516,P,2016-03-01,2016,3,2015-16,2015,Final_Report_2015_16.pdf,DB
1-Mar-16,DEEP BAY,4,0.78,SPRING,STANDARD31516,P,2016-03-01,2016,3,2015-16,2015,Final_Report_2015_16.pdf,DB
1-Mar-16,DEEP BAY,2,1.15,SPRING,STANDARD31516,S,2016-03-01,2016,3,2015-16,2015,Final_Report_2015_16.pdf,DB
1-Mar-16,DEEP BAY,3,4.81,SPRING,STANDARD31516,S,2016-03-01,2016,3,2015-16,2015,Final_Report_2015_16.pdf,DB
3-Mar-16,LAMMA,1,7.8,SPRING,STANDARD31516,P,2016-03-03,2016,3,2015-16,2015,Final_Report_2015_16.pdf,LM
3-Mar-16,LAMMA,2,43.03,SPRING,STANDARD31516,P,2016-03-03,2016,3,2015-16,2015,Final_Report_2015_16.pdf,LM
3-Mar-16,LAMMA,3,35.25,SPRING,STANDARD31516,P,2016-03-03,2016,3,2015-16,2015,Final_Report_2015_16.pdf,LM
3-Mar-16,LAMMA,4,3.9,SPRING,STANDARD31516,P,2016-03-03,2016,3,2015-16,2015,Final_Report_2015_16.pdf,LM
3-Mar-16,LAMMA,1,2.0,SPRING,STANDARD31516,S,2016-03-03,2016,3,2015-16,2015,Final_Report_2015_16.pdf,LM
3-Mar-16,LAMMA,2,9.44,SPRING,STANDARD31516,S,2016-03-03,2016,3,2015-16,2015,Final_Report_2015_16.pdf,LM
3-Mar-16,LAMMA,3,9.28,SPRING,STANDARD31516,S,2016-03-03,2016,3,2015-16,2015,Final_Report_2015_16.pdf,LM
4-Mar-16,SW LANTAU,1,7.68,SPRING,STANDARD31516,P,2016-03-04,2016,3,2015-16,2015,Final_Report_2015_16.pdf,SWL
4-Mar-16,SW LANTAU,2,9.45,SPRING,STANDARD31516,P,2016-03-04,2016,3,2015-16,2015,Final_Report_2015_16.pdf,SWL
4-Mar-16,SW LANTAU,1,0.33,SPRING,STANDARD31516,S,2016-03-04,2016,3,2015-16,2015,Final_Report_2015_16.pdf,SWL
4-Mar-16,SW LANTAU,2,7.87,SPRING,STANDARD31516,S,2016-03-04,2016,3,2015-16,2015,Final_Report_2015_16.pdf,SWL
8-Mar-16,W LANTAU,2,2.31,SPRING,STANDARD31516,S,2016-03-08,2016,3,2015-16,2015,Final_Report_2015_16.pdf,WL
8-Mar-16,W LANTAU,3,6.1,SPRING,STANDARD31516,S,2016-03-08,2016,3,2015-16,2015,Final_Report_2015_16.pdf,WL
8-Mar-16,W LANTAU,4,1.99,SPRING,STANDARD31516,S,2016-03-08,2016,3,2015-16,2015,Final_Report_2015_16.pdf,WL
9-Mar-16,LAMMA,2,30.82,SPRING,STANDARD31516,P,2016-03-09,2016,3,2015-16,2015,Final_Report_2015_16.pdf,LM
9-Mar-16,LAMMA,3,15.02,SPRING,STANDARD31516,P,2016-03-09,2016,3,2015-16,2015,Final_Report_2015_16.pdf,LM
9-Mar-16,LAMMA,2,4.53,SPRING,STANDARD31516,S,2016-03-09,2016,3,2015-16,2015,Final_Report_2015_16.pdf,LM
9-Mar-16,SE LANTAU,1,2.29,SPRING,STANDARD31516,P,2016-03-09,2016,3,2015-16,2015,Final_Report_2015_16.pdf,SEL
9-Mar-16,SE LANTAU,2,17.35,SPRING,STANDARD31516,P,2016-03-09,2016,3,2015-16,2015,Final_Report_2015_16.pdf,SEL
9-Mar-16,SE LANTAU,1,1.73,SPRING,STANDARD31516,S,2016-03-09,2016,3,2015-16,2015,Final_Report_2015_16.pdf,SEL
9-Mar-16,SE LANTAU,2,3.01,SPRING,STANDARD31516,S,2016-03-09,2016,3,2015-16,2015,Final_Report_2015_16.pdf,SEL
9-Mar-16,SE LANTAU,3,1.0,SPRING,STANDARD31516,S,2016-03-09,2016,3,2015-16,2015,Final_Report_2015_16.pdf,SEL
14-Mar-16,SW LANTAU,2,8.31,SPRING,STANDARD31516,P,2016-03-14,2016,3,2015-16,2015,Final_Report_2015_16.pdf,SWL
14-Mar-16,SW LANTAU,3,4.0,SPRING,STANDARD31516,P,2016-03-14,2016,3,2015-16,2015,Final_Report_2015_16.pdf,SWL
14-Mar-16,SW LANTAU,2,6.2,SPRING,STANDARD31516,S,2016-03-14,2016,3,2015-16,2015,Final_Report_2015_16.pdf,SWL
14-Mar-16,SW LANTAU,3,3.08,SPRING,STANDARD31516,S,2016-03-14,2016,3,2015-16,2015,Final_Report_2015_16.pdf,SWL
17-Mar-16,W LANTAU,3,3.15,SPRING,STANDARD31516,S,2016-03-17,2016,3,2015-16,2015,Final_Report_2015_16.pdf,WL
17-Mar-16,W LANTAU,4,1.38,SPRING,STANDARD31516,S,2016-03-17,2016,3,2015-16,2015,Final_Report_2015_16.pdf,WL
17-Mar-16,W LANTAU,5,6.43,SPRING,STANDARD31516,S,2016-03-17,2016,3,2015-16,2015,Final_Report_2015_16.pdf,WL
17-Mar-16,SW LANTAU,2,1.57,SPRING,STANDARD31516,P,2016-03-17,2016,3,2015-16,2015,Final_Report_2015_16.pdf,SWL
17-Mar-16,SW LANTAU,3,22.78,SPRING,STANDARD31516,P,2016-03-17,2016,3,2015-16,2015,Final_Report_2015_16.pdf,SWL
17-Mar-16,SW LANTAU,4,4.8,SPRING,STANDARD31516,P,2016-03-17,2016,3,2015-16,2015,Final_Report_2015_16.pdf,SWL
17-Mar-16,SW LANTAU,2,5.0,SPRING,STANDARD31516,S,2016-03-17,2016,3,2015-16,2015,Final_Report_2015_16.pdf,SWL
17-Mar-16,SW LANTAU,3,2.8,SPRING,STANDARD31516,S,2016-03-17,2016,3,2015-16,2015,Final_Report_2015_16.pdf,SWL
17-Mar-16,SW LANTAU,4,4.3,SPRING,STANDARD31516,S,2016-03-17,2016,3,2015-16,2015,Final_Report_2015_16.pdf,SWL
17-Mar-16,SE LANTAU,2,10.19,SPRING,STANDARD31516,P,2016-03-17,2016,3,2015-16,2015,Final_Report_2015_16.pdf,SEL
17-Mar-16,SE LANTAU,3,7.86,SPRING,STANDARD31516,P,2016-03-17,2016,3,2015-16,2015,Final_Report_2015_16.pdf,SEL
17-Mar-16,SE LANTAU,2,4.27,SPRING,STANDARD31516,S,2016-03-17,2016,3,2015-16,2015,Final_Report_2015_16.pdf,SEL
17-Mar-16,SE LANTAU,3,3.18,SPRING,STANDARD31516,S,2016-03-17,2016,3,2015-16,2015,Final_Report_2015_16.pdf,SEL
18-Mar-16,NW LANTAU,1,11.01,SPRING,STANDARD31516,P,2016-03-18,2016,3,2015-16,2015,Final_Report_2015_16.pdf,NWL
18-Mar-16,NW LANTAU,2,24.51,SPRING,STANDARD31516,P,2016-03-18,2016,3,2015-16,2015,Final_Report_2015_16.pdf,NWL
18-Mar-16,NW LANTAU,3,5.44,SPRING,STANDARD31516,P,2016-03-18,2016,3,2015-16,2015,Final_Report_2015_16.pdf,NWL
18-Mar-16,NW LANTAU,1,4.7,SPRING,STANDARD31516,S,2016-03-18,2016,3,2015-16,2015,Final_Report_2015_16.pdf,NWL
18-Mar-16,NW LANTAU,2,5.94,SPRING,STANDARD31516,S,2016-03-18,2016,3,2015-16,2015,Final_Report_2015_16.pdf,NWL
18-Mar-16,DEEP BAY,1,4.6,SPRING,STANDARD31516,P,2016-03-18,2016,3,2015-16,2015,Final_Report_2015_16.pdf,DB
18-Mar-16,DEEP BAY,2,8.75,SPRING,STANDARD31516,P,2016-03-18,2016,3,2015-16,2015,Final_Report_2015_16.pdf,DB
18-Mar-16,DEEP BAY,1,2.5,SPRING,STANDARD31516,S,2016-03-18,2016,3,2015-16,2015,Final_Report_2015_16.pdf,DB
18-Mar-16,DEEP BAY,2,4.95,SPRING,STANDARD31516,S,2016-03-18,2016,3,2015-16,2015,Final_Report_2015_16.pdf,DB
18-Mar-16,NE LANTAU,2,5.16,SPRING,STANDARD31516,P,2016-03-18,2016,3,2015-16,2015,Final_Report_2015_16.pdf,NEL
18-Mar-16,NE LANTAU,3,4.74,SPRING,STANDARD31516,P,2016-03-18,2016,3,2015-16,2015,Final_Report_2015_16.pdf,NEL
18-Mar-16,NE LANTAU,2,10.2,SPRING,STANDARD31516,S,2016-03-18,2016,3,2015-16,2015,Final_Report_2015_16.pdf,NEL
23-Mar-16,NE LANTAU,2,16.06,SPRING,STANDARD31516,P,2016-03-23,2016,3,2015-16,2015,Final_Report_2015_16.pdf,NEL
23-Mar-16,NE LANTAU,3,1.59,SPRING,STANDARD31516,P,2016-03-23,2016,3,2015-16,2015,Final_Report_2015_16.pdf,NEL
23-Mar-16,NE LANTAU,1,1.3,SPRING,STANDARD31516,S,2016-03-23,2016,3,2015-16,2015,Final_Report_2015_16.pdf,NEL
23-Mar-16,NE LANTAU,2,4.95,SPRING,STANDARD31516,S,2016-03-23,2016,3,2015-16,2015,Final_Report_2015_16.pdf,NEL
29-Mar-16,W LANTAU,1,3.35,SPRING,STANDARD31516,P,2016-03-29,2016,3,2015-16,2015,Final_Report_2015_16.pdf,WL
29-Mar-16,W LANTAU,2,13.06,SPRING,STANDARD31516,P,2016-03-29,2016,3,2015-16,2015,Final_Report_2015_16.pdf,WL
29-Mar-16,W LANTAU,3,0.48,SPRING,STANDARD31516,P,2016-03-29,2016,3,2015-16,2015,Final_Report_2015_16.pdf,WL
29-Mar-16,W LANTAU,1,4.16,SPRING,STANDARD31516,S,2016-03-29,2016,3,2015-16,2015,Final_Report_2015_16.pdf,WL
29-Mar-16,W LANTAU,2,6.24,SPRING,STANDARD31516,S,2016-03-29,2016,3,2015-16,2015,Final_Report_2015_16.pdf,WL
29-Mar-16,W LANTAU,3,1.29,SPRING,STANDARD31516,S,2016-03-29,2016,3,2015-16,2015,Final_Report_2015_16.pdf,WL
29-Mar-16,SW LANTAU,2,5.86,SPRING,STANDARD31516,P,2016-03-29,2016,3,2015-16,2015,Final_Report_2015_16.pdf,SWL
29-Mar-16,SW LANTAU,3,5.6,SPRING,STANDARD31516,P,2016-03-29,2016,3,2015-16,2015,Final_Report_2015_16.pdf,SWL
29-Mar-16,SW LANTAU,2,7.04,SPRING,STANDARD31516,S,2016-03-29,2016,3,2015-16,2015,Final_Report_2015_16.pdf,SWL
29-Mar-16,SW LANTAU,3,3.1,SPRING,STANDARD31516,S,2016-03-29,2016,3,2015-16,2015,Final_Report_2015_16.pdf,SWL
29-Mar-16,SW LANTAU,4,0.5,SPRING,STANDARD31516,S,2016-03-29,2016,3,2015-16,2015,Final_Report_2015_16.pdf,SWL
31-Mar-16,LAMMA,0,5.07,SPRING,STANDARD31516,P,2016-03-31,2016,3,2015-16,2015,Final_Report_2015_16.pdf,LM
31-Mar-16,LAMMA,1,27.7,SPRING,STANDARD31516,P,2016-03-31,2016,3,2015-16,2015,Final_Report_2015_16.pdf,LM
31-Mar-16,LAMMA,2,40.96,SPRING,STANDARD31516,P,2016-03-31,2016,3,2015-16,2015,Final_Report_2015_16.pdf,LM
31-Mar-16,LAMMA,0,1.2,SPRING,STANDARD31516,S,2016-03-31,2016,3,2015-16,2015,Final_Report_2015_16.pdf,LM
31-Mar-16,LAMMA,1,2.48,SPRING,STANDARD31516,S,2016-03-31,2016,3,2015-16,2015,Final_Report_2015_16.pdf,LM
31-Mar-16,LAMMA,2,11.09,SPRING,STANDARD31516,S,2016-03-31,2016,3,2015-16,2015,Final_Report_2015_16.pdf,LM
1-Apr-16,SE LANTAU,1,16.24,SPRING,STANDARD31516,P,2016-04-01,2016,4,2016-17,2016,Final_Report_2016_17.pdf,SEL
1-Apr-16,SE LANTAU,2,10.23,SPRING,STANDARD31516,P,2016-04-01,2016,4,2016-17,2016,Final_Report_2016_17.pdf,SEL
1-Apr-16,SE LANTAU,1,4.82,SPRING,STANDARD31516,S,2016-04-01,2016,4,2016-17,2016,Final_Report_2016_17.pdf,SEL
1-Apr-16,SE LANTAU,2,2.98,SPRING,STANDARD31516,S,2016-04-01,2016,4,2016-17,2016,Final_Report_2016_17.pdf,SEL
1-Apr-16,LAMMA,1,2.92,SPRING,STANDARD31516,P,2016-04-01,2016,4,2016-17,2016,Final_Report_2016_17.pdf,LM
1-Apr-16,LAMMA,2,28.97,SPRING,STANDARD31516,P,2016-04-01,2016,4,2016-17,2016,Final_Report_2016_17.pdf,LM
1-Apr-16,LAMMA,0,0.97,SPRING,STANDARD31516,S,2016-04-01,2016,4,2016-17,2016,Final_Report_2016_17.pdf,LM
1-Apr-16,LAMMA,1,3.74,SPRING,STANDARD31516,S,2016-04-01,2016,4,2016-17,2016,Final_Report_2016_17.pdf,LM
1-Apr-16,LAMMA,2,4.33,SPRING,STANDARD31516,S,2016-04-01,2016,4,2016-17,2016,Final_Report_2016_17.pdf,LM
6-Apr-16,W LANTAU,2,2.1,SPRING,STANDARD31516,S,2016-04-06,2016,4,2016-17,2016,Final_Report_2016_17.pdf,WL
6-Apr-16,W LANTAU,3,2.78,SPRING,STANDARD31516,S,2016-04-06,2016,4,2016-17,2016,Final_Report_2016_17.pdf,WL
6-Apr-16,W LANTAU,4,2.09,SPRING,STANDARD31516,S,2016-04-06,2016,4,2016-17,2016,Final_Report_2016_17.pdf,WL
6-Apr-16,SW LANTAU,1,0.92,SPRING,STANDARD31516,S,2016-04-06,2016,4,2016-17,2016,Final_Report_2016_17.pdf,SWL
6-Apr-16,SW LANTAU,2,6.21,SPRING,STANDARD31516,S,2016-04-06,2016,4,2016-17,2016,Final_Report_2016_17.pdf,SWL
6-Apr-16,SW LANTAU,3,0.33,SPRING,STANDARD31516,S,2016-04-06,2016,4,2016-17,2016,Final_Report_2016_17.pdf,SWL
6-Apr-16,SE LANTAU,2,15.01,SPRING,STANDARD31516,P,2016-04-06,2016,4,2016-17,2016,Final_Report_2016_17.pdf,SEL
6-Apr-16,SE LANTAU,3,0.7,SPRING,STANDARD31516,P,2016-04-06,2016,4,2016-17,2016,Final_Report_2016_17.pdf,SEL
6-Apr-16,SE LANTAU,2,6.39,SPRING,STANDARD31516,S,2016-04-06,2016,4,2016-17,2016,Final_Report_2016_17.pdf,SEL
7-Apr-16,SW LANTAU,2,3.67,SPRING,STANDARD31516,P,2016-04-07,2016,4,2016-17,2016,Final_Report_2016_17.pdf,SWL
7-Apr-16,SW LANTAU,3,4.16,SPRING,STANDARD31516,P,2016-04-07,2016,4,2016-17,2016,Final_Report_2016_17.pdf,SWL
7-Apr-16,SW LANTAU,2,2.27,SPRING,STANDARD31516,S,2016-04-07,2016,4,2016-17,2016,Final_Report_2016_17.pdf,SWL
8-Apr-16,LAMMA,0,1.16,SPRING,STANDARD31516,P,2016-04-08,2016,4,2016-17,2016,Final_Report_2016_17.pdf,LM
8-Apr-16,LAMMA,1,55.24,SPRING,STANDARD31516,P,2016-04-08,2016,4,2016-17,2016,Final_Report_2016_17.pdf,LM
8-Apr-16,LAMMA,2,22.27,SPRING,STANDARD31516,P,2016-04-08,2016,4,2016-17,2016,Final_Report_2016_17.pdf,LM
8-Apr-16,LAMMA,0,2.01,SPRING,STANDARD31516,S,2016-04-08,2016,4,2016-17,2016,Final_Report_2016_17.pdf,LM
8-Apr-16,LAMMA,1,9.47,SPRING,STANDARD31516,S,2016-04-08,2016,4,2016-17,2016,Final_Report_2016_17.pdf,LM
8-Apr-16,LAMMA,2,7.04,SPRING,STANDARD31516,S,2016-04-08,2016,4,2016-17,2016,Final_Report_2016_17.pdf,LM
14-Apr-16,NW LANTAU,2,24.78,SPRING,STANDARD31516,P,2016-04-14,2016,4,2016-17,2016,Final_Report_2016_17.pdf,NWL
14-Apr-16,NW LANTAU,3,1.16,SPRING,STANDARD31516,P,2016-04-14,2016,4,2016-17,2016,Final_Report_2016_17.pdf,NWL
14-Apr-16,NW LANTAU,2,1.46,SPRING,STANDARD31516,S,2016-04-14,2016,4,2016-17,2016,Final_Report_2016_17.pdf,NWL
14-Apr-16,DEEP BAY,1,1.5,SPRING,STANDARD31516,P,2016-04-14,2016,4,2016-17,2016,Final_Report_2016_17.pdf,DB
14-Apr-16,DEEP BAY,2,11.72,SPRING,STANDARD31516,P,2016-04-14,2016,4,2016-17,2016,Final_Report_2016_17.pdf,DB
14-Apr-16,DEEP BAY,1,5.36,SPRING,STANDARD31516,S,2016-04-14,2016,4,2016-17,2016,Final_Report_2016_17.pdf,DB
14-Apr-16,DEEP BAY,2,2.02,SPRING,STANDARD31516,S,2016-04-14,2016,4,2016-17,2016,Final_Report_2016_17.pdf,DB
14-Apr-16,W LANTAU,2,8.87,SPRING,STANDARD31516,P,2016-04-14,2016,4,2016-17,2016,Final_Report_2016_17.pdf,WL
14-Apr-16,W LANTAU,3,5.9,SPRING,STANDARD31516,P,2016-04-14,2016,4,2016-17,2016,Final_Report_2016_17.pdf,WL
14-Apr-16,W LANTAU,1,1.82,SPRING,STANDARD31516,S,2016-04-14,2016,4,2016-17,2016,Final_Report_2016_17.pdf,WL
14-Apr-16,W LANTAU,2,12.31,SPRING,STANDARD31516,S,2016-04-14,2016,4,2016-17,2016,Final_Report_2016_17.pdf,WL
14-Apr-16,W LANTAU,3,7.03,SPRING,STANDARD31516,S,2016-04-14,2016,4,2016-17,2016,Final_Report_2016_17.pdf,WL
20-Apr-16,SW LANTAU,2,6.3,SPRING,STANDARD31516,P,2016-04-20,2016,4,2016-17,2016,Final_Report_2016_17.pdf,SWL
20-Apr-16,SW LANTAU,3,4.88,SPRING,STANDARD31516,P,2016-04-20,2016,4,2016-17,2016,Final_Report_2016_17.pdf,SWL
20-Apr-16,SW LANTAU,4,2.01,SPRING,STANDARD31516,P,2016-04-20,2016,4,2016-17,2016,Final_Report_2016_17.pdf,SWL
20-Apr-16,SW LANTAU,2,4.19,SPRING,STANDARD31516,S,2016-04-20,2016,4,2016-17,2016,Final_Report_2016_17.pdf,SWL
20-Apr-16,SW LANTAU,3,6.42,SPRING,STANDARD31516,S,2016-04-20,2016,4,2016-17,2016,Final_Report_2016_17.pdf,SWL
22-Apr-16,W LANTAU,1,2.99,SPRING,STANDARD31516,S,2016-04-22,2016,4,2016-17,2016,Final_Report_2016_17.pdf,WL
22-Apr-16,W LANTAU,2,7.61,SPRING,STANDARD31516,S,2016-04-22,2016,4,2016-17,2016,Final_Report_2016_17.pdf,WL
26-Apr-16,NE LANTAU,2,9.53,SPRING,STANDARD31516,P,2016-04-26,2016,4,2016-17,2016,Final_Report_2016_17.pdf,NEL
26-Apr-16,NE LANTAU,3,1.1,SPRING,STANDARD31516,P,2016-04-26,2016,4,2016-17,2016,Final_Report_2016_17.pdf,NEL
26-Apr-16,NE LANTAU,2,8.47,SPRING,STANDARD31516,S,2016-04-26,2016,4,2016-17,2016,Final_Report_2016_17.pdf,NEL
26-Apr-16,NE LANTAU,3,2.1,SPRING,STANDARD31516,S,2016-04-26,2016,4,2016-17,2016,Final_Report_2016_17.pdf,NEL
26-Apr-16,W LANTAU,2,6.95,SPRING,STANDARD31516,P,2016-04-26,2016,4,2016-17,2016,Final_Report_2016_17.pdf,WL
26-Apr-16,W LANTAU,3,13.89,SPRING,STANDARD31516,P,2016-04-26,2016,4,2016-17,2016,Final_Report_2016_17.pdf,WL
26-Apr-16,W LANTAU,4,1.06,SPRING,STANDARD31516,P,2016-04-26,2016,4,2016-17,2016,Final_Report_2016_17.pdf,WL
26-Apr-16,W LANTAU,2,4.78,SPRING,STANDARD31516,S,2016-04-26,2016,4,2016-17,2016,Final_Report_2016_17.pdf,WL
26-Apr-16,W LANTAU,3,15.84,SPRING,STANDARD31516,S,2016-04-26,2016,4,2016-17,2016,Final_Report_2016_17.pdf,WL
27-Apr-16,SE LANTAU,1,13.9,SPRING,STANDARD31516,P,2016-04-27,2016,4,2016-17,2016,Final_Report_2016_17.pdf,SEL
27-Apr-16,SE LANTAU,2,11.17,SPRING,STANDARD31516,P,2016-04-27,2016,4,2016-17,2016,Final_Report_2016_17.pdf,SEL
27-Apr-16,SE LANTAU,1,1.79,SPRING,STANDARD31516,S,2016-04-27,2016,4,2016-17,2016,Final_Report_2016_17.pdf,SEL
27-Apr-16,SE LANTAU,2,9.93,SPRING,STANDARD31516,S,2016-04-27,2016,4,2016-17,2016,Final_Report_2016_17.pdf,SEL
27-Apr-16,SW LANTAU,2,18.35,SPRING,STANDARD31516,P,2016-04-27,2016,4,2016-17,2016,Final_Report_2016_17.pdf,SWL
27-Apr-16,SW LANTAU,3,0.85,SPRING,STANDARD31516,P,2016-04-27,2016,4,2016-17,2016,Final_Report_2016_17.pdf,SWL
27-Apr-16,SW LANTAU,2,8.04,SPRING,STANDARD31516,S,2016-04-27,2016,4,2016-17,2016,Final_Report_2016_17.pdf,SWL
4-May-16,W LANTAU,2,12.4,SPRING,STANDARD31516,P,2016-05-04,2016,5,2016-17,2016,Final_Report_2016_17.pdf,WL
4-May-16,W LANTAU,3,0.53,SPRING,STANDARD31516,P,2016-05-04,2016,5,2016-17,2016,Final_Report_2016_17.pdf,WL
4-May-16,W LANTAU,2,16.9,SPRING,STANDARD31516,S,2016-05-04,2016,5,2016-17,2016,Final_Report_2016_17.pdf,WL
4-May-16,W LANTAU,3,2.68,SPRING,STANDARD31516,S,2016-05-04,2016,5,2016-17,2016,Final_Report_2016_17.pdf,WL
4-May-16,SW LANTAU,1,1.17,SPRING,STANDARD31516,P,2016-05-04,2016,5,2016-17,2016,Final_Report_2016_17.pdf,SWL
4-May-16,SW LANTAU,2,13.15,SPRING,STANDARD31516,P,2016-05-04,2016,5,2016-17,2016,Final_Report_2016_17.pdf,SWL
4-May-16,SW LANTAU,3,4.71,SPRING,STANDARD31516,P,2016-05-04,2016,5,2016-17,2016,Final_Report_2016_17.pdf,SWL
4-May-16,SW LANTAU,0,0.9,SPRING,STANDARD31516,S,2016-05-04,2016,5,2016-17,2016,Final_Report_2016_17.pdf,SWL
4-May-16,SW LANTAU,2,5.61,SPRING,STANDARD31516,S,2016-05-04,2016,5,2016-17,2016,Final_Report_2016_17.pdf,SWL
4-May-16,SW LANTAU,3,3.2,SPRING,STANDARD31516,S,2016-05-04,2016,5,2016-17,2016,Final_Report_2016_17.pdf,SWL
5-May-16,LAMMA,1,18.25,SPRING,STANDARD31516,P,2016-05-05,2016,5,2016-17,2016,Final_Report_2016_17.pdf,LM
5-May-16,LAMMA,2,67.99,SPRING,STANDARD31516,P,2016-05-05,2016,5,2016-17,2016,Final_Report_2016_17.pdf,LM
5-May-16,LAMMA,3,3.17,SPRING,STANDARD31516,P,2016-05-05,2016,5,2016-17,2016,Final_Report_2016_17.pdf,LM
5-May-16,LAMMA,1,5.63,SPRING,STANDARD31516,S,2016-05-05,2016,5,2016-17,2016,Final_Report_2016_17.pdf,LM
5-May-16,LAMMA,2,12.28,SPRING,STANDARD31516,S,2016-05-05,2016,5,2016-17,2016,Final_Report_2016_17.pdf,LM
6-May-16,W LANTAU,2,1.71,SPRING,STANDARD31516,S,2016-05-06,2016,5,2016-17,2016,Final_Report_2016_17.pdf,WL
6-May-16,W LANTAU,3,8.69,SPRING,STANDARD31516,S,2016-05-06,2016,5,2016-17,2016,Final_Report_2016_17.pdf,WL
11-May-16,SE LANTAU,2,17.51,SPRING,STANDARD31516,P,2016-05-11,2016,5,2016-17,2016,Final_Report_2016_17.pdf,SEL
11-May-16,SE LANTAU,3,5.59,SPRING,STANDARD31516,P,2016-05-11,2016,5,2016-17,2016,Final_Report_2016_17.pdf,SEL
11-May-16,SE LANTAU,4,3.81,SPRING,STANDARD31516,P,2016-05-11,2016,5,2016-17,2016,Final_Report_2016_17.pdf,SEL
11-May-16,SE LANTAU,2,8.72,SPRING,STANDARD31516,S,2016-05-11,2016,5,2016-17,2016,Final_Report_2016_17.pdf,SEL
11-May-16,SE LANTAU,3,5.63,SPRING,STANDARD31516,S,2016-05-11,2016,5,2016-17,2016,Final_Report_2016_17.pdf,SEL
11-May-16,SE LANTAU,4,3.76,SPRING,STANDARD31516,S,2016-05-11,2016,5,2016-17,2016,Final_Report_2016_17.pdf,SEL
11-May-16,SW LANTAU,2,15.29,SPRING,STANDARD31516,P,2016-05-11,2016,5,2016-17,2016,Final_Report_2016_17.pdf,SWL
11-May-16,SW LANTAU,2,11.43,SPRING,STANDARD31516,S,2016-05-11,2016,5,2016-17,2016,Final_Report_2016_17.pdf,SWL
18-May-16,W LANTAU,2,6.8,SPRING,STANDARD31516,P,2016-05-18,2016,5,2016-17,2016,Final_Report_2016_17.pdf,WL
18-May-16,W LANTAU,3,1.42,SPRING,STANDARD31516,P,2016-05-18,2016,5,2016-17,2016,Final_Report_2016_17.pdf,WL
18-May-16,W LANTAU,2,5.84,SPRING,STANDARD31516,S,2016-05-18,2016,5,2016-17,2016,Final_Report_2016_17.pdf,WL
18-May-16,W LANTAU,3,1.27,SPRING,STANDARD31516,S,2016-05-18,2016,5,2016-17,2016,Final_Report_2016_17.pdf,WL
18-May-16,SW LANTAU,3,6.26,SPRING,STANDARD31516,P,2016-05-18,2016,5,2016-17,2016,Final_Report_2016_17.pdf,SWL
18-May-16,SW LANTAU,4,2.2,SPRING,STANDARD31516,P,2016-05-18,2016,5,2016-17,2016,Final_Report_2016_17.pdf,SWL
18-May-16,SW LANTAU,3,5.38,SPRING,STANDARD31516,S,2016-05-18,2016,5,2016-17,2016,Final_Report_2016_17.pdf,SWL
18-May-16,SW LANTAU,4,1.46,SPRING,STANDARD31516,S,2016-05-18,2016,5,2016-17,2016,Final_Report_2016_17.pdf,SWL
18-May-16,SE LANTAU,2,1.66,SPRING,STANDARD31516,P,2016-05-18,2016,5,2016-17,2016,Final_Report_2016_17.pdf,SEL
18-May-16,SE LANTAU,3,4.92,SPRING,STANDARD31516,P,2016-05-18,2016,5,2016-17,2016,Final_Report_2016_17.pdf,SEL
18-May-16,SE LANTAU,2,1.98,SPRING,STANDARD31516,S,2016-05-18,2016,5,2016-17,2016,Final_Report_2016_17.pdf,SEL
18-May-16,SE LANTAU,4,0.5,SPRING,STANDARD31516,S,2016-05-18,2016,5,2016-17,2016,Final_Report_2016_17.pdf,SEL
20-May-16,NW LANTAU,2,16.12,SPRING,STANDARD31516,P,2016-05-20,2016,5,2016-17,2016,Final_Report_2016_17.pdf,NWL
20-May-16,NW LANTAU,3,15.68,SPRING,STANDARD31516,P,2016-05-20,2016,5,2016-17,2016,Final_Report_2016_17.pdf,NWL
20-May-16,NW LANTAU,2,5.4,SPRING,STANDARD31516,S,2016-05-20,2016,5,2016-17,2016,Final_Report_2016_17.pdf,NWL
20-May-16,DEEP BAY,2,11.11,SPRING,STANDARD31516,P,2016-05-20,2016,5,2016-17,2016,Final_Report_2016_17.pdf,DB
20-May-16,DEEP BAY,3,2.03,SPRING,STANDARD31516,P,2016-05-20,2016,5,2016-17,2016,Final_Report_2016_17.pdf,DB
20-May-16,DEEP BAY,2,4.73,SPRING,STANDARD31516,S,2016-05-20,2016,5,2016-17,2016,Final_Report_2016_17.pdf,DB
20-May-16,DEEP BAY,3,2.09,SPRING,STANDARD31516,S,2016-05-20,2016,5,2016-17,2016,Final_Report_2016_17.pdf,DB
20-May-16,NE LANTAU,1,1.1,SPRING,STANDARD31516,P,2016-05-20,2016,5,2016-17,2016,Final_Report_2016_17.pdf,NEL
20-May-16,NE LANTAU,2,18.36,SPRING,STANDARD31516,P,2016-05-20,2016,5,2016-17,2016,Final_Report_2016_17.pdf,NEL
20-May-16,NE LANTAU,2,11.14,SPRING,STANDARD31516,S,2016-05-20,2016,5,2016-17,2016,Final_Report_2016_17.pdf,NEL
23-May-16,LAMMA,1,4.63,SPRING,STANDARD31516,P,2016-05-23,2016,5,2016-17,2016,Final_Report_2016_17.pdf,LM
23-May-16,LAMMA,2,50.47,SPRING,STANDARD31516,P,2016-05-23,2016,5,2016-17,2016,Final_Report_2016_17.pdf,LM
23-May-16,LAMMA,3,21.94,SPRING,STANDARD31516,P,2016-05-23,2016,5,2016-17,2016,Final_Report_2016_17.pdf,LM
23-May-16,LAMMA,1,0.66,SPRING,STANDARD31516,S,2016-05-23,2016,5,2016-17,2016,Final_Report_2016_17.pdf,LM
23-May-16,LAMMA,2,13.54,SPRING,STANDARD31516,S,2016-05-23,2016,5,2016-17,2016,Final_Report_2016_17.pdf,LM
23-May-16,LAMMA,3,1.02,SPRING,STANDARD31516,S,2016-05-23,2016,5,2016-17,2016,Final_Report_2016_17.pdf,LM
30-May-16,SE LANTAU,2,11.63,SPRING,STANDARD31516,P,2016-05-30,2016,5,2016-17,2016,Final_Report_2016_17.pdf,SEL
30-May-16,SE LANTAU,3,15.0,SPRING,STANDARD31516,P,2016-05-30,2016,5,2016-17,2016,Final_Report_2016_17.pdf,SEL
30-May-16,SE LANTAU,2,4.4,SPRING,STANDARD31516,S,2016-05-30,2016,5,2016-17,2016,Final_Report_2016_17.pdf,SEL
30-May-16,SE LANTAU,3,4.07,SPRING,STANDARD31516,S,2016-05-30,2016,5,2016-17,2016,Final_Report_2016_17.pdf,SEL
30-May-16,SW LANTAU,2,5.46,SPRING,STANDARD31516,P,2016-05-30,2016,5,2016-17,2016,Final_Report_2016_17.pdf,SWL
30-May-16,SW LANTAU,3,9.84,SPRING,STANDARD31516,P,2016-05-30,2016,5,2016-17,2016,Final_Report_2016_17.pdf,SWL
30-May-16,SW LANTAU,4,5.54,SPRING,STANDARD31516,P,2016-05-30,2016,5,2016-17,2016,Final_Report_2016_17.pdf,SWL
30-May-16,SW LANTAU,3,6.36,SPRING,STANDARD31516,S,2016-05-30,2016,5,2016-17,2016,Final_Report_2016_17.pdf,SWL
31-May-16,NW LANTAU,2,3.51,SPRING,STANDARD31516,P,2016-05-31,2016,5,2016-17,2016,Final_Report_2016_17.pdf,NWL
31-May-16,NW LANTAU,3,16.04,SPRING,STANDARD31516,P,2016-05-31,2016,5,2016-17,2016,Final_Report_2016_17.pdf,NWL
31-May-16,NW LANTAU,4,7.62,SPRING,STANDARD31516,P,2016-05-31,2016,5,2016-17,2016,Final_Report_2016_17.pdf,NWL
31-May-16,NW LANTAU,3,5.89,SPRING,STANDARD31516,S,2016-05-31,2016,5,2016-17,2016,Final_Report_2016_17.pdf,NWL
31-May-16,NW LANTAU,4,1.14,SPRING,STANDARD31516,S,2016-05-31,2016,5,2016-17,2016,Final_Report_2016_17.pdf,NWL
31-May-16,DEEP BAY,3,8.75,SPRING,STANDARD31516,P,2016-05-31,2016,5,2016-17,2016,Final_Report_2016_17.pdf,DB
31-May-16,DEEP BAY,4,4.13,SPRING,STANDARD31516,P,2016-05-31,2016,5,2016-17,2016,Final_Report_2016_17.pdf,DB
31-May-16,DEEP BAY,3,5.25,SPRING,STANDARD31516,S,2016-05-31,2016,5,2016-17,2016,Final_Report_2016_17.pdf,DB
31-May-16,DEEP BAY,4,0.87,SPRING,STANDARD31516,S,2016-05-31,2016,5,2016-17,2016,Final_Report_2016_17.pdf,DB
31-May-16,NE LANTAU,2,18.42,SPRING,STANDARD31516,P,2016-05-31,2016,5,2016-17,2016,Final_Report_2016_17.pdf,NEL
31-May-16,NE LANTAU,3,4.4,SPRING,STANDARD31516,P,2016-05-31,2016,5,2016-17,2016,Final_Report_2016_17.pdf,NEL
31-May-16,NE LANTAU,2,10.08,SPRING,STANDARD31516,S,2016-05-31,2016,5,2016-17,2016,Final_Report_2016_17.pdf,NEL
3-Jun-16,W LANTAU,3,1.84,SUMMER,STANDARD31516,S,2016-06-03,2016,6,2016-17,2016,Final_Report_2016_17.pdf,WL
3-Jun-16,W LANTAU,4,10.42,SUMMER,STANDARD31516,S,2016-06-03,2016,6,2016-17,2016,Final_Report_2016_17.pdf,WL
3-Jun-16,W LANTAU,5,0.74,SUMMER,STANDARD31516,S,2016-06-03,2016,6,2016-17,2016,Final_Report_2016_17.pdf,WL
3-Jun-16,SW LANTAU,2,10.81,SUMMER,STANDARD31516,P,2016-06-03,2016,6,2016-17,2016,Final_Report_2016_17.pdf,SWL
3-Jun-16,SW LANTAU,3,11.09,SUMMER,STANDARD31516,P,2016-06-03,2016,6,2016-17,2016,Final_Report_2016_17.pdf,SWL
3-Jun-16,SW LANTAU,2,2.6,SUMMER,STANDARD31516,S,2016-06-03,2016,6,2016-17,2016,Final_Report_2016_17.pdf,SWL
3-Jun-16,SW LANTAU,3,11.32,SUMMER,STANDARD31516,S,2016-06-03,2016,6,2016-17,2016,Final_Report_2016_17.pdf,SWL
3-Jun-16,SE LANTAU,2,2.63,SUMMER,STANDARD31516,P,2016-06-03,2016,6,2016-17,2016,Final_Report_2016_17.pdf,SEL
3-Jun-16,SE LANTAU,3,6.47,SUMMER,STANDARD31516,P,2016-06-03,2016,6,2016-17,2016,Final_Report_2016_17.pdf,SEL
3-Jun-16,SE LANTAU,2,1.96,SUMMER,STANDARD31516,S,2016-06-03,2016,6,2016-17,2016,Final_Report_2016_17.pdf,SEL
3-Jun-16,SE LANTAU,3,1.14,SUMMER,STANDARD31516,S,2016-06-03,2016,6,2016-17,2016,Final_Report_2016_17.pdf,SEL
7-Jun-16,W LANTAU,2,9.04,SUMMER,STANDARD31516,S,2016-06-07,2016,6,2016-17,2016,Final_Report_2016_17.pdf,WL
8-Jun-16,W LANTAU,1,2.51,SUMMER,STANDARD31516,S,2016-06-08,2016,6,2016-17,2016,Final_Report_2016_17.pdf,WL
8-Jun-16,W LANTAU,2,7.25,SUMMER,STANDARD31516,S,2016-06-08,2016,6,2016-17,2016,Final_Report_2016_17.pdf,WL
8-Jun-16,W LANTAU,3,0.76,SUMMER,STANDARD31516,S,2016-06-08,2016,6,2016-17,2016,Final_Report_2016_17.pdf,WL
14-Jun-16,SE LANTAU,2,2.05,SUMMER,STANDARD31516,P,2016-06-14,2016,6,2016-17,2016,Final_Report_2016_17.pdf,SEL
14-Jun-16,SE LANTAU,3,6.48,SUMMER,STANDARD31516,P,2016-06-14,2016,6,2016-17,2016,Final_Report_2016_17.pdf,SEL
14-Jun-16,SE LANTAU,4,4.14,SUMMER,STANDARD31516,P,2016-06-14,2016,6,2016-17,2016,Final_Report_2016_17.pdf,SEL
14-Jun-16,SE LANTAU,2,0.93,SUMMER,STANDARD31516,S,2016-06-14,2016,6,2016-17,2016,Final_Report_2016_17.pdf,SEL
14-Jun-16,SE LANTAU,3,3.5,SUMMER,STANDARD31516,S,2016-06-14,2016,6,2016-17,2016,Final_Report_2016_17.pdf,SEL
14-Jun-16,SE LANTAU,4,2.0,SUMMER,STANDARD31516,S,2016-06-14,2016,6,2016-17,2016,Final_Report_2016_17.pdf,SEL
14-Jun-16,SW LANTAU,2,6.2,SUMMER,STANDARD31516,P,2016-06-14,2016,6,2016-17,2016,Final_Report_2016_17.pdf,SWL
14-Jun-16,SW LANTAU,3,12.92,SUMMER,STANDARD31516,P,2016-06-14,2016,6,2016-17,2016,Final_Report_2016_17.pdf,SWL
14-Jun-16,SW LANTAU,4,1.3,SUMMER,STANDARD31516,P,2016-06-14,2016,6,2016-17,2016,Final_Report_2016_17.pdf,SWL
14-Jun-16,SW LANTAU,2,2.72,SUMMER,STANDARD31516,S,2016-06-14,2016,6,2016-17,2016,Final_Report_2016_17.pdf,SWL
14-Jun-16,SW LANTAU,3,4.48,SUMMER,STANDARD31516,S,2016-06-14,2016,6,2016-17,2016,Final_Report_2016_17.pdf,SWL
14-Jun-16,SW LANTAU,4,0.53,SUMMER,STANDARD31516,S,2016-06-14,2016,6,2016-17,2016,Final_Report_2016_17.pdf,SWL
20-Jun-16,SW LANTAU,2,12.93,SUMMER,STANDARD31516,P,2016-06-20,2016,6,2016-17,2016,Final_Report_2016_17.pdf,SWL
20-Jun-16,SW LANTAU,3,1.84,SUMMER,STANDARD31516,P,2016-06-20,2016,6,2016-17,2016,Final_Report_2016_17.pdf,SWL
20-Jun-16,SW LANTAU,2,4.37,SUMMER,STANDARD31516,S,2016-06-20,2016,6,2016-17,2016,Final_Report_2016_17.pdf,SWL
28-Jun-16,W LANTAU,2,9.25,SUMMER,STANDARD31516,P,2016-06-28,2016,6,2016-17,2016,Final_Report_2016_17.pdf,WL
28-Jun-16,W LANTAU,3,2.36,SUMMER,STANDARD31516,P,2016-06-28,2016,6,2016-17,2016,Final_Report_2016_17.pdf,WL
28-Jun-16,W LANTAU,2,11.19,SUMMER,STANDARD31516,S,2016-06-28,2016,6,2016-17,2016,Final_Report_2016_17.pdf,WL
28-Jun-16,W LANTAU,3,4.51,SUMMER,STANDARD31516,S,2016-06-28,2016,6,2016-17,2016,Final_Report_2016_17.pdf,WL
28-Jun-16,W LANTAU,4,2.84,SUMMER,STANDARD31516,S,2016-06-28,2016,6,2016-17,2016,Final_Report_2016_17.pdf,WL
28-Jun-16,NW LANTAU,1,9.34,SUMMER,STANDARD31516,P,2016-06-28,2016,6,2016-17,2016,Final_Report_2016_17.pdf,NWL
28-Jun-16,NW LANTAU,2,16.75,SUMMER,STANDARD31516,P,2016-06-28,2016,6,2016-17,2016,Final_Report_2016_17.pdf,NWL
28-Jun-16,NW LANTAU,1,3.42,SUMMER,STANDARD31516,S,2016-06-28,2016,6,2016-17,2016,Final_Report_2016_17.pdf,NWL
28-Jun-16,NW LANTAU,2,7.39,SUMMER,STANDARD31516,S,2016-06-28,2016,6,2016-17,2016,Final_Report_2016_17.pdf,NWL
4-Jul-16,W LANTAU,2,1.27,SUMMER,STANDARD31516,P,2016-07-04,2016,7,2016-17,2016,Final_Report_2016_17.pdf,WL
4-Jul-16,W LANTAU,3,8.8,SUMMER,STANDARD31516,P,2016-07-04,2016,7,2016-17,2016,Final_Report_2016_17.pdf,WL
4-Jul-16,W LANTAU,4,4.07,SUMMER,STANDARD31516,P,2016-07-04,2016,7,2016-17,2016,Final_Report_2016_17.pdf,WL
4-Jul-16,W LANTAU,5,1.22,SUMMER,STANDARD31516,P,2016-07-04,2016,7,2016-17,2016,Final_Report_2016_17.pdf,WL
4-Jul-16,W LANTAU,2,0.77,SUMMER,STANDARD31516,S,2016-07-04,2016,7,2016-17,2016,Final_Report_2016_17.pdf,WL
4-Jul-16,W LANTAU,3,12.0,SUMMER,STANDARD31516,S,2016-07-04,2016,7,2016-17,2016,Final_Report_2016_17.pdf,WL
4-Jul-16,W LANTAU,4,7.9,SUMMER,STANDARD31516,S,2016-07-04,2016,7,2016-17,2016,Final_Report_2016_17.pdf,WL
4-Jul-16,W LANTAU,5,1.73,SUMMER,STANDARD31516,S,2016-07-04,2016,7,2016-17,2016,Final_Report_2016_17.pdf,WL
4-Jul-16,NE LANTAU,2,5.3,SUMMER,STANDARD31516,P,2016-07-04,2016,7,2016-17,2016,Final_Report_2016_17.pdf,NEL
4-Jul-16,NE LANTAU,3,9.9,SUMMER,STANDARD31516,P,2016-07-04,2016,7,2016-17,2016,Final_Report_2016_17.pdf,NEL
4-Jul-16,NE LANTAU,2,6.9,SUMMER,STANDARD31516,S,2016-07-04,2016,7,2016-17,2016,Final_Report_2016_17.pdf,NEL
4-Jul-16,NE LANTAU,3,1.9,SUMMER,STANDARD31516,S,2016-07-04,2016,7,2016-17,2016,Final_Report_2016_17.pdf,NEL
6-Jul-16,SW LANTAU,1,1.7,SUMMER,STANDARD31516,P,2016-07-06,2016,7,2016-17,2016,Final_Report_2016_17.pdf,SWL
6-Jul-16,SW LANTAU,2,3.46,SUMMER,STANDARD31516,P,2016-07-06,2016,7,2016-17,2016,Final_Report_2016_17.pdf,SWL
6-Jul-16,SW LANTAU,3,1.45,SUMMER,STANDARD31516,P,2016-07-06,2016,7,2016-17,2016,Final_Report_2016_17.pdf,SWL
6-Jul-16,SW LANTAU,2,3.14,SUMMER,STANDARD31516,S,2016-07-06,2016,7,2016-17,2016,Final_Report_2016_17.pdf,SWL
8-Jul-16,W LANTAU,2,2.85,SUMMER,STANDARD31516,P,2016-07-08,2016,7,2016-17,2016,Final_Report_2016_17.pdf,WL
8-Jul-16,W LANTAU,2,7.65,SUMMER,STANDARD31516,S,2016-07-08,2016,7,2016-17,2016,Final_Report_2016_17.pdf,WL
13-Jul-16,SW LANTAU,1,2.32,SUMMER,STANDARD31516,P,2016-07-13,2016,7,2016-17,2016,Final_Report_2016_17.pdf,SWL
13-Jul-16,SW LANTAU,2,17.94,SUMMER,STANDARD31516,P,2016-07-13,2016,7,2016-17,2016,Final_Report_2016_17.pdf,SWL
13-Jul-16,SW LANTAU,1,2.42,SUMMER,STANDARD31516,S,2016-07-13,2016,7,2016-17,2016,Final_Report_2016_17.pdf,SWL
13-Jul-16,SW LANTAU,2,6.02,SUMMER,STANDARD31516,S,2016-07-13,2016,7,2016-17,2016,Final_Report_2016_17.pdf,SWL
15-Jul-16,NINEPINS,2,11.36,SUMMER,STANDARD31516,P,2016-07-15,2016,7,2016-17,2016,Final_Report_2016_17.pdf,NP
15-Jul-16,NINEPINS,3,17.2,SUMMER,STANDARD31516,P,2016-07-15,2016,7,2016-17,2016,Final_Report_2016_17.pdf,NP
15-Jul-16,NINEPINS,3,5.34,SUMMER,STANDARD31516,S,2016-07-15,2016,7,2016-17,2016,Final_Report_2016_17.pdf,NP
15-Jul-16,PO TOI,2,2.09,SUMMER,STANDARD31516,P,2016-07-15,2016,7,2016-17,2016,Final_Report_2016_17.pdf,PT
15-Jul-16,PO TOI,3,18.17,SUMMER,STANDARD31516,P,2016-07-15,2016,7,2016-17,2016,Final_Report_2016_17.pdf,PT
15-Jul-16,PO TOI,4,18.0,SUMMER,STANDARD31516,P,2016-07-15,2016,7,2016-17,2016,Final_Report_2016_17.pdf,PT
15-Jul-16,PO TOI,3,9.54,SUMMER,STANDARD31516,S,2016-07-15,2016,7,2016-17,2016,Final_Report_2016_17.pdf,PT
15-Jul-16,PO TOI,4,6.1,SUMMER,STANDARD31516,S,2016-07-15,2016,7,2016-17,2016,Final_Report_2016_17.pdf,PT
19-Jul-16,SE LANTAU,2,5.89,SUMMER,STANDARD31516,P,2016-07-19,2016,7,2016-17,2016,Final_Report_2016_17.pdf,SEL
19-Jul-16,SE LANTAU,3,7.04,SUMMER,STANDARD31516,P,2016-07-19,2016,7,2016-17,2016,Final_Report_2016_17.pdf,SEL
19-Jul-16,SE LANTAU,4,1.84,SUMMER,STANDARD31516,P,2016-07-19,2016,7,2016-17,2016,Final_Report_2016_17.pdf,SEL
19-Jul-16,SE LANTAU,2,0.5,SUMMER,STANDARD31516,S,2016-07-19,2016,7,2016-17,2016,Final_Report_2016_17.pdf,SEL
19-Jul-16,SE LANTAU,3,6.52,SUMMER,STANDARD31516,S,2016-07-19,2016,7,2016-17,2016,Final_Report_2016_17.pdf,SEL
19-Jul-16,SE LANTAU,4,2.11,SUMMER,STANDARD31516,S,2016-07-19,2016,7,2016-17,2016,Final_Report_2016_17.pdf,SEL
19-Jul-16,SW LANTAU,2,4.95,SUMMER,STANDARD31516,P,2016-07-19,2016,7,2016-17,2016,Final_Report_2016_17.pdf,SWL
19-Jul-16,SW LANTAU,3,11.97,SUMMER,STANDARD31516,P,2016-07-19,2016,7,2016-17,2016,Final_Report_2016_17.pdf,SWL
19-Jul-16,SW LANTAU,2,3.23,SUMMER,STANDARD31516,S,2016-07-19,2016,7,2016-17,2016,Final_Report_2016_17.pdf,SWL
19-Jul-16,SW LANTAU,3,7.7,SUMMER,STANDARD31516,S,2016-07-19,2016,7,2016-17,2016,Final_Report_2016_17.pdf,SWL
19-Jul-16,SW LANTAU,4,1.1,SUMMER,STANDARD31516,S,2016-07-19,2016,7,2016-17,2016,Final_Report_2016_17.pdf,SWL
22-Jul-16,PO TOI,1,4.46,SUMMER,STANDARD31516,P,2016-07-22,2016,7,2016-17,2016,Final_Report_2016_17.pdf,PT
22-Jul-16,PO TOI,2,34.56,SUMMER,STANDARD31516,P,2016-07-22,2016,7,2016-17,2016,Final_Report_2016_17.pdf,PT
22-Jul-16,PO TOI,3,22.6,SUMMER,STANDARD31516,P,2016-07-22,2016,7,2016-17,2016,Final_Report_2016_17.pdf,PT
22-Jul-16,PO TOI,2,10.98,SUMMER,STANDARD31516,S,2016-07-22,2016,7,2016-17,2016,Final_Report_2016_17.pdf,PT
22-Jul-16,NINEPINS,2,4.11,SUMMER,STANDARD31516,P,2016-07-22,2016,7,2016-17,2016,Final_Report_2016_17.pdf,NP
22-Jul-16,NINEPINS,3,3.37,SUMMER,STANDARD31516,P,2016-07-22,2016,7,2016-17,2016,Final_Report_2016_17.pdf,NP
25-Jul-16,SAI KUNG,1,6.44,SUMMER,STANDARD31516,P,2016-07-25,2016,7,2016-17,2016,Final_Report_2016_17.pdf,SK
25-Jul-16,SAI KUNG,2,42.86,SUMMER,STANDARD31516,P,2016-07-25,2016,7,2016-17,2016,Final_Report_2016_17.pdf,SK
25-Jul-16,SAI KUNG,1,2.09,SUMMER,STANDARD31516,S,2016-07-25,2016,7,2016-17,2016,Final_Report_2016_17.pdf,SK
25-Jul-16,SAI KUNG,2,4.0,SUMMER,STANDARD31516,S,2016-07-25,2016,7,2016-17,2016,Final_Report_2016_17.pdf,SK
25-Jul-16,NINEPINS,1,6.44,SUMMER,STANDARD31516,P,2016-07-25,2016,7,2016-17,2016,Final_Report_2016_17.pdf,NP
8-Aug-16,PO TOI,2,26.14,SUMMER,STANDARD31516,P,2016-08-08,2016,8,2016-17,2016,Final_Report_2016_17.pdf,PT
8-Aug-16,PO TOI,2,6.46,SUMMER,STANDARD31516,S,2016-08-08,2016,8,2016-17,2016,Final_Report_2016_17.pdf,PT
8-Aug-16,NINEPINS,2,25.4,SUMMER,STANDARD31516,P,2016-08-08,2016,8,2016-17,2016,Final_Report_2016_17.pdf,NP
8-Aug-16,NINEPINS,3,14.6,SUMMER,STANDARD31516,P,2016-08-08,2016,8,2016-17,2016,Final_Report_2016_17.pdf,NP
8-Aug-16,NINEPINS,2,1.7,SUMMER,STANDARD31516,S,2016-08-08,2016,8,2016-17,2016,Final_Report_2016_17.pdf,NP
9-Aug-16,SW LANTAU,2,6.22,SUMMER,STANDARD31516,P,2016-08-09,2016,8,2016-17,2016,Final_Report_2016_17.pdf,SWL
9-Aug-16,SW LANTAU,3,3.5,SUMMER,STANDARD31516,P,2016-08-09,2016,8,2016-17,2016,Final_Report_2016_17.pdf,SWL
9-Aug-16,SW LANTAU,4,2.2,SUMMER,STANDARD31516,P,2016-08-09,2016,8,2016-17,2016,Final_Report_2016_17.pdf,SWL
9-Aug-16,SW LANTAU,5,1.8,SUMMER,STANDARD31516,P,2016-08-09,2016,8,2016-17,2016,Final_Report_2016_17.pdf,SWL
9-Aug-16,SW LANTAU,2,4.7,SUMMER,STANDARD31516,S,2016-08-09,2016,8,2016-17,2016,Final_Report_2016_17.pdf,SWL
9-Aug-16,SW LANTAU,3,2.5,SUMMER,STANDARD31516,S,2016-08-09,2016,8,2016-17,2016,Final_Report_2016_17.pdf,SWL
9-Aug-16,SW LANTAU,4,1.99,SUMMER,STANDARD31516,S,2016-08-09,2016,8,2016-17,2016,Final_Report_2016_17.pdf,SWL
16-Aug-16,SW LANTAU,1,4.81,SUMMER,STANDARD36826,P,2016-08-16,2016,8,2016-17,2016,Final_Report_2016_17.pdf,SWL
16-Aug-16,SW LANTAU,2,1.65,SUMMER,STANDARD36826,P,2016-08-16,2016,8,2016-17,2016,Final_Report_2016_17.pdf,SWL
16-Aug-16,SW LANTAU,1,2.17,SUMMER,STANDARD36826,S,2016-08-16,2016,8,2016-17,2016,Final_Report_2016_17.pdf,SWL
19-Aug-16,W LANTAU,2,9.96,SUMMER,STANDARD31516,P,2016-08-19,2016,8,2016-17,2016,Final_Report_2016_17.pdf,WL
19-Aug-16,W LANTAU,3,3.6,SUMMER,STANDARD31516,P,2016-08-19,2016,8,2016-17,2016,Final_Report_2016_17.pdf,WL
19-Aug-16,W LANTAU,2,9.14,SUMMER,STANDARD31516,S,2016-08-19,2016,8,2016-17,2016,Final_Report_2016_17.pdf,WL
19-Aug-16,W LANTAU,3,1.7,SUMMER,STANDARD31516,S,2016-08-19,2016,8,2016-17,2016,Final_Report_2016_17.pdf,WL
19-Aug-16,NW LANTAU,2,2.43,SUMMER,STANDARD31516,P,2016-08-19,2016,8,2016-17,2016,Final_Report_2016_17.pdf,NWL
19-Aug-16,NW LANTAU,3,23.55,SUMMER,STANDARD31516,P,2016-08-19,2016,8,2016-17,2016,Final_Report_2016_17.pdf,NWL
19-Aug-16,NW LANTAU,4,0.8,SUMMER,STANDARD31516,P,2016-08-19,2016,8,2016-17,2016,Final_Report_2016_17.pdf,NWL
19-Aug-16,NW LANTAU,2,2.2,SUMMER,STANDARD31516,S,2016-08-19,2016,8,2016-17,2016,Final_Report_2016_17.pdf,NWL
19-Aug-16,NW LANTAU,3,4.62,SUMMER,STANDARD31516,S,2016-08-19,2016,8,2016-17,2016,Final_Report_2016_17.pdf,NWL
19-Aug-16,NW LANTAU,4,0.6,SUMMER,STANDARD31516,S,2016-08-19,2016,8,2016-17,2016,Final_Report_2016_17.pdf,NWL
19-Aug-16,NE LANTAU,2,4.27,SUMMER,STANDARD31516,P,2016-08-19,2016,8,2016-17,2016,Final_Report_2016_17.pdf,NEL
19-Aug-16,NE LANTAU,3,6.98,SUMMER,STANDARD31516,P,2016-08-19,2016,8,2016-17,2016,Final_Report_2016_17.pdf,NEL
19-Aug-16,NE LANTAU,2,4.25,SUMMER,STANDARD31516,S,2016-08-19,2016,8,2016-17,2016,Final_Report_2016_17.pdf,NEL
22-Aug-16,W LANTAU,2,8.76,SUMMER,STANDARD36826,S,2016-08-22,2016,8,2016-17,2016,Final_Report_2016_17.pdf,WL
22-Aug-16,W LANTAU,3,1.21,SUMMER,STANDARD36826,S,2016-08-22,2016,8,2016-17,2016,Final_Report_2016_17.pdf,WL
23-Aug-16,PO TOI,1,35.81,SUMMER,STANDARD36826,P,2016-08-23,2016,8,2016-17,2016,Final_Report_2016_17.pdf,PT
23-Aug-16,PO TOI,2,23.8,SUMMER,STANDARD36826,P,2016-08-23,2016,8,2016-17,2016,Final_Report_2016_17.pdf,PT
23-Aug-16,PO TOI,1,2.69,SUMMER,STANDARD36826,S,2016-08-23,2016,8,2016-17,2016,Final_Report_2016_17.pdf,PT
23-Aug-16,PO TOI,2,3.7,SUMMER,STANDARD36826,S,2016-08-23,2016,8,2016-17,2016,Final_Report_2016_17.pdf,PT
23-Aug-16,NINEPINS,2,24.8,SUMMER,STANDARD36826,P,2016-08-23,2016,8,2016-17,2016,Final_Report_2016_17.pdf,NP
25-Aug-16,W LANTAU,2,8.48,SUMMER,STANDARD36826,S,2016-08-25,2016,8,2016-17,2016,Final_Report_2016_17.pdf,WL
25-Aug-16,W LANTAU,3,0.85,SUMMER,STANDARD36826,S,2016-08-25,2016,8,2016-17,2016,Final_Report_2016_17.pdf,WL
25-Aug-16,SW LANTAU,2,19.93,SUMMER,STANDARD36826,P,2016-08-25,2016,8,2016-17,2016,Final_Report_2016_17.pdf,SWL
25-Aug-16,SW LANTAU,2,10.27,SUMMER,STANDARD36826,S,2016-08-25,2016,8,2016-17,2016,Final_Report_2016_17.pdf,SWL
25-Aug-16,SW LANTAU,3,1.3,SUMMER,STANDARD36826,S,2016-08-25,2016,8,2016-17,2016,Final_Report_2016_17.pdf,SWL
25-Aug-16,SE LANTAU,2,13.55,SUMMER,STANDARD36826,P,2016-08-25,2016,8,2016-17,2016,Final_Report_2016_17.pdf,SEL
25-Aug-16,SE LANTAU,3,16.2,SUMMER,STANDARD36826,P,2016-08-25,2016,8,2016-17,2016,Final_Report_2016_17.pdf,SEL
25-Aug-16,SE LANTAU,2,4.35,SUMMER,STANDARD36826,S,2016-08-25,2016,8,2016-17,2016,Final_Report_2016_17.pdf,SEL
25-Aug-16,SE LANTAU,3,1.7,SUMMER,STANDARD36826,S,2016-08-25,2016,8,2016-17,2016,Final_Report_2016_17.pdf,SEL
29-Aug-16,NW LANTAU,2,34.77,SUMMER,STANDARD36826,P,2016-08-29,2016,8,2016-17,2016,Final_Report_2016_17.pdf,NWL
29-Aug-16,NW LANTAU,3,4.3,SUMMER,STANDARD36826,P,2016-08-29,2016,8,2016-17,2016,Final_Report_2016_17.pdf,NWL
29-Aug-16,NW LANTAU,2,8.33,SUMMER,STANDARD36826,S,2016-08-29,2016,8,2016-17,2016,Final_Report_2016_17.pdf,NWL
29-Aug-16,NW LANTAU,3,4.9,SUMMER,STANDARD36826,S,2016-08-29,2016,8,2016-17,2016,Final_Report_2016_17.pdf,NWL
29-Aug-16,NE LANTAU,2,27.66,SUMMER,STANDARD36826,P,2016-08-29,2016,8,2016-17,2016,Final_Report_2016_17.pdf,NEL
29-Aug-16,NE LANTAU,3,1.3,SUMMER,STANDARD36826,P,2016-08-29,2016,8,2016-17,2016,Final_Report_2016_17.pdf,NEL
29-Aug-16,NE LANTAU,1,2.3,SUMMER,STANDARD36826,S,2016-08-29,2016,8,2016-17,2016,Final_Report_2016_17.pdf,NEL
29-Aug-16,NE LANTAU,2,8.04,SUMMER,STANDARD36826,S,2016-08-29,2016,8,2016-17,2016,Final_Report_2016_17.pdf,NEL
31-Aug-16,NINEPINS,0,2.89,SUMMER,STANDARD36826,P,2016-08-31,2016,8,2016-17,2016,Final_Report_2016_17.pdf,NP
31-Aug-16,NINEPINS,1,28.99,SUMMER,STANDARD36826,P,2016-08-31,2016,8,2016-17,2016,Final_Report_2016_17.pdf,NP
31-Aug-16,NINEPINS,2,25.79,SUMMER,STANDARD36826,P,2016-08-31,2016,8,2016-17,2016,Final_Report_2016_17.pdf,NP
31-Aug-16,NINEPINS,1,2.31,SUMMER,STANDARD36826,S,2016-08-31,2016,8,2016-17,2016,Final_Report_2016_17.pdf,NP
31-Aug-16,NINEPINS,2,5.0,SUMMER,STANDARD36826,S,2016-08-31,2016,8,2016-17,2016,Final_Report_2016_17.pdf,NP
31-Aug-16,SAI KUNG,2,11.85,SUMMER,STANDARD36826,P,2016-08-31,2016,8,2016-17,2016,Final_Report_2016_17.pdf,SK
31-Aug-16,SAI KUNG,2,6.75,SUMMER,STANDARD36826,S,2016-08-31,2016,8,2016-17,2016,Final_Report_2016_17.pdf,SK
6-Sep-16,SE LANTAU,2,21.2,AUTUMN,STANDARD31516,P,2016-09-06,2016,9,2016-17,2016,Final_Report_2016_17.pdf,SEL
6-Sep-16,SE LANTAU,3,1.5,AUTUMN,STANDARD31516,P,2016-09-06,2016,9,2016-17,2016,Final_Report_2016_17.pdf,SEL
6-Sep-16,SE LANTAU,2,4.6,AUTUMN,STANDARD31516,S,2016-09-06,2016,9,2016-17,2016,Final_Report_2016_17.pdf,SEL
6-Sep-16,SW LANTAU,1,4.4,AUTUMN,STANDARD31516,P,2016-09-06,2016,9,2016-17,2016,Final_Report_2016_17.pdf,SWL
6-Sep-16,SW LANTAU,2,21.09,AUTUMN,STANDARD31516,P,2016-09-06,2016,9,2016-17,2016,Final_Report_2016_17.pdf,SWL
6-Sep-16,SW LANTAU,1,3.8,AUTUMN,STANDARD31516,S,2016-09-06,2016,9,2016-17,2016,Final_Report_2016_17.pdf,SWL
6-Sep-16,SW LANTAU,2,5.44,AUTUMN,STANDARD31516,S,2016-09-06,2016,9,2016-17,2016,Final_Report_2016_17.pdf,SWL
7-Sep-16,NE LANTAU,2,19.09,AUTUMN,STANDARD36826,P,2016-09-07,2016,9,2016-17,2016,Final_Report_2016_17.pdf,NEL
7-Sep-16,NE LANTAU,3,2.6,AUTUMN,STANDARD36826,P,2016-09-07,2016,9,2016-17,2016,Final_Report_2016_17.pdf,NEL
7-Sep-16,NE LANTAU,1,1.1,AUTUMN,STANDARD36826,S,2016-09-07,2016,9,2016-17,2016,Final_Report_2016_17.pdf,NEL
7-Sep-16,NE LANTAU,2,9.71,AUTUMN,STANDARD36826,S,2016-09-07,2016,9,2016-17,2016,Final_Report_2016_17.pdf,NEL
7-Sep-16,NW LANTAU,2,11.82,AUTUMN,STANDARD36826,P,2016-09-07,2016,9,2016-17,2016,Final_Report_2016_17.pdf,NWL
7-Sep-16,NW LANTAU,3,18.15,AUTUMN,STANDARD36826,P,2016-09-07,2016,9,2016-17,2016,Final_Report_2016_17.pdf,NWL
7-Sep-16,NW LANTAU,2,5.93,AUTUMN,STANDARD36826,S,2016-09-07,2016,9,2016-17,2016,Final_Report_2016_17.pdf,NWL
7-Sep-16,DEEP BAY,2,6.11,AUTUMN,STANDARD36826,P,2016-09-07,2016,9,2016-17,2016,Final_Report_2016_17.pdf,DB
7-Sep-16,DEEP BAY,3,6.17,AUTUMN,STANDARD36826,P,2016-09-07,2016,9,2016-17,2016,Final_Report_2016_17.pdf,DB
7-Sep-16,DEEP BAY,2,3.04,AUTUMN,STANDARD36826,S,2016-09-07,2016,9,2016-17,2016,Final_Report_2016_17.pdf,DB
7-Sep-16,DEEP BAY,3,4.68,AUTUMN,STANDARD36826,S,2016-09-07,2016,9,2016-17,2016,Final_Report_2016_17.pdf,DB
19-Sep-16,W LANTAU,3,8.71,AUTUMN,STANDARD36826,S,2016-09-19,2016,9,2016-17,2016,Final_Report_2016_17.pdf,WL
19-Sep-16,W LANTAU,4,1.69,AUTUMN,STANDARD36826,S,2016-09-19,2016,9,2016-17,2016,Final_Report_2016_17.pdf,WL
20-Sep-16,W LANTAU,2,6.85,AUTUMN,STANDARD31516,S,2016-09-20,2016,9,2016-17,2016,Final_Report_2016_17.pdf,WL
20-Sep-16,W LANTAU,3,2.97,AUTUMN,STANDARD31516,S,2016-09-20,2016,9,2016-17,2016,Final_Report_2016_17.pdf,WL
20-Sep-16,NE LANTAU,1,1.5,AUTUMN,STANDARD31516,P,2016-09-20,2016,9,2016-17,2016,Final_Report_2016_17.pdf,NEL
20-Sep-16,NE LANTAU,2,13.71,AUTUMN,STANDARD31516,P,2016-09-20,2016,9,2016-17,2016,Final_Report_2016_17.pdf,NEL
20-Sep-16,NE LANTAU,1,1.7,AUTUMN,STANDARD31516,S,2016-09-20,2016,9,2016-17,2016,Final_Report_2016_17.pdf,NEL
20-Sep-16,NE LANTAU,2,8.79,AUTUMN,STANDARD31516,S,2016-09-20,2016,9,2016-17,2016,Final_Report_2016_17.pdf,NEL
22-Sep-16,SE LANTAU,2,8.01,AUTUMN,STANDARD31516,P,2016-09-22,2016,9,2016-17,2016,Final_Report_2016_17.pdf,SEL
22-Sep-16,SE LANTAU,3,11.24,AUTUMN,STANDARD31516,P,2016-09-22,2016,9,2016-17,2016,Final_Report_2016_17.pdf,SEL
22-Sep-16,SE LANTAU,2,4.6,AUTUMN,STANDARD31516,S,2016-09-22,2016,9,2016-17,2016,Final_Report_2016_17.pdf,SEL
22-Sep-16,SE LANTAU,3,2.05,AUTUMN,STANDARD31516,S,2016-09-22,2016,9,2016-17,2016,Final_Report_2016_17.pdf,SEL
22-Sep-16,SW LANTAU,2,0.31,AUTUMN,STANDARD31516,P,2016-09-22,2016,9,2016-17,2016,Final_Report_2016_17.pdf,SWL
22-Sep-16,SW LANTAU,3,16.68,AUTUMN,STANDARD31516,P,2016-09-22,2016,9,2016-17,2016,Final_Report_2016_17.pdf,SWL
22-Sep-16,SW LANTAU,4,2.4,AUTUMN,STANDARD31516,P,2016-09-22,2016,9,2016-17,2016,Final_Report_2016_17.pdf,SWL
22-Sep-16,SW LANTAU,2,4.51,AUTUMN,STANDARD31516,S,2016-09-22,2016,9,2016-17,2016,Final_Report_2016_17.pdf,SWL
22-Sep-16,SW LANTAU,3,7.9,AUTUMN,STANDARD31516,S,2016-09-22,2016,9,2016-17,2016,Final_Report_2016_17.pdf,SWL
26-Sep-16,W LANTAU,1,2.12,AUTUMN,STANDARD36826,S,2016-09-26,2016,9,2016-17,2016,Final_Report_2016_17.pdf,WL
26-Sep-16,W LANTAU,2,8.34,AUTUMN,STANDARD36826,S,2016-09-26,2016,9,2016-17,2016,Final_Report_2016_17.pdf,WL
26-Sep-16,SW LANTAU,2,24.62,AUTUMN,STANDARD36826,P,2016-09-26,2016,9,2016-17,2016,Final_Report_2016_17.pdf,SWL
26-Sep-16,SW LANTAU,3,5.5,AUTUMN,STANDARD36826,P,2016-09-26,2016,9,2016-17,2016,Final_Report_2016_17.pdf,SWL
26-Sep-16,SW LANTAU,2,9.78,AUTUMN,STANDARD36826,S,2016-09-26,2016,9,2016-17,2016,Final_Report_2016_17.pdf,SWL
27-Sep-16,NW LANTAU,2,8.68,AUTUMN,STANDARD36826,P,2016-09-27,2016,9,2016-17,2016,Final_Report_2016_17.pdf,NWL
27-Sep-16,NW LANTAU,3,17.69,AUTUMN,STANDARD36826,P,2016-09-27,2016,9,2016-17,2016,Final_Report_2016_17.pdf,NWL
27-Sep-16,NW LANTAU,2,2.43,AUTUMN,STANDARD36826,S,2016-09-27,2016,9,2016-17,2016,Final_Report_2016_17.pdf,NWL
27-Sep-16,NW LANTAU,3,4.2,AUTUMN,STANDARD36826,S,2016-09-27,2016,9,2016-17,2016,Final_Report_2016_17.pdf,NWL
27-Sep-16,DEEP BAY,2,2.05,AUTUMN,STANDARD36826,P,2016-09-27,2016,9,2016-17,2016,Final_Report_2016_17.pdf,DB
27-Sep-16,DEEP BAY,3,10.45,AUTUMN,STANDARD36826,P,2016-09-27,2016,9,2016-17,2016,Final_Report_2016_17.pdf,DB
27-Sep-16,DEEP BAY,2,1.9,AUTUMN,STANDARD36826,S,2016-09-27,2016,9,2016-17,2016,Final_Report_2016_17.pdf,DB
27-Sep-16,DEEP BAY,3,4.3,AUTUMN,STANDARD36826,S,2016-09-27,2016,9,2016-17,2016,Final_Report_2016_17.pdf,DB
27-Sep-16,NE LANTAU,2,11.24,AUTUMN,STANDARD36826,P,2016-09-27,2016,9,2016-17,2016,Final_Report_2016_17.pdf,NEL
27-Sep-16,NE LANTAU,3,11.67,AUTUMN,STANDARD36826,P,2016-09-27,2016,9,2016-17,2016,Final_Report_2016_17.pdf,NEL
27-Sep-16,NE LANTAU,2,7.99,AUTUMN,STANDARD36826,S,2016-09-27,2016,9,2016-17,2016,Final_Report_2016_17.pdf,NEL
27-Sep-16,NE LANTAU,3,3.2,AUTUMN,STANDARD36826,S,2016-09-27,2016,9,2016-17,2016,Final_Report_2016_17.pdf,NEL
30-Sep-16,PO TOI,1,7.32,AUTUMN,STANDARD36826,P,2016-09-30,2016,9,2016-17,2016,Final_Report_2016_17.pdf,PT
30-Sep-16,PO TOI,2,35.02,AUTUMN,STANDARD36826,P,2016-09-30,2016,9,2016-17,2016,Final_Report_2016_17.pdf,PT
30-Sep-16,PO TOI,3,8.67,AUTUMN,STANDARD36826,P,2016-09-30,2016,9,2016-17,2016,Final_Report_2016_17.pdf,PT
30-Sep-16,PO TOI,1,1.46,AUTUMN,STANDARD36826,S,2016-09-30,2016,9,2016-17,2016,Final_Report_2016_17.pdf,PT
30-Sep-16,PO TOI,2,0.5,AUTUMN,STANDARD36826,S,2016-09-30,2016,9,2016-17,2016,Final_Report_2016_17.pdf,PT
30-Sep-16,PO TOI,3,1.3,AUTUMN,STANDARD36826,S,2016-09-30,2016,9,2016-17,2016,Final_Report_2016_17.pdf,PT
30-Sep-16,NINEPINS,1,8.4,AUTUMN,STANDARD36826,P,2016-09-30,2016,9,2016-17,2016,Final_Report_2016_17.pdf,NP
30-Sep-16,NINEPINS,2,21.75,AUTUMN,STANDARD36826,P,2016-09-30,2016,9,2016-17,2016,Final_Report_2016_17.pdf,NP
30-Sep-16,NINEPINS,2,2.0,AUTUMN,STANDARD36826,S,2016-09-30,2016,9,2016-17,2016,Final_Report_2016_17.pdf,NP
6-Oct-16,SE LANTAU,1,1.27,AUTUMN,STANDARD31516,P,2016-10-06,2016,10,2016-17,2016,Final_Report_2016_17.pdf,SEL
6-Oct-16,SE LANTAU,2,26.67,AUTUMN,STANDARD31516,P,2016-10-06,2016,10,2016-17,2016,Final_Report_2016_17.pdf,SEL
6-Oct-16,SE LANTAU,2,9.27,AUTUMN,STANDARD31516,S,2016-10-06,2016,10,2016-17,2016,Final_Report_2016_17.pdf,SEL
6-Oct-16,SW LANTAU,2,11.11,AUTUMN,STANDARD31516,P,2016-10-06,2016,10,2016-17,2016,Final_Report_2016_17.pdf,SWL
6-Oct-16,SW LANTAU,3,2.74,AUTUMN,STANDARD31516,S,2016-10-06,2016,10,2016-17,2016,Final_Report_2016_17.pdf,SWL
6-Oct-16,SW LANTAU,2,2.9,AUTUMN,STANDARD31516,P,2016-10-06,2016,10,2016-17,2016,Final_Report_2016_17.pdf,SWL
6-Oct-16,SW LANTAU,3,6.55,AUTUMN,STANDARD31516,S,2016-10-06,2016,10,2016-17,2016,Final_Report_2016_17.pdf,SWL
14-Oct-16,W LANTAU,2,9.18,AUTUMN,STANDARD36826,S,2016-10-14,2016,10,2016-17,2016,Final_Report_2016_17.pdf,WL
14-Oct-16,NW LANTAU,2,20.31,AUTUMN,STANDARD36826,P,2016-10-14,2016,10,2016-17,2016,Final_Report_2016_17.pdf,NWL
14-Oct-16,NW LANTAU,3,4.58,AUTUMN,STANDARD36826,P,2016-10-14,2016,10,2016-17,2016,Final_Report_2016_17.pdf,NWL
14-Oct-16,NW LANTAU,2,9.01,AUTUMN,STANDARD36826,S,2016-10-14,2016,10,2016-17,2016,Final_Report_2016_17.pdf,NWL
20-Oct-16,SW LANTAU,2,7.56,AUTUMN,STANDARD31516,P,2016-10-20,2016,10,2016-17,2016,Final_Report_2016_17.pdf,SWL
20-Oct-16,SW LANTAU,3,5.43,AUTUMN,STANDARD31516,P,2016-10-20,2016,10,2016-17,2016,Final_Report_2016_17.pdf,SWL
20-Oct-16,SW LANTAU,2,2.48,AUTUMN,STANDARD31516,S,2016-10-20,2016,10,2016-17,2016,Final_Report_2016_17.pdf,SWL
20-Oct-16,SW LANTAU,3,2.03,AUTUMN,STANDARD31516,S,2016-10-20,2016,10,2016-17,2016,Final_Report_2016_17.pdf,SWL
24-Oct-16,W LANTAU,2,7.84,AUTUMN,STANDARD36826,S,2016-10-24,2016,10,2016-17,2016,Final_Report_2016_17.pdf,WL
24-Oct-16,W LANTAU,3,1.71,AUTUMN,STANDARD36826,S,2016-10-24,2016,10,2016-17,2016,Final_Report_2016_17.pdf,WL
25-Oct-16,NW LANTAU,2,10.55,AUTUMN,STANDARD31516,P,2016-10-25,2016,10,2016-17,2016,Final_Report_2016_17.pdf,NWL
25-Oct-16,NW LANTAU,3,15.41,AUTUMN,STANDARD31516,P,2016-10-25,2016,10,2016-17,2016,Final_Report_2016_17.pdf,NWL
25-Oct-16,NW LANTAU,4,2.4,AUTUMN,STANDARD31516,P,2016-10-25,2016,10,2016-17,2016,Final_Report_2016_17.pdf,NWL
25-Oct-16,NW LANTAU,2,1.9,AUTUMN,STANDARD31516,S,2016-10-25,2016,10,2016-17,2016,Final_Report_2016_17.pdf,NWL
25-Oct-16,NW LANTAU,3,3.24,AUTUMN,STANDARD31516,S,2016-10-25,2016,10,2016-17,2016,Final_Report_2016_17.pdf,NWL
25-Oct-16,NW LANTAU,4,0.2,AUTUMN,STANDARD31516,S,2016-10-25,2016,10,2016-17,2016,Final_Report_2016_17.pdf,NWL
25-Oct-16,W LANTAU,1,2.26,AUTUMN,STANDARD31516,P,2016-10-25,2016,10,2016-17,2016,Final_Report_2016_17.pdf,WL
25-Oct-16,W LANTAU,2,4.76,AUTUMN,STANDARD31516,P,2016-10-25,2016,10,2016-17,2016,Final_Report_2016_17.pdf,WL
25-Oct-16,W LANTAU,3,7.31,AUTUMN,STANDARD31516,P,2016-10-25,2016,10,2016-17,2016,Final_Report_2016_17.pdf,WL
25-Oct-16,W LANTAU,4,5.12,AUTUMN,STANDARD31516,P,2016-10-25,2016,10,2016-17,2016,Final_Report_2016_17.pdf,WL
25-Oct-16,W LANTAU,5,1.21,AUTUMN,STANDARD31516,P,2016-10-25,2016,10,2016-17,2016,Final_Report_2016_17.pdf,WL
25-Oct-16,W LANTAU,2,2.18,AUTUMN,STANDARD31516,S,2016-10-25,2016,10,2016-17,2016,Final_Report_2016_17.pdf,WL
25-Oct-16,W LANTAU,3,11.24,AUTUMN,STANDARD31516,S,2016-10-25,2016,10,2016-17,2016,Final_Report_2016_17.pdf,WL
25-Oct-16,W LANTAU,4,5.28,AUTUMN,STANDARD31516,S,2016-10-25,2016,10,2016-17,2016,Final_Report_2016_17.pdf,WL
25-Oct-16,W LANTAU,5,1.02,AUTUMN,STANDARD31516,S,2016-10-25,2016,10,2016-17,2016,Final_Report_2016_17.pdf,WL
26-Oct-16,W LANTAU,2,7.91,AUTUMN,STANDARD36826,S,2016-10-26,2016,10,2016-17,2016,Final_Report_2016_17.pdf,WL
26-Oct-16,W LANTAU,3,1.88,AUTUMN,STANDARD36826,S,2016-10-26,2016,10,2016-17,2016,Final_Report_2016_17.pdf,WL
26-Oct-16,SW LANTAU,2,5.72,AUTUMN,STANDARD36826,P,2016-10-26,2016,10,2016-17,2016,Final_Report_2016_17.pdf,SWL
26-Oct-16,SW LANTAU,3,13.65,AUTUMN,STANDARD36826,P,2016-10-26,2016,10,2016-17,2016,Final_Report_2016_17.pdf,SWL
26-Oct-16,SW LANTAU,2,4.5,AUTUMN,STANDARD36826,S,2016-10-26,2016,10,2016-17,2016,Final_Report_2016_17.pdf,SWL
26-Oct-16,SW LANTAU,3,4.93,AUTUMN,STANDARD36826,S,2016-10-26,2016,10,2016-17,2016,Final_Report_2016_17.pdf,SWL
26-Oct-16,SE LANTAU,2,3.2,AUTUMN,STANDARD36826,P,2016-10-26,2016,10,2016-17,2016,Final_Report_2016_17.pdf,SEL
26-Oct-16,SE LANTAU,3,17.29,AUTUMN,STANDARD36826,P,2016-10-26,2016,10,2016-17,2016,Final_Report_2016_17.pdf,SEL
26-Oct-16,SE LANTAU,4,2.48,AUTUMN,STANDARD36826,P,2016-10-26,2016,10,2016-17,2016,Final_Report_2016_17.pdf,SEL
26-Oct-16,SE LANTAU,2,4.9,AUTUMN,STANDARD36826,S,2016-10-26,2016,10,2016-17,2016,Final_Report_2016_17.pdf,SEL
26-Oct-16,SE LANTAU,3,0.83,AUTUMN,STANDARD36826,S,2016-10-26,2016,10,2016-17,2016,Final_Report_2016_17.pdf,SEL
26-Oct-16,SE LANTAU,4,4.5,AUTUMN,STANDARD36826,S,2016-10-26,2016,10,2016-17,2016,Final_Report_2016_17.pdf,SEL
27-Oct-16,PO TOI,2,64.71,AUTUMN,STANDARD31516,P,2016-10-27,2016,10,2016-17,2016,Final_Report_2016_17.pdf,PT
27-Oct-16,PO TOI,3,4.49,AUTUMN,STANDARD31516,P,2016-10-27,2016,10,2016-17,2016,Final_Report_2016_17.pdf,PT
27-Oct-16,PO TOI,2,13.2,AUTUMN,STANDARD31516,S,2016-10-27,2016,10,2016-17,2016,Final_Report_2016_17.pdf,PT
27-Oct-16,PO TOI,3,2.6,AUTUMN,STANDARD31516,S,2016-10-27,2016,10,2016-17,2016,Final_Report_2016_17.pdf,PT
31-Oct-16,NW LANTAU,2,22.96,AUTUMN,STANDARD36826,P,2016-10-31,2016,10,2016-17,2016,Final_Report_2016_17.pdf,NWL
31-Oct-16,NW LANTAU,3,17.25,AUTUMN,STANDARD36826,P,2016-10-31,2016,10,2016-17,2016,Final_Report_2016_17.pdf,NWL
31-Oct-16,NW LANTAU,2,8.42,AUTUMN,STANDARD36826,S,2016-10-31,2016,10,2016-17,2016,Final_Report_2016_17.pdf,NWL
31-Oct-16,NW LANTAU,3,2.0,AUTUMN,STANDARD36826,S,2016-10-31,2016,10,2016-17,2016,Final_Report_2016_17.pdf,NWL
31-Oct-16,DEEP BAY,2,12.93,AUTUMN,STANDARD36826,P,2016-10-31,2016,10,2016-17,2016,Final_Report_2016_17.pdf,DB
31-Oct-16,DEEP BAY,2,7.37,AUTUMN,STANDARD36826,S,2016-10-31,2016,10,2016-17,2016,Final_Report_2016_17.pdf,DB
31-Oct-16,NE LANTAU,1,0.39,AUTUMN,STANDARD36826,P,2016-10-31,2016,10,2016-17,2016,Final_Report_2016_17.pdf,NEL
31-Oct-16,NE LANTAU,2,9.43,AUTUMN,STANDARD36826,P,2016-10-31,2016,10,2016-17,2016,Final_Report_2016_17.pdf,NEL
31-Oct-16,NE LANTAU,2,10.18,AUTUMN,STANDARD36826,S,2016-10-31,2016,10,2016-17,2016,Final_Report_2016_17.pdf,NEL
4-Nov-16,SW LANTAU,2,15.73,AUTUMN,STANDARD36826,P,2016-11-04,2016,11,2016-17,2016,Final_Report_2016_17.pdf,SWL
4-Nov-16,SW LANTAU,3,7.23,AUTUMN,STANDARD36826,P,2016-11-04,2016,11,2016-17,2016,Final_Report_2016_17.pdf,SWL
4-Nov-16,SW LANTAU,2,6.8,AUTUMN,STANDARD36826,S,2016-11-04,2016,11,2016-17,2016,Final_Report_2016_17.pdf,SWL
4-Nov-16,SW LANTAU,3,2.24,AUTUMN,STANDARD36826,S,2016-11-04,2016,11,2016-17,2016,Final_Report_2016_17.pdf,SWL
9-Nov-16,W LANTAU,2,1.9,AUTUMN,STANDARD36826,P,2016-11-09,2016,11,2016-17,2016,Final_Report_2016_17.pdf,WL
9-Nov-16,W LANTAU,3,7.62,AUTUMN,STANDARD36826,P,2016-11-09,2016,11,2016-17,2016,Final_Report_2016_17.pdf,WL
9-Nov-16,W LANTAU,2,5.06,AUTUMN,STANDARD36826,S,2016-11-09,2016,11,2016-17,2016,Final_Report_2016_17.pdf,WL
9-Nov-16,W LANTAU,3,2.29,AUTUMN,STANDARD36826,S,2016-11-09,2016,11,2016-17,2016,Final_Report_2016_17.pdf,WL
9-Nov-16,SW LANTAU,2,21.88,AUTUMN,STANDARD36826,P,2016-11-09,2016,11,2016-17,2016,Final_Report_2016_17.pdf,SWL
9-Nov-16,SW LANTAU,3,8.76,AUTUMN,STANDARD36826,P,2016-11-09,2016,11,2016-17,2016,Final_Report_2016_17.pdf,SWL
9-Nov-16,SW LANTAU,2,14.56,AUTUMN,STANDARD36826,S,2016-11-09,2016,11,2016-17,2016,Final_Report_2016_17.pdf,SWL
10-Nov-16,NW LANTAU,2,8.31,AUTUMN,STANDARD36826,P,2016-11-10,2016,11,2016-17,2016,Final_Report_2016_17.pdf,NWL
10-Nov-16,NW LANTAU,3,14.07,AUTUMN,STANDARD36826,P,2016-11-10,2016,11,2016-17,2016,Final_Report_2016_17.pdf,NWL
10-Nov-16,NW LANTAU,2,3.65,AUTUMN,STANDARD36826,S,2016-11-10,2016,11,2016-17,2016,Final_Report_2016_17.pdf,NWL
10-Nov-16,NW LANTAU,3,2.27,AUTUMN,STANDARD36826,S,2016-11-10,2016,11,2016-17,2016,Final_Report_2016_17.pdf,NWL
10-Nov-16,DEEP BAY,2,7.39,AUTUMN,STANDARD36826,P,2016-11-10,2016,11,2016-17,2016,Final_Report_2016_17.pdf,DB
10-Nov-16,DEEP BAY,3,4.43,AUTUMN,STANDARD36826,P,2016-11-10,2016,11,2016-17,2016,Final_Report_2016_17.pdf,DB
10-Nov-16,DEEP BAY,2,6.89,AUTUMN,STANDARD36826,S,2016-11-10,2016,11,2016-17,2016,Final_Report_2016_17.pdf,DB
10-Nov-16,DEEP BAY,3,3.49,AUTUMN,STANDARD36826,S,2016-11-10,2016,11,2016-17,2016,Final_Report_2016_17.pdf,DB
10-Nov-16,NE LANTAU,2,24.3,AUTUMN,STANDARD36826,P,2016-11-10,2016,11,2016-17,2016,Final_Report_2016_17.pdf,NEL
10-Nov-16,NE LANTAU,2,13.6,AUTUMN,STANDARD36826,S,2016-11-10,2016,11,2016-17,2016,Final_Report_2016_17.pdf,NEL
11-Nov-16,SW LANTAU,2,7.92,AUTUMN,STANDARD36826,S,2016-11-11,2016,11,2016-17,2016,Final_Report_2016_17.pdf,SWL
11-Nov-16,SW LANTAU,3,1.42,AUTUMN,STANDARD36826,S,2016-11-11,2016,11,2016-17,2016,Final_Report_2016_17.pdf,SWL
15-Nov-16,PO TOI,1,3.0,AUTUMN,STANDARD36826,P,2016-11-15,2016,11,2016-17,2016,Final_Report_2016_17.pdf,PT
15-Nov-16,PO TOI,2,44.39,AUTUMN,STANDARD36826,P,2016-11-15,2016,11,2016-17,2016,Final_Report_2016_17.pdf,PT
15-Nov-16,PO TOI,3,5.8,AUTUMN,STANDARD36826,P,2016-11-15,2016,11,2016-17,2016,Final_Report_2016_17.pdf,PT
15-Nov-16,PO TOI,2,7.31,AUTUMN,STANDARD36826,S,2016-11-15,2016,11,2016-17,2016,Final_Report_2016_17.pdf,PT
15-Nov-16,NINEPINS,3,19.5,AUTUMN,STANDARD36826,P,2016-11-15,2016,11,2016-17,2016,Final_Report_2016_17.pdf,NP
21-Nov-16,SE LANTAU,2,6.83,AUTUMN,STANDARD36826,P,2016-11-21,2016,11,2016-17,2016,Final_Report_2016_17.pdf,SEL
21-Nov-16,SE LANTAU,3,22.53,AUTUMN,STANDARD36826,P,2016-11-21,2016,11,2016-17,2016,Final_Report_2016_17.pdf,SEL
21-Nov-16,SE LANTAU,4,6.01,AUTUMN,STANDARD36826,P,2016-11-21,2016,11,2016-17,2016,Final_Report_2016_17.pdf,SEL
21-Nov-16,SE LANTAU,2,1.2,AUTUMN,STANDARD36826,S,2016-11-21,2016,11,2016-17,2016,Final_Report_2016_17.pdf,SEL
21-Nov-16,SE LANTAU,3,6.47,AUTUMN,STANDARD36826,S,2016-11-21,2016,11,2016-17,2016,Final_Report_2016_17.pdf,SEL
21-Nov-16,SE LANTAU,4,4.96,AUTUMN,STANDARD36826,S,2016-11-21,2016,11,2016-17,2016,Final_Report_2016_17.pdf,SEL
21-Nov-16,SW LANTAU,2,4.96,AUTUMN,STANDARD36826,P,2016-11-21,2016,11,2016-17,2016,Final_Report_2016_17.pdf,SWL
21-Nov-16,SW LANTAU,3,6.99,AUTUMN,STANDARD36826,P,2016-11-21,2016,11,2016-17,2016,Final_Report_2016_17.pdf,SWL
21-Nov-16,SW LANTAU,4,8.23,AUTUMN,STANDARD36826,P,2016-11-21,2016,11,2016-17,2016,Final_Report_2016_17.pdf,SWL
21-Nov-16,SW LANTAU,2,1.0,AUTUMN,STANDARD36826,S,2016-11-21,2016,11,2016-17,2016,Final_Report_2016_17.pdf,SWL
21-Nov-16,SW LANTAU,3,1.29,AUTUMN,STANDARD36826,S,2016-11-21,2016,11,2016-17,2016,Final_Report_2016_17.pdf,SWL
21-Nov-16,SW LANTAU,4,3.13,AUTUMN,STANDARD36826,S,2016-11-21,2016,11,2016-17,2016,Final_Report_2016_17.pdf,SWL
25-Nov-16,W LANTAU,2,0.36,AUTUMN,STANDARD36826,P,2016-11-25,2016,11,2016-17,2016,Final_Report_2016_17.pdf,WL
25-Nov-16,W LANTAU,3,7.69,AUTUMN,STANDARD36826,P,2016-11-25,2016,11,2016-17,2016,Final_Report_2016_17.pdf,WL
25-Nov-16,W LANTAU,4,2.01,AUTUMN,STANDARD36826,P,2016-11-25,2016,11,2016-17,2016,Final_Report_2016_17.pdf,WL
25-Nov-16,W LANTAU,2,1.63,AUTUMN,STANDARD36826,S,2016-11-25,2016,11,2016-17,2016,Final_Report_2016_17.pdf,WL
25-Nov-16,W LANTAU,3,7.71,AUTUMN,STANDARD36826,S,2016-11-25,2016,11,2016-17,2016,Final_Report_2016_17.pdf,WL
25-Nov-16,SW LANTAU,2,4.22,AUTUMN,STANDARD36826,S,2016-11-25,2016,11,2016-17,2016,Final_Report_2016_17.pdf,SWL
25-Nov-16,SW LANTAU,3,2.69,AUTUMN,STANDARD36826,S,2016-11-25,2016,11,2016-17,2016,Final_Report_2016_17.pdf,SWL
25-Nov-16,SE LANTAU,2,28.75,AUTUMN,STANDARD36826,P,2016-11-25,2016,11,2016-17,2016,Final_Report_2016_17.pdf,SEL
25-Nov-16,SE LANTAU,3,1.3,AUTUMN,STANDARD36826,P,2016-11-25,2016,11,2016-17,2016,Final_Report_2016_17.pdf,SEL
25-Nov-16,SE LANTAU,2,10.31,AUTUMN,STANDARD36826,S,2016-11-25,2016,11,2016-17,2016,Final_Report_2016_17.pdf,SEL
28-Nov-16,NE LANTAU,2,4.08,AUTUMN,STANDARD31516,P,2016-11-28,2016,11,2016-17,2016,Final_Report_2016_17.pdf,NEL
28-Nov-16,NE LANTAU,3,12.74,AUTUMN,STANDARD31516,P,2016-11-28,2016,11,2016-17,2016,Final_Report_2016_17.pdf,NEL
28-Nov-16,NE LANTAU,2,5.17,AUTUMN,STANDARD31516,S,2016-11-28,2016,11,2016-17,2016,Final_Report_2016_17.pdf,NEL
28-Nov-16,NE LANTAU,3,4.71,AUTUMN,STANDARD31516,S,2016-11-28,2016,11,2016-17,2016,Final_Report_2016_17.pdf,NEL
28-Nov-16,NW LANTAU,2,3.89,AUTUMN,STANDARD31516,P,2016-11-28,2016,11,2016-17,2016,Final_Report_2016_17.pdf,NWL
28-Nov-16,NW LANTAU,3,23.19,AUTUMN,STANDARD31516,P,2016-11-28,2016,11,2016-17,2016,Final_Report_2016_17.pdf,NWL
28-Nov-16,NW LANTAU,4,2.4,AUTUMN,STANDARD31516,P,2016-11-28,2016,11,2016-17,2016,Final_Report_2016_17.pdf,NWL
28-Nov-16,NW LANTAU,3,9.85,AUTUMN,STANDARD31516,S,2016-11-28,2016,11,2016-17,2016,Final_Report_2016_17.pdf,NWL
28-Nov-16,NW LANTAU,4,0.6,AUTUMN,STANDARD31516,S,2016-11-28,2016,11,2016-17,2016,Final_Report_2016_17.pdf,NWL
28-Nov-16,DEEP BAY,2,7.09,AUTUMN,STANDARD31516,P,2016-11-28,2016,11,2016-17,2016,Final_Report_2016_17.pdf,DB
28-Nov-16,DEEP BAY,3,5.27,AUTUMN,STANDARD31516,P,2016-11-28,2016,11,2016-17,2016,Final_Report_2016_17.pdf,DB
28-Nov-16,DEEP BAY,2,4.44,AUTUMN,STANDARD31516,S,2016-11-28,2016,11,2016-17,2016,Final_Report_2016_17.pdf,DB
28-Nov-16,DEEP BAY,3,3.5,AUTUMN,STANDARD31516,S,2016-11-28,2016,11,2016-17,2016,Final_Report_2016_17.pdf,DB
29-Nov-16,SE LANTAU,2,30.41,AUTUMN,STANDARD36826,P,2016-11-29,2016,11,2016-17,2016,Final_Report_2016_17.pdf,SEL
29-Nov-16,SE LANTAU,3,25.72,AUTUMN,STANDARD36826,P,2016-11-29,2016,11,2016-17,2016,Final_Report_2016_17.pdf,SEL
29-Nov-16,SE LANTAU,4,1.97,AUTUMN,STANDARD36826,P,2016-11-29,2016,11,2016-17,2016,Final_Report_2016_17.pdf,SEL
29-Nov-16,SE LANTAU,2,15.46,AUTUMN,STANDARD36826,S,2016-11-29,2016,11,2016-17,2016,Final_Report_2016_17.pdf,SEL
29-Nov-16,SE LANTAU,3,2.69,AUTUMN,STANDARD36826,S,2016-11-29,2016,11,2016-17,2016,Final_Report_2016_17.pdf,SEL
29-Nov-16,SE LANTAU,4,1.02,AUTUMN,STANDARD36826,S,2016-11-29,2016,11,2016-17,2016,Final_Report_2016_17.pdf,SEL
2-Dec-16,SW LANTAU,2,11.38,WINTER,STANDARD36826,P,2016-12-02,2016,12,2016-17,2016,Final_Report_2016_17.pdf,SWL
2-Dec-16,SW LANTAU,3,3.48,WINTER,STANDARD36826,P,2016-12-02,2016,12,2016-17,2016,Final_Report_2016_17.pdf,SWL
2-Dec-16,SW LANTAU,2,4.61,WINTER,STANDARD36826,S,2016-12-02,2016,12,2016-17,2016,Final_Report_2016_17.pdf,SWL
2-Dec-16,SW LANTAU,3,2.2,WINTER,STANDARD36826,S,2016-12-02,2016,12,2016-17,2016,Final_Report_2016_17.pdf,SWL
5-Dec-16,LAMMA,1,5.37,WINTER,STANDARD36826,P,2016-12-05,2016,12,2016-17,2016,Final_Report_2016_17.pdf,LM
5-Dec-16,LAMMA,2,32.61,WINTER,STANDARD36826,P,2016-12-05,2016,12,2016-17,2016,Final_Report_2016_17.pdf,LM
5-Dec-16,LAMMA,3,36.1,WINTER,STANDARD36826,P,2016-12-05,2016,12,2016-17,2016,Final_Report_2016_17.pdf,LM
5-Dec-16,LAMMA,1,1.68,WINTER,STANDARD36826,S,2016-12-05,2016,12,2016-17,2016,Final_Report_2016_17.pdf,LM
5-Dec-16,LAMMA,2,12.24,WINTER,STANDARD36826,S,2016-12-05,2016,12,2016-17,2016,Final_Report_2016_17.pdf,LM
5-Dec-16,LAMMA,3,4.2,WINTER,STANDARD36826,S,2016-12-05,2016,12,2016-17,2016,Final_Report_2016_17.pdf,LM
7-Dec-16,W LANTAU,3,7.2,WINTER,STANDARD36826,P,2016-12-07,2016,12,2016-17,2016,Final_Report_2016_17.pdf,WL
7-Dec-16,W LANTAU,4,1.69,WINTER,STANDARD36826,P,2016-12-07,2016,12,2016-17,2016,Final_Report_2016_17.pdf,WL
7-Dec-16,W LANTAU,2,1.57,WINTER,STANDARD36826,S,2016-12-07,2016,12,2016-17,2016,Final_Report_2016_17.pdf,WL
7-Dec-16,W LANTAU,3,9.41,WINTER,STANDARD36826,S,2016-12-07,2016,12,2016-17,2016,Final_Report_2016_17.pdf,WL
7-Dec-16,SW LANTAU,2,24.77,WINTER,STANDARD36826,P,2016-12-07,2016,12,2016-17,2016,Final_Report_2016_17.pdf,SWL
7-Dec-16,SW LANTAU,3,2.54,WINTER,STANDARD36826,P,2016-12-07,2016,12,2016-17,2016,Final_Report_2016_17.pdf,SWL
7-Dec-16,SW LANTAU,2,8.03,WINTER,STANDARD36826,S,2016-12-07,2016,12,2016-17,2016,Final_Report_2016_17.pdf,SWL
8-Dec-16,LAMMA,1,0.6,WINTER,STANDARD31516,P,2016-12-08,2016,12,2016-17,2016,Final_Report_2016_17.pdf,LM
8-Dec-16,LAMMA,2,17.21,WINTER,STANDARD31516,P,2016-12-08,2016,12,2016-17,2016,Final_Report_2016_17.pdf,LM
8-Dec-16,LAMMA,3,19.34,WINTER,STANDARD31516,P,2016-12-08,2016,12,2016-17,2016,Final_Report_2016_17.pdf,LM
8-Dec-16,LAMMA,1,0.3,WINTER,STANDARD31516,S,2016-12-08,2016,12,2016-17,2016,Final_Report_2016_17.pdf,LM
8-Dec-16,LAMMA,2,5.12,WINTER,STANDARD31516,S,2016-12-08,2016,12,2016-17,2016,Final_Report_2016_17.pdf,LM
8-Dec-16,LAMMA,3,4.63,WINTER,STANDARD31516,S,2016-12-08,2016,12,2016-17,2016,Final_Report_2016_17.pdf,LM
8-Dec-16,SE LANTAU,2,18.84,WINTER,STANDARD31516,P,2016-12-08,2016,12,2016-17,2016,Final_Report_2016_17.pdf,SEL
8-Dec-16,SE LANTAU,3,1.66,WINTER,STANDARD31516,P,2016-12-08,2016,12,2016-17,2016,Final_Report_2016_17.pdf,SEL
8-Dec-16,SE LANTAU,2,6.26,WINTER,STANDARD31516,S,2016-12-08,2016,12,2016-17,2016,Final_Report_2016_17.pdf,SEL
8-Dec-16,SE LANTAU,3,0.4,WINTER,STANDARD31516,S,2016-12-08,2016,12,2016-17,2016,Final_Report_2016_17.pdf,SEL
12-Dec-16,SW LANTAU,3,8.58,WINTER,STANDARD36826,S,2016-12-12,2016,12,2016-17,2016,Final_Report_2016_17.pdf,SWL
12-Dec-16,SW LANTAU,4,1.04,WINTER,STANDARD36826,S,2016-12-12,2016,12,2016-17,2016,Final_Report_2016_17.pdf,SWL
12-Dec-16,SE LANTAU,3,13.16,WINTER,STANDARD36826,P,2016-12-12,2016,12,2016-17,2016,Final_Report_2016_17.pdf,SEL
12-Dec-16,SE LANTAU,4,10.24,WINTER,STANDARD36826,P,2016-12-12,2016,12,2016-17,2016,Final_Report_2016_17.pdf,SEL
12-Dec-16,SE LANTAU,2,1.8,WINTER,STANDARD36826,S,2016-12-12,2016,12,2016-17,2016,Final_Report_2016_17.pdf,SEL
12-Dec-16,SE LANTAU,3,3.6,WINTER,STANDARD36826,S,2016-12-12,2016,12,2016-17,2016,Final_Report_2016_17.pdf,SEL
12-Dec-16,SE LANTAU,4,3.8,WINTER,STANDARD36826,S,2016-12-12,2016,12,2016-17,2016,Final_Report_2016_17.pdf,SEL
13-Dec-16,W LANTAU,2,11.3,WINTER,STANDARD36826,S,2016-12-13,2016,12,2016-17,2016,Final_Report_2016_17.pdf,WL
13-Dec-16,SW LANTAU,2,24.94,WINTER,STANDARD36826,P,2016-12-13,2016,12,2016-17,2016,Final_Report_2016_17.pdf,SWL
13-Dec-16,SW LANTAU,3,1.35,WINTER,STANDARD36826,P,2016-12-13,2016,12,2016-17,2016,Final_Report_2016_17.pdf,SWL
13-Dec-16,SW LANTAU,2,11.01,WINTER,STANDARD36826,S,2016-12-13,2016,12,2016-17,2016,Final_Report_2016_17.pdf,SWL
13-Dec-16,SW LANTAU,3,3.54,WINTER,STANDARD36826,S,2016-12-13,2016,12,2016-17,2016,Final_Report_2016_17.pdf,SWL
13-Dec-16,SE LANTAU,2,12.5,WINTER,STANDARD36826,P,2016-12-13,2016,12,2016-17,2016,Final_Report_2016_17.pdf,SEL
13-Dec-16,SE LANTAU,2,2.76,WINTER,STANDARD36826,S,2016-12-13,2016,12,2016-17,2016,Final_Report_2016_17.pdf,SEL
23-Dec-16,NW LANTAU,2,2.6,WINTER,STANDARD36826,P,2016-12-23,2016,12,2016-17,2016,Final_Report_2016_17.pdf,NWL
23-Dec-16,NW LANTAU,3,29.25,WINTER,STANDARD36826,P,2016-12-23,2016,12,2016-17,2016,Final_Report_2016_17.pdf,NWL
23-Dec-16,NW LANTAU,3,4.85,WINTER,STANDARD36826,S,2016-12-23,2016,12,2016-17,2016,Final_Report_2016_17.pdf,NWL
23-Dec-16,DEEP BAY,2,11.7,WINTER,STANDARD36826,P,2016-12-23,2016,12,2016-17,2016,Final_Report_2016_17.pdf,DB
23-Dec-16,DEEP BAY,3,2.02,WINTER,STANDARD36826,P,2016-12-23,2016,12,2016-17,2016,Final_Report_2016_17.pdf,DB
23-Dec-16,DEEP BAY,2,7.08,WINTER,STANDARD36826,S,2016-12-23,2016,12,2016-17,2016,Final_Report_2016_17.pdf,DB
23-Dec-16,NE LANTAU,2,18.45,WINTER,STANDARD36826,P,2016-12-23,2016,12,2016-17,2016,Final_Report_2016_17.pdf,NEL
23-Dec-16,NE LANTAU,2,9.65,WINTER,STANDARD36826,S,2016-12-23,2016,12,2016-17,2016,Final_Report_2016_17.pdf,NEL
3-Jan-17,W LANTAU,2,7.36,WINTER,STANDARD31516,S,2017-01-03,2017,1,2016-17,2016,Final_Report_2016_17.pdf,WL
3-Jan-17,W LANTAU,3,3.34,WINTER,STANDARD31516,S,2017-01-03,2017,1,2016-17,2016,Final_Report_2016_17.pdf,WL
3-Jan-17,NW LANTAU,2,6.15,WINTER,STANDARD31516,S,2017-01-03,2017,1,2016-17,2016,Final_Report_2016_17.pdf,NWL
3-Jan-17,NW LANTAU,3,1.81,WINTER,STANDARD31516,S,2017-01-03,2017,1,2016-17,2016,Final_Report_2016_17.pdf,NWL
4-Jan-17,W LANTAU,2,8.95,WINTER,STANDARD36826,P,2017-01-04,2017,1,2016-17,2016,Final_Report_2016_17.pdf,WL
4-Jan-17,W LANTAU,3,6.42,WINTER,STANDARD36826,P,2017-01-04,2017,1,2016-17,2016,Final_Report_2016_17.pdf,WL
4-Jan-17,W LANTAU,4,2.11,WINTER,STANDARD36826,P,2017-01-04,2017,1,2016-17,2016,Final_Report_2016_17.pdf,WL
4-Jan-17,W LANTAU,2,9.26,WINTER,STANDARD36826,S,2017-01-04,2017,1,2016-17,2016,Final_Report_2016_17.pdf,WL
4-Jan-17,W LANTAU,3,6.23,WINTER,STANDARD36826,S,2017-01-04,2017,1,2016-17,2016,Final_Report_2016_17.pdf,WL
4-Jan-17,W LANTAU,4,0.91,WINTER,STANDARD36826,S,2017-01-04,2017,1,2016-17,2016,Final_Report_2016_17.pdf,WL
4-Jan-17,NW LANTAU,2,18.31,WINTER,STANDARD36826,P,2017-01-04,2017,1,2016-17,2016,Final_Report_2016_17.pdf,NWL
4-Jan-17,NW LANTAU,3,4.83,WINTER,STANDARD36826,P,2017-01-04,2017,1,2016-17,2016,Final_Report_2016_17.pdf,NWL
4-Jan-17,NW LANTAU,2,6.08,WINTER,STANDARD36826,S,2017-01-04,2017,1,2016-17,2016,Final_Report_2016_17.pdf,NWL
5-Jan-17,SE LANTAU,2,22.94,WINTER,STANDARD36826,P,2017-01-05,2017,1,2016-17,2016,Final_Report_2016_17.pdf,SEL
5-Jan-17,SE LANTAU,3,4.8,WINTER,STANDARD36826,P,2017-01-05,2017,1,2016-17,2016,Final_Report_2016_17.pdf,SEL
5-Jan-17,SE LANTAU,2,9.16,WINTER,STANDARD36826,S,2017-01-05,2017,1,2016-17,2016,Final_Report_2016_17.pdf,SEL
5-Jan-17,SW LANTAU,2,12.94,WINTER,STANDARD36826,P,2017-01-05,2017,1,2016-17,2016,Final_Report_2016_17.pdf,SWL
5-Jan-17,SW LANTAU,3,8.4,WINTER,STANDARD36826,P,2017-01-05,2017,1,2016-17,2016,Final_Report_2016_17.pdf,SWL
5-Jan-17,SW LANTAU,2,9.96,WINTER,STANDARD36826,S,2017-01-05,2017,1,2016-17,2016,Final_Report_2016_17.pdf,SWL
5-Jan-17,SW LANTAU,3,1.8,WINTER,STANDARD36826,S,2017-01-05,2017,1,2016-17,2016,Final_Report_2016_17.pdf,SWL
9-Jan-17,SW LANTAU,2,2.66,WINTER,STANDARD36826,P,2017-01-09,2017,1,2016-17,2016,Final_Report_2016_17.pdf,SWL
9-Jan-17,SW LANTAU,3,8.58,WINTER,STANDARD36826,P,2017-01-09,2017,1,2016-17,2016,Final_Report_2016_17.pdf,SWL
9-Jan-17,SW LANTAU,3,7.56,WINTER,STANDARD36826,S,2017-01-09,2017,1,2016-17,2016,Final_Report_2016_17.pdf,SWL
13-Jan-17,NW LANTAU,2,17.72,WINTER,STANDARD36826,P,2017-01-13,2017,1,2016-17,2016,Final_Report_2016_17.pdf,NWL
13-Jan-17,NW LANTAU,3,13.1,WINTER,STANDARD36826,P,2017-01-13,2017,1,2016-17,2016,Final_Report_2016_17.pdf,NWL
13-Jan-17,NW LANTAU,2,3.91,WINTER,STANDARD36826,S,2017-01-13,2017,1,2016-17,2016,Final_Report_2016_17.pdf,NWL
13-Jan-17,NW LANTAU,3,0.97,WINTER,STANDARD36826,S,2017-01-13,2017,1,2016-17,2016,Final_Report_2016_17.pdf,NWL
13-Jan-17,DEEP BAY,2,11.15,WINTER,STANDARD36826,P,2017-01-13,2017,1,2016-17,2016,Final_Report_2016_17.pdf,DB
13-Jan-17,DEEP BAY,3,0.5,WINTER,STANDARD36826,P,2017-01-13,2017,1,2016-17,2016,Final_Report_2016_17.pdf,DB
13-Jan-17,DEEP BAY,2,7.35,WINTER,STANDARD36826,S,2017-01-13,2017,1,2016-17,2016,Final_Report_2016_17.pdf,DB
13-Jan-17,NE LANTAU,1,6.2,WINTER,STANDARD36826,P,2017-01-13,2017,1,2016-17,2016,Final_Report_2016_17.pdf,NEL
13-Jan-17,NE LANTAU,2,18.1,WINTER,STANDARD36826,P,2017-01-13,2017,1,2016-17,2016,Final_Report_2016_17.pdf,NEL
13-Jan-17,NE LANTAU,1,2.3,WINTER,STANDARD36826,S,2017-01-13,2017,1,2016-17,2016,Final_Report_2016_17.pdf,NEL
13-Jan-17,NE LANTAU,2,8.2,WINTER,STANDARD36826,S,2017-01-13,2017,1,2016-17,2016,Final_Report_2016_17.pdf,NEL
17-Jan-17,W LANTAU,2,3.72,WINTER,STANDARD36826,P,2017-01-17,2017,1,2016-17,2016,Final_Report_2016_17.pdf,WL
17-Jan-17,W LANTAU,3,4.73,WINTER,STANDARD36826,P,2017-01-17,2017,1,2016-17,2016,Final_Report_2016_17.pdf,WL
17-Jan-17,W LANTAU,2,4.55,WINTER,STANDARD36826,S,2017-01-17,2017,1,2016-17,2016,Final_Report_2016_17.pdf,WL
17-Jan-17,W LANTAU,3,3.72,WINTER,STANDARD36826,S,2017-01-17,2017,1,2016-17,2016,Final_Report_2016_17.pdf,WL
17-Jan-17,SW LANTAU,2,7.86,WINTER,STANDARD36826,P,2017-01-17,2017,1,2016-17,2016,Final_Report_2016_17.pdf,SWL
17-Jan-17,SW LANTAU,3,10.35,WINTER,STANDARD36826,P,2017-01-17,2017,1,2016-17,2016,Final_Report_2016_17.pdf,SWL
17-Jan-17,SW LANTAU,2,3.04,WINTER,STANDARD36826,S,2017-01-17,2017,1,2016-17,2016,Final_Report_2016_17.pdf,SWL
17-Jan-17,SW LANTAU,3,8.64,WINTER,STANDARD36826,S,2017-01-17,2017,1,2016-17,2016,Final_Report_2016_17.pdf,SWL
19-Jan-17,LAMMA,2,20.12,WINTER,STANDARD31516,P,2017-01-19,2017,1,2016-17,2016,Final_Report_2016_17.pdf,LM
19-Jan-17,LAMMA,3,15.14,WINTER,STANDARD31516,P,2017-01-19,2017,1,2016-17,2016,Final_Report_2016_17.pdf,LM
19-Jan-17,LAMMA,2,4.94,WINTER,STANDARD31516,S,2017-01-19,2017,1,2016-17,2016,Final_Report_2016_17.pdf,LM
19-Jan-17,LAMMA,3,3.5,WINTER,STANDARD31516,S,2017-01-19,2017,1,2016-17,2016,Final_Report_2016_17.pdf,LM
19-Jan-17,SE LANTAU,2,19.67,WINTER,STANDARD31516,P,2017-01-19,2017,1,2016-17,2016,Final_Report_2016_17.pdf,SEL
19-Jan-17,SE LANTAU,2,6.98,WINTER,STANDARD31516,S,2017-01-19,2017,1,2016-17,2016,Final_Report_2016_17.pdf,SEL
23-Jan-17,NW LANTAU,2,18.43,WINTER,STANDARD36826,P,2017-01-23,2017,1,2016-17,2016,Final_Report_2016_17.pdf,NWL
23-Jan-17,NW LANTAU,3,12.82,WINTER,STANDARD36826,P,2017-01-23,2017,1,2016-17,2016,Final_Report_2016_17.pdf,NWL
23-Jan-17,NW LANTAU,2,7.65,WINTER,STANDARD36826,S,2017-01-23,2017,1,2016-17,2016,Final_Report_2016_17.pdf,NWL
23-Jan-17,DEEP BAY,2,8.59,WINTER,STANDARD36826,P,2017-01-23,2017,1,2016-17,2016,Final_Report_2016_17.pdf,DB
23-Jan-17,DEEP BAY,3,4.43,WINTER,STANDARD36826,P,2017-01-23,2017,1,2016-17,2016,Final_Report_2016_17.pdf,DB
23-Jan-17,DEEP BAY,2,2.74,WINTER,STANDARD36826,S,2017-01-23,2017,1,2016-17,2016,Final_Report_2016_17.pdf,DB
23-Jan-17,DEEP BAY,3,4.74,WINTER,STANDARD36826,S,2017-01-23,2017,1,2016-17,2016,Final_Report_2016_17.pdf,DB
23-Jan-17,NE LANTAU,2,19.33,WINTER,STANDARD36826,P,2017-01-23,2017,1,2016-17,2016,Final_Report_2016_17.pdf,NEL
23-Jan-17,NE LANTAU,2,10.17,WINTER,STANDARD36826,S,2017-01-23,2017,1,2016-17,2016,Final_Report_2016_17.pdf,NEL
26-Jan-17,LAMMA,2,14.0,WINTER,STANDARD36826,P,2017-01-26,2017,1,2016-17,2016,Final_Report_2016_17.pdf,LM
26-Jan-17,LAMMA,3,12.01,WINTER,STANDARD36826,P,2017-01-26,2017,1,2016-17,2016,Final_Report_2016_17.pdf,LM
26-Jan-17,LAMMA,4,9.9,WINTER,STANDARD36826,P,2017-01-26,2017,1,2016-17,2016,Final_Report_2016_17.pdf,LM
26-Jan-17,LAMMA,2,5.19,WINTER,STANDARD36826,S,2017-01-26,2017,1,2016-17,2016,Final_Report_2016_17.pdf,LM
26-Jan-17,LAMMA,3,5.4,WINTER,STANDARD36826,S,2017-01-26,2017,1,2016-17,2016,Final_Report_2016_17.pdf,LM
26-Jan-17,SE LANTAU,3,19.45,WINTER,STANDARD36826,P,2017-01-26,2017,1,2016-17,2016,Final_Report_2016_17.pdf,SEL
26-Jan-17,SE LANTAU,4,6.08,WINTER,STANDARD36826,P,2017-01-26,2017,1,2016-17,2016,Final_Report_2016_17.pdf,SEL
26-Jan-17,SE LANTAU,2,0.81,WINTER,STANDARD36826,S,2017-01-26,2017,1,2016-17,2016,Final_Report_2016_17.pdf,SEL
26-Jan-17,SE LANTAU,3,6.8,WINTER,STANDARD36826,S,2017-01-26,2017,1,2016-17,2016,Final_Report_2016_17.pdf,SEL
26-Jan-17,SE LANTAU,4,0.9,WINTER,STANDARD36826,S,2017-01-26,2017,1,2016-17,2016,Final_Report_2016_17.pdf,SEL
1-Feb-17,W LANTAU,2,2.44,WINTER,STANDARD36826,P,2017-02-01,2017,2,2016-17,2016,Final_Report_2016_17.pdf,WL
1-Feb-17,W LANTAU,3,3.8,WINTER,STANDARD36826,P,2017-02-01,2017,2,2016-17,2016,Final_Report_2016_17.pdf,WL
1-Feb-17,W LANTAU,4,4.07,WINTER,STANDARD36826,P,2017-02-01,2017,2,2016-17,2016,Final_Report_2016_17.pdf,WL
1-Feb-17,W LANTAU,2,3.27,WINTER,STANDARD36826,S,2017-02-01,2017,2,2016-17,2016,Final_Report_2016_17.pdf,WL
1-Feb-17,W LANTAU,3,8.79,WINTER,STANDARD36826,S,2017-02-01,2017,2,2016-17,2016,Final_Report_2016_17.pdf,WL
1-Feb-17,SW LANTAU,2,25.25,WINTER,STANDARD36826,P,2017-02-01,2017,2,2016-17,2016,Final_Report_2016_17.pdf,SWL
1-Feb-17,SW LANTAU,3,0.66,WINTER,STANDARD36826,P,2017-02-01,2017,2,2016-17,2016,Final_Report_2016_17.pdf,SWL
1-Feb-17,SW LANTAU,2,10.14,WINTER,STANDARD36826,S,2017-02-01,2017,2,2016-17,2016,Final_Report_2016_17.pdf,SWL
1-Feb-17,SW LANTAU,3,0.83,WINTER,STANDARD36826,S,2017-02-01,2017,2,2016-17,2016,Final_Report_2016_17.pdf,SWL
3-Feb-17,NW LANTAU,1,3.0,WINTER,STANDARD36826,P,2017-02-03,2017,2,2016-17,2016,Final_Report_2016_17.pdf,NWL
3-Feb-17,NW LANTAU,2,22.62,WINTER,STANDARD36826,P,2017-02-03,2017,2,2016-17,2016,Final_Report_2016_17.pdf,NWL
3-Feb-17,NW LANTAU,3,4.68,WINTER,STANDARD36826,P,2017-02-03,2017,2,2016-17,2016,Final_Report_2016_17.pdf,NWL
3-Feb-17,NW LANTAU,1,0.9,WINTER,STANDARD36826,S,2017-02-03,2017,2,2016-17,2016,Final_Report_2016_17.pdf,NWL
3-Feb-17,NW LANTAU,2,4.6,WINTER,STANDARD36826,S,2017-02-03,2017,2,2016-17,2016,Final_Report_2016_17.pdf,NWL
3-Feb-17,DEEP BAY,2,12.77,WINTER,STANDARD36826,P,2017-02-03,2017,2,2016-17,2016,Final_Report_2016_17.pdf,DB
3-Feb-17,DEEP BAY,2,7.63,WINTER,STANDARD36826,S,2017-02-03,2017,2,2016-17,2016,Final_Report_2016_17.pdf,DB
3-Feb-17,NE LANTAU,1,15.62,WINTER,STANDARD36826,P,2017-02-03,2017,2,2016-17,2016,Final_Report_2016_17.pdf,NEL
3-Feb-17,NE LANTAU,2,9.62,WINTER,STANDARD36826,P,2017-02-03,2017,2,2016-17,2016,Final_Report_2016_17.pdf,NEL
3-Feb-17,NE LANTAU,1,4.1,WINTER,STANDARD36826,S,2017-02-03,2017,2,2016-17,2016,Final_Report_2016_17.pdf,NEL
3-Feb-17,NE LANTAU,2,6.66,WINTER,STANDARD36826,S,2017-02-03,2017,2,2016-17,2016,Final_Report_2016_17.pdf,NEL
6-Feb-17,W LANTAU,2,7.77,WINTER,STANDARD36826,S,2017-02-06,2017,2,2016-17,2016,Final_Report_2016_17.pdf,WL
6-Feb-17,W LANTAU,3,2.64,WINTER,STANDARD36826,S,2017-02-06,2017,2,2016-17,2016,Final_Report_2016_17.pdf,WL
6-Feb-17,W LANTAU,4,0.41,WINTER,STANDARD36826,S,2017-02-06,2017,2,2016-17,2016,Final_Report_2016_17.pdf,WL
6-Feb-17,NE LANTAU,3,9.84,WINTER,STANDARD36826,P,2017-02-06,2017,2,2016-17,2016,Final_Report_2016_17.pdf,NEL
6-Feb-17,NE LANTAU,4,1.95,WINTER,STANDARD36826,P,2017-02-06,2017,2,2016-17,2016,Final_Report_2016_17.pdf,NEL
6-Feb-17,NE LANTAU,3,2.71,WINTER,STANDARD36826,S,2017-02-06,2017,2,2016-17,2016,Final_Report_2016_17.pdf,NEL
6-Feb-17,NE LANTAU,4,1.7,WINTER,STANDARD36826,S,2017-02-06,2017,2,2016-17,2016,Final_Report_2016_17.pdf,NEL
13-Feb-17,SW LANTAU,3,7.09,WINTER,STANDARD36826,P,2017-02-13,2017,2,2016-17,2016,Final_Report_2016_17.pdf,SWL
13-Feb-17,SW LANTAU,4,5.74,WINTER,STANDARD36826,P,2017-02-13,2017,2,2016-17,2016,Final_Report_2016_17.pdf,SWL
13-Feb-17,SW LANTAU,5,0.4,WINTER,STANDARD36826,P,2017-02-13,2017,2,2016-17,2016,Final_Report_2016_17.pdf,SWL
13-Feb-17,SW LANTAU,3,5.6,WINTER,STANDARD36826,S,2017-02-13,2017,2,2016-17,2016,Final_Report_2016_17.pdf,SWL
13-Feb-17,SW LANTAU,4,4.17,WINTER,STANDARD36826,S,2017-02-13,2017,2,2016-17,2016,Final_Report_2016_17.pdf,SWL
13-Feb-17,SW LANTAU,5,1.0,WINTER,STANDARD36826,S,2017-02-13,2017,2,2016-17,2016,Final_Report_2016_17.pdf,SWL
17-Feb-17,W LANTAU,2,9.37,WINTER,STANDARD36826,S,2017-02-17,2017,2,2016-17,2016,Final_Report_2016_17.pdf,WL
17-Feb-17,W LANTAU,3,2.49,WINTER,STANDARD36826,S,2017-02-17,2017,2,2016-17,2016,Final_Report_2016_17.pdf,WL
17-Feb-17,SW LANTAU,1,2.78,WINTER,STANDARD36826,P,2017-02-17,2017,2,2016-17,2016,Final_Report_2016_17.pdf,SWL
17-Feb-17,SW LANTAU,2,8.55,WINTER,STANDARD36826,P,2017-02-17,2017,2,2016-17,2016,Final_Report_2016_17.pdf,SWL
17-Feb-17,SW LANTAU,3,1.35,WINTER,STANDARD36826,P,2017-02-17,2017,2,2016-17,2016,Final_Report_2016_17.pdf,SWL
17-Feb-17,SW LANTAU,1,3.74,WINTER,STANDARD36826,S,2017-02-17,2017,2,2016-17,2016,Final_Report_2016_17.pdf,SWL
17-Feb-17,SW LANTAU,2,9.65,WINTER,STANDARD36826,S,2017-02-17,2017,2,2016-17,2016,Final_Report_2016_17.pdf,SWL
17-Feb-17,SE LANTAU,0,1.0,WINTER,STANDARD36826,P,2017-02-17,2017,2,2016-17,2016,Final_Report_2016_17.pdf,SEL
17-Feb-17,SE LANTAU,1,9.86,WINTER,STANDARD36826,P,2017-02-17,2017,2,2016-17,2016,Final_Report_2016_17.pdf,SEL
17-Feb-17,SE LANTAU,2,5.95,WINTER,STANDARD36826,P,2017-02-17,2017,2,2016-17,2016,Final_Report_2016_17.pdf,SEL
17-Feb-17,SE LANTAU,0,2.06,WINTER,STANDARD36826,S,2017-02-17,2017,2,2016-17,2016,Final_Report_2016_17.pdf,SEL
23-Feb-17,LAMMA,2,2.95,WINTER,STANDARD31516,P,2017-02-23,2017,2,2016-17,2016,Final_Report_2016_17.pdf,LM
23-Feb-17,LAMMA,3,12.81,WINTER,STANDARD31516,P,2017-02-23,2017,2,2016-17,2016,Final_Report_2016_17.pdf,LM
23-Feb-17,LAMMA,4,12.58,WINTER,STANDARD31516,P,2017-02-23,2017,2,2016-17,2016,Final_Report_2016_17.pdf,LM
23-Feb-17,LAMMA,5,0.8,WINTER,STANDARD31516,P,2017-02-23,2017,2,2016-17,2016,Final_Report_2016_17.pdf,LM
23-Feb-17,LAMMA,2,0.19,WINTER,STANDARD31516,S,2017-02-23,2017,2,2016-17,2016,Final_Report_2016_17.pdf,LM
23-Feb-17,LAMMA,3,6.97,WINTER,STANDARD31516,S,2017-02-23,2017,2,2016-17,2016,Final_Report_2016_17.pdf,LM
23-Feb-17,SE LANTAU,2,8.99,WINTER,STANDARD31516,P,2017-02-23,2017,2,2016-17,2016,Final_Report_2016_17.pdf,SEL
23-Feb-17,SE LANTAU,3,15.24,WINTER,STANDARD31516,P,2017-02-23,2017,2,2016-17,2016,Final_Report_2016_17.pdf,SEL
23-Feb-17,SE LANTAU,4,6.62,WINTER,STANDARD31516,P,2017-02-23,2017,2,2016-17,2016,Final_Report_2016_17.pdf,SEL
23-Feb-17,SE LANTAU,5,1.4,WINTER,STANDARD31516,P,2017-02-23,2017,2,2016-17,2016,Final_Report_2016_17.pdf,SEL
23-Feb-17,SE LANTAU,6,2.8,WINTER,STANDARD31516,P,2017-02-23,2017,2,2016-17,2016,Final_Report_2016_17.pdf,SEL
23-Feb-17,SE LANTAU,2,4.84,WINTER,STANDARD31516,S,2017-02-23,2017,2,2016-17,2016,Final_Report_2016_17.pdf,SEL
23-Feb-17,SE LANTAU,3,6.15,WINTER,STANDARD31516,S,2017-02-23,2017,2,2016-17,2016,Final_Report_2016_17.pdf,SEL
23-Feb-17,SE LANTAU,4,2.26,WINTER,STANDARD31516,S,2017-02-23,2017,2,2016-17,2016,Final_Report_2016_17.pdf,SEL
23-Feb-17,SE LANTAU,5,0.5,WINTER,STANDARD31516,S,2017-02-23,2017,2,2016-17,2016,Final_Report_2016_17.pdf,SEL
27-Feb-17,NW LANTAU,2,1.53,WINTER,STANDARD36826,P,2017-02-27,2017,2,2016-17,2016,Final_Report_2016_17.pdf,NWL
27-Feb-17,NW LANTAU,3,30.42,WINTER,STANDARD36826,P,2017-02-27,2017,2,2016-17,2016,Final_Report_2016_17.pdf,NWL
27-Feb-17,NW LANTAU,4,4.79,WINTER,STANDARD36826,P,2017-02-27,2017,2,2016-17,2016,Final_Report_2016_17.pdf,NWL
27-Feb-17,NW LANTAU,2,1.64,WINTER,STANDARD36826,S,2017-02-27,2017,2,2016-17,2016,Final_Report_2016_17.pdf,NWL
27-Feb-17,NW LANTAU,3,6.44,WINTER,STANDARD36826,S,2017-02-27,2017,2,2016-17,2016,Final_Report_2016_17.pdf,NWL
27-Feb-17,NW LANTAU,4,2.4,WINTER,STANDARD36826,S,2017-02-27,2017,2,2016-17,2016,Final_Report_2016_17.pdf,NWL
27-Feb-17,DEEP BAY,2,2.4,WINTER,STANDARD36826,P,2017-02-27,2017,2,2016-17,2016,Final_Report_2016_17.pdf,DB
27-Feb-17,DEEP BAY,3,11.74,WINTER,STANDARD36826,P,2017-02-27,2017,2,2016-17,2016,Final_Report_2016_17.pdf,DB
27-Feb-17,DEEP BAY,2,2.8,WINTER,STANDARD36826,S,2017-02-27,2017,2,2016-17,2016,Final_Report_2016_17.pdf,DB
27-Feb-17,DEEP BAY,3,4.06,WINTER,STANDARD36826,S,2017-02-27,2017,2,2016-17,2016,Final_Report_2016_17.pdf,DB
27-Feb-17,NE LANTAU,2,2.2,WINTER,STANDARD36826,P,2017-02-27,2017,2,2016-17,2016,Final_Report_2016_17.pdf,NEL
27-Feb-17,NE LANTAU,3,13.63,WINTER,STANDARD36826,P,2017-02-27,2017,2,2016-17,2016,Final_Report_2016_17.pdf,NEL
27-Feb-17,NE LANTAU,2,3.3,WINTER,STANDARD36826,S,2017-02-27,2017,2,2016-17,2016,Final_Report_2016_17.pdf,NEL
27-Feb-17,NE LANTAU,3,5.77,WINTER,STANDARD36826,S,2017-02-27,2017,2,2016-17,2016,Final_Report_2016_17.pdf,NEL
1-Mar-17,LAMMA,1,1.0,SPRING,STANDARD31516,P,2017-03-01,2017,3,2016-17,2016,Final_Report_2016_17.pdf,LM
1-Mar-17,LAMMA,2,34.88,SPRING,STANDARD31516,P,2017-03-01,2017,3,2016-17,2016,Final_Report_2016_17.pdf,LM
1-Mar-17,LAMMA,3,3.82,SPRING,STANDARD31516,P,2017-03-01,2017,3,2016-17,2016,Final_Report_2016_17.pdf,LM
1-Mar-17,LAMMA,2,6.06,SPRING,STANDARD31516,S,2017-03-01,2017,3,2016-17,2016,Final_Report_2016_17.pdf,LM
1-Mar-17,LAMMA,3,3.54,SPRING,STANDARD31516,S,2017-03-01,2017,3,2016-17,2016,Final_Report_2016_17.pdf,LM
1-Mar-17,SE LANTAU,1,2.85,SPRING,STANDARD31516,P,2017-03-01,2017,3,2016-17,2016,Final_Report_2016_17.pdf,SEL
1-Mar-17,SE LANTAU,2,17.57,SPRING,STANDARD31516,P,2017-03-01,2017,3,2016-17,2016,Final_Report_2016_17.pdf,SEL
1-Mar-17,SE LANTAU,2,6.2,SPRING,STANDARD31516,S,2017-03-01,2017,3,2016-17,2016,Final_Report_2016_17.pdf,SEL
1-Mar-17,SW LANTAU,2,8.68,SPRING,STANDARD36826,P,2017-03-01,2017,3,2016-17,2016,Final_Report_2016_17.pdf,SWL
1-Mar-17,SW LANTAU,3,11.77,SPRING,STANDARD36826,P,2017-03-01,2017,3,2016-17,2016,Final_Report_2016_17.pdf,SWL
1-Mar-17,SW LANTAU,4,3.08,SPRING,STANDARD36826,P,2017-03-01,2017,3,2016-17,2016,Final_Report_2016_17.pdf,SWL
1-Mar-17,SW LANTAU,2,4.8,SPRING,STANDARD36826,S,2017-03-01,2017,3,2016-17,2016,Final_Report_2016_17.pdf,SWL
1-Mar-17,SW LANTAU,3,7.15,SPRING,STANDARD36826,S,2017-03-01,2017,3,2016-17,2016,Final_Report_2016_17.pdf,SWL
1-Mar-17,SW LANTAU,4,2.41,SPRING,STANDARD36826,S,2017-03-01,2017,3,2016-17,2016,Final_Report_2016_17.pdf,SWL
6-Mar-17,W LANTAU,1,3.76,SPRING,STANDARD36826,S,2017-03-06,2017,3,2016-17,2016,Final_Report_2016_17.pdf,WL
6-Mar-17,W LANTAU,2,7.47,SPRING,STANDARD36826,S,2017-03-06,2017,3,2016-17,2016,Final_Report_2016_17.pdf,WL
10-Mar-17,LAMMA,2,0.38,SPRING,STANDARD36826,P,2017-03-10,2017,3,2016-17,2016,Final_Report_2016_17.pdf,LM
10-Mar-17,LAMMA,3,11.25,SPRING,STANDARD36826,P,2017-03-10,2017,3,2016-17,2016,Final_Report_2016_17.pdf,LM
10-Mar-17,LAMMA,4,3.85,SPRING,STANDARD36826,P,2017-03-10,2017,3,2016-17,2016,Final_Report_2016_17.pdf,LM
10-Mar-17,LAMMA,2,0.43,SPRING,STANDARD36826,S,2017-03-10,2017,3,2016-17,2016,Final_Report_2016_17.pdf,LM
10-Mar-17,LAMMA,3,6.23,SPRING,STANDARD36826,S,2017-03-10,2017,3,2016-17,2016,Final_Report_2016_17.pdf,LM
10-Mar-17,SE LANTAU,1,4.48,SPRING,STANDARD36826,P,2017-03-10,2017,3,2016-17,2016,Final_Report_2016_17.pdf,SEL
10-Mar-17,SE LANTAU,2,29.71,SPRING,STANDARD36826,P,2017-03-10,2017,3,2016-17,2016,Final_Report_2016_17.pdf,SEL
10-Mar-17,SE LANTAU,3,7.9,SPRING,STANDARD36826,P,2017-03-10,2017,3,2016-17,2016,Final_Report_2016_17.pdf,SEL
10-Mar-17,SE LANTAU,1,3.7,SPRING,STANDARD36826,S,2017-03-10,2017,3,2016-17,2016,Final_Report_2016_17.pdf,SEL
10-Mar-17,SE LANTAU,2,8.74,SPRING,STANDARD36826,S,2017-03-10,2017,3,2016-17,2016,Final_Report_2016_17.pdf,SEL
10-Mar-17,SE LANTAU,3,5.28,SPRING,STANDARD36826,S,2017-03-10,2017,3,2016-17,2016,Final_Report_2016_17.pdf,SEL
13-Mar-17,LAMMA,1,1.3,SPRING,STANDARD31516,P,2017-03-13,2017,3,2016-17,2016,Final_Report_2016_17.pdf,LM
13-Mar-17,LAMMA,2,63.46,SPRING,STANDARD31516,P,2017-03-13,2017,3,2016-17,2016,Final_Report_2016_17.pdf,LM
13-Mar-17,LAMMA,3,14.4,SPRING,STANDARD31516,P,2017-03-13,2017,3,2016-17,2016,Final_Report_2016_17.pdf,LM
13-Mar-17,LAMMA,1,2.64,SPRING,STANDARD31516,S,2017-03-13,2017,3,2016-17,2016,Final_Report_2016_17.pdf,LM
13-Mar-17,LAMMA,2,20.1,SPRING,STANDARD31516,S,2017-03-13,2017,3,2016-17,2016,Final_Report_2016_17.pdf,LM
13-Mar-17,LAMMA,3,0.3,SPRING,STANDARD31516,S,2017-03-13,2017,3,2016-17,2016,Final_Report_2016_17.pdf,LM
13-Mar-17,SW LANTAU,1,1.58,SPRING,STANDARD36826,P,2017-03-13,2017,3,2016-17,2016,Final_Report_2016_17.pdf,SWL
13-Mar-17,SW LANTAU,2,14.53,SPRING,STANDARD36826,P,2017-03-13,2017,3,2016-17,2016,Final_Report_2016_17.pdf,SWL
13-Mar-17,SW LANTAU,3,6.81,SPRING,STANDARD36826,P,2017-03-13,2017,3,2016-17,2016,Final_Report_2016_17.pdf,SWL
13-Mar-17,SW LANTAU,2,5.5,SPRING,STANDARD36826,S,2017-03-13,2017,3,2016-17,2016,Final_Report_2016_17.pdf,SWL
13-Mar-17,SW LANTAU,3,2.36,SPRING,STANDARD36826,S,2017-03-13,2017,3,2016-17,2016,Final_Report_2016_17.pdf,SWL
21-Mar-17,W LANTAU,1,6.33,SPRING,STANDARD36826,S,2017-03-21,2017,3,2016-17,2016,Final_Report_2016_17.pdf,WL
21-Mar-17,W LANTAU,2,4.37,SPRING,STANDARD36826,S,2017-03-21,2017,3,2016-17,2016,Final_Report_2016_17.pdf,WL
21-Mar-17,SW LANTAU,2,19.48,SPRING,STANDARD36826,P,2017-03-21,2017,3,2016-17,2016,Final_Report_2016_17.pdf,SWL
21-Mar-17,SW LANTAU,3,1.3,SPRING,STANDARD36826,P,2017-03-21,2017,3,2016-17,2016,Final_Report_2016_17.pdf,SWL
21-Mar-17,SW LANTAU,1,2.75,SPRING,STANDARD36826,S,2017-03-21,2017,3,2016-17,2016,Final_Report_2016_17.pdf,SWL
21-Mar-17,SW LANTAU,2,6.89,SPRING,STANDARD36826,S,2017-03-21,2017,3,2016-17,2016,Final_Report_2016_17.pdf,SWL
21-Mar-17,SW LANTAU,3,2.4,SPRING,STANDARD36826,S,2017-03-21,2017,3,2016-17,2016,Final_Report_2016_17.pdf,SWL
21-Mar-17,SE LANTAU,1,9.52,SPRING,STANDARD36826,P,2017-03-21,2017,3,2016-17,2016,Final_Report_2016_17.pdf,SEL
21-Mar-17,SE LANTAU,2,20.03,SPRING,STANDARD36826,P,2017-03-21,2017,3,2016-17,2016,Final_Report_2016_17.pdf,SEL
21-Mar-17,SE LANTAU,1,4.18,SPRING,STANDARD36826,S,2017-03-21,2017,3,2016-17,2016,Final_Report_2016_17.pdf,SEL
21-Mar-17,SE LANTAU,2,2.2,SPRING,STANDARD36826,S,2017-03-21,2017,3,2016-17,2016,Final_Report_2016_17.pdf,SEL
24-Mar-17,NW LANTAU,2,0.71,SPRING,STANDARD36826,P,2017-03-24,2017,3,2016-17,2016,Final_Report_2016_17.pdf,NWL
24-Mar-17,NW LANTAU,3,8.16,SPRING,STANDARD36826,P,2017-03-24,2017,3,2016-17,2016,Final_Report_2016_17.pdf,NWL
24-Mar-17,NW LANTAU,4,16.5,SPRING,STANDARD36826,P,2017-03-24,2017,3,2016-17,2016,Final_Report_2016_17.pdf,NWL
24-Mar-17,NW LANTAU,5,8.01,SPRING,STANDARD36826,P,2017-03-24,2017,3,2016-17,2016,Final_Report_2016_17.pdf,NWL
24-Mar-17,NW LANTAU,6,1.4,SPRING,STANDARD36826,P,2017-03-24,2017,3,2016-17,2016,Final_Report_2016_17.pdf,NWL
24-Mar-17,NW LANTAU,3,5.21,SPRING,STANDARD36826,S,2017-03-24,2017,3,2016-17,2016,Final_Report_2016_17.pdf,NWL
24-Mar-17,NW LANTAU,4,5.32,SPRING,STANDARD36826,S,2017-03-24,2017,3,2016-17,2016,Final_Report_2016_17.pdf,NWL
24-Mar-17,DEEP BAY,2,1.71,SPRING,STANDARD36826,P,2017-03-24,2017,3,2016-17,2016,Final_Report_2016_17.pdf,DB
24-Mar-17,DEEP BAY,3,9.28,SPRING,STANDARD36826,P,2017-03-24,2017,3,2016-17,2016,Final_Report_2016_17.pdf,DB
24-Mar-17,DEEP BAY,4,1.66,SPRING,STANDARD36826,P,2017-03-24,2017,3,2016-17,2016,Final_Report_2016_17.pdf,DB
24-Mar-17,DEEP BAY,2,1.44,SPRING,STANDARD36826,S,2017-03-24,2017,3,2016-17,2016,Final_Report_2016_17.pdf,DB
24-Mar-17,DEEP BAY,3,5.81,SPRING,STANDARD36826,S,2017-03-24,2017,3,2016-17,2016,Final_Report_2016_17.pdf,DB
24-Mar-17,NE LANTAU,2,7.08,SPRING,STANDARD36826,P,2017-03-24,2017,3,2016-17,2016,Final_Report_2016_17.pdf,NEL
24-Mar-17,NE LANTAU,3,8.85,SPRING,STANDARD36826,P,2017-03-24,2017,3,2016-17,2016,Final_Report_2016_17.pdf,NEL
24-Mar-17,NE LANTAU,2,6.67,SPRING,STANDARD36826,S,2017-03-24,2017,3,2016-17,2016,Final_Report_2016_17.pdf,NEL
24-Mar-17,NE LANTAU,3,3.6,SPRING,STANDARD36826,S,2017-03-24,2017,3,2016-17,2016,Final_Report_2016_17.pdf,NEL
5-Apr-17,SW LANTAU,2,7.51,SPRING,STANDARD33706,P,2017-04-05,2017,4,2017-18,2017,Final_Report_2017_18.pdf,SWL
5-Apr-17,SW LANTAU,3,9.46,SPRING,STANDARD33706,P,2017-04-05,2017,4,2017-18,2017,Final_Report_2017_18.pdf,SWL
5-Apr-17,SW LANTAU,2,3.7,SPRING,STANDARD33706,S,2017-04-05,2017,4,2017-18,2017,Final_Report_2017_18.pdf,SWL
5-Apr-17,SW LANTAU,3,8.53,SPRING,STANDARD33706,S,2017-04-05,2017,4,2017-18,2017,Final_Report_2017_18.pdf,SWL
6-Apr-17,LAMMA,2,31.9,SPRING,STANDARD33706,P,2017-04-06,2017,4,2017-18,2017,Final_Report_2017_18.pdf,LM
6-Apr-17,LAMMA,3,16.5,SPRING,STANDARD33706,P,2017-04-06,2017,4,2017-18,2017,Final_Report_2017_18.pdf,LM
6-Apr-17,LAMMA,4,0.1,SPRING,STANDARD33706,P,2017-04-06,2017,4,2017-18,2017,Final_Report_2017_18.pdf,LM
6-Apr-17,LAMMA,2,4.03,SPRING,STANDARD33706,S,2017-04-06,2017,4,2017-18,2017,Final_Report_2017_18.pdf,LM
6-Apr-17,LAMMA,3,5.85,SPRING,STANDARD33706,S,2017-04-06,2017,4,2017-18,2017,Final_Report_2017_18.pdf,LM
6-Apr-17,SE LANTAU,1,3.03,SPRING,STANDARD33706,P,2017-04-06,2017,4,2017-18,2017,Final_Report_2017_18.pdf,SEL
6-Apr-17,SE LANTAU,2,10.3,SPRING,STANDARD33706,P,2017-04-06,2017,4,2017-18,2017,Final_Report_2017_18.pdf,SEL
6-Apr-17,SE LANTAU,1,0.99,SPRING,STANDARD33706,S,2017-04-06,2017,4,2017-18,2017,Final_Report_2017_18.pdf,SEL
6-Apr-17,SE LANTAU,2,5.29,SPRING,STANDARD33706,S,2017-04-06,2017,4,2017-18,2017,Final_Report_2017_18.pdf,SEL
7-Apr-17,W LANTAU,1,3.34,SPRING,STANDARD36826,S,2017-04-07,2017,4,2017-18,2017,Final_Report_2017_18.pdf,WL
7-Apr-17,W LANTAU,2,3.47,SPRING,STANDARD36826,S,2017-04-07,2017,4,2017-18,2017,Final_Report_2017_18.pdf,WL
7-Apr-17,W LANTAU,3,3.49,SPRING,STANDARD36826,S,2017-04-07,2017,4,2017-18,2017,Final_Report_2017_18.pdf,WL
11-Apr-17,SE LANTAU,1,29.3,SPRING,STANDARD33706,P,2017-04-11,2017,4,2017-18,2017,Final_Report_2017_18.pdf,SEL
11-Apr-17,SE LANTAU,1,3.21,SPRING,STANDARD33706,S,2017-04-11,2017,4,2017-18,2017,Final_Report_2017_18.pdf,SEL
11-Apr-17,SE LANTAU,2,3.77,SPRING,STANDARD33706,S,2017-04-11,2017,4,2017-18,2017,Final_Report_2017_18.pdf,SEL
11-Apr-17,SW LANTAU,1,2.99,SPRING,STANDARD33706,P,2017-04-11,2017,4,2017-18,2017,Final_Report_2017_18.pdf,SWL
11-Apr-17,SW LANTAU,2,10.67,SPRING,STANDARD33706,P,2017-04-11,2017,4,2017-18,2017,Final_Report_2017_18.pdf,SWL
11-Apr-17,SW LANTAU,2,3.45,SPRING,STANDARD33706,S,2017-04-11,2017,4,2017-18,2017,Final_Report_2017_18.pdf,SWL
13-Apr-17,SW LANTAU,1,12.27,SPRING,STANDARD36826,P,2017-04-13,2017,4,2017-18,2017,Final_Report_2017_18.pdf,SWL
13-Apr-17,SW LANTAU,2,6.0,SPRING,STANDARD36826,P,2017-04-13,2017,4,2017-18,2017,Final_Report_2017_18.pdf,SWL
13-Apr-17,SW LANTAU,1,1.9,SPRING,STANDARD36826,S,2017-04-13,2017,4,2017-18,2017,Final_Report_2017_18.pdf,SWL
13-Apr-17,SW LANTAU,2,4.87,SPRING,STANDARD36826,S,2017-04-13,2017,4,2017-18,2017,Final_Report_2017_18.pdf,SWL
18-Apr-17,W LANTAU,2,8.37,SPRING,STANDARD33706,P,2017-04-18,2017,4,2017-18,2017,Final_Report_2017_18.pdf,WL
18-Apr-17,W LANTAU,2,8.76,SPRING,STANDARD33706,S,2017-04-18,2017,4,2017-18,2017,Final_Report_2017_18.pdf,WL
18-Apr-17,SW LANTAU,2,9.63,SPRING,STANDARD33706,S,2017-04-18,2017,4,2017-18,2017,Final_Report_2017_18.pdf,SWL
18-Apr-17,SE LANTAU,1,1.98,SPRING,STANDARD33706,P,2017-04-18,2017,4,2017-18,2017,Final_Report_2017_18.pdf,SEL
18-Apr-17,SE LANTAU,2,13.3,SPRING,STANDARD33706,P,2017-04-18,2017,4,2017-18,2017,Final_Report_2017_18.pdf,SEL
18-Apr-17,SE LANTAU,2,3.22,SPRING,STANDARD33706,S,2017-04-18,2017,4,2017-18,2017,Final_Report_2017_18.pdf,SEL
21-Apr-17,LAMMA,2,10.74,SPRING,STANDARD36826,P,2017-04-21,2017,4,2017-18,2017,Final_Report_2017_18.pdf,LM
21-Apr-17,LAMMA,3,48.36,SPRING,STANDARD36826,P,2017-04-21,2017,4,2017-18,2017,Final_Report_2017_18.pdf,LM
21-Apr-17,LAMMA,4,12.57,SPRING,STANDARD36826,P,2017-04-21,2017,4,2017-18,2017,Final_Report_2017_18.pdf,LM
21-Apr-17,LAMMA,2,4.47,SPRING,STANDARD36826,S,2017-04-21,2017,4,2017-18,2017,Final_Report_2017_18.pdf,LM
21-Apr-17,LAMMA,3,13.86,SPRING,STANDARD36826,S,2017-04-21,2017,4,2017-18,2017,Final_Report_2017_18.pdf,LM
21-Apr-17,LAMMA,4,2.0,SPRING,STANDARD36826,S,2017-04-21,2017,4,2017-18,2017,Final_Report_2017_18.pdf,LM
28-Apr-17,NW LANTAU,2,30.26,SPRING,STANDARD36826,P,2017-04-28,2017,4,2017-18,2017,Final_Report_2017_18.pdf,NWL
28-Apr-17,NW LANTAU,3,1.81,SPRING,STANDARD36826,P,2017-04-28,2017,4,2017-18,2017,Final_Report_2017_18.pdf,NWL
28-Apr-17,NW LANTAU,1,1.1,SPRING,STANDARD36826,S,2017-04-28,2017,4,2017-18,2017,Final_Report_2017_18.pdf,NWL
28-Apr-17,NW LANTAU,2,9.49,SPRING,STANDARD36826,S,2017-04-28,2017,4,2017-18,2017,Final_Report_2017_18.pdf,NWL
28-Apr-17,DEEP BAY,1,1.5,SPRING,STANDARD36826,P,2017-04-28,2017,4,2017-18,2017,Final_Report_2017_18.pdf,DB
28-Apr-17,DEEP BAY,2,9.76,SPRING,STANDARD36826,P,2017-04-28,2017,4,2017-18,2017,Final_Report_2017_18.pdf,DB
28-Apr-17,DEEP BAY,3,1.6,SPRING,STANDARD36826,P,2017-04-28,2017,4,2017-18,2017,Final_Report_2017_18.pdf,DB
28-Apr-17,DEEP BAY,1,1.2,SPRING,STANDARD36826,S,2017-04-28,2017,4,2017-18,2017,Final_Report_2017_18.pdf,DB
28-Apr-17,DEEP BAY,2,5.9,SPRING,STANDARD36826,S,2017-04-28,2017,4,2017-18,2017,Final_Report_2017_18.pdf,DB
5-May-17,LAMMA,1,42.18,SPRING,STANDARD36826,P,2017-05-05,2017,5,2017-18,2017,Final_Report_2017_18.pdf,LM
5-May-17,LAMMA,2,39.4,SPRING,STANDARD36826,P,2017-05-05,2017,5,2017-18,2017,Final_Report_2017_18.pdf,LM
5-May-17,LAMMA,1,6.82,SPRING,STANDARD36826,S,2017-05-05,2017,5,2017-18,2017,Final_Report_2017_18.pdf,LM
5-May-17,LAMMA,2,10.1,SPRING,STANDARD36826,S,2017-05-05,2017,5,2017-18,2017,Final_Report_2017_18.pdf,LM
8-May-17,SW LANTAU,3,7.32,SPRING,STANDARD36826,P,2017-05-08,2017,5,2017-18,2017,Final_Report_2017_18.pdf,SWL
8-May-17,SW LANTAU,4,2.96,SPRING,STANDARD36826,P,2017-05-08,2017,5,2017-18,2017,Final_Report_2017_18.pdf,SWL
8-May-17,SW LANTAU,2,1.1,SPRING,STANDARD36826,S,2017-05-08,2017,5,2017-18,2017,Final_Report_2017_18.pdf,SWL
8-May-17,SW LANTAU,3,8.61,SPRING,STANDARD36826,S,2017-05-08,2017,5,2017-18,2017,Final_Report_2017_18.pdf,SWL
8-May-17,SW LANTAU,4,2.19,SPRING,STANDARD36826,S,2017-05-08,2017,5,2017-18,2017,Final_Report_2017_18.pdf,SWL
10-May-17,W LANTAU,2,9.63,SPRING,STANDARD36826,S,2017-05-10,2017,5,2017-18,2017,Final_Report_2017_18.pdf,WL
12-May-17,W LANTAU,1,9.02,SPRING,STANDARD36826,S,2017-05-12,2017,5,2017-18,2017,Final_Report_2017_18.pdf,WL
12-May-17,W LANTAU,2,1.08,SPRING,STANDARD36826,S,2017-05-12,2017,5,2017-18,2017,Final_Report_2017_18.pdf,WL
12-May-17,SW LANTAU,2,26.28,SPRING,STANDARD36826,P,2017-05-12,2017,5,2017-18,2017,Final_Report_2017_18.pdf,SWL
12-May-17,SW LANTAU,1,3.68,SPRING,STANDARD36826,S,2017-05-12,2017,5,2017-18,2017,Final_Report_2017_18.pdf,SWL
12-May-17,SW LANTAU,2,6.24,SPRING,STANDARD36826,S,2017-05-12,2017,5,2017-18,2017,Final_Report_2017_18.pdf,SWL
12-May-17,SW LANTAU,3,1.8,SPRING,STANDARD36826,S,2017-05-12,2017,5,2017-18,2017,Final_Report_2017_18.pdf,SWL
12-May-17,SE LANTAU,2,14.77,SPRING,STANDARD36826,P,2017-05-12,2017,5,2017-18,2017,Final_Report_2017_18.pdf,SEL
12-May-17,SE LANTAU,3,8.66,SPRING,STANDARD36826,P,2017-05-12,2017,5,2017-18,2017,Final_Report_2017_18.pdf,SEL
12-May-17,SE LANTAU,2,6.99,SPRING,STANDARD36826,S,2017-05-12,2017,5,2017-18,2017,Final_Report_2017_18.pdf,SEL
19-May-17,W LANTAU,2,6.23,SPRING,STANDARD36826,S,2017-05-19,2017,5,2017-18,2017,Final_Report_2017_18.pdf,WL
19-May-17,W LANTAU,3,4.37,SPRING,STANDARD36826,S,2017-05-19,2017,5,2017-18,2017,Final_Report_2017_18.pdf,WL
19-May-17,NE LANTAU,2,10.02,SPRING,STANDARD36826,P,2017-05-19,2017,5,2017-18,2017,Final_Report_2017_18.pdf,NEL
19-May-17,NE LANTAU,1,1.5,SPRING,STANDARD36826,S,2017-05-19,2017,5,2017-18,2017,Final_Report_2017_18.pdf,NEL
19-May-17,NE LANTAU,2,5.28,SPRING,STANDARD36826,S,2017-05-19,2017,5,2017-18,2017,Final_Report_2017_18.pdf,NEL
23-May-17,SE LANTAU,2,21.12,SPRING,STANDARD36826,P,2017-05-23,2017,5,2017-18,2017,Final_Report_2017_18.pdf,SEL
23-May-17,SE LANTAU,3,7.57,SPRING,STANDARD36826,P,2017-05-23,2017,5,2017-18,2017,Final_Report_2017_18.pdf,SEL
23-May-17,SE LANTAU,2,8.81,SPRING,STANDARD36826,S,2017-05-23,2017,5,2017-18,2017,Final_Report_2017_18.pdf,SEL
23-May-17,SW LANTAU,2,5.25,SPRING,STANDARD36826,P,2017-05-23,2017,5,2017-18,2017,Final_Report_2017_18.pdf,SWL
23-May-17,SW LANTAU,3,10.5,SPRING,STANDARD36826,P,2017-05-23,2017,5,2017-18,2017,Final_Report_2017_18.pdf,SWL
23-May-17,SW LANTAU,4,1.91,SPRING,STANDARD36826,P,2017-05-23,2017,5,2017-18,2017,Final_Report_2017_18.pdf,SWL
23-May-17,SW LANTAU,2,7.43,SPRING,STANDARD36826,S,2017-05-23,2017,5,2017-18,2017,Final_Report_2017_18.pdf,SWL
23-May-17,SW LANTAU,3,1.59,SPRING,STANDARD36826,S,2017-05-23,2017,5,2017-18,2017,Final_Report_2017_18.pdf,SWL
23-May-17,SW LANTAU,4,0.75,SPRING,STANDARD36826,S,2017-05-23,2017,5,2017-18,2017,Final_Report_2017_18.pdf,SWL
25-May-17,NW LANTAU,2,18.24,SPRING,STANDARD36826,P,2017-05-25,2017,5,2017-18,2017,Final_Report_2017_18.pdf,NWL
25-May-17,NW LANTAU,3,9.57,SPRING,STANDARD36826,P,2017-05-25,2017,5,2017-18,2017,Final_Report_2017_18.pdf,NWL
25-May-17,NW LANTAU,2,4.69,SPRING,STANDARD36826,S,2017-05-25,2017,5,2017-18,2017,Final_Report_2017_18.pdf,NWL
25-May-17,DEEP BAY,1,1.3,SPRING,STANDARD36826,P,2017-05-25,2017,5,2017-18,2017,Final_Report_2017_18.pdf,DB
25-May-17,DEEP BAY,2,2.79,SPRING,STANDARD36826,P,2017-05-25,2017,5,2017-18,2017,Final_Report_2017_18.pdf,DB
25-May-17,DEEP BAY,3,8.6,SPRING,STANDARD36826,P,2017-05-25,2017,5,2017-18,2017,Final_Report_2017_18.pdf,DB
25-May-17,DEEP BAY,1,1.6,SPRING,STANDARD36826,S,2017-05-25,2017,5,2017-18,2017,Final_Report_2017_18.pdf,DB
25-May-17,DEEP BAY,2,5.41,SPRING,STANDARD36826,S,2017-05-25,2017,5,2017-18,2017,Final_Report_2017_18.pdf,DB
25-May-17,NE LANTAU,1,3.6,SPRING,STANDARD36826,P,2017-05-25,2017,5,2017-18,2017,Final_Report_2017_18.pdf,NEL
25-May-17,NE LANTAU,2,24.63,SPRING,STANDARD36826,P,2017-05-25,2017,5,2017-18,2017,Final_Report_2017_18.pdf,NEL
25-May-17,NE LANTAU,1,4.8,SPRING,STANDARD36826,S,2017-05-25,2017,5,2017-18,2017,Final_Report_2017_18.pdf,NEL
25-May-17,NE LANTAU,2,6.77,SPRING,STANDARD36826,S,2017-05-25,2017,5,2017-18,2017,Final_Report_2017_18.pdf,NEL
31-May-17,LAMMA,1,27.06,SPRING,STANDARD36826,P,2017-05-31,2017,5,2017-18,2017,Final_Report_2017_18.pdf,LM
31-May-17,LAMMA,2,10.0,SPRING,STANDARD36826,P,2017-05-31,2017,5,2017-18,2017,Final_Report_2017_18.pdf,LM
31-May-17,LAMMA,1,5.94,SPRING,STANDARD36826,S,2017-05-31,2017,5,2017-18,2017,Final_Report_2017_18.pdf,LM
31-May-17,SE LANTAU,1,0.93,SPRING,STANDARD36826,P,2017-05-31,2017,5,2017-18,2017,Final_Report_2017_18.pdf,SEL
31-May-17,SE LANTAU,2,34.3,SPRING,STANDARD36826,P,2017-05-31,2017,5,2017-18,2017,Final_Report_2017_18.pdf,SEL
31-May-17,SE LANTAU,3,1.1,SPRING,STANDARD36826,P,2017-05-31,2017,5,2017-18,2017,Final_Report_2017_18.pdf,SEL
31-May-17,SE LANTAU,2,7.51,SPRING,STANDARD36826,S,2017-05-31,2017,5,2017-18,2017,Final_Report_2017_18.pdf,SEL
31-May-17,SE LANTAU,3,1.34,SPRING,STANDARD36826,S,2017-05-31,2017,5,2017-18,2017,Final_Report_2017_18.pdf,SEL
1-Jun-17,NW LANTAU,3,18.37,SUMMER,STANDARD36826,P,2017-06-01,2017,6,2017-18,2017,Final_Report_2017_18.pdf,NWL
1-Jun-17,NW LANTAU,4,14.79,SUMMER,STANDARD36826,P,2017-06-01,2017,6,2017-18,2017,Final_Report_2017_18.pdf,NWL
1-Jun-17,NW LANTAU,5,2.23,SUMMER,STANDARD36826,P,2017-06-01,2017,6,2017-18,2017,Final_Report_2017_18.pdf,NWL
1-Jun-17,NW LANTAU,3,2.8,SUMMER,STANDARD36826,S,2017-06-01,2017,6,2017-18,2017,Final_Report_2017_18.pdf,NWL
1-Jun-17,NW LANTAU,4,6.21,SUMMER,STANDARD36826,S,2017-06-01,2017,6,2017-18,2017,Final_Report_2017_18.pdf,NWL
1-Jun-17,NW LANTAU,5,1.67,SUMMER,STANDARD36826,S,2017-06-01,2017,6,2017-18,2017,Final_Report_2017_18.pdf,NWL
1-Jun-17,DEEP BAY,3,6.3,SUMMER,STANDARD36826,P,2017-06-01,2017,6,2017-18,2017,Final_Report_2017_18.pdf,DB
1-Jun-17,DEEP BAY,4,5.49,SUMMER,STANDARD36826,P,2017-06-01,2017,6,2017-18,2017,Final_Report_2017_18.pdf,DB
1-Jun-17,DEEP BAY,3,4.69,SUMMER,STANDARD36826,S,2017-06-01,2017,6,2017-18,2017,Final_Report_2017_18.pdf,DB
1-Jun-17,DEEP BAY,4,1.82,SUMMER,STANDARD36826,S,2017-06-01,2017,6,2017-18,2017,Final_Report_2017_18.pdf,DB
1-Jun-17,DEEP BAY,5,0.2,SUMMER,STANDARD36826,S,2017-06-01,2017,6,2017-18,2017,Final_Report_2017_18.pdf,DB
1-Jun-17,NE LANTAU,2,8.76,SUMMER,STANDARD36826,P,2017-06-01,2017,6,2017-18,2017,Final_Report_2017_18.pdf,NEL
1-Jun-17,NE LANTAU,3,7.2,SUMMER,STANDARD36826,P,2017-06-01,2017,6,2017-18,2017,Final_Report_2017_18.pdf,NEL
1-Jun-17,NE LANTAU,2,6.65,SUMMER,STANDARD36826,S,2017-06-01,2017,6,2017-18,2017,Final_Report_2017_18.pdf,NEL
1-Jun-17,NE LANTAU,3,3.89,SUMMER,STANDARD36826,S,2017-06-01,2017,6,2017-18,2017,Final_Report_2017_18.pdf,NEL
6-Jun-17,SE LANTAU,3,14.28,SUMMER,STANDARD36826,P,2017-06-06,2017,6,2017-18,2017,Final_Report_2017_18.pdf,SEL
6-Jun-17,SE LANTAU,4,2.2,SUMMER,STANDARD36826,P,2017-06-06,2017,6,2017-18,2017,Final_Report_2017_18.pdf,SEL
6-Jun-17,SE LANTAU,3,2.62,SUMMER,STANDARD36826,S,2017-06-06,2017,6,2017-18,2017,Final_Report_2017_18.pdf,SEL
6-Jun-17,SW LANTAU,2,3.5,SUMMER,STANDARD36826,P,2017-06-06,2017,6,2017-18,2017,Final_Report_2017_18.pdf,SWL
6-Jun-17,SW LANTAU,3,18.78,SUMMER,STANDARD36826,P,2017-06-06,2017,6,2017-18,2017,Final_Report_2017_18.pdf,SWL
6-Jun-17,SW LANTAU,2,4.8,SUMMER,STANDARD36826,S,2017-06-06,2017,6,2017-18,2017,Final_Report_2017_18.pdf,SWL
6-Jun-17,SW LANTAU,3,8.59,SUMMER,STANDARD36826,S,2017-06-06,2017,6,2017-18,2017,Final_Report_2017_18.pdf,SWL
8-Jun-17,PO TOI,2,3.21,SUMMER,STANDARD36826,P,2017-06-08,2017,6,2017-18,2017,Final_Report_2017_18.pdf,PT
8-Jun-17,PO TOI,3,50.31,SUMMER,STANDARD36826,P,2017-06-08,2017,6,2017-18,2017,Final_Report_2017_18.pdf,PT
8-Jun-17,PO TOI,2,0.49,SUMMER,STANDARD36826,S,2017-06-08,2017,6,2017-18,2017,Final_Report_2017_18.pdf,PT
8-Jun-17,PO TOI,3,3.79,SUMMER,STANDARD36826,S,2017-06-08,2017,6,2017-18,2017,Final_Report_2017_18.pdf,PT
8-Jun-17,NINEPINS,2,6.2,SUMMER,STANDARD36826,P,2017-06-08,2017,6,2017-18,2017,Final_Report_2017_18.pdf,NP
8-Jun-17,NINEPINS,3,21.41,SUMMER,STANDARD36826,P,2017-06-08,2017,6,2017-18,2017,Final_Report_2017_18.pdf,NP
8-Jun-17,NINEPINS,4,1.79,SUMMER,STANDARD36826,P,2017-06-08,2017,6,2017-18,2017,Final_Report_2017_18.pdf,NP
8-Jun-17,NINEPINS,3,2.1,SUMMER,STANDARD36826,S,2017-06-08,2017,6,2017-18,2017,Final_Report_2017_18.pdf,NP
9-Jun-17,SW LANTAU,2,5.21,SUMMER,STANDARD36826,P,2017-06-09,2017,6,2017-18,2017,Final_Report_2017_18.pdf,SWL
9-Jun-17,SW LANTAU,3,7.12,SUMMER,STANDARD36826,P,2017-06-09,2017,6,2017-18,2017,Final_Report_2017_18.pdf,SWL
9-Jun-17,SW LANTAU,2,4.72,SUMMER,STANDARD36826,S,2017-06-09,2017,6,2017-18,2017,Final_Report_2017_18.pdf,SWL
9-Jun-17,SW LANTAU,3,1.81,SUMMER,STANDARD36826,S,2017-06-09,2017,6,2017-18,2017,Final_Report_2017_18.pdf,SWL
9-Jun-17,SW LANTAU,4,0.64,SUMMER,STANDARD36826,S,2017-06-09,2017,6,2017-18,2017,Final_Report_2017_18.pdf,SWL
15-Jun-17,DEEP BAY,2,3.4,SUMMER,STANDARD36826,P,2017-06-15,2017,6,2017-18,2017,Final_Report_2017_18.pdf,DB
15-Jun-17,DEEP BAY,3,6.15,SUMMER,STANDARD36826,P,2017-06-15,2017,6,2017-18,2017,Final_Report_2017_18.pdf,DB
15-Jun-17,DEEP BAY,4,3.17,SUMMER,STANDARD36826,P,2017-06-15,2017,6,2017-18,2017,Final_Report_2017_18.pdf,DB
15-Jun-17,DEEP BAY,2,2.64,SUMMER,STANDARD36826,S,2017-06-15,2017,6,2017-18,2017,Final_Report_2017_18.pdf,DB
15-Jun-17,DEEP BAY,3,2.95,SUMMER,STANDARD36826,S,2017-06-15,2017,6,2017-18,2017,Final_Report_2017_18.pdf,DB
15-Jun-17,DEEP BAY,4,2.09,SUMMER,STANDARD36826,S,2017-06-15,2017,6,2017-18,2017,Final_Report_2017_18.pdf,DB
15-Jun-17,NE LANTAU,2,12.17,SUMMER,STANDARD36826,P,2017-06-15,2017,6,2017-18,2017,Final_Report_2017_18.pdf,NEL
15-Jun-17,NE LANTAU,3,2.43,SUMMER,STANDARD36826,P,2017-06-15,2017,6,2017-18,2017,Final_Report_2017_18.pdf,NEL
15-Jun-17,NE LANTAU,2,6.44,SUMMER,STANDARD36826,S,2017-06-15,2017,6,2017-18,2017,Final_Report_2017_18.pdf,NEL
15-Jun-17,NE LANTAU,3,1.36,SUMMER,STANDARD36826,S,2017-06-15,2017,6,2017-18,2017,Final_Report_2017_18.pdf,NEL
21-Jun-17,SW LANTAU,2,8.18,SUMMER,STANDARD36826,S,2017-06-21,2017,6,2017-18,2017,Final_Report_2017_18.pdf,SWL
21-Jun-17,SW LANTAU,3,0.53,SUMMER,STANDARD36826,S,2017-06-21,2017,6,2017-18,2017,Final_Report_2017_18.pdf,SWL
21-Jun-17,SE LANTAU,2,0.9,SUMMER,STANDARD36826,P,2017-06-21,2017,6,2017-18,2017,Final_Report_2017_18.pdf,SEL
21-Jun-17,SE LANTAU,3,11.11,SUMMER,STANDARD36826,P,2017-06-21,2017,6,2017-18,2017,Final_Report_2017_18.pdf,SEL
21-Jun-17,SE LANTAU,2,0.68,SUMMER,STANDARD36826,S,2017-06-21,2017,6,2017-18,2017,Final_Report_2017_18.pdf,SEL
21-Jun-17,SE LANTAU,3,7.11,SUMMER,STANDARD36826,S,2017-06-21,2017,6,2017-18,2017,Final_Report_2017_18.pdf,SEL
23-Jun-17,NW LANTAU,2,7.98,SUMMER,STANDARD36826,P,2017-06-23,2017,6,2017-18,2017,Final_Report_2017_18.pdf,NWL
23-Jun-17,NW LANTAU,3,15.42,SUMMER,STANDARD36826,P,2017-06-23,2017,6,2017-18,2017,Final_Report_2017_18.pdf,NWL
23-Jun-17,NW LANTAU,3,4.6,SUMMER,STANDARD36826,S,2017-06-23,2017,6,2017-18,2017,Final_Report_2017_18.pdf,NWL
23-Jun-17,W LANTAU,3,11.09,SUMMER,STANDARD36826,P,2017-06-23,2017,6,2017-18,2017,Final_Report_2017_18.pdf,WL
23-Jun-17,W LANTAU,4,1.31,SUMMER,STANDARD36826,P,2017-06-23,2017,6,2017-18,2017,Final_Report_2017_18.pdf,WL
23-Jun-17,W LANTAU,3,7.49,SUMMER,STANDARD36826,S,2017-06-23,2017,6,2017-18,2017,Final_Report_2017_18.pdf,WL
23-Jun-17,W LANTAU,4,2.41,SUMMER,STANDARD36826,S,2017-06-23,2017,6,2017-18,2017,Final_Report_2017_18.pdf,WL
26-Jun-17,DEEP BAY,3,7.97,SUMMER,STANDARD36826,P,2017-06-26,2017,6,2017-18,2017,Final_Report_2017_18.pdf,DB
26-Jun-17,DEEP BAY,4,6.06,SUMMER,STANDARD36826,P,2017-06-26,2017,6,2017-18,2017,Final_Report_2017_18.pdf,DB
26-Jun-17,DEEP BAY,3,4.97,SUMMER,STANDARD36826,S,2017-06-26,2017,6,2017-18,2017,Final_Report_2017_18.pdf,DB
26-Jun-17,DEEP BAY,4,0.9,SUMMER,STANDARD36826,S,2017-06-26,2017,6,2017-18,2017,Final_Report_2017_18.pdf,DB
26-Jun-17,NE LANTAU,2,13.93,SUMMER,STANDARD36826,P,2017-06-26,2017,6,2017-18,2017,Final_Report_2017_18.pdf,NEL
26-Jun-17,NE LANTAU,3,2.64,SUMMER,STANDARD36826,P,2017-06-26,2017,6,2017-18,2017,Final_Report_2017_18.pdf,NEL
26-Jun-17,NE LANTAU,2,7.54,SUMMER,STANDARD36826,S,2017-06-26,2017,6,2017-18,2017,Final_Report_2017_18.pdf,NEL
26-Jun-17,NE LANTAU,3,1.69,SUMMER,STANDARD36826,S,2017-06-26,2017,6,2017-18,2017,Final_Report_2017_18.pdf,NEL
28-Jun-17,W LANTAU,2,1.46,SUMMER,STANDARD36826,P,2017-06-28,2017,6,2017-18,2017,Final_Report_2017_18.pdf,WL
28-Jun-17,W LANTAU,3,6.75,SUMMER,STANDARD36826,P,2017-06-28,2017,6,2017-18,2017,Final_Report_2017_18.pdf,WL
28-Jun-17,W LANTAU,4,1.71,SUMMER,STANDARD36826,P,2017-06-28,2017,6,2017-18,2017,Final_Report_2017_18.pdf,WL
28-Jun-17,W LANTAU,2,1.12,SUMMER,STANDARD36826,S,2017-06-28,2017,6,2017-18,2017,Final_Report_2017_18.pdf,WL
28-Jun-17,W LANTAU,3,8.0,SUMMER,STANDARD36826,S,2017-06-28,2017,6,2017-18,2017,Final_Report_2017_18.pdf,WL
28-Jun-17,SW LANTAU,2,6.89,SUMMER,STANDARD36826,P,2017-06-28,2017,6,2017-18,2017,Final_Report_2017_18.pdf,SWL
28-Jun-17,SW LANTAU,3,10.09,SUMMER,STANDARD36826,P,2017-06-28,2017,6,2017-18,2017,Final_Report_2017_18.pdf,SWL
28-Jun-17,SW LANTAU,2,5.16,SUMMER,STANDARD36826,S,2017-06-28,2017,6,2017-18,2017,Final_Report_2017_18.pdf,SWL
28-Jun-17,SW LANTAU,3,7.61,SUMMER,STANDARD36826,S,2017-06-28,2017,6,2017-18,2017,Final_Report_2017_18.pdf,SWL
29-Jun-17,PO TOI,1,24.33,SUMMER,STANDARD36826,P,2017-06-29,2017,6,2017-18,2017,Final_Report_2017_18.pdf,PT
29-Jun-17,PO TOI,2,44.39,SUMMER,STANDARD36826,P,2017-06-29,2017,6,2017-18,2017,Final_Report_2017_18.pdf,PT
29-Jun-17,PO TOI,2,14.2,SUMMER,STANDARD36826,S,2017-06-29,2017,6,2017-18,2017,Final_Report_2017_18.pdf,PT
30-Jun-17,NINEPINS,1,20.59,SUMMER,STANDARD36826,P,2017-06-30,2017,6,2017-18,2017,Final_Report_2017_18.pdf,NP
30-Jun-17,NINEPINS,2,49.85,SUMMER,STANDARD36826,P,2017-06-30,2017,6,2017-18,2017,Final_Report_2017_18.pdf,NP
30-Jun-17,NINEPINS,2,8.62,SUMMER,STANDARD36826,S,2017-06-30,2017,6,2017-18,2017,Final_Report_2017_18.pdf,NP
30-Jun-17,NINEPINS,3,0.64,SUMMER,STANDARD36826,S,2017-06-30,2017,6,2017-18,2017,Final_Report_2017_18.pdf,NP
4-Jul-17,SE LANTAU,2,15.44,SUMMER,STANDARD36826,P,2017-07-04,2017,7,2017-18,2017,Final_Report_2017_18.pdf,SEL
4-Jul-17,SE LANTAU,2,7.44,SUMMER,STANDARD36826,S,2017-07-04,2017,7,2017-18,2017,Final_Report_2017_18.pdf,SEL
4-Jul-17,SE LANTAU,3,1.3,SUMMER,STANDARD36826,S,2017-07-04,2017,7,2017-18,2017,Final_Report_2017_18.pdf,SEL
5-Jul-17,NW LANTAU,2,2.07,SUMMER,STANDARD36826,P,2017-07-05,2017,7,2017-18,2017,Final_Report_2017_18.pdf,NWL
5-Jul-17,NW LANTAU,3,16.16,SUMMER,STANDARD36826,P,2017-07-05,2017,7,2017-18,2017,Final_Report_2017_18.pdf,NWL
5-Jul-17,NW LANTAU,4,3.88,SUMMER,STANDARD36826,P,2017-07-05,2017,7,2017-18,2017,Final_Report_2017_18.pdf,NWL
5-Jul-17,NW LANTAU,2,2.02,SUMMER,STANDARD36826,S,2017-07-05,2017,7,2017-18,2017,Final_Report_2017_18.pdf,NWL
5-Jul-17,NW LANTAU,3,7.29,SUMMER,STANDARD36826,S,2017-07-05,2017,7,2017-18,2017,Final_Report_2017_18.pdf,NWL
5-Jul-17,W LANTAU,2,3.05,SUMMER,STANDARD36826,P,2017-07-05,2017,7,2017-18,2017,Final_Report_2017_18.pdf,WL
5-Jul-17,W LANTAU,3,6.51,SUMMER,STANDARD36826,P,2017-07-05,2017,7,2017-18,2017,Final_Report_2017_18.pdf,WL
5-Jul-17,W LANTAU,4,3.72,SUMMER,STANDARD36826,P,2017-07-05,2017,7,2017-18,2017,Final_Report_2017_18.pdf,WL
5-Jul-17,W LANTAU,2,1.34,SUMMER,STANDARD36826,S,2017-07-05,2017,7,2017-18,2017,Final_Report_2017_18.pdf,WL
5-Jul-17,W LANTAU,3,8.28,SUMMER,STANDARD36826,S,2017-07-05,2017,7,2017-18,2017,Final_Report_2017_18.pdf,WL
5-Jul-17,W LANTAU,4,1.3,SUMMER,STANDARD36826,S,2017-07-05,2017,7,2017-18,2017,Final_Report_2017_18.pdf,WL
11-Jul-17,PO TOI,2,42.35,SUMMER,STANDARD36826,P,2017-07-11,2017,7,2017-18,2017,Final_Report_2017_18.pdf,PT
11-Jul-17,PO TOI,3,8.12,SUMMER,STANDARD36826,P,2017-07-11,2017,7,2017-18,2017,Final_Report_2017_18.pdf,PT
11-Jul-17,PO TOI,2,5.45,SUMMER,STANDARD36826,S,2017-07-11,2017,7,2017-18,2017,Final_Report_2017_18.pdf,PT
11-Jul-17,NINEPINS,2,25.6,SUMMER,STANDARD36826,P,2017-07-11,2017,7,2017-18,2017,Final_Report_2017_18.pdf,NP
11-Jul-17,NINEPINS,2,5.0,SUMMER,STANDARD36826,S,2017-07-11,2017,7,2017-18,2017,Final_Report_2017_18.pdf,NP
13-Jul-17,SW LANTAU,2,2.3,SUMMER,STANDARD36826,P,2017-07-13,2017,7,2017-18,2017,Final_Report_2017_18.pdf,SWL
13-Jul-17,SW LANTAU,3,15.46,SUMMER,STANDARD36826,P,2017-07-13,2017,7,2017-18,2017,Final_Report_2017_18.pdf,SWL
13-Jul-17,SW LANTAU,4,2.5,SUMMER,STANDARD36826,P,2017-07-13,2017,7,2017-18,2017,Final_Report_2017_18.pdf,SWL
13-Jul-17,SW LANTAU,3,5.44,SUMMER,STANDARD36826,S,2017-07-13,2017,7,2017-18,2017,Final_Report_2017_18.pdf,SWL
13-Jul-17,SW LANTAU,4,2.2,SUMMER,STANDARD36826,S,2017-07-13,2017,7,2017-18,2017,Final_Report_2017_18.pdf,SWL
14-Jul-17,SE LANTAU,2,6.08,SUMMER,STANDARD36826,P,2017-07-14,2017,7,2017-18,2017,Final_Report_2017_18.pdf,SEL
14-Jul-17,SE LANTAU,3,15.37,SUMMER,STANDARD36826,P,2017-07-14,2017,7,2017-18,2017,Final_Report_2017_18.pdf,SEL
14-Jul-17,SE LANTAU,2,4.86,SUMMER,STANDARD36826,S,2017-07-14,2017,7,2017-18,2017,Final_Report_2017_18.pdf,SEL
14-Jul-17,SE LANTAU,3,5.19,SUMMER,STANDARD36826,S,2017-07-14,2017,7,2017-18,2017,Final_Report_2017_18.pdf,SEL
14-Jul-17,SW LANTAU,3,12.46,SUMMER,STANDARD36826,P,2017-07-14,2017,7,2017-18,2017,Final_Report_2017_18.pdf,SWL
14-Jul-17,SW LANTAU,4,9.28,SUMMER,STANDARD36826,P,2017-07-14,2017,7,2017-18,2017,Final_Report_2017_18.pdf,SWL
14-Jul-17,SW LANTAU,2,0.8,SUMMER,STANDARD36826,S,2017-07-14,2017,7,2017-18,2017,Final_Report_2017_18.pdf,SWL
14-Jul-17,SW LANTAU,3,6.13,SUMMER,STANDARD36826,S,2017-07-14,2017,7,2017-18,2017,Final_Report_2017_18.pdf,SWL
14-Jul-17,SW LANTAU,4,4.66,SUMMER,STANDARD36826,S,2017-07-14,2017,7,2017-18,2017,Final_Report_2017_18.pdf,SWL
24-Jul-17,DEEP BAY,2,12.04,SUMMER,STANDARD36826,P,2017-07-24,2017,7,2017-18,2017,Final_Report_2017_18.pdf,DB
24-Jul-17,DEEP BAY,3,1.0,SUMMER,STANDARD36826,P,2017-07-24,2017,7,2017-18,2017,Final_Report_2017_18.pdf,DB
24-Jul-17,DEEP BAY,2,7.06,SUMMER,STANDARD36826,S,2017-07-24,2017,7,2017-18,2017,Final_Report_2017_18.pdf,DB
24-Jul-17,NE LANTAU,2,7.29,SUMMER,STANDARD36826,P,2017-07-24,2017,7,2017-18,2017,Final_Report_2017_18.pdf,NEL
24-Jul-17,NE LANTAU,3,7.97,SUMMER,STANDARD36826,P,2017-07-24,2017,7,2017-18,2017,Final_Report_2017_18.pdf,NEL
24-Jul-17,NE LANTAU,2,4.27,SUMMER,STANDARD36826,S,2017-07-24,2017,7,2017-18,2017,Final_Report_2017_18.pdf,NEL
24-Jul-17,NE LANTAU,3,5.87,SUMMER,STANDARD36826,S,2017-07-24,2017,7,2017-18,2017,Final_Report_2017_18.pdf,NEL
26-Jul-17,PO TOI,2,47.73,SUMMER,STANDARD36826,P,2017-07-26,2017,7,2017-18,2017,Final_Report_2017_18.pdf,PT
26-Jul-17,PO TOI,3,1.4,SUMMER,STANDARD36826,P,2017-07-26,2017,7,2017-18,2017,Final_Report_2017_18.pdf,PT
26-Jul-17,PO TOI,2,6.37,SUMMER,STANDARD36826,S,2017-07-26,2017,7,2017-18,2017,Final_Report_2017_18.pdf,PT
26-Jul-17,NINEPINS,2,20.68,SUMMER,STANDARD36826,P,2017-07-26,2017,7,2017-18,2017,Final_Report_2017_18.pdf,NP
26-Jul-17,NINEPINS,3,3.32,SUMMER,STANDARD36826,P,2017-07-26,2017,7,2017-18,2017,Final_Report_2017_18.pdf,NP
26-Jul-17,NINEPINS,2,2.3,SUMMER,STANDARD36826,S,2017-07-26,2017,7,2017-18,2017,Final_Report_2017_18.pdf,NP
26-Jul-17,NINEPINS,3,1.0,SUMMER,STANDARD36826,S,2017-07-26,2017,7,2017-18,2017,Final_Report_2017_18.pdf,NP
28-Jul-17,W LANTAU,2,6.9,SUMMER,STANDARD36826,P,2017-07-28,2017,7,2017-18,2017,Final_Report_2017_18.pdf,WL
28-Jul-17,W LANTAU,3,3.51,SUMMER,STANDARD36826,P,2017-07-28,2017,7,2017-18,2017,Final_Report_2017_18.pdf,WL
28-Jul-17,W LANTAU,2,5.65,SUMMER,STANDARD36826,S,2017-07-28,2017,7,2017-18,2017,Final_Report_2017_18.pdf,WL
28-Jul-17,W LANTAU,3,5.88,SUMMER,STANDARD36826,S,2017-07-28,2017,7,2017-18,2017,Final_Report_2017_18.pdf,WL
28-Jul-17,SW LANTAU,1,1.87,SUMMER,STANDARD36826,S,2017-07-28,2017,7,2017-18,2017,Final_Report_2017_18.pdf,SWL
28-Jul-17,SW LANTAU,2,7.37,SUMMER,STANDARD36826,S,2017-07-28,2017,7,2017-18,2017,Final_Report_2017_18.pdf,SWL
2-Aug-17,SE LANTAU,2,13.96,SUMMER,STANDARD36826,P,2017-08-02,2017,8,2017-18,2017,Final_Report_2017_18.pdf,SEL
2-Aug-17,SE LANTAU,3,7.86,SUMMER,STANDARD36826,P,2017-08-02,2017,8,2017-18,2017,Final_Report_2017_18.pdf,SEL
2-Aug-17,SE LANTAU,2,5.83,SUMMER,STANDARD36826,S,2017-08-02,2017,8,2017-18,2017,Final_Report_2017_18.pdf,SEL
2-Aug-17,SE LANTAU,3,0.95,SUMMER,STANDARD36826,S,2017-08-02,2017,8,2017-18,2017,Final_Report_2017_18.pdf,SEL
2-Aug-17,SW LANTAU,1,4.09,SUMMER,STANDARD36826,P,2017-08-02,2017,8,2017-18,2017,Final_Report_2017_18.pdf,SWL
2-Aug-17,SW LANTAU,2,9.7,SUMMER,STANDARD36826,P,2017-08-02,2017,8,2017-18,2017,Final_Report_2017_18.pdf,SWL
2-Aug-17,SW LANTAU,1,3.29,SUMMER,STANDARD36826,S,2017-08-02,2017,8,2017-18,2017,Final_Report_2017_18.pdf,SWL
2-Aug-17,SW LANTAU,2,8.41,SUMMER,STANDARD36826,S,2017-08-02,2017,8,2017-18,2017,Final_Report_2017_18.pdf,SWL
4-Aug-17,W LANTAU,2,8.18,SUMMER,STANDARD36826,S,2017-08-04,2017,8,2017-18,2017,Final_Report_2017_18.pdf,WL
4-Aug-17,W LANTAU,3,1.24,SUMMER,STANDARD36826,S,2017-08-04,2017,8,2017-18,2017,Final_Report_2017_18.pdf,WL
4-Aug-17,SW LANTAU,2,18.51,SUMMER,STANDARD36826,P,2017-08-04,2017,8,2017-18,2017,Final_Report_2017_18.pdf,SWL
4-Aug-17,SW LANTAU,3,10.38,SUMMER,STANDARD36826,P,2017-08-04,2017,8,2017-18,2017,Final_Report_2017_18.pdf,SWL
4-Aug-17,SW LANTAU,2,7.2,SUMMER,STANDARD36826,S,2017-08-04,2017,8,2017-18,2017,Final_Report_2017_18.pdf,SWL
4-Aug-17,SW LANTAU,3,2.25,SUMMER,STANDARD36826,S,2017-08-04,2017,8,2017-18,2017,Final_Report_2017_18.pdf,SWL
4-Aug-17,SE LANTAU,2,14.53,SUMMER,STANDARD36826,P,2017-08-04,2017,8,2017-18,2017,Final_Report_2017_18.pdf,SEL
4-Aug-17,SE LANTAU,2,2.83,SUMMER,STANDARD36826,S,2017-08-04,2017,8,2017-18,2017,Final_Report_2017_18.pdf,SEL
8-Aug-17,SW LANTAU,3,7.53,SUMMER,STANDARD36826,P,2017-08-08,2017,8,2017-18,2017,Final_Report_2017_18.pdf,SWL
8-Aug-17,SW LANTAU,2,0.57,SUMMER,STANDARD36826,S,2017-08-08,2017,8,2017-18,2017,Final_Report_2017_18.pdf,SWL
8-Aug-17,SW LANTAU,3,2.93,SUMMER,STANDARD36826,S,2017-08-08,2017,8,2017-18,2017,Final_Report_2017_18.pdf,SWL
14-Aug-17,SW LANTAU,2,5.76,SUMMER,STANDARD36826,P,2017-08-14,2017,8,2017-18,2017,Final_Report_2017_18.pdf,SWL
14-Aug-17,SW LANTAU,3,11.65,SUMMER,STANDARD36826,P,2017-08-14,2017,8,2017-18,2017,Final_Report_2017_18.pdf,SWL
14-Aug-17,SW LANTAU,3,3.46,SUMMER,STANDARD36826,S,2017-08-14,2017,8,2017-18,2017,Final_Report_2017_18.pdf,SWL
15-Aug-17,DEEP BAY,3,12.61,SUMMER,STANDARD36826,P,2017-08-15,2017,8,2017-18,2017,Final_Report_2017_18.pdf,DB
15-Aug-17,DEEP BAY,3,7.59,SUMMER,STANDARD36826,S,2017-08-15,2017,8,2017-18,2017,Final_Report_2017_18.pdf,DB
15-Aug-17,NE LANTAU,2,13.91,SUMMER,STANDARD36826,P,2017-08-15,2017,8,2017-18,2017,Final_Report_2017_18.pdf,NEL
15-Aug-17,NE LANTAU,3,8.94,SUMMER,STANDARD36826,P,2017-08-15,2017,8,2017-18,2017,Final_Report_2017_18.pdf,NEL
15-Aug-17,NE LANTAU,2,13.08,SUMMER,STANDARD36826,S,2017-08-15,2017,8,2017-18,2017,Final_Report_2017_18.pdf,NEL
15-Aug-17,NE LANTAU,3,1.07,SUMMER,STANDARD36826,S,2017-08-15,2017,8,2017-18,2017,Final_Report_2017_18.pdf,NEL
17-Aug-17,W LANTAU,2,1.56,SUMMER,STANDARD36826,P,2017-08-17,2017,8,2017-18,2017,Final_Report_2017_18.pdf,WL
17-Aug-17,W LANTAU,3,6.14,SUMMER,STANDARD36826,P,2017-08-17,2017,8,2017-18,2017,Final_Report_2017_18.pdf,WL
17-Aug-17,W LANTAU,2,3.76,SUMMER,STANDARD36826,S,2017-08-17,2017,8,2017-18,2017,Final_Report_2017_18.pdf,WL
17-Aug-17,W LANTAU,3,4.44,SUMMER,STANDARD36826,S,2017-08-17,2017,8,2017-18,2017,Final_Report_2017_18.pdf,WL
18-Aug-17,SAI KUNG,1,11.25,SUMMER,STANDARD36826,P,2017-08-18,2017,8,2017-18,2017,Final_Report_2017_18.pdf,SK
18-Aug-17,SAI KUNG,2,56.42,SUMMER,STANDARD36826,P,2017-08-18,2017,8,2017-18,2017,Final_Report_2017_18.pdf,SK
18-Aug-17,SAI KUNG,3,1.7,SUMMER,STANDARD36826,P,2017-08-18,2017,8,2017-18,2017,Final_Report_2017_18.pdf,SK
18-Aug-17,SAI KUNG,1,1.9,SUMMER,STANDARD36826,S,2017-08-18,2017,8,2017-18,2017,Final_Report_2017_18.pdf,SK
18-Aug-17,SAI KUNG,2,9.03,SUMMER,STANDARD36826,S,2017-08-18,2017,8,2017-18,2017,Final_Report_2017_18.pdf,SK
22-Aug-17,PO TOI,1,20.1,SUMMER,STANDARD36826,P,2017-08-22,2017,8,2017-18,2017,Final_Report_2017_18.pdf,PT
22-Aug-17,PO TOI,2,41.98,SUMMER,STANDARD36826,P,2017-08-22,2017,8,2017-18,2017,Final_Report_2017_18.pdf,PT
22-Aug-17,PO TOI,1,2.1,SUMMER,STANDARD36826,S,2017-08-22,2017,8,2017-18,2017,Final_Report_2017_18.pdf,PT
22-Aug-17,PO TOI,2,6.58,SUMMER,STANDARD36826,S,2017-08-22,2017,8,2017-18,2017,Final_Report_2017_18.pdf,PT
22-Aug-17,NINEPINS,2,3.8,SUMMER,STANDARD36826,P,2017-08-22,2017,8,2017-18,2017,Final_Report_2017_18.pdf,NP
29-Aug-17,NW LANTAU,2,19.18,SUMMER,STANDARD36826,P,2017-08-29,2017,8,2017-18,2017,Final_Report_2017_18.pdf,NWL
29-Aug-17,NW LANTAU,2,7.52,SUMMER,STANDARD36826,S,2017-08-29,2017,8,2017-18,2017,Final_Report_2017_18.pdf,NWL
30-Aug-17,PO TOI,1,0.67,SUMMER,STANDARD36826,P,2017-08-30,2017,8,2017-18,2017,Final_Report_2017_18.pdf,PT
30-Aug-17,PO TOI,2,45.16,SUMMER,STANDARD36826,P,2017-08-30,2017,8,2017-18,2017,Final_Report_2017_18.pdf,PT
30-Aug-17,PO TOI,2,6.99,SUMMER,STANDARD36826,S,2017-08-30,2017,8,2017-18,2017,Final_Report_2017_18.pdf,PT
30-Aug-17,NINEPINS,2,30.0,SUMMER,STANDARD36826,P,2017-08-30,2017,8,2017-18,2017,Final_Report_2017_18.pdf,NP
30-Aug-17,NINEPINS,2,2.1,SUMMER,STANDARD36826,S,2017-08-30,2017,8,2017-18,2017,Final_Report_2017_18.pdf,NP
1-Sep-17,W LANTAU,2,18.73,AUTUMN,STANDARD36826,P,2017-09-01,2017,9,2017-18,2017,Final_Report_2017_18.pdf,WL
1-Sep-17,W LANTAU,2,10.37,AUTUMN,STANDARD36826,S,2017-09-01,2017,9,2017-18,2017,Final_Report_2017_18.pdf,WL
1-Sep-17,SW LANTAU,2,16.13,AUTUMN,STANDARD36826,P,2017-09-01,2017,9,2017-18,2017,Final_Report_2017_18.pdf,SWL
1-Sep-17,SW LANTAU,2,7.29,AUTUMN,STANDARD36826,S,2017-09-01,2017,9,2017-18,2017,Final_Report_2017_18.pdf,SWL
6-Sep-17,PO TOI,0,6.9,AUTUMN,STANDARD36826,P,2017-09-06,2017,9,2017-18,2017,Final_Report_2017_18.pdf,PT
6-Sep-17,PO TOI,1,12.1,AUTUMN,STANDARD36826,P,2017-09-06,2017,9,2017-18,2017,Final_Report_2017_18.pdf,PT
6-Sep-17,PO TOI,2,56.53,AUTUMN,STANDARD36826,P,2017-09-06,2017,9,2017-18,2017,Final_Report_2017_18.pdf,PT
6-Sep-17,PO TOI,1,1.6,AUTUMN,STANDARD36826,S,2017-09-06,2017,9,2017-18,2017,Final_Report_2017_18.pdf,PT
6-Sep-17,PO TOI,2,12.87,AUTUMN,STANDARD36826,S,2017-09-06,2017,9,2017-18,2017,Final_Report_2017_18.pdf,PT
7-Sep-17,SW LANTAU,2,7.01,AUTUMN,STANDARD36826,P,2017-09-07,2017,9,2017-18,2017,Final_Report_2017_18.pdf,SWL
7-Sep-17,SW LANTAU,2,4.43,AUTUMN,STANDARD36826,S,2017-09-07,2017,9,2017-18,2017,Final_Report_2017_18.pdf,SWL
8-Sep-17,SE LANTAU,1,3.25,AUTUMN,STANDARD36826,P,2017-09-08,2017,9,2017-18,2017,Final_Report_2017_18.pdf,SEL
8-Sep-17,SE LANTAU,2,26.04,AUTUMN,STANDARD36826,P,2017-09-08,2017,9,2017-18,2017,Final_Report_2017_18.pdf,SEL
8-Sep-17,SE LANTAU,3,0.6,AUTUMN,STANDARD36826,P,2017-09-08,2017,9,2017-18,2017,Final_Report_2017_18.pdf,SEL
8-Sep-17,SE LANTAU,2,7.71,AUTUMN,STANDARD36826,S,2017-09-08,2017,9,2017-18,2017,Final_Report_2017_18.pdf,SEL
8-Sep-17,SW LANTAU,1,5.56,AUTUMN,STANDARD36826,P,2017-09-08,2017,9,2017-18,2017,Final_Report_2017_18.pdf,SWL
8-Sep-17,SW LANTAU,2,11.15,AUTUMN,STANDARD36826,P,2017-09-08,2017,9,2017-18,2017,Final_Report_2017_18.pdf,SWL
8-Sep-17,SW LANTAU,3,3.96,AUTUMN,STANDARD36826,P,2017-09-08,2017,9,2017-18,2017,Final_Report_2017_18.pdf,SWL
8-Sep-17,SW LANTAU,1,1.1,AUTUMN,STANDARD36826,S,2017-09-08,2017,9,2017-18,2017,Final_Report_2017_18.pdf,SWL
8-Sep-17,SW LANTAU,2,3.29,AUTUMN,STANDARD36826,S,2017-09-08,2017,9,2017-18,2017,Final_Report_2017_18.pdf,SWL
8-Sep-17,SW LANTAU,3,1.3,AUTUMN,STANDARD36826,S,2017-09-08,2017,9,2017-18,2017,Final_Report_2017_18.pdf,SWL
12-Sep-17,SAI KUNG,1,3.74,AUTUMN,STANDARD36826,P,2017-09-12,2017,9,2017-18,2017,Final_Report_2017_18.pdf,SK
12-Sep-17,SAI KUNG,2,24.46,AUTUMN,STANDARD36826,P,2017-09-12,2017,9,2017-18,2017,Final_Report_2017_18.pdf,SK
12-Sep-17,SAI KUNG,3,7.6,AUTUMN,STANDARD36826,P,2017-09-12,2017,9,2017-18,2017,Final_Report_2017_18.pdf,SK
12-Sep-17,SAI KUNG,1,2.4,AUTUMN,STANDARD36826,S,2017-09-12,2017,9,2017-18,2017,Final_Report_2017_18.pdf,SK
12-Sep-17,SAI KUNG,2,6.5,AUTUMN,STANDARD36826,S,2017-09-12,2017,9,2017-18,2017,Final_Report_2017_18.pdf,SK
12-Sep-17,NINEPINS,1,11.5,AUTUMN,STANDARD36826,P,2017-09-12,2017,9,2017-18,2017,Final_Report_2017_18.pdf,NP
12-Sep-17,NINEPINS,2,20.2,AUTUMN,STANDARD36826,P,2017-09-12,2017,9,2017-18,2017,Final_Report_2017_18.pdf,NP
12-Sep-17,NINEPINS,1,1.2,AUTUMN,STANDARD36826,S,2017-09-12,2017,9,2017-18,2017,Final_Report_2017_18.pdf,NP
12-Sep-17,NINEPINS,2,3.4,AUTUMN,STANDARD36826,S,2017-09-12,2017,9,2017-18,2017,Final_Report_2017_18.pdf,NP
13-Sep-17,SW LANTAU,2,9.64,AUTUMN,STANDARD36826,P,2017-09-13,2017,9,2017-18,2017,Final_Report_2017_18.pdf,SWL
13-Sep-17,SW LANTAU,2,4.45,AUTUMN,STANDARD36826,S,2017-09-13,2017,9,2017-18,2017,Final_Report_2017_18.pdf,SWL
13-Sep-17,SW LANTAU,3,0.78,AUTUMN,STANDARD36826,S,2017-09-13,2017,9,2017-18,2017,Final_Report_2017_18.pdf,SWL
13-Sep-17,SW LANTAU,4,1.07,AUTUMN,STANDARD36826,S,2017-09-13,2017,9,2017-18,2017,Final_Report_2017_18.pdf,SWL
14-Sep-17,DEEP BAY,2,9.25,AUTUMN,STANDARD36826,P,2017-09-14,2017,9,2017-18,2017,Final_Report_2017_18.pdf,DB
14-Sep-17,DEEP BAY,3,2.3,AUTUMN,STANDARD36826,P,2017-09-14,2017,9,2017-18,2017,Final_Report_2017_18.pdf,DB
14-Sep-17,DEEP BAY,4,1.68,AUTUMN,STANDARD36826,P,2017-09-14,2017,9,2017-18,2017,Final_Report_2017_18.pdf,DB
14-Sep-17,DEEP BAY,2,4.58,AUTUMN,STANDARD36826,S,2017-09-14,2017,9,2017-18,2017,Final_Report_2017_18.pdf,DB
14-Sep-17,DEEP BAY,3,2.49,AUTUMN,STANDARD36826,S,2017-09-14,2017,9,2017-18,2017,Final_Report_2017_18.pdf,DB
14-Sep-17,NE LANTAU,2,8.71,AUTUMN,STANDARD36826,P,2017-09-14,2017,9,2017-18,2017,Final_Report_2017_18.pdf,NEL
14-Sep-17,NE LANTAU,3,6.89,AUTUMN,STANDARD36826,P,2017-09-14,2017,9,2017-18,2017,Final_Report_2017_18.pdf,NEL
14-Sep-17,NE LANTAU,2,7.65,AUTUMN,STANDARD36826,S,2017-09-14,2017,9,2017-18,2017,Final_Report_2017_18.pdf,NEL
14-Sep-17,NE LANTAU,3,3.15,AUTUMN,STANDARD36826,S,2017-09-14,2017,9,2017-18,2017,Final_Report_2017_18.pdf,NEL
18-Sep-17,NW LANTAU,2,5.09,AUTUMN,STANDARD36826,P,2017-09-18,2017,9,2017-18,2017,Final_Report_2017_18.pdf,NWL
18-Sep-17,NW LANTAU,3,13.5,AUTUMN,STANDARD36826,P,2017-09-18,2017,9,2017-18,2017,Final_Report_2017_18.pdf,NWL
18-Sep-17,NW LANTAU,4,3.99,AUTUMN,STANDARD36826,P,2017-09-18,2017,9,2017-18,2017,Final_Report_2017_18.pdf,NWL
18-Sep-17,NW LANTAU,2,3.01,AUTUMN,STANDARD36826,S,2017-09-18,2017,9,2017-18,2017,Final_Report_2017_18.pdf,NWL
18-Sep-17,NW LANTAU,3,8.61,AUTUMN,STANDARD36826,S,2017-09-18,2017,9,2017-18,2017,Final_Report_2017_18.pdf,NWL
20-Sep-17,W LANTAU,2,8.46,AUTUMN,STANDARD36826,P,2017-09-20,2017,9,2017-18,2017,Final_Report_2017_18.pdf,WL
20-Sep-17,W LANTAU,3,0.38,AUTUMN,STANDARD36826,P,2017-09-20,2017,9,2017-18,2017,Final_Report_2017_18.pdf,WL
20-Sep-17,W LANTAU,4,0.46,AUTUMN,STANDARD36826,P,2017-09-20,2017,9,2017-18,2017,Final_Report_2017_18.pdf,WL
20-Sep-17,W LANTAU,2,10.72,AUTUMN,STANDARD36826,S,2017-09-20,2017,9,2017-18,2017,Final_Report_2017_18.pdf,WL
20-Sep-17,SE LANTAU,1,0.26,AUTUMN,STANDARD36826,P,2017-09-20,2017,9,2017-18,2017,Final_Report_2017_18.pdf,SEL
20-Sep-17,SE LANTAU,2,10.14,AUTUMN,STANDARD36826,P,2017-09-20,2017,9,2017-18,2017,Final_Report_2017_18.pdf,SEL
20-Sep-17,SE LANTAU,3,17.18,AUTUMN,STANDARD36826,P,2017-09-20,2017,9,2017-18,2017,Final_Report_2017_18.pdf,SEL
20-Sep-17,SE LANTAU,1,2.29,AUTUMN,STANDARD36826,S,2017-09-20,2017,9,2017-18,2017,Final_Report_2017_18.pdf,SEL
20-Sep-17,SE LANTAU,2,3.61,AUTUMN,STANDARD36826,S,2017-09-20,2017,9,2017-18,2017,Final_Report_2017_18.pdf,SEL
20-Sep-17,SE LANTAU,3,3.85,AUTUMN,STANDARD36826,S,2017-09-20,2017,9,2017-18,2017,Final_Report_2017_18.pdf,SEL
25-Sep-17,W LANTAU,2,7.5,AUTUMN,STANDARD36826,S,2017-09-25,2017,9,2017-18,2017,Final_Report_2017_18.pdf,WL
25-Sep-17,W LANTAU,3,2.86,AUTUMN,STANDARD36826,S,2017-09-25,2017,9,2017-18,2017,Final_Report_2017_18.pdf,WL
25-Sep-17,SW LANTAU,3,9.09,AUTUMN,STANDARD36826,S,2017-09-25,2017,9,2017-18,2017,Final_Report_2017_18.pdf,SWL
28-Sep-17,PO TOI,1,9.26,AUTUMN,STANDARD36826,P,2017-09-28,2017,9,2017-18,2017,Final_Report_2017_18.pdf,PT
28-Sep-17,PO TOI,2,43.37,AUTUMN,STANDARD36826,P,2017-09-28,2017,9,2017-18,2017,Final_Report_2017_18.pdf,PT
28-Sep-17,PO TOI,3,16.41,AUTUMN,STANDARD36826,P,2017-09-28,2017,9,2017-18,2017,Final_Report_2017_18.pdf,PT
28-Sep-17,PO TOI,1,0.6,AUTUMN,STANDARD36826,S,2017-09-28,2017,9,2017-18,2017,Final_Report_2017_18.pdf,PT
28-Sep-17,PO TOI,2,9.46,AUTUMN,STANDARD36826,S,2017-09-28,2017,9,2017-18,2017,Final_Report_2017_18.pdf,PT
29-Sep-17,DEEP BAY,1,0.57,AUTUMN,STANDARD36826,P,2017-09-29,2017,9,2017-18,2017,Final_Report_2017_18.pdf,DB
29-Sep-17,DEEP BAY,2,8.9,AUTUMN,STANDARD36826,P,2017-09-29,2017,9,2017-18,2017,Final_Report_2017_18.pdf,DB
29-Sep-17,DEEP BAY,3,3.3,AUTUMN,STANDARD36826,P,2017-09-29,2017,9,2017-18,2017,Final_Report_2017_18.pdf,DB
29-Sep-17,DEEP BAY,1,1.14,AUTUMN,STANDARD36826,S,2017-09-29,2017,9,2017-18,2017,Final_Report_2017_18.pdf,DB
29-Sep-17,DEEP BAY,2,6.19,AUTUMN,STANDARD36826,S,2017-09-29,2017,9,2017-18,2017,Final_Report_2017_18.pdf,DB
29-Sep-17,DEEP BAY,3,0.5,AUTUMN,STANDARD36826,S,2017-09-29,2017,9,2017-18,2017,Final_Report_2017_18.pdf,DB
29-Sep-17,NE LANTAU,2,2.14,AUTUMN,STANDARD36826,P,2017-09-29,2017,9,2017-18,2017,Final_Report_2017_18.pdf,NEL
29-Sep-17,NE LANTAU,3,6.43,AUTUMN,STANDARD36826,P,2017-09-29,2017,9,2017-18,2017,Final_Report_2017_18.pdf,NEL
29-Sep-17,NE LANTAU,4,1.53,AUTUMN,STANDARD36826,P,2017-09-29,2017,9,2017-18,2017,Final_Report_2017_18.pdf,NEL
29-Sep-17,NE LANTAU,2,3.9,AUTUMN,STANDARD36826,S,2017-09-29,2017,9,2017-18,2017,Final_Report_2017_18.pdf,NEL
29-Sep-17,NE LANTAU,3,6.3,AUTUMN,STANDARD36826,S,2017-09-29,2017,9,2017-18,2017,Final_Report_2017_18.pdf,NEL
10-Oct-17,SW LANTAU,3,7.19,AUTUMN,STANDARD36826,P,2017-10-10,2017,10,2017-18,2017,Final_Report_2017_18.pdf,SWL
10-Oct-17,SW LANTAU,4,8.12,AUTUMN,STANDARD36826,P,2017-10-10,2017,10,2017-18,2017,Final_Report_2017_18.pdf,SWL
10-Oct-17,SW LANTAU,2,0.6,AUTUMN,STANDARD36826,S,2017-10-10,2017,10,2017-18,2017,Final_Report_2017_18.pdf,SWL
10-Oct-17,SW LANTAU,3,6.1,AUTUMN,STANDARD36826,S,2017-10-10,2017,10,2017-18,2017,Final_Report_2017_18.pdf,SWL
10-Oct-17,SW LANTAU,4,3.73,AUTUMN,STANDARD36826,S,2017-10-10,2017,10,2017-18,2017,Final_Report_2017_18.pdf,SWL
10-Oct-17,SW LANTAU,5,2.06,AUTUMN,STANDARD36826,S,2017-10-10,2017,10,2017-18,2017,Final_Report_2017_18.pdf,SWL
11-Oct-17,SE LANTAU,3,24.88,AUTUMN,STANDARD36826,P,2017-10-11,2017,10,2017-18,2017,Final_Report_2017_18.pdf,SEL
11-Oct-17,SE LANTAU,4,6.35,AUTUMN,STANDARD36826,P,2017-10-11,2017,10,2017-18,2017,Final_Report_2017_18.pdf,SEL
11-Oct-17,SE LANTAU,2,1.57,AUTUMN,STANDARD36826,S,2017-10-11,2017,10,2017-18,2017,Final_Report_2017_18.pdf,SEL
11-Oct-17,SE LANTAU,3,6.73,AUTUMN,STANDARD36826,S,2017-10-11,2017,10,2017-18,2017,Final_Report_2017_18.pdf,SEL
11-Oct-17,SE LANTAU,4,5.1,AUTUMN,STANDARD36826,S,2017-10-11,2017,10,2017-18,2017,Final_Report_2017_18.pdf,SEL
11-Oct-17,SE LANTAU,5,0.16,AUTUMN,STANDARD36826,S,2017-10-11,2017,10,2017-18,2017,Final_Report_2017_18.pdf,SEL
11-Oct-17,SW LANTAU,3,14.21,AUTUMN,STANDARD36826,P,2017-10-11,2017,10,2017-18,2017,Final_Report_2017_18.pdf,SWL
11-Oct-17,SW LANTAU,4,8.46,AUTUMN,STANDARD36826,P,2017-10-11,2017,10,2017-18,2017,Final_Report_2017_18.pdf,SWL
11-Oct-17,SW LANTAU,3,4.7,AUTUMN,STANDARD36826,S,2017-10-11,2017,10,2017-18,2017,Final_Report_2017_18.pdf,SWL
11-Oct-17,SW LANTAU,4,2.93,AUTUMN,STANDARD36826,S,2017-10-11,2017,10,2017-18,2017,Final_Report_2017_18.pdf,SWL
12-Oct-17,W LANTAU,3,5.5,AUTUMN,STANDARD36826,P,2017-10-12,2017,10,2017-18,2017,Final_Report_2017_18.pdf,WL
12-Oct-17,W LANTAU,4,5.02,AUTUMN,STANDARD36826,P,2017-10-12,2017,10,2017-18,2017,Final_Report_2017_18.pdf,WL
12-Oct-17,W LANTAU,3,7.09,AUTUMN,STANDARD36826,S,2017-10-12,2017,10,2017-18,2017,Final_Report_2017_18.pdf,WL
12-Oct-17,W LANTAU,4,4.56,AUTUMN,STANDARD36826,S,2017-10-12,2017,10,2017-18,2017,Final_Report_2017_18.pdf,WL
19-Oct-17,NW LANTAU,2,5.93,AUTUMN,STANDARD36826,P,2017-10-19,2017,10,2017-18,2017,Final_Report_2017_18.pdf,NWL
19-Oct-17,NW LANTAU,3,2.32,AUTUMN,STANDARD36826,P,2017-10-19,2017,10,2017-18,2017,Final_Report_2017_18.pdf,NWL
19-Oct-17,NW LANTAU,4,7.15,AUTUMN,STANDARD36826,P,2017-10-19,2017,10,2017-18,2017,Final_Report_2017_18.pdf,NWL
19-Oct-17,NW LANTAU,2,3.25,AUTUMN,STANDARD36826,S,2017-10-19,2017,10,2017-18,2017,Final_Report_2017_18.pdf,NWL
19-Oct-17,NW LANTAU,3,7.67,AUTUMN,STANDARD36826,S,2017-10-19,2017,10,2017-18,2017,Final_Report_2017_18.pdf,NWL
19-Oct-17,NW LANTAU,4,1.68,AUTUMN,STANDARD36826,S,2017-10-19,2017,10,2017-18,2017,Final_Report_2017_18.pdf,NWL
20-Oct-17,DEEP BAY,1,0.3,AUTUMN,STANDARD36826,P,2017-10-20,2017,10,2017-18,2017,Final_Report_2017_18.pdf,DB
20-Oct-17,DEEP BAY,2,11.24,AUTUMN,STANDARD36826,P,2017-10-20,2017,10,2017-18,2017,Final_Report_2017_18.pdf,DB
20-Oct-17,DEEP BAY,3,1.72,AUTUMN,STANDARD36826,P,2017-10-20,2017,10,2017-18,2017,Final_Report_2017_18.pdf,DB
20-Oct-17,DEEP BAY,1,0.9,AUTUMN,STANDARD36826,S,2017-10-20,2017,10,2017-18,2017,Final_Report_2017_18.pdf,DB
20-Oct-17,DEEP BAY,2,5.84,AUTUMN,STANDARD36826,S,2017-10-20,2017,10,2017-18,2017,Final_Report_2017_18.pdf,DB
20-Oct-17,DEEP BAY,3,0.2,AUTUMN,STANDARD36826,S,2017-10-20,2017,10,2017-18,2017,Final_Report_2017_18.pdf,DB
20-Oct-17,NE LANTAU,2,15.76,AUTUMN,STANDARD36826,P,2017-10-20,2017,10,2017-18,2017,Final_Report_2017_18.pdf,NEL
20-Oct-17,NE LANTAU,2,9.74,AUTUMN,STANDARD36826,S,2017-10-20,2017,10,2017-18,2017,Final_Report_2017_18.pdf,NEL
20-Oct-17,NW LANTAU,2,17.92,AUTUMN,STANDARD36826,P,2017-10-20,2017,10,2017-18,2017,Final_Report_2017_18.pdf,NWL
20-Oct-17,NW LANTAU,3,18.35,AUTUMN,STANDARD36826,P,2017-10-20,2017,10,2017-18,2017,Final_Report_2017_18.pdf,NWL
20-Oct-17,NW LANTAU,2,10.23,AUTUMN,STANDARD36826,S,2017-10-20,2017,10,2017-18,2017,Final_Report_2017_18.pdf,NWL
24-Oct-17,SW LANTAU,2,12.17,AUTUMN,STANDARD36826,P,2017-10-24,2017,10,2017-18,2017,Final_Report_2017_18.pdf,SWL
24-Oct-17,SW LANTAU,3,4.64,AUTUMN,STANDARD36826,P,2017-10-24,2017,10,2017-18,2017,Final_Report_2017_18.pdf,SWL
24-Oct-17,SW LANTAU,2,3.3,AUTUMN,STANDARD36826,S,2017-10-24,2017,10,2017-18,2017,Final_Report_2017_18.pdf,SWL
24-Oct-17,SW LANTAU,3,4.49,AUTUMN,STANDARD36826,S,2017-10-24,2017,10,2017-18,2017,Final_Report_2017_18.pdf,SWL
26-Oct-17,W LANTAU,2,9.42,AUTUMN,STANDARD36826,P,2017-10-26,2017,10,2017-18,2017,Final_Report_2017_18.pdf,WL
26-Oct-17,W LANTAU,3,0.53,AUTUMN,STANDARD36826,P,2017-10-26,2017,10,2017-18,2017,Final_Report_2017_18.pdf,WL
26-Oct-17,W LANTAU,2,11.2,AUTUMN,STANDARD36826,S,2017-10-26,2017,10,2017-18,2017,Final_Report_2017_18.pdf,WL
31-Oct-17,NW LANTAU,2,17.59,AUTUMN,STANDARD36826,P,2017-10-31,2017,10,2017-18,2017,Final_Report_2017_18.pdf,NWL
31-Oct-17,NW LANTAU,3,4.91,AUTUMN,STANDARD36826,P,2017-10-31,2017,10,2017-18,2017,Final_Report_2017_18.pdf,NWL
31-Oct-17,NW LANTAU,2,12.8,AUTUMN,STANDARD36826,S,2017-10-31,2017,10,2017-18,2017,Final_Report_2017_18.pdf,NWL
31-Oct-17,NW LANTAU,3,1.0,AUTUMN,STANDARD36826,S,2017-10-31,2017,10,2017-18,2017,Final_Report_2017_18.pdf,NWL
31-Oct-17,W LANTAU,2,5.41,AUTUMN,STANDARD36826,P,2017-10-31,2017,10,2017-18,2017,Final_Report_2017_18.pdf,WL
31-Oct-17,W LANTAU,3,9.1,AUTUMN,STANDARD36826,P,2017-10-31,2017,10,2017-18,2017,Final_Report_2017_18.pdf,WL
31-Oct-17,W LANTAU,2,6.81,AUTUMN,STANDARD36826,S,2017-10-31,2017,10,2017-18,2017,Final_Report_2017_18.pdf,WL
31-Oct-17,W LANTAU,3,7.68,AUTUMN,STANDARD36826,S,2017-10-31,2017,10,2017-18,2017,Final_Report_2017_18.pdf,WL
2-Nov-17,PO TOI,2,12.2,AUTUMN,STANDARD36826,P,2017-11-02,2017,11,2017-18,2017,Final_Report_2017_18.pdf,PT
2-Nov-17,PO TOI,3,39.64,AUTUMN,STANDARD36826,P,2017-11-02,2017,11,2017-18,2017,Final_Report_2017_18.pdf,PT
2-Nov-17,PO TOI,4,1.96,AUTUMN,STANDARD36826,P,2017-11-02,2017,11,2017-18,2017,Final_Report_2017_18.pdf,PT
2-Nov-17,PO TOI,2,3.31,AUTUMN,STANDARD36826,S,2017-11-02,2017,11,2017-18,2017,Final_Report_2017_18.pdf,PT
2-Nov-17,PO TOI,3,14.19,AUTUMN,STANDARD36826,S,2017-11-02,2017,11,2017-18,2017,Final_Report_2017_18.pdf,PT
2-Nov-17,NINEPINS,3,7.22,AUTUMN,STANDARD36826,P,2017-11-02,2017,11,2017-18,2017,Final_Report_2017_18.pdf,NP
7-Nov-17,SE LANTAU,2,19.57,AUTUMN,STANDARD36826,P,2017-11-07,2017,11,2017-18,2017,Final_Report_2017_18.pdf,SEL
7-Nov-17,SE LANTAU,3,9.54,AUTUMN,STANDARD36826,P,2017-11-07,2017,11,2017-18,2017,Final_Report_2017_18.pdf,SEL
7-Nov-17,SE LANTAU,2,4.83,AUTUMN,STANDARD36826,S,2017-11-07,2017,11,2017-18,2017,Final_Report_2017_18.pdf,SEL
7-Nov-17,SE LANTAU,3,3.56,AUTUMN,STANDARD36826,S,2017-11-07,2017,11,2017-18,2017,Final_Report_2017_18.pdf,SEL
7-Nov-17,SW LANTAU,2,9.17,AUTUMN,STANDARD36826,P,2017-11-07,2017,11,2017-18,2017,Final_Report_2017_18.pdf,SWL
7-Nov-17,SW LANTAU,3,13.14,AUTUMN,STANDARD36826,P,2017-11-07,2017,11,2017-18,2017,Final_Report_2017_18.pdf,SWL
7-Nov-17,SW LANTAU,2,1.7,AUTUMN,STANDARD36826,S,2017-11-07,2017,11,2017-18,2017,Final_Report_2017_18.pdf,SWL
7-Nov-17,SW LANTAU,3,6.71,AUTUMN,STANDARD36826,S,2017-11-07,2017,11,2017-18,2017,Final_Report_2017_18.pdf,SWL
8-Nov-17,W LANTAU,2,0.99,AUTUMN,STANDARD36826,P,2017-11-08,2017,11,2017-18,2017,Final_Report_2017_18.pdf,WL
8-Nov-17,W LANTAU,3,1.8,AUTUMN,STANDARD36826,P,2017-11-08,2017,11,2017-18,2017,Final_Report_2017_18.pdf,WL
8-Nov-17,W LANTAU,4,3.81,AUTUMN,STANDARD36826,P,2017-11-08,2017,11,2017-18,2017,Final_Report_2017_18.pdf,WL
8-Nov-17,W LANTAU,2,1.16,AUTUMN,STANDARD36826,S,2017-11-08,2017,11,2017-18,2017,Final_Report_2017_18.pdf,WL
8-Nov-17,W LANTAU,3,5.27,AUTUMN,STANDARD36826,S,2017-11-08,2017,11,2017-18,2017,Final_Report_2017_18.pdf,WL
8-Nov-17,W LANTAU,4,3.64,AUTUMN,STANDARD36826,S,2017-11-08,2017,11,2017-18,2017,Final_Report_2017_18.pdf,WL
9-Nov-17,SW LANTAU,2,8.5,AUTUMN,STANDARD36826,P,2017-11-09,2017,11,2017-18,2017,Final_Report_2017_18.pdf,SWL
9-Nov-17,SW LANTAU,3,6.09,AUTUMN,STANDARD36826,P,2017-11-09,2017,11,2017-18,2017,Final_Report_2017_18.pdf,SWL
9-Nov-17,SW LANTAU,2,6.31,AUTUMN,STANDARD36826,S,2017-11-09,2017,11,2017-18,2017,Final_Report_2017_18.pdf,SWL
9-Nov-17,SW LANTAU,3,2.4,AUTUMN,STANDARD36826,S,2017-11-09,2017,11,2017-18,2017,Final_Report_2017_18.pdf,SWL
9-Nov-17,SW LANTAU,4,1.9,AUTUMN,STANDARD36826,S,2017-11-09,2017,11,2017-18,2017,Final_Report_2017_18.pdf,SWL
13-Nov-17,W LANTAU,2,16.12,AUTUMN,STANDARD36826,P,2017-11-13,2017,11,2017-18,2017,Final_Report_2017_18.pdf,WL
13-Nov-17,W LANTAU,2,13.57,AUTUMN,STANDARD36826,S,2017-11-13,2017,11,2017-18,2017,Final_Report_2017_18.pdf,WL
13-Nov-17,NW LANTAU,1,1.1,AUTUMN,STANDARD36826,P,2017-11-13,2017,11,2017-18,2017,Final_Report_2017_18.pdf,NWL
13-Nov-17,NW LANTAU,2,21.22,AUTUMN,STANDARD36826,P,2017-11-13,2017,11,2017-18,2017,Final_Report_2017_18.pdf,NWL
13-Nov-17,NW LANTAU,1,2.1,AUTUMN,STANDARD36826,S,2017-11-13,2017,11,2017-18,2017,Final_Report_2017_18.pdf,NWL
13-Nov-17,NW LANTAU,2,8.88,AUTUMN,STANDARD36826,S,2017-11-13,2017,11,2017-18,2017,Final_Report_2017_18.pdf,NWL
14-Nov-17,DEEP BAY,2,6.72,AUTUMN,STANDARD36826,P,2017-11-14,2017,11,2017-18,2017,Final_Report_2017_18.pdf,DB
14-Nov-17,DEEP BAY,3,5.25,AUTUMN,STANDARD36826,P,2017-11-14,2017,11,2017-18,2017,Final_Report_2017_18.pdf,DB
14-Nov-17,DEEP BAY,2,6.34,AUTUMN,STANDARD36826,S,2017-11-14,2017,11,2017-18,2017,Final_Report_2017_18.pdf,DB
14-Nov-17,DEEP BAY,3,0.89,AUTUMN,STANDARD36826,S,2017-11-14,2017,11,2017-18,2017,Final_Report_2017_18.pdf,DB
14-Nov-17,NE LANTAU,2,7.76,AUTUMN,STANDARD36826,P,2017-11-14,2017,11,2017-18,2017,Final_Report_2017_18.pdf,NEL
14-Nov-17,NE LANTAU,3,7.88,AUTUMN,STANDARD36826,P,2017-11-14,2017,11,2017-18,2017,Final_Report_2017_18.pdf,NEL
14-Nov-17,NE LANTAU,2,9.16,AUTUMN,STANDARD36826,S,2017-11-14,2017,11,2017-18,2017,Final_Report_2017_18.pdf,NEL
14-Nov-17,NE LANTAU,3,0.6,AUTUMN,STANDARD36826,S,2017-11-14,2017,11,2017-18,2017,Final_Report_2017_18.pdf,NEL
17-Nov-17,W LANTAU,2,5.04,AUTUMN,STANDARD36826,S,2017-11-17,2017,11,2017-18,2017,Final_Report_2017_18.pdf,WL
17-Nov-17,W LANTAU,3,2.11,AUTUMN,STANDARD36826,S,2017-11-17,2017,11,2017-18,2017,Final_Report_2017_18.pdf,WL
17-Nov-17,W LANTAU,4,3.05,AUTUMN,STANDARD36826,S,2017-11-17,2017,11,2017-18,2017,Final_Report_2017_18.pdf,WL
17-Nov-17,SW LANTAU,2,3.43,AUTUMN,STANDARD36826,P,2017-11-17,2017,11,2017-18,2017,Final_Report_2017_18.pdf,SWL
17-Nov-17,SW LANTAU,3,5.06,AUTUMN,STANDARD36826,P,2017-11-17,2017,11,2017-18,2017,Final_Report_2017_18.pdf,SWL
17-Nov-17,SW LANTAU,3,7.15,AUTUMN,STANDARD36826,S,2017-11-17,2017,11,2017-18,2017,Final_Report_2017_18.pdf,SWL
20-Nov-17,W LANTAU,3,9.51,AUTUMN,STANDARD36826,S,2017-11-20,2017,11,2017-18,2017,Final_Report_2017_18.pdf,WL
20-Nov-17,SW LANTAU,2,6.1,AUTUMN,STANDARD36826,P,2017-11-20,2017,11,2017-18,2017,Final_Report_2017_18.pdf,SWL
20-Nov-17,SW LANTAU,3,9.66,AUTUMN,STANDARD36826,P,2017-11-20,2017,11,2017-18,2017,Final_Report_2017_18.pdf,SWL
20-Nov-17,SW LANTAU,4,1.7,AUTUMN,STANDARD36826,P,2017-11-20,2017,11,2017-18,2017,Final_Report_2017_18.pdf,SWL
20-Nov-17,SW LANTAU,2,4.16,AUTUMN,STANDARD36826,S,2017-11-20,2017,11,2017-18,2017,Final_Report_2017_18.pdf,SWL
20-Nov-17,SW LANTAU,3,8.18,AUTUMN,STANDARD36826,S,2017-11-20,2017,11,2017-18,2017,Final_Report_2017_18.pdf,SWL
20-Nov-17,SW LANTAU,4,2.3,AUTUMN,STANDARD36826,S,2017-11-20,2017,11,2017-18,2017,Final_Report_2017_18.pdf,SWL
20-Nov-17,SE LANTAU,2,13.61,AUTUMN,STANDARD36826,P,2017-11-20,2017,11,2017-18,2017,Final_Report_2017_18.pdf,SEL
20-Nov-17,SE LANTAU,3,15.47,AUTUMN,STANDARD36826,P,2017-11-20,2017,11,2017-18,2017,Final_Report_2017_18.pdf,SEL
20-Nov-17,SE LANTAU,2,4.94,AUTUMN,STANDARD36826,S,2017-11-20,2017,11,2017-18,2017,Final_Report_2017_18.pdf,SEL
20-Nov-17,SE LANTAU,3,3.88,AUTUMN,STANDARD36826,S,2017-11-20,2017,11,2017-18,2017,Final_Report_2017_18.pdf,SEL
22-Nov-17,SE LANTAU,2,4.5,AUTUMN,STANDARD36826,P,2017-11-22,2017,11,2017-18,2017,Final_Report_2017_18.pdf,SEL
22-Nov-17,SE LANTAU,3,10.19,AUTUMN,STANDARD36826,P,2017-11-22,2017,11,2017-18,2017,Final_Report_2017_18.pdf,SEL
22-Nov-17,SE LANTAU,4,2.42,AUTUMN,STANDARD36826,P,2017-11-22,2017,11,2017-18,2017,Final_Report_2017_18.pdf,SEL
22-Nov-17,SE LANTAU,2,2.5,AUTUMN,STANDARD36826,S,2017-11-22,2017,11,2017-18,2017,Final_Report_2017_18.pdf,SEL
22-Nov-17,SE LANTAU,3,3.99,AUTUMN,STANDARD36826,S,2017-11-22,2017,11,2017-18,2017,Final_Report_2017_18.pdf,SEL
27-Nov-17,NW LANTAU,2,11.94,AUTUMN,STANDARD36826,P,2017-11-27,2017,11,2017-18,2017,Final_Report_2017_18.pdf,NWL
27-Nov-17,NW LANTAU,3,13.65,AUTUMN,STANDARD36826,P,2017-11-27,2017,11,2017-18,2017,Final_Report_2017_18.pdf,NWL
27-Nov-17,NW LANTAU,2,4.92,AUTUMN,STANDARD36826,S,2017-11-27,2017,11,2017-18,2017,Final_Report_2017_18.pdf,NWL
27-Nov-17,NW LANTAU,3,2.62,AUTUMN,STANDARD36826,S,2017-11-27,2017,11,2017-18,2017,Final_Report_2017_18.pdf,NWL
27-Nov-17,DEEP BAY,2,12.3,AUTUMN,STANDARD36826,P,2017-11-27,2017,11,2017-18,2017,Final_Report_2017_18.pdf,DB
27-Nov-17,DEEP BAY,3,0.6,AUTUMN,STANDARD36826,P,2017-11-27,2017,11,2017-18,2017,Final_Report_2017_18.pdf,DB
27-Nov-17,DEEP BAY,2,7.4,AUTUMN,STANDARD36826,S,2017-11-27,2017,11,2017-18,2017,Final_Report_2017_18.pdf,DB
27-Nov-17,NE LANTAU,1,0.6,AUTUMN,STANDARD36826,P,2017-11-27,2017,11,2017-18,2017,Final_Report_2017_18.pdf,NEL
27-Nov-17,NE LANTAU,2,18.48,AUTUMN,STANDARD36826,P,2017-11-27,2017,11,2017-18,2017,Final_Report_2017_18.pdf,NEL
27-Nov-17,NE LANTAU,1,2.5,AUTUMN,STANDARD36826,S,2017-11-27,2017,11,2017-18,2017,Final_Report_2017_18.pdf,NEL
27-Nov-17,NE LANTAU,2,8.02,AUTUMN,STANDARD36826,S,2017-11-27,2017,11,2017-18,2017,Final_Report_2017_18.pdf,NEL
28-Nov-17,W LANTAU,2,4.3,AUTUMN,STANDARD36826,P,2017-11-28,2017,11,2017-18,2017,Final_Report_2017_18.pdf,WL
28-Nov-17,W LANTAU,3,4.17,AUTUMN,STANDARD36826,P,2017-11-28,2017,11,2017-18,2017,Final_Report_2017_18.pdf,WL
28-Nov-17,W LANTAU,2,11.3,AUTUMN,STANDARD36826,S,2017-11-28,2017,11,2017-18,2017,Final_Report_2017_18.pdf,WL
28-Nov-17,W LANTAU,3,0.66,AUTUMN,STANDARD36826,S,2017-11-28,2017,11,2017-18,2017,Final_Report_2017_18.pdf,WL
29-Nov-17,SE LANTAU,2,4.49,AUTUMN,STANDARD36826,P,2017-11-29,2017,11,2017-18,2017,Final_Report_2017_18.pdf,SEL
29-Nov-17,SE LANTAU,3,10.13,AUTUMN,STANDARD36826,P,2017-11-29,2017,11,2017-18,2017,Final_Report_2017_18.pdf,SEL
29-Nov-17,SE LANTAU,4,5.3,AUTUMN,STANDARD36826,P,2017-11-29,2017,11,2017-18,2017,Final_Report_2017_18.pdf,SEL
29-Nov-17,SE LANTAU,2,6.69,AUTUMN,STANDARD36826,S,2017-11-29,2017,11,2017-18,2017,Final_Report_2017_18.pdf,SEL
29-Nov-17,SE LANTAU,3,8.66,AUTUMN,STANDARD36826,S,2017-11-29,2017,11,2017-18,2017,Final_Report_2017_18.pdf,SEL
29-Nov-17,SE LANTAU,4,0.5,AUTUMN,STANDARD36826,S,2017-11-29,2017,11,2017-18,2017,Final_Report_2017_18.pdf,SEL
29-Nov-17,SW LANTAU,2,19.11,AUTUMN,STANDARD36826,P,2017-11-29,2017,11,2017-18,2017,Final_Report_2017_18.pdf,SWL
29-Nov-17,SW LANTAU,3,4.02,AUTUMN,STANDARD36826,P,2017-11-29,2017,11,2017-18,2017,Final_Report_2017_18.pdf,SWL
29-Nov-17,SW LANTAU,2,9.0,AUTUMN,STANDARD36826,S,2017-11-29,2017,11,2017-18,2017,Final_Report_2017_18.pdf,SWL
29-Nov-17,SW LANTAU,3,1.97,AUTUMN,STANDARD36826,S,2017-11-29,2017,11,2017-18,2017,Final_Report_2017_18.pdf,SWL
4-Dec-17,SW LANTAU,2,7.0,WINTER,STANDARD36826,P,2017-12-04,2017,12,2017-18,2017,Final_Report_2017_18.pdf,SWL
4-Dec-17,SW LANTAU,3,15.34,WINTER,STANDARD36826,P,2017-12-04,2017,12,2017-18,2017,Final_Report_2017_18.pdf,SWL
4-Dec-17,SW LANTAU,2,0.22,WINTER,STANDARD36826,S,2017-12-04,2017,12,2017-18,2017,Final_Report_2017_18.pdf,SWL
4-Dec-17,SW LANTAU,3,11.85,WINTER,STANDARD36826,S,2017-12-04,2017,12,2017-18,2017,Final_Report_2017_18.pdf,SWL
6-Dec-17,NW LANTAU,2,19.51,WINTER,STANDARD36826,P,2017-12-06,2017,12,2017-18,2017,Final_Report_2017_18.pdf,NWL
6-Dec-17,NW LANTAU,3,5.11,WINTER,STANDARD36826,P,2017-12-06,2017,12,2017-18,2017,Final_Report_2017_18.pdf,NWL
6-Dec-17,NW LANTAU,2,5.53,WINTER,STANDARD36826,S,2017-12-06,2017,12,2017-18,2017,Final_Report_2017_18.pdf,NWL
6-Dec-17,NW LANTAU,3,5.32,WINTER,STANDARD36826,S,2017-12-06,2017,12,2017-18,2017,Final_Report_2017_18.pdf,NWL
6-Dec-17,W LANTAU,2,9.26,WINTER,STANDARD36826,P,2017-12-06,2017,12,2017-18,2017,Final_Report_2017_18.pdf,WL
6-Dec-17,W LANTAU,1,0.72,WINTER,STANDARD36826,S,2017-12-06,2017,12,2017-18,2017,Final_Report_2017_18.pdf,WL
6-Dec-17,W LANTAU,2,11.17,WINTER,STANDARD36826,S,2017-12-06,2017,12,2017-18,2017,Final_Report_2017_18.pdf,WL
7-Dec-17,W LANTAU,2,8.48,WINTER,STANDARD36826,S,2017-12-07,2017,12,2017-18,2017,Final_Report_2017_18.pdf,WL
7-Dec-17,W LANTAU,3,1.62,WINTER,STANDARD36826,S,2017-12-07,2017,12,2017-18,2017,Final_Report_2017_18.pdf,WL
7-Dec-17,SE LANTAU,2,15.56,WINTER,STANDARD36826,P,2017-12-07,2017,12,2017-18,2017,Final_Report_2017_18.pdf,SEL
7-Dec-17,SE LANTAU,2,5.74,WINTER,STANDARD36826,S,2017-12-07,2017,12,2017-18,2017,Final_Report_2017_18.pdf,SEL
12-Dec-17,W LANTAU,2,5.05,WINTER,STANDARD36826,P,2017-12-12,2017,12,2017-18,2017,Final_Report_2017_18.pdf,WL
12-Dec-17,W LANTAU,3,5.29,WINTER,STANDARD36826,P,2017-12-12,2017,12,2017-18,2017,Final_Report_2017_18.pdf,WL
12-Dec-17,W LANTAU,2,6.64,WINTER,STANDARD36826,S,2017-12-12,2017,12,2017-18,2017,Final_Report_2017_18.pdf,WL
12-Dec-17,W LANTAU,3,3.66,WINTER,STANDARD36826,S,2017-12-12,2017,12,2017-18,2017,Final_Report_2017_18.pdf,WL
14-Dec-17,DEEP BAY,2,12.78,WINTER,STANDARD36826,P,2017-12-14,2017,12,2017-18,2017,Final_Report_2017_18.pdf,DB
14-Dec-17,DEEP BAY,1,1.55,WINTER,STANDARD36826,S,2017-12-14,2017,12,2017-18,2017,Final_Report_2017_18.pdf,DB
14-Dec-17,DEEP BAY,2,5.57,WINTER,STANDARD36826,S,2017-12-14,2017,12,2017-18,2017,Final_Report_2017_18.pdf,DB
14-Dec-17,NE LANTAU,1,6.94,WINTER,STANDARD36826,P,2017-12-14,2017,12,2017-18,2017,Final_Report_2017_18.pdf,NEL
14-Dec-17,NE LANTAU,2,12.28,WINTER,STANDARD36826,P,2017-12-14,2017,12,2017-18,2017,Final_Report_2017_18.pdf,NEL
14-Dec-17,NE LANTAU,2,10.18,WINTER,STANDARD36826,S,2017-12-14,2017,12,2017-18,2017,Final_Report_2017_18.pdf,NEL
18-Dec-17,SW LANTAU,3,0.9,WINTER,STANDARD36826,P,2017-12-18,2017,12,2017-18,2017,Final_Report_2017_18.pdf,SWL
18-Dec-17,SW LANTAU,4,12.85,WINTER,STANDARD36826,P,2017-12-18,2017,12,2017-18,2017,Final_Report_2017_18.pdf,SWL
18-Dec-17,SW LANTAU,5,2.0,WINTER,STANDARD36826,P,2017-12-18,2017,12,2017-18,2017,Final_Report_2017_18.pdf,SWL
18-Dec-17,SW LANTAU,3,0.7,WINTER,STANDARD36826,S,2017-12-18,2017,12,2017-18,2017,Final_Report_2017_18.pdf,SWL
18-Dec-17,SW LANTAU,4,4.01,WINTER,STANDARD36826,S,2017-12-18,2017,12,2017-18,2017,Final_Report_2017_18.pdf,SWL
18-Dec-17,SW LANTAU,5,1.04,WINTER,STANDARD36826,S,2017-12-18,2017,12,2017-18,2017,Final_Report_2017_18.pdf,SWL
18-Dec-17,SE LANTAU,2,11.24,WINTER,STANDARD36826,P,2017-12-18,2017,12,2017-18,2017,Final_Report_2017_18.pdf,SEL
18-Dec-17,SE LANTAU,3,19.94,WINTER,STANDARD36826,P,2017-12-18,2017,12,2017-18,2017,Final_Report_2017_18.pdf,SEL
18-Dec-17,SE LANTAU,4,4.8,WINTER,STANDARD36826,P,2017-12-18,2017,12,2017-18,2017,Final_Report_2017_18.pdf,SEL
18-Dec-17,SE LANTAU,2,3.2,WINTER,STANDARD36826,S,2017-12-18,2017,12,2017-18,2017,Final_Report_2017_18.pdf,SEL
18-Dec-17,SE LANTAU,3,3.78,WINTER,STANDARD36826,S,2017-12-18,2017,12,2017-18,2017,Final_Report_2017_18.pdf,SEL
18-Dec-17,SE LANTAU,4,1.7,WINTER,STANDARD36826,S,2017-12-18,2017,12,2017-18,2017,Final_Report_2017_18.pdf,SEL
20-Dec-17,NW LANTAU,4,12.77,WINTER,STANDARD36826,P,2017-12-20,2017,12,2017-18,2017,Final_Report_2017_18.pdf,NWL
20-Dec-17,NW LANTAU,5,0.56,WINTER,STANDARD36826,P,2017-12-20,2017,12,2017-18,2017,Final_Report_2017_18.pdf,NWL
20-Dec-17,NW LANTAU,2,1.62,WINTER,STANDARD36826,S,2017-12-20,2017,12,2017-18,2017,Final_Report_2017_18.pdf,NWL
20-Dec-17,NW LANTAU,3,6.99,WINTER,STANDARD36826,S,2017-12-20,2017,12,2017-18,2017,Final_Report_2017_18.pdf,NWL
20-Dec-17,NW LANTAU,5,2.87,WINTER,STANDARD36826,S,2017-12-20,2017,12,2017-18,2017,Final_Report_2017_18.pdf,NWL
20-Dec-17,DEEP BAY,2,4.07,WINTER,STANDARD36826,P,2017-12-20,2017,12,2017-18,2017,Final_Report_2017_18.pdf,DB
20-Dec-17,DEEP BAY,3,8.28,WINTER,STANDARD36826,P,2017-12-20,2017,12,2017-18,2017,Final_Report_2017_18.pdf,DB
20-Dec-17,DEEP BAY,2,2.89,WINTER,STANDARD36826,S,2017-12-20,2017,12,2017-18,2017,Final_Report_2017_18.pdf,DB
20-Dec-17,DEEP BAY,3,4.76,WINTER,STANDARD36826,S,2017-12-20,2017,12,2017-18,2017,Final_Report_2017_18.pdf,DB
21-Dec-17,SE LANTAU,3,7.55,WINTER,STANDARD36826,P,2017-12-21,2017,12,2017-18,2017,Final_Report_2017_18.pdf,SEL
21-Dec-17,SE LANTAU,4,1.53,WINTER,STANDARD36826,P,2017-12-21,2017,12,2017-18,2017,Final_Report_2017_18.pdf,SEL
21-Dec-17,SE LANTAU,5,0.71,WINTER,STANDARD36826,P,2017-12-21,2017,12,2017-18,2017,Final_Report_2017_18.pdf,SEL
21-Dec-17,SE LANTAU,2,1.7,WINTER,STANDARD36826,S,2017-12-21,2017,12,2017-18,2017,Final_Report_2017_18.pdf,SEL
21-Dec-17,SE LANTAU,3,3.1,WINTER,STANDARD36826,S,2017-12-21,2017,12,2017-18,2017,Final_Report_2017_18.pdf,SEL
21-Dec-17,SE LANTAU,4,5.33,WINTER,STANDARD36826,S,2017-12-21,2017,12,2017-18,2017,Final_Report_2017_18.pdf,SEL
21-Dec-17,SE LANTAU,5,2.08,WINTER,STANDARD36826,S,2017-12-21,2017,12,2017-18,2017,Final_Report_2017_18.pdf,SEL
28-Dec-17,SE LANTAU,1,1.2,WINTER,STANDARD36826,P,2017-12-28,2017,12,2017-18,2017,Final_Report_2017_18.pdf,SEL
28-Dec-17,SE LANTAU,2,25.65,WINTER,STANDARD36826,P,2017-12-28,2017,12,2017-18,2017,Final_Report_2017_18.pdf,SEL
28-Dec-17,SE LANTAU,3,3.8,WINTER,STANDARD36826,P,2017-12-28,2017,12,2017-18,2017,Final_Report_2017_18.pdf,SEL
28-Dec-17,SE LANTAU,2,3.85,WINTER,STANDARD36826,S,2017-12-28,2017,12,2017-18,2017,Final_Report_2017_18.pdf,SEL
28-Dec-17,SE LANTAU,3,1.9,WINTER,STANDARD36826,S,2017-12-28,2017,12,2017-18,2017,Final_Report_2017_18.pdf,SEL
28-Dec-17,LAMMA,2,13.88,WINTER,STANDARD36826,P,2017-12-28,2017,12,2017-18,2017,Final_Report_2017_18.pdf,LM
28-Dec-17,LAMMA,3,25.67,WINTER,STANDARD36826,P,2017-12-28,2017,12,2017-18,2017,Final_Report_2017_18.pdf,LM
28-Dec-17,LAMMA,2,5.65,WINTER,STANDARD36826,S,2017-12-28,2017,12,2017-18,2017,Final_Report_2017_18.pdf,LM
28-Dec-17,LAMMA,3,3.8,WINTER,STANDARD36826,S,2017-12-28,2017,12,2017-18,2017,Final_Report_2017_18.pdf,LM
29-Dec-17,W LANTAU,1,1.22,WINTER,STANDARD36826,P,2017-12-29,2017,12,2017-18,2017,Final_Report_2017_18.pdf,WL
29-Dec-17,W LANTAU,2,18.21,WINTER,STANDARD36826,P,2017-12-29,2017,12,2017-18,2017,Final_Report_2017_18.pdf,WL
29-Dec-17,W LANTAU,3,1.7,WINTER,STANDARD36826,P,2017-12-29,2017,12,2017-18,2017,Final_Report_2017_18.pdf,WL
29-Dec-17,W LANTAU,2,10.18,WINTER,STANDARD36826,S,2017-12-29,2017,12,2017-18,2017,Final_Report_2017_18.pdf,WL
29-Dec-17,W LANTAU,3,0.65,WINTER,STANDARD36826,S,2017-12-29,2017,12,2017-18,2017,Final_Report_2017_18.pdf,WL
29-Dec-17,SW LANTAU,3,7.07,WINTER,STANDARD36826,P,2017-12-29,2017,12,2017-18,2017,Final_Report_2017_18.pdf,SWL
29-Dec-17,SW LANTAU,4,5.3,WINTER,STANDARD36826,P,2017-12-29,2017,12,2017-18,2017,Final_Report_2017_18.pdf,SWL
29-Dec-17,SW LANTAU,2,1.72,WINTER,STANDARD36826,S,2017-12-29,2017,12,2017-18,2017,Final_Report_2017_18.pdf,SWL
29-Dec-17,SW LANTAU,3,2.18,WINTER,STANDARD36826,S,2017-12-29,2017,12,2017-18,2017,Final_Report_2017_18.pdf,SWL
29-Dec-17,SW LANTAU,4,5.03,WINTER,STANDARD36826,S,2017-12-29,2017,12,2017-18,2017,Final_Report_2017_18.pdf,SWL
2-Jan-18,W LANTAU,2,4.08,WINTER,STANDARD36826,P,2018-01-02,2018,1,2017-18,2017,Final_Report_2017_18.pdf,WL
2-Jan-18,W LANTAU,1,0.77,WINTER,STANDARD36826,S,2018-01-02,2018,1,2017-18,2017,Final_Report_2017_18.pdf,WL
2-Jan-18,W LANTAU,2,7.35,WINTER,STANDARD36826,S,2018-01-02,2018,1,2017-18,2017,Final_Report_2017_18.pdf,WL
2-Jan-18,W LANTAU,3,1.3,WINTER,STANDARD36826,S,2018-01-02,2018,1,2017-18,2017,Final_Report_2017_18.pdf,WL
3-Jan-18,SW LANTAU,3,13.68,WINTER,STANDARD36826,P,2018-01-03,2018,1,2017-18,2017,Final_Report_2017_18.pdf,SWL
3-Jan-18,SW LANTAU,4,3.25,WINTER,STANDARD36826,P,2018-01-03,2018,1,2017-18,2017,Final_Report_2017_18.pdf,SWL
3-Jan-18,SW LANTAU,2,3.4,WINTER,STANDARD36826,S,2018-01-03,2018,1,2017-18,2017,Final_Report_2017_18.pdf,SWL
3-Jan-18,SW LANTAU,3,1.5,WINTER,STANDARD36826,S,2018-01-03,2018,1,2017-18,2017,Final_Report_2017_18.pdf,SWL
3-Jan-18,SW LANTAU,4,3.57,WINTER,STANDARD36826,S,2018-01-03,2018,1,2017-18,2017,Final_Report_2017_18.pdf,SWL
4-Jan-18,SE LANTAU,2,10.38,WINTER,STANDARD36826,P,2018-01-04,2018,1,2017-18,2017,Final_Report_2017_18.pdf,SEL
4-Jan-18,SE LANTAU,3,14.52,WINTER,STANDARD36826,P,2018-01-04,2018,1,2017-18,2017,Final_Report_2017_18.pdf,SEL
4-Jan-18,SE LANTAU,4,1.46,WINTER,STANDARD36826,P,2018-01-04,2018,1,2017-18,2017,Final_Report_2017_18.pdf,SEL
4-Jan-18,SE LANTAU,2,6.13,WINTER,STANDARD36826,S,2018-01-04,2018,1,2017-18,2017,Final_Report_2017_18.pdf,SEL
4-Jan-18,SE LANTAU,3,3.06,WINTER,STANDARD36826,S,2018-01-04,2018,1,2017-18,2017,Final_Report_2017_18.pdf,SEL
4-Jan-18,SE LANTAU,4,1.95,WINTER,STANDARD36826,S,2018-01-04,2018,1,2017-18,2017,Final_Report_2017_18.pdf,SEL
4-Jan-18,SW LANTAU,3,18.5,WINTER,STANDARD36826,P,2018-01-04,2018,1,2017-18,2017,Final_Report_2017_18.pdf,SWL
4-Jan-18,SW LANTAU,4,4.6,WINTER,STANDARD36826,P,2018-01-04,2018,1,2017-18,2017,Final_Report_2017_18.pdf,SWL
4-Jan-18,SW LANTAU,3,6.44,WINTER,STANDARD36826,S,2018-01-04,2018,1,2017-18,2017,Final_Report_2017_18.pdf,SWL
4-Jan-18,SW LANTAU,4,3.46,WINTER,STANDARD36826,S,2018-01-04,2018,1,2017-18,2017,Final_Report_2017_18.pdf,SWL
5-Jan-18,W LANTAU,0,0.87,WINTER,STANDARD36826,P,2018-01-05,2018,1,2017-18,2017,Final_Report_2017_18.pdf,WL
5-Jan-18,W LANTAU,1,9.07,WINTER,STANDARD36826,P,2018-01-05,2018,1,2017-18,2017,Final_Report_2017_18.pdf,WL
5-Jan-18,W LANTAU,2,2.41,WINTER,STANDARD36826,P,2018-01-05,2018,1,2017-18,2017,Final_Report_2017_18.pdf,WL
5-Jan-18,W LANTAU,1,8.72,WINTER,STANDARD36826,S,2018-01-05,2018,1,2017-18,2017,Final_Report_2017_18.pdf,WL
5-Jan-18,W LANTAU,2,2.41,WINTER,STANDARD36826,S,2018-01-05,2018,1,2017-18,2017,Final_Report_2017_18.pdf,WL
5-Jan-18,NW LANTAU,1,1.59,WINTER,STANDARD36826,P,2018-01-05,2018,1,2017-18,2017,Final_Report_2017_18.pdf,NWL
5-Jan-18,NW LANTAU,2,6.96,WINTER,STANDARD36826,P,2018-01-05,2018,1,2017-18,2017,Final_Report_2017_18.pdf,NWL
5-Jan-18,NW LANTAU,3,17.15,WINTER,STANDARD36826,P,2018-01-05,2018,1,2017-18,2017,Final_Report_2017_18.pdf,NWL
5-Jan-18,NW LANTAU,2,6.6,WINTER,STANDARD36826,S,2018-01-05,2018,1,2017-18,2017,Final_Report_2017_18.pdf,NWL
5-Jan-18,NW LANTAU,3,4.2,WINTER,STANDARD36826,S,2018-01-05,2018,1,2017-18,2017,Final_Report_2017_18.pdf,NWL
11-Jan-18,DEEP BAY,2,1.39,WINTER,STANDARD36826,P,2018-01-11,2018,1,2017-18,2017,Final_Report_2017_18.pdf,DB
11-Jan-18,DEEP BAY,3,8.29,WINTER,STANDARD36826,P,2018-01-11,2018,1,2017-18,2017,Final_Report_2017_18.pdf,DB
11-Jan-18,DEEP BAY,3,4.15,WINTER,STANDARD36826,S,2018-01-11,2018,1,2017-18,2017,Final_Report_2017_18.pdf,DB
15-Jan-18,LAMMA,2,12.05,WINTER,STANDARD36826,P,2018-01-15,2018,1,2017-18,2017,Final_Report_2017_18.pdf,LM
15-Jan-18,LAMMA,3,8.14,WINTER,STANDARD36826,P,2018-01-15,2018,1,2017-18,2017,Final_Report_2017_18.pdf,LM
15-Jan-18,LAMMA,2,6.61,WINTER,STANDARD36826,S,2018-01-15,2018,1,2017-18,2017,Final_Report_2017_18.pdf,LM
15-Jan-18,LAMMA,3,1.3,WINTER,STANDARD36826,S,2018-01-15,2018,1,2017-18,2017,Final_Report_2017_18.pdf,LM
15-Jan-18,SE LANTAU,2,4.4,WINTER,STANDARD36826,P,2018-01-15,2018,1,2017-18,2017,Final_Report_2017_18.pdf,SEL
15-Jan-18,SE LANTAU,3,20.97,WINTER,STANDARD36826,P,2018-01-15,2018,1,2017-18,2017,Final_Report_2017_18.pdf,SEL
15-Jan-18,SE LANTAU,4,2.7,WINTER,STANDARD36826,P,2018-01-15,2018,1,2017-18,2017,Final_Report_2017_18.pdf,SEL
15-Jan-18,SE LANTAU,1,1.15,WINTER,STANDARD36826,S,2018-01-15,2018,1,2017-18,2017,Final_Report_2017_18.pdf,SEL
15-Jan-18,SE LANTAU,2,2.95,WINTER,STANDARD36826,S,2018-01-15,2018,1,2017-18,2017,Final_Report_2017_18.pdf,SEL
15-Jan-18,SE LANTAU,3,0.9,WINTER,STANDARD36826,S,2018-01-15,2018,1,2017-18,2017,Final_Report_2017_18.pdf,SEL
15-Jan-18,SE LANTAU,4,1.1,WINTER,STANDARD36826,S,2018-01-15,2018,1,2017-18,2017,Final_Report_2017_18.pdf,SEL
15-Jan-18,SW LANTAU,3,9.96,WINTER,STANDARD36826,P,2018-01-15,2018,1,2017-18,2017,Final_Report_2017_18.pdf,SWL
15-Jan-18,SW LANTAU,3,4.84,WINTER,STANDARD36826,S,2018-01-15,2018,1,2017-18,2017,Final_Report_2017_18.pdf,SWL
16-Jan-18,W LANTAU,2,9.54,WINTER,STANDARD36826,S,2018-01-16,2018,1,2017-18,2017,Final_Report_2017_18.pdf,WL
16-Jan-18,SW LANTAU,1,3.09,WINTER,STANDARD36826,P,2018-01-16,2018,1,2017-18,2017,Final_Report_2017_18.pdf,SWL
16-Jan-18,SW LANTAU,2,5.59,WINTER,STANDARD36826,P,2018-01-16,2018,1,2017-18,2017,Final_Report_2017_18.pdf,SWL
16-Jan-18,SW LANTAU,1,1.61,WINTER,STANDARD36826,S,2018-01-16,2018,1,2017-18,2017,Final_Report_2017_18.pdf,SWL
16-Jan-18,SW LANTAU,2,3.48,WINTER,STANDARD36826,S,2018-01-16,2018,1,2017-18,2017,Final_Report_2017_18.pdf,SWL
17-Jan-18,LAMMA,1,18.24,WINTER,STANDARD36826,P,2018-01-17,2018,1,2017-18,2017,Final_Report_2017_18.pdf,LM
17-Jan-18,LAMMA,2,44.93,WINTER,STANDARD36826,P,2018-01-17,2018,1,2017-18,2017,Final_Report_2017_18.pdf,LM
17-Jan-18,LAMMA,3,12.86,WINTER,STANDARD36826,P,2018-01-17,2018,1,2017-18,2017,Final_Report_2017_18.pdf,LM
17-Jan-18,LAMMA,1,5.46,WINTER,STANDARD36826,S,2018-01-17,2018,1,2017-18,2017,Final_Report_2017_18.pdf,LM
17-Jan-18,LAMMA,2,8.11,WINTER,STANDARD36826,S,2018-01-17,2018,1,2017-18,2017,Final_Report_2017_18.pdf,LM
17-Jan-18,LAMMA,3,1.0,WINTER,STANDARD36826,S,2018-01-17,2018,1,2017-18,2017,Final_Report_2017_18.pdf,LM
19-Jan-18,W LANTAU,1,4.26,WINTER,STANDARD36826,P,2018-01-19,2018,1,2017-18,2017,Final_Report_2017_18.pdf,WL
19-Jan-18,W LANTAU,2,2.72,WINTER,STANDARD36826,P,2018-01-19,2018,1,2017-18,2017,Final_Report_2017_18.pdf,WL
19-Jan-18,W LANTAU,1,10.44,WINTER,STANDARD36826,S,2018-01-19,2018,1,2017-18,2017,Final_Report_2017_18.pdf,WL
22-Jan-18,LAMMA,1,10.9,WINTER,STANDARD36826,P,2018-01-22,2018,1,2017-18,2017,Final_Report_2017_18.pdf,LM
22-Jan-18,LAMMA,2,26.87,WINTER,STANDARD36826,P,2018-01-22,2018,1,2017-18,2017,Final_Report_2017_18.pdf,LM
22-Jan-18,LAMMA,1,2.0,WINTER,STANDARD36826,S,2018-01-22,2018,1,2017-18,2017,Final_Report_2017_18.pdf,LM
22-Jan-18,LAMMA,2,5.31,WINTER,STANDARD36826,S,2018-01-22,2018,1,2017-18,2017,Final_Report_2017_18.pdf,LM
22-Jan-18,SE LANTAU,1,16.08,WINTER,STANDARD36826,P,2018-01-22,2018,1,2017-18,2017,Final_Report_2017_18.pdf,SEL
22-Jan-18,SE LANTAU,2,4.41,WINTER,STANDARD36826,P,2018-01-22,2018,1,2017-18,2017,Final_Report_2017_18.pdf,SEL
22-Jan-18,SE LANTAU,1,0.19,WINTER,STANDARD36826,S,2018-01-22,2018,1,2017-18,2017,Final_Report_2017_18.pdf,SEL
22-Jan-18,SE LANTAU,2,6.59,WINTER,STANDARD36826,S,2018-01-22,2018,1,2017-18,2017,Final_Report_2017_18.pdf,SEL
23-Jan-18,W LANTAU,1,1.1,WINTER,STANDARD36826,S,2018-01-23,2018,1,2017-18,2017,Final_Report_2017_18.pdf,WL
23-Jan-18,W LANTAU,2,7.3,WINTER,STANDARD36826,S,2018-01-23,2018,1,2017-18,2017,Final_Report_2017_18.pdf,WL
23-Jan-18,W LANTAU,3,1.3,WINTER,STANDARD36826,S,2018-01-23,2018,1,2017-18,2017,Final_Report_2017_18.pdf,WL
23-Jan-18,NE LANTAU,2,12.79,WINTER,STANDARD36826,P,2018-01-23,2018,1,2017-18,2017,Final_Report_2017_18.pdf,NEL
23-Jan-18,NE LANTAU,1,3.8,WINTER,STANDARD36826,S,2018-01-23,2018,1,2017-18,2017,Final_Report_2017_18.pdf,NEL
23-Jan-18,NE LANTAU,2,6.41,WINTER,STANDARD36826,S,2018-01-23,2018,1,2017-18,2017,Final_Report_2017_18.pdf,NEL
30-Jan-18,W LANTAU,2,1.72,WINTER,STANDARD36826,P,2018-01-30,2018,1,2017-18,2017,Final_Report_2017_18.pdf,WL
30-Jan-18,W LANTAU,3,6.85,WINTER,STANDARD36826,P,2018-01-30,2018,1,2017-18,2017,Final_Report_2017_18.pdf,WL
30-Jan-18,W LANTAU,4,1.3,WINTER,STANDARD36826,P,2018-01-30,2018,1,2017-18,2017,Final_Report_2017_18.pdf,WL
30-Jan-18,W LANTAU,2,5.2,WINTER,STANDARD36826,S,2018-01-30,2018,1,2017-18,2017,Final_Report_2017_18.pdf,WL
30-Jan-18,W LANTAU,3,6.93,WINTER,STANDARD36826,S,2018-01-30,2018,1,2017-18,2017,Final_Report_2017_18.pdf,WL
30-Jan-18,SW LANTAU,2,19.37,WINTER,STANDARD36826,P,2018-01-30,2018,1,2017-18,2017,Final_Report_2017_18.pdf,SWL
30-Jan-18,SW LANTAU,3,3.68,WINTER,STANDARD36826,P,2018-01-30,2018,1,2017-18,2017,Final_Report_2017_18.pdf,SWL
30-Jan-18,SW LANTAU,2,11.04,WINTER,STANDARD36826,S,2018-01-30,2018,1,2017-18,2017,Final_Report_2017_18.pdf,SWL
30-Jan-18,SW LANTAU,3,3.88,WINTER,STANDARD36826,S,2018-01-30,2018,1,2017-18,2017,Final_Report_2017_18.pdf,SWL
30-Jan-18,SE LANTAU,2,5.4,WINTER,STANDARD36826,P,2018-01-30,2018,1,2017-18,2017,Final_Report_2017_18.pdf,SEL
30-Jan-18,SE LANTAU,3,5.74,WINTER,STANDARD36826,P,2018-01-30,2018,1,2017-18,2017,Final_Report_2017_18.pdf,SEL
30-Jan-18,SE LANTAU,2,2.63,WINTER,STANDARD36826,S,2018-01-30,2018,1,2017-18,2017,Final_Report_2017_18.pdf,SEL
31-Jan-18,NE LANTAU,2,9.04,WINTER,STANDARD36826,P,2018-01-31,2018,1,2017-18,2017,Final_Report_2017_18.pdf,NEL
31-Jan-18,NE LANTAU,3,8.3,WINTER,STANDARD36826,P,2018-01-31,2018,1,2017-18,2017,Final_Report_2017_18.pdf,NEL
31-Jan-18,NE LANTAU,1,1.1,WINTER,STANDARD36826,S,2018-01-31,2018,1,2017-18,2017,Final_Report_2017_18.pdf,NEL
31-Jan-18,NE LANTAU,2,4.76,WINTER,STANDARD36826,S,2018-01-31,2018,1,2017-18,2017,Final_Report_2017_18.pdf,NEL
31-Jan-18,NE LANTAU,3,3.8,WINTER,STANDARD36826,S,2018-01-31,2018,1,2017-18,2017,Final_Report_2017_18.pdf,NEL
31-Jan-18,NW LANTAU,2,2.16,WINTER,STANDARD36826,P,2018-01-31,2018,1,2017-18,2017,Final_Report_2017_18.pdf,NWL
31-Jan-18,NW LANTAU,3,16.35,WINTER,STANDARD36826,P,2018-01-31,2018,1,2017-18,2017,Final_Report_2017_18.pdf,NWL
31-Jan-18,NW LANTAU,4,16.24,WINTER,STANDARD36826,P,2018-01-31,2018,1,2017-18,2017,Final_Report_2017_18.pdf,NWL
31-Jan-18,NW LANTAU,2,1.66,WINTER,STANDARD36826,S,2018-01-31,2018,1,2017-18,2017,Final_Report_2017_18.pdf,NWL
31-Jan-18,NW LANTAU,3,7.29,WINTER,STANDARD36826,S,2018-01-31,2018,1,2017-18,2017,Final_Report_2017_18.pdf,NWL
31-Jan-18,NW LANTAU,4,4.4,WINTER,STANDARD36826,S,2018-01-31,2018,1,2017-18,2017,Final_Report_2017_18.pdf,NWL
2-Feb-18,W LANTAU,3,2.33,WINTER,STANDARD36826,S,2018-02-02,2018,2,2017-18,2017,Final_Report_2017_18.pdf,WL
2-Feb-18,W LANTAU,4,7.02,WINTER,STANDARD36826,S,2018-02-02,2018,2,2017-18,2017,Final_Report_2017_18.pdf,WL
2-Feb-18,SW LANTAU,3,3.9,WINTER,STANDARD36826,P,2018-02-02,2018,2,2017-18,2017,Final_Report_2017_18.pdf,SWL
2-Feb-18,SW LANTAU,4,8.56,WINTER,STANDARD36826,P,2018-02-02,2018,2,2017-18,2017,Final_Report_2017_18.pdf,SWL
2-Feb-18,SW LANTAU,5,1.0,WINTER,STANDARD36826,P,2018-02-02,2018,2,2017-18,2017,Final_Report_2017_18.pdf,SWL
2-Feb-18,SW LANTAU,4,2.34,WINTER,STANDARD36826,S,2018-02-02,2018,2,2017-18,2017,Final_Report_2017_18.pdf,SWL
2-Feb-18,SW LANTAU,5,2.0,WINTER,STANDARD36826,S,2018-02-02,2018,2,2017-18,2017,Final_Report_2017_18.pdf,SWL
7-Feb-18,LAMMA,2,30.34,WINTER,STANDARD36826,P,2018-02-07,2018,2,2017-18,2017,Final_Report_2017_18.pdf,LM
7-Feb-18,LAMMA,3,21.64,WINTER,STANDARD36826,P,2018-02-07,2018,2,2017-18,2017,Final_Report_2017_18.pdf,LM
7-Feb-18,LAMMA,2,7.58,WINTER,STANDARD36826,S,2018-02-07,2018,2,2017-18,2017,Final_Report_2017_18.pdf,LM
7-Feb-18,LAMMA,3,0.99,WINTER,STANDARD36826,S,2018-02-07,2018,2,2017-18,2017,Final_Report_2017_18.pdf,LM
7-Feb-18,SE LANTAU,2,21.12,WINTER,STANDARD36826,P,2018-02-07,2018,2,2017-18,2017,Final_Report_2017_18.pdf,SEL
7-Feb-18,SE LANTAU,2,5.88,WINTER,STANDARD36826,S,2018-02-07,2018,2,2017-18,2017,Final_Report_2017_18.pdf,SEL
8-Feb-18,SW LANTAU,2,9.04,WINTER,STANDARD36826,P,2018-02-08,2018,2,2017-18,2017,Final_Report_2017_18.pdf,SWL
8-Feb-18,SW LANTAU,3,10.68,WINTER,STANDARD36826,P,2018-02-08,2018,2,2017-18,2017,Final_Report_2017_18.pdf,SWL
8-Feb-18,SW LANTAU,4,4.1,WINTER,STANDARD36826,P,2018-02-08,2018,2,2017-18,2017,Final_Report_2017_18.pdf,SWL
8-Feb-18,SW LANTAU,2,6.34,WINTER,STANDARD36826,S,2018-02-08,2018,2,2017-18,2017,Final_Report_2017_18.pdf,SWL
8-Feb-18,SW LANTAU,3,7.34,WINTER,STANDARD36826,S,2018-02-08,2018,2,2017-18,2017,Final_Report_2017_18.pdf,SWL
12-Feb-18,NW LANTAU,2,5.79,WINTER,STANDARD36826,P,2018-02-12,2018,2,2017-18,2017,Final_Report_2017_18.pdf,NWL
12-Feb-18,NW LANTAU,3,14.79,WINTER,STANDARD36826,P,2018-02-12,2018,2,2017-18,2017,Final_Report_2017_18.pdf,NWL
12-Feb-18,NW LANTAU,4,5.12,WINTER,STANDARD36826,P,2018-02-12,2018,2,2017-18,2017,Final_Report_2017_18.pdf,NWL
12-Feb-18,NW LANTAU,3,7.63,WINTER,STANDARD36826,S,2018-02-12,2018,2,2017-18,2017,Final_Report_2017_18.pdf,NWL
12-Feb-18,DEEP BAY,2,10.74,WINTER,STANDARD36826,P,2018-02-12,2018,2,2017-18,2017,Final_Report_2017_18.pdf,DB
12-Feb-18,DEEP BAY,3,0.6,WINTER,STANDARD36826,P,2018-02-12,2018,2,2017-18,2017,Final_Report_2017_18.pdf,DB
12-Feb-18,DEEP BAY,4,1.1,WINTER,STANDARD36826,P,2018-02-12,2018,2,2017-18,2017,Final_Report_2017_18.pdf,DB
12-Feb-18,DEEP BAY,2,6.36,WINTER,STANDARD36826,S,2018-02-12,2018,2,2017-18,2017,Final_Report_2017_18.pdf,DB
12-Feb-18,DEEP BAY,3,0.8,WINTER,STANDARD36826,S,2018-02-12,2018,2,2017-18,2017,Final_Report_2017_18.pdf,DB
12-Feb-18,NE LANTAU,2,13.48,WINTER,STANDARD36826,P,2018-02-12,2018,2,2017-18,2017,Final_Report_2017_18.pdf,NEL
12-Feb-18,NE LANTAU,3,5.25,WINTER,STANDARD36826,P,2018-02-12,2018,2,2017-18,2017,Final_Report_2017_18.pdf,NEL
12-Feb-18,NE LANTAU,2,10.67,WINTER,STANDARD36826,S,2018-02-12,2018,2,2017-18,2017,Final_Report_2017_18.pdf,NEL
13-Feb-18,W LANTAU,2,5.47,WINTER,STANDARD36826,S,2018-02-13,2018,2,2017-18,2017,Final_Report_2017_18.pdf,WL
13-Feb-18,W LANTAU,4,3.04,WINTER,STANDARD36826,S,2018-02-13,2018,2,2017-18,2017,Final_Report_2017_18.pdf,WL
23-Feb-18,SW LANTAU,2,8.31,WINTER,STANDARD36826,P,2018-02-23,2018,2,2017-18,2017,Final_Report_2017_18.pdf,SWL
23-Feb-18,SW LANTAU,3,11.57,WINTER,STANDARD36826,P,2018-02-23,2018,2,2017-18,2017,Final_Report_2017_18.pdf,SWL
23-Feb-18,SW LANTAU,4,1.4,WINTER,STANDARD36826,P,2018-02-23,2018,2,2017-18,2017,Final_Report_2017_18.pdf,SWL
23-Feb-18,SW LANTAU,2,4.37,WINTER,STANDARD36826,S,2018-02-23,2018,2,2017-18,2017,Final_Report_2017_18.pdf,SWL
23-Feb-18,SW LANTAU,3,7.45,WINTER,STANDARD36826,S,2018-02-23,2018,2,2017-18,2017,Final_Report_2017_18.pdf,SWL
2-Mar-18,LAMMA,1,3.0,SPRING,STANDARD36826,P,2018-03-02,2018,3,2017-18,2017,Final_Report_2017_18.pdf,LM
2-Mar-18,LAMMA,2,19.21,SPRING,STANDARD36826,P,2018-03-02,2018,3,2017-18,2017,Final_Report_2017_18.pdf,LM
2-Mar-18,LAMMA,3,62.92,SPRING,STANDARD36826,P,2018-03-02,2018,3,2017-18,2017,Final_Report_2017_18.pdf,LM
2-Mar-18,LAMMA,1,1.1,SPRING,STANDARD36826,S,2018-03-02,2018,3,2017-18,2017,Final_Report_2017_18.pdf,LM
2-Mar-18,LAMMA,2,6.89,SPRING,STANDARD36826,S,2018-03-02,2018,3,2017-18,2017,Final_Report_2017_18.pdf,LM
2-Mar-18,LAMMA,3,13.08,SPRING,STANDARD36826,S,2018-03-02,2018,3,2017-18,2017,Final_Report_2017_18.pdf,LM
7-Mar-18,W LANTAU,2,7.07,SPRING,STANDARD36826,S,2018-03-07,2018,3,2017-18,2017,Final_Report_2017_18.pdf,WL
7-Mar-18,W LANTAU,3,2.29,SPRING,STANDARD36826,S,2018-03-07,2018,3,2017-18,2017,Final_Report_2017_18.pdf,WL
7-Mar-18,NW LANTAU,3,7.62,SPRING,STANDARD36826,P,2018-03-07,2018,3,2017-18,2017,Final_Report_2017_18.pdf,NWL
7-Mar-18,NW LANTAU,2,1.49,SPRING,STANDARD36826,S,2018-03-07,2018,3,2017-18,2017,Final_Report_2017_18.pdf,NWL
7-Mar-18,NW LANTAU,3,3.67,SPRING,STANDARD36826,S,2018-03-07,2018,3,2017-18,2017,Final_Report_2017_18.pdf,NWL
9-Mar-18,W LANTAU,3,6.45,SPRING,STANDARD36826,S,2018-03-09,2018,3,2017-18,2017,Final_Report_2017_18.pdf,WL
9-Mar-18,W LANTAU,4,2.81,SPRING,STANDARD36826,S,2018-03-09,2018,3,2017-18,2017,Final_Report_2017_18.pdf,WL
9-Mar-18,SW LANTAU,2,10.14,SPRING,STANDARD36826,P,2018-03-09,2018,3,2017-18,2017,Final_Report_2017_18.pdf,SWL
9-Mar-18,SW LANTAU,3,5.42,SPRING,STANDARD36826,P,2018-03-09,2018,3,2017-18,2017,Final_Report_2017_18.pdf,SWL
9-Mar-18,SW LANTAU,4,0.85,SPRING,STANDARD36826,P,2018-03-09,2018,3,2017-18,2017,Final_Report_2017_18.pdf,SWL
9-Mar-18,SW LANTAU,2,8.64,SPRING,STANDARD36826,S,2018-03-09,2018,3,2017-18,2017,Final_Report_2017_18.pdf,SWL
9-Mar-18,SW LANTAU,3,2.35,SPRING,STANDARD36826,S,2018-03-09,2018,3,2017-18,2017,Final_Report_2017_18.pdf,SWL
12-Mar-18,W LANTAU,2,5.95,SPRING,STANDARD36826,P,2018-03-12,2018,3,2017-18,2017,Final_Report_2017_18.pdf,WL
12-Mar-18,W LANTAU,3,1.6,SPRING,STANDARD36826,P,2018-03-12,2018,3,2017-18,2017,Final_Report_2017_18.pdf,WL
12-Mar-18,W LANTAU,2,4.95,SPRING,STANDARD36826,S,2018-03-12,2018,3,2017-18,2017,Final_Report_2017_18.pdf,WL
12-Mar-18,W LANTAU,3,4.8,SPRING,STANDARD36826,S,2018-03-12,2018,3,2017-18,2017,Final_Report_2017_18.pdf,WL
15-Mar-18,SW LANTAU,1,18.23,SPRING,STANDARD36826,P,2018-03-15,2018,3,2017-18,2017,Final_Report_2017_18.pdf,SWL
15-Mar-18,SW LANTAU,2,1.15,SPRING,STANDARD36826,P,2018-03-15,2018,3,2017-18,2017,Final_Report_2017_18.pdf,SWL
15-Mar-18,SW LANTAU,1,3.15,SPRING,STANDARD36826,S,2018-03-15,2018,3,2017-18,2017,Final_Report_2017_18.pdf,SWL
15-Mar-18,SW LANTAU,2,6.89,SPRING,STANDARD36826,S,2018-03-15,2018,3,2017-18,2017,Final_Report_2017_18.pdf,SWL
15-Mar-18,SE LANTAU,0,0.95,SPRING,STANDARD36826,P,2018-03-15,2018,3,2017-18,2017,Final_Report_2017_18.pdf,SEL
15-Mar-18,SE LANTAU,1,7.27,SPRING,STANDARD36826,P,2018-03-15,2018,3,2017-18,2017,Final_Report_2017_18.pdf,SEL
15-Mar-18,SE LANTAU,0,1.17,SPRING,STANDARD36826,S,2018-03-15,2018,3,2017-18,2017,Final_Report_2017_18.pdf,SEL
15-Mar-18,SE LANTAU,1,0.81,SPRING,STANDARD36826,S,2018-03-15,2018,3,2017-18,2017,Final_Report_2017_18.pdf,SEL
16-Mar-18,LAMMA,1,13.95,SPRING,STANDARD36826,P,2018-03-16,2018,3,2017-18,2017,Final_Report_2017_18.pdf,LM
16-Mar-18,LAMMA,2,35.29,SPRING,STANDARD36826,P,2018-03-16,2018,3,2017-18,2017,Final_Report_2017_18.pdf,LM
16-Mar-18,LAMMA,3,8.7,SPRING,STANDARD36826,P,2018-03-16,2018,3,2017-18,2017,Final_Report_2017_18.pdf,LM
16-Mar-18,LAMMA,1,5.75,SPRING,STANDARD36826,S,2018-03-16,2018,3,2017-18,2017,Final_Report_2017_18.pdf,LM
16-Mar-18,LAMMA,2,4.0,SPRING,STANDARD36826,S,2018-03-16,2018,3,2017-18,2017,Final_Report_2017_18.pdf,LM
16-Mar-18,SE LANTAU,1,11.75,SPRING,STANDARD36826,P,2018-03-16,2018,3,2017-18,2017,Final_Report_2017_18.pdf,SEL
16-Mar-18,SE LANTAU,2,10.31,SPRING,STANDARD36826,P,2018-03-16,2018,3,2017-18,2017,Final_Report_2017_18.pdf,SEL
16-Mar-18,SE LANTAU,1,4.02,SPRING,STANDARD36826,S,2018-03-16,2018,3,2017-18,2017,Final_Report_2017_18.pdf,SEL
23-Mar-18,DEEP BAY,1,2.69,SPRING,STANDARD36826,P,2018-03-23,2018,3,2017-18,2017,Final_Report_2017_18.pdf,DB
23-Mar-18,DEEP BAY,2,10.11,SPRING,STANDARD36826,P,2018-03-23,2018,3,2017-18,2017,Final_Report_2017_18.pdf,DB
23-Mar-18,DEEP BAY,2,6.91,SPRING,STANDARD36826,S,2018-03-23,2018,3,2017-18,2017,Final_Report_2017_18.pdf,DB
23-Mar-18,NE LANTAU,3,5.48,SPRING,STANDARD36826,P,2018-03-23,2018,3,2017-18,2017,Final_Report_2017_18.pdf,NEL
23-Mar-18,NE LANTAU,4,1.4,SPRING,STANDARD36826,P,2018-03-23,2018,3,2017-18,2017,Final_Report_2017_18.pdf,NEL
23-Mar-18,NE LANTAU,3,3.1,SPRING,STANDARD36826,S,2018-03-23,2018,3,2017-18,2017,Final_Report_2017_18.pdf,NEL
26-Mar-18,W LANTAU,2,7.45,SPRING,STANDARD36826,P,2018-03-26,2018,3,2017-18,2017,Final_Report_2017_18.pdf,WL
26-Mar-18,W LANTAU,3,1.67,SPRING,STANDARD36826,P,2018-03-26,2018,3,2017-18,2017,Final_Report_2017_18.pdf,WL
26-Mar-18,W LANTAU,2,9.29,SPRING,STANDARD36826,S,2018-03-26,2018,3,2017-18,2017,Final_Report_2017_18.pdf,WL
26-Mar-18,W LANTAU,3,4.15,SPRING,STANDARD36826,S,2018-03-26,2018,3,2017-18,2017,Final_Report_2017_18.pdf,WL
29-Mar-18,SE LANTAU,1,1.22,SPRING,STANDARD36826,P,2018-03-29,2018,3,2017-18,2017,Final_Report_2017_18.pdf,SEL
29-Mar-18,SE LANTAU,2,15.4,SPRING,STANDARD36826,P,2018-03-29,2018,3,2017-18,2017,Final_Report_2017_18.pdf,SEL
29-Mar-18,SE LANTAU,3,11.74,SPRING,STANDARD36826,P,2018-03-29,2018,3,2017-18,2017,Final_Report_2017_18.pdf,SEL
29-Mar-18,SE LANTAU,2,2.93,SPRING,STANDARD36826,S,2018-03-29,2018,3,2017-18,2017,Final_Report_2017_18.pdf,SEL
29-Mar-18,SE LANTAU,3,6.25,SPRING,STANDARD36826,S,2018-03-29,2018,3,2017-18,2017,Final_Report_2017_18.pdf,SEL
29-Mar-18,SW LANTAU,2,3.6,SPRING,STANDARD36826,P,2018-03-29,2018,3,2017-18,2017,Final_Report_2017_18.pdf,SWL
29-Mar-18,SW LANTAU,3,20.49,SPRING,STANDARD36826,P,2018-03-29,2018,3,2017-18,2017,Final_Report_2017_18.pdf,SWL
29-Mar-18,SW LANTAU,4,0.9,SPRING,STANDARD36826,P,2018-03-29,2018,3,2017-18,2017,Final_Report_2017_18.pdf,SWL
29-Mar-18,SW LANTAU,2,2.5,SPRING,STANDARD36826,S,2018-03-29,2018,3,2017-18,2017,Final_Report_2017_18.pdf,SWL
29-Mar-18,SW LANTAU,3,5.29,SPRING,STANDARD36826,S,2018-03-29,2018,3,2017-18,2017,Final_Report_2017_18.pdf,SWL
29-Mar-18,SW LANTAU,4,2.02,SPRING,STANDARD36826,S,2018-03-29,2018,3,2017-18,2017,Final_Report_2017_18.pdf,SWL
6-Apr-18,SW LANTAU,3,3.41,SPRING,STANDARD33706,P,2018-04-06,2018,4,2018-19,2018,Final_Report_2018_19.pdf,SWL
6-Apr-18,SW LANTAU,4,5.56,SPRING,STANDARD33706,P,2018-04-06,2018,4,2018-19,2018,Final_Report_2018_19.pdf,SWL
6-Apr-18,SW LANTAU,5,2.9,SPRING,STANDARD33706,P,2018-04-06,2018,4,2018-19,2018,Final_Report_2018_19.pdf,SWL
6-Apr-18,SW LANTAU,2,0.9,SPRING,STANDARD33706,S,2018-04-06,2018,4,2018-19,2018,Final_Report_2018_19.pdf,SWL
6-Apr-18,SW LANTAU,3,2.6,SPRING,STANDARD33706,S,2018-04-06,2018,4,2018-19,2018,Final_Report_2018_19.pdf,SWL
6-Apr-18,SW LANTAU,4,4.83,SPRING,STANDARD33706,S,2018-04-06,2018,4,2018-19,2018,Final_Report_2018_19.pdf,SWL
10-Apr-18,W LANTAU,2,1.72,SPRING,STANDARD36826,S,2018-04-10,2018,4,2018-19,2018,Final_Report_2018_19.pdf,WL
10-Apr-18,W LANTAU,3,7.25,SPRING,STANDARD36826,S,2018-04-10,2018,4,2018-19,2018,Final_Report_2018_19.pdf,WL
10-Apr-18,SW LANTAU,2,12.67,SPRING,STANDARD36826,P,2018-04-10,2018,4,2018-19,2018,Final_Report_2018_19.pdf,SWL
10-Apr-18,SW LANTAU,2,9.23,SPRING,STANDARD36826,S,2018-04-10,2018,4,2018-19,2018,Final_Report_2018_19.pdf,SWL
11-Apr-18,DEEP BAY,2,10.51,SPRING,STANDARD36826,P,2018-04-11,2018,4,2018-19,2018,Final_Report_2018_19.pdf,DB
11-Apr-18,DEEP BAY,2,6.07,SPRING,STANDARD36826,S,2018-04-11,2018,4,2018-19,2018,Final_Report_2018_19.pdf,DB
11-Apr-18,NW LANTAU,2,4.55,SPRING,STANDARD36826,P,2018-04-11,2018,4,2018-19,2018,Final_Report_2018_19.pdf,NWL
11-Apr-18,NW LANTAU,2,2.43,SPRING,STANDARD36826,S,2018-04-11,2018,4,2018-19,2018,Final_Report_2018_19.pdf,NWL
12-Apr-18,LAMMA,2,40.83,SPRING,STANDARD36826,P,2018-04-12,2018,4,2018-19,2018,Final_Report_2018_19.pdf,LM
12-Apr-18,LAMMA,1,0.95,SPRING,STANDARD36826,S,2018-04-12,2018,4,2018-19,2018,Final_Report_2018_19.pdf,LM
12-Apr-18,LAMMA,2,9.28,SPRING,STANDARD36826,S,2018-04-12,2018,4,2018-19,2018,Final_Report_2018_19.pdf,LM
12-Apr-18,SE LANTAU,1,13.81,SPRING,STANDARD36826,P,2018-04-12,2018,4,2018-19,2018,Final_Report_2018_19.pdf,SEL
12-Apr-18,SE LANTAU,2,10.3,SPRING,STANDARD36826,P,2018-04-12,2018,4,2018-19,2018,Final_Report_2018_19.pdf,SEL
12-Apr-18,SE LANTAU,1,4.7,SPRING,STANDARD36826,S,2018-04-12,2018,4,2018-19,2018,Final_Report_2018_19.pdf,SEL
12-Apr-18,SE LANTAU,2,4.8,SPRING,STANDARD36826,S,2018-04-12,2018,4,2018-19,2018,Final_Report_2018_19.pdf,SEL
13-Apr-18,SW LANTAU,2,5.7,SPRING,STANDARD33706,P,2018-04-13,2018,4,2018-19,2018,Final_Report_2018_19.pdf,SWL
13-Apr-18,SW LANTAU,3,2.96,SPRING,STANDARD33706,P,2018-04-13,2018,4,2018-19,2018,Final_Report_2018_19.pdf,SWL
13-Apr-18,SW LANTAU,2,14.3,SPRING,STANDARD33706,S,2018-04-13,2018,4,2018-19,2018,Final_Report_2018_19.pdf,SWL
19-Apr-18,W LANTAU,2,5.16,SPRING,STANDARD36826,P,2018-04-19,2018,4,2018-19,2018,Final_Report_2018_19.pdf,WL
19-Apr-18,W LANTAU,3,2.8,SPRING,STANDARD36826,P,2018-04-19,2018,4,2018-19,2018,Final_Report_2018_19.pdf,WL
19-Apr-18,W LANTAU,4,1.9,SPRING,STANDARD36826,P,2018-04-19,2018,4,2018-19,2018,Final_Report_2018_19.pdf,WL
19-Apr-18,W LANTAU,2,6.44,SPRING,STANDARD36826,S,2018-04-19,2018,4,2018-19,2018,Final_Report_2018_19.pdf,WL
19-Apr-18,W LANTAU,3,1.9,SPRING,STANDARD36826,S,2018-04-19,2018,4,2018-19,2018,Final_Report_2018_19.pdf,WL
19-Apr-18,W LANTAU,4,2.8,SPRING,STANDARD36826,S,2018-04-19,2018,4,2018-19,2018,Final_Report_2018_19.pdf,WL
23-Apr-18,PO TOI,1,13.04,SPRING,STANDARD36826,P,2018-04-23,2018,4,2018-19,2018,Final_Report_2018_19.pdf,PT
23-Apr-18,PO TOI,2,21.33,SPRING,STANDARD36826,P,2018-04-23,2018,4,2018-19,2018,Final_Report_2018_19.pdf,PT
23-Apr-18,PO TOI,1,6.81,SPRING,STANDARD36826,S,2018-04-23,2018,4,2018-19,2018,Final_Report_2018_19.pdf,PT
23-Apr-18,PO TOI,2,8.82,SPRING,STANDARD36826,S,2018-04-23,2018,4,2018-19,2018,Final_Report_2018_19.pdf,PT
23-Apr-18,LAMMA,1,16.76,SPRING,STANDARD36826,P,2018-04-23,2018,4,2018-19,2018,Final_Report_2018_19.pdf,LM
23-Apr-18,LAMMA,2,25.41,SPRING,STANDARD36826,P,2018-04-23,2018,4,2018-19,2018,Final_Report_2018_19.pdf,LM
23-Apr-18,LAMMA,1,1.0,SPRING,STANDARD36826,S,2018-04-23,2018,4,2018-19,2018,Final_Report_2018_19.pdf,LM
23-Apr-18,LAMMA,2,7.63,SPRING,STANDARD36826,S,2018-04-23,2018,4,2018-19,2018,Final_Report_2018_19.pdf,LM
24-Apr-18,W LANTAU,1,1.29,SPRING,STANDARD36826,S,2018-04-24,2018,4,2018-19,2018,Final_Report_2018_19.pdf,WL
24-Apr-18,W LANTAU,2,8.51,SPRING,STANDARD36826,S,2018-04-24,2018,4,2018-19,2018,Final_Report_2018_19.pdf,WL
27-Apr-18,NW LANTAU,2,25.38,SPRING,STANDARD33706,P,2018-04-27,2018,4,2018-19,2018,Final_Report_2018_19.pdf,NWL
27-Apr-18,NW LANTAU,2,7.92,SPRING,STANDARD33706,S,2018-04-27,2018,4,2018-19,2018,Final_Report_2018_19.pdf,NWL
27-Apr-18,DEEP BAY,1,0.9,SPRING,STANDARD33706,P,2018-04-27,2018,4,2018-19,2018,Final_Report_2018_19.pdf,DB
27-Apr-18,DEEP BAY,2,10.03,SPRING,STANDARD33706,P,2018-04-27,2018,4,2018-19,2018,Final_Report_2018_19.pdf,DB
27-Apr-18,DEEP BAY,1,0.8,SPRING,STANDARD33706,S,2018-04-27,2018,4,2018-19,2018,Final_Report_2018_19.pdf,DB
27-Apr-18,DEEP BAY,2,7.16,SPRING,STANDARD33706,S,2018-04-27,2018,4,2018-19,2018,Final_Report_2018_19.pdf,DB
27-Apr-18,NE LANTAU,1,2.7,SPRING,STANDARD33706,P,2018-04-27,2018,4,2018-19,2018,Final_Report_2018_19.pdf,NEL
27-Apr-18,NE LANTAU,2,14.81,SPRING,STANDARD33706,P,2018-04-27,2018,4,2018-19,2018,Final_Report_2018_19.pdf,NEL
27-Apr-18,NE LANTAU,1,2.8,SPRING,STANDARD33706,S,2018-04-27,2018,4,2018-19,2018,Final_Report_2018_19.pdf,NEL
27-Apr-18,NE LANTAU,2,6.49,SPRING,STANDARD33706,S,2018-04-27,2018,4,2018-19,2018,Final_Report_2018_19.pdf,NEL
30-Apr-18,SW LANTAU,2,4.67,SPRING,STANDARD36826,P,2018-04-30,2018,4,2018-19,2018,Final_Report_2018_19.pdf,SWL
30-Apr-18,SW LANTAU,3,20.47,SPRING,STANDARD36826,P,2018-04-30,2018,4,2018-19,2018,Final_Report_2018_19.pdf,SWL
30-Apr-18,SW LANTAU,2,0.5,SPRING,STANDARD36826,S,2018-04-30,2018,4,2018-19,2018,Final_Report_2018_19.pdf,SWL
30-Apr-18,SW LANTAU,3,8.86,SPRING,STANDARD36826,S,2018-04-30,2018,4,2018-19,2018,Final_Report_2018_19.pdf,SWL
30-Apr-18,SE LANTAU,2,29.71,SPRING,STANDARD36826,P,2018-04-30,2018,4,2018-19,2018,Final_Report_2018_19.pdf,SEL
30-Apr-18,SE LANTAU,3,1.1,SPRING,STANDARD36826,P,2018-04-30,2018,4,2018-19,2018,Final_Report_2018_19.pdf,SEL
30-Apr-18,SE LANTAU,2,5.05,SPRING,STANDARD36826,S,2018-04-30,2018,4,2018-19,2018,Final_Report_2018_19.pdf,SEL
30-Apr-18,SE LANTAU,3,1.14,SPRING,STANDARD36826,S,2018-04-30,2018,4,2018-19,2018,Final_Report_2018_19.pdf,SEL
2-May-18,SE LANTAU,2,12.51,SPRING,STANDARD36826,P,2018-05-02,2018,5,2018-19,2018,Final_Report_2018_19.pdf,SEL
2-May-18,SE LANTAU,3,6.39,SPRING,STANDARD36826,P,2018-05-02,2018,5,2018-19,2018,Final_Report_2018_19.pdf,SEL
2-May-18,SE LANTAU,2,9.96,SPRING,STANDARD36826,S,2018-05-02,2018,5,2018-19,2018,Final_Report_2018_19.pdf,SEL
8-May-18,W LANTAU,2,9.29,SPRING,STANDARD36826,S,2018-05-08,2018,5,2018-19,2018,Final_Report_2018_19.pdf,WL
8-May-18,SW LANTAU,2,9.67,SPRING,STANDARD36826,P,2018-05-08,2018,5,2018-19,2018,Final_Report_2018_19.pdf,SWL
8-May-18,SW LANTAU,1,2.73,SPRING,STANDARD36826,S,2018-05-08,2018,5,2018-19,2018,Final_Report_2018_19.pdf,SWL
8-May-18,SW LANTAU,2,10.85,SPRING,STANDARD36826,S,2018-05-08,2018,5,2018-19,2018,Final_Report_2018_19.pdf,SWL
8-May-18,SE LANTAU,2,30.04,SPRING,STANDARD36826,P,2018-05-08,2018,5,2018-19,2018,Final_Report_2018_19.pdf,SEL
8-May-18,SE LANTAU,3,0.9,SPRING,STANDARD36826,P,2018-05-08,2018,5,2018-19,2018,Final_Report_2018_19.pdf,SEL
8-May-18,SE LANTAU,2,10.27,SPRING,STANDARD36826,S,2018-05-08,2018,5,2018-19,2018,Final_Report_2018_19.pdf,SEL
8-May-18,SE LANTAU,3,1.0,SPRING,STANDARD36826,S,2018-05-08,2018,5,2018-19,2018,Final_Report_2018_19.pdf,SEL
10-May-18,NW LANTAU,2,0.7,SPRING,STANDARD36826,P,2018-05-10,2018,5,2018-19,2018,Final_Report_2018_19.pdf,NWL
10-May-18,NW LANTAU,3,1.5,SPRING,STANDARD36826,P,2018-05-10,2018,5,2018-19,2018,Final_Report_2018_19.pdf,NWL
10-May-18,NW LANTAU,4,10.36,SPRING,STANDARD36826,P,2018-05-10,2018,5,2018-19,2018,Final_Report_2018_19.pdf,NWL
10-May-18,NW LANTAU,2,0.1,SPRING,STANDARD36826,S,2018-05-10,2018,5,2018-19,2018,Final_Report_2018_19.pdf,NWL
10-May-18,NW LANTAU,3,3.52,SPRING,STANDARD36826,S,2018-05-10,2018,5,2018-19,2018,Final_Report_2018_19.pdf,NWL
10-May-18,NW LANTAU,4,6.22,SPRING,STANDARD36826,S,2018-05-10,2018,5,2018-19,2018,Final_Report_2018_19.pdf,NWL
10-May-18,DEEP BAY,3,5.29,SPRING,STANDARD36826,P,2018-05-10,2018,5,2018-19,2018,Final_Report_2018_19.pdf,DB
10-May-18,DEEP BAY,3,1.05,SPRING,STANDARD36826,S,2018-05-10,2018,5,2018-19,2018,Final_Report_2018_19.pdf,DB
14-May-18,NW LANTAU,2,4.85,SPRING,STANDARD36826,P,2018-05-14,2018,5,2018-19,2018,Final_Report_2018_19.pdf,NWL
14-May-18,NW LANTAU,3,8.0,SPRING,STANDARD36826,P,2018-05-14,2018,5,2018-19,2018,Final_Report_2018_19.pdf,NWL
14-May-18,NW LANTAU,2,5.98,SPRING,STANDARD36826,S,2018-05-14,2018,5,2018-19,2018,Final_Report_2018_19.pdf,NWL
14-May-18,NW LANTAU,3,3.83,SPRING,STANDARD36826,S,2018-05-14,2018,5,2018-19,2018,Final_Report_2018_19.pdf,NWL
15-May-18,W LANTAU,2,1.08,SPRING,STANDARD36826,S,2018-05-15,2018,5,2018-19,2018,Final_Report_2018_19.pdf,WL
15-May-18,W LANTAU,3,1.97,SPRING,STANDARD36826,S,2018-05-15,2018,5,2018-19,2018,Final_Report_2018_19.pdf,WL
15-May-18,W LANTAU,4,6.95,SPRING,STANDARD36826,S,2018-05-15,2018,5,2018-19,2018,Final_Report_2018_19.pdf,WL
15-May-18,SW LANTAU,2,3.82,SPRING,STANDARD36826,P,2018-05-15,2018,5,2018-19,2018,Final_Report_2018_19.pdf,SWL
15-May-18,SW LANTAU,3,12.59,SPRING,STANDARD36826,P,2018-05-15,2018,5,2018-19,2018,Final_Report_2018_19.pdf,SWL
15-May-18,SW LANTAU,2,7.27,SPRING,STANDARD36826,S,2018-05-15,2018,5,2018-19,2018,Final_Report_2018_19.pdf,SWL
15-May-18,SW LANTAU,3,3.1,SPRING,STANDARD36826,S,2018-05-15,2018,5,2018-19,2018,Final_Report_2018_19.pdf,SWL
15-May-18,SW LANTAU,4,2.45,SPRING,STANDARD36826,S,2018-05-15,2018,5,2018-19,2018,Final_Report_2018_19.pdf,SWL
17-May-18,SE LANTAU,2,25.91,SPRING,STANDARD36826,P,2018-05-17,2018,5,2018-19,2018,Final_Report_2018_19.pdf,SEL
17-May-18,SE LANTAU,3,4.47,SPRING,STANDARD36826,P,2018-05-17,2018,5,2018-19,2018,Final_Report_2018_19.pdf,SEL
17-May-18,SE LANTAU,2,7.0,SPRING,STANDARD36826,S,2018-05-17,2018,5,2018-19,2018,Final_Report_2018_19.pdf,SEL
17-May-18,SW LANTAU,2,9.58,SPRING,STANDARD36826,P,2018-05-17,2018,5,2018-19,2018,Final_Report_2018_19.pdf,SWL
17-May-18,SW LANTAU,3,6.34,SPRING,STANDARD36826,P,2018-05-17,2018,5,2018-19,2018,Final_Report_2018_19.pdf,SWL
17-May-18,SW LANTAU,2,3.54,SPRING,STANDARD36826,S,2018-05-17,2018,5,2018-19,2018,Final_Report_2018_19.pdf,SWL
17-May-18,SW LANTAU,3,2.35,SPRING,STANDARD36826,S,2018-05-17,2018,5,2018-19,2018,Final_Report_2018_19.pdf,SWL
21-May-18,LAMMA,1,24.37,SPRING,STANDARD36826,P,2018-05-21,2018,5,2018-19,2018,Final_Report_2018_19.pdf,LM
21-May-18,LAMMA,2,31.27,SPRING,STANDARD36826,P,2018-05-21,2018,5,2018-19,2018,Final_Report_2018_19.pdf,LM
21-May-18,LAMMA,3,26.5,SPRING,STANDARD36826,P,2018-05-21,2018,5,2018-19,2018,Final_Report_2018_19.pdf,LM
21-May-18,LAMMA,1,6.6,SPRING,STANDARD36826,S,2018-05-21,2018,5,2018-19,2018,Final_Report_2018_19.pdf,LM
21-May-18,LAMMA,2,5.84,SPRING,STANDARD36826,S,2018-05-21,2018,5,2018-19,2018,Final_Report_2018_19.pdf,LM
21-May-18,LAMMA,3,5.5,SPRING,STANDARD36826,S,2018-05-21,2018,5,2018-19,2018,Final_Report_2018_19.pdf,LM
23-May-18,PO TOI,2,39.67,SPRING,STANDARD36826,P,2018-05-23,2018,5,2018-19,2018,Final_Report_2018_19.pdf,PT
23-May-18,PO TOI,3,10.4,SPRING,STANDARD36826,P,2018-05-23,2018,5,2018-19,2018,Final_Report_2018_19.pdf,PT
23-May-18,PO TOI,2,5.23,SPRING,STANDARD36826,S,2018-05-23,2018,5,2018-19,2018,Final_Report_2018_19.pdf,PT
23-May-18,NINEPINS,2,19.1,SPRING,STANDARD36826,P,2018-05-23,2018,5,2018-19,2018,Final_Report_2018_19.pdf,NP
23-May-18,NINEPINS,3,13.5,SPRING,STANDARD36826,P,2018-05-23,2018,5,2018-19,2018,Final_Report_2018_19.pdf,NP
23-May-18,NINEPINS,3,2.0,SPRING,STANDARD36826,S,2018-05-23,2018,5,2018-19,2018,Final_Report_2018_19.pdf,NP
28-May-18,SE LANTAU,1,0.7,SPRING,STANDARD36826,P,2018-05-28,2018,5,2018-19,2018,Final_Report_2018_19.pdf,SEL
28-May-18,SE LANTAU,2,28.8,SPRING,STANDARD36826,P,2018-05-28,2018,5,2018-19,2018,Final_Report_2018_19.pdf,SEL
28-May-18,SE LANTAU,2,6.63,SPRING,STANDARD36826,S,2018-05-28,2018,5,2018-19,2018,Final_Report_2018_19.pdf,SEL
28-May-18,SE LANTAU,3,0.7,SPRING,STANDARD36826,S,2018-05-28,2018,5,2018-19,2018,Final_Report_2018_19.pdf,SEL
28-May-18,SW LANTAU,2,18.05,SPRING,STANDARD36826,P,2018-05-28,2018,5,2018-19,2018,Final_Report_2018_19.pdf,SWL
28-May-18,SW LANTAU,3,1.74,SPRING,STANDARD36826,P,2018-05-28,2018,5,2018-19,2018,Final_Report_2018_19.pdf,SWL
28-May-18,SW LANTAU,2,10.1,SPRING,STANDARD36826,S,2018-05-28,2018,5,2018-19,2018,Final_Report_2018_19.pdf,SWL
28-May-18,SW LANTAU,3,2.12,SPRING,STANDARD36826,S,2018-05-28,2018,5,2018-19,2018,Final_Report_2018_19.pdf,SWL
29-May-18,NE LANTAU,2,31.9,SPRING,STANDARD36826,P,2018-05-29,2018,5,2018-19,2018,Final_Report_2018_19.pdf,NEL
29-May-18,NE LANTAU,3,0.61,SPRING,STANDARD36826,P,2018-05-29,2018,5,2018-19,2018,Final_Report_2018_19.pdf,NEL
29-May-18,NE LANTAU,2,7.86,SPRING,STANDARD36826,S,2018-05-29,2018,5,2018-19,2018,Final_Report_2018_19.pdf,NEL
29-May-18,NE LANTAU,3,1.83,SPRING,STANDARD36826,S,2018-05-29,2018,5,2018-19,2018,Final_Report_2018_19.pdf,NEL
30-May-18,W LANTAU,2,0.4,SPRING,STANDARD36826,P,2018-05-30,2018,5,2018-19,2018,Final_Report_2018_19.pdf,WL
30-May-18,W LANTAU,3,3.28,SPRING,STANDARD36826,P,2018-05-30,2018,5,2018-19,2018,Final_Report_2018_19.pdf,WL
30-May-18,W LANTAU,2,2.24,SPRING,STANDARD36826,S,2018-05-30,2018,5,2018-19,2018,Final_Report_2018_19.pdf,WL
30-May-18,W LANTAU,3,6.22,SPRING,STANDARD36826,S,2018-05-30,2018,5,2018-19,2018,Final_Report_2018_19.pdf,WL
31-May-18,LAMMA,2,13.77,SPRING,STANDARD36826,P,2018-05-31,2018,5,2018-19,2018,Final_Report_2018_19.pdf,LM
31-May-18,LAMMA,3,35.63,SPRING,STANDARD36826,P,2018-05-31,2018,5,2018-19,2018,Final_Report_2018_19.pdf,LM
31-May-18,LAMMA,2,2.2,SPRING,STANDARD36826,S,2018-05-31,2018,5,2018-19,2018,Final_Report_2018_19.pdf,LM
31-May-18,LAMMA,3,2.2,SPRING,STANDARD36826,S,2018-05-31,2018,5,2018-19,2018,Final_Report_2018_19.pdf,LM
31-May-18,SE LANTAU,2,8.8,SPRING,STANDARD36826,P,2018-05-31,2018,5,2018-19,2018,Final_Report_2018_19.pdf,SEL
31-May-18,SE LANTAU,3,13.44,SPRING,STANDARD36826,P,2018-05-31,2018,5,2018-19,2018,Final_Report_2018_19.pdf,SEL
31-May-18,SE LANTAU,2,3.8,SPRING,STANDARD36826,S,2018-05-31,2018,5,2018-19,2018,Final_Report_2018_19.pdf,SEL
31-May-18,SE LANTAU,3,2.96,SPRING,STANDARD36826,S,2018-05-31,2018,5,2018-19,2018,Final_Report_2018_19.pdf,SEL
4-Jun-18,SW LANTAU,3,7.72,SUMMER,STANDARD36826,P,2018-06-04,2018,6,2018-19,2018,Final_Report_2018_19.pdf,SWL
4-Jun-18,SW LANTAU,4,9.89,SUMMER,STANDARD36826,P,2018-06-04,2018,6,2018-19,2018,Final_Report_2018_19.pdf,SWL
4-Jun-18,SW LANTAU,3,5.85,SUMMER,STANDARD36826,S,2018-06-04,2018,6,2018-19,2018,Final_Report_2018_19.pdf,SWL
4-Jun-18,SW LANTAU,4,4.44,SUMMER,STANDARD36826,S,2018-06-04,2018,6,2018-19,2018,Final_Report_2018_19.pdf,SWL
11-Jun-18,PO TOI,2,62.83,SUMMER,STANDARD36826,P,2018-06-11,2018,6,2018-19,2018,Final_Report_2018_19.pdf,PT
11-Jun-18,PO TOI,3,6.57,SUMMER,STANDARD36826,P,2018-06-11,2018,6,2018-19,2018,Final_Report_2018_19.pdf,PT
11-Jun-18,PO TOI,2,13.9,SUMMER,STANDARD36826,S,2018-06-11,2018,6,2018-19,2018,Final_Report_2018_19.pdf,PT
11-Jun-18,SE LANTAU,2,41.18,SUMMER,STANDARD33706,P,2018-06-11,2018,6,2018-19,2018,Final_Report_2018_19.pdf,SEL
11-Jun-18,SE LANTAU,2,8.79,SUMMER,STANDARD33706,S,2018-06-11,2018,6,2018-19,2018,Final_Report_2018_19.pdf,SEL
13-Jun-18,NE LANTAU,1,3.07,SUMMER,STANDARD36826,P,2018-06-13,2018,6,2018-19,2018,Final_Report_2018_19.pdf,NEL
13-Jun-18,NE LANTAU,2,23.01,SUMMER,STANDARD36826,P,2018-06-13,2018,6,2018-19,2018,Final_Report_2018_19.pdf,NEL
13-Jun-18,NE LANTAU,1,3.08,SUMMER,STANDARD36826,S,2018-06-13,2018,6,2018-19,2018,Final_Report_2018_19.pdf,NEL
13-Jun-18,NE LANTAU,2,6.43,SUMMER,STANDARD36826,S,2018-06-13,2018,6,2018-19,2018,Final_Report_2018_19.pdf,NEL
14-Jun-18,DEEP BAY,2,12.07,SUMMER,STANDARD36826,P,2018-06-14,2018,6,2018-19,2018,Final_Report_2018_19.pdf,DB
14-Jun-18,DEEP BAY,2,7.63,SUMMER,STANDARD36826,S,2018-06-14,2018,6,2018-19,2018,Final_Report_2018_19.pdf,DB
14-Jun-18,NW LANTAU,1,3.12,SUMMER,STANDARD36826,P,2018-06-14,2018,6,2018-19,2018,Final_Report_2018_19.pdf,NWL
14-Jun-18,NW LANTAU,2,6.83,SUMMER,STANDARD36826,P,2018-06-14,2018,6,2018-19,2018,Final_Report_2018_19.pdf,NWL
14-Jun-18,NW LANTAU,2,6.0,SUMMER,STANDARD36826,S,2018-06-14,2018,6,2018-19,2018,Final_Report_2018_19.pdf,NWL
20-Jun-18,SW LANTAU,2,3.04,SUMMER,STANDARD36826,P,2018-06-20,2018,6,2018-19,2018,Final_Report_2018_19.pdf,SWL
20-Jun-18,SW LANTAU,3,18.41,SUMMER,STANDARD36826,P,2018-06-20,2018,6,2018-19,2018,Final_Report_2018_19.pdf,SWL
20-Jun-18,SW LANTAU,2,2.1,SUMMER,STANDARD36826,S,2018-06-20,2018,6,2018-19,2018,Final_Report_2018_19.pdf,SWL
20-Jun-18,SW LANTAU,3,10.48,SUMMER,STANDARD36826,S,2018-06-20,2018,6,2018-19,2018,Final_Report_2018_19.pdf,SWL
21-Jun-18,W LANTAU,2,3.81,SUMMER,STANDARD36826,S,2018-06-21,2018,6,2018-19,2018,Final_Report_2018_19.pdf,WL
21-Jun-18,W LANTAU,3,5.77,SUMMER,STANDARD36826,S,2018-06-21,2018,6,2018-19,2018,Final_Report_2018_19.pdf,WL
21-Jun-18,SE LANTAU,2,2.84,SUMMER,STANDARD36826,P,2018-06-21,2018,6,2018-19,2018,Final_Report_2018_19.pdf,SEL
21-Jun-18,SE LANTAU,3,8.15,SUMMER,STANDARD36826,P,2018-06-21,2018,6,2018-19,2018,Final_Report_2018_19.pdf,SEL
21-Jun-18,SE LANTAU,3,2.11,SUMMER,STANDARD36826,S,2018-06-21,2018,6,2018-19,2018,Final_Report_2018_19.pdf,SEL
27-Jun-18,W LANTAU,3,5.29,SUMMER,STANDARD36826,P,2018-06-27,2018,6,2018-19,2018,Final_Report_2018_19.pdf,WL
27-Jun-18,W LANTAU,4,1.52,SUMMER,STANDARD36826,P,2018-06-27,2018,6,2018-19,2018,Final_Report_2018_19.pdf,WL
27-Jun-18,W LANTAU,3,6.4,SUMMER,STANDARD36826,S,2018-06-27,2018,6,2018-19,2018,Final_Report_2018_19.pdf,WL
28-Jun-18,PO TOI,2,13.41,SUMMER,STANDARD36826,P,2018-06-28,2018,6,2018-19,2018,Final_Report_2018_19.pdf,PT
28-Jun-18,PO TOI,3,38.12,SUMMER,STANDARD36826,P,2018-06-28,2018,6,2018-19,2018,Final_Report_2018_19.pdf,PT
28-Jun-18,PO TOI,2,2.37,SUMMER,STANDARD36826,S,2018-06-28,2018,6,2018-19,2018,Final_Report_2018_19.pdf,PT
28-Jun-18,PO TOI,3,3.9,SUMMER,STANDARD36826,S,2018-06-28,2018,6,2018-19,2018,Final_Report_2018_19.pdf,PT
28-Jun-18,NINEPINS,2,3.44,SUMMER,STANDARD36826,P,2018-06-28,2018,6,2018-19,2018,Final_Report_2018_19.pdf,NP
28-Jun-18,NINEPINS,3,23.16,SUMMER,STANDARD36826,P,2018-06-28,2018,6,2018-19,2018,Final_Report_2018_19.pdf,NP
28-Jun-18,NINEPINS,4,2.0,SUMMER,STANDARD36826,P,2018-06-28,2018,6,2018-19,2018,Final_Report_2018_19.pdf,NP
28-Jun-18,NINEPINS,3,4.4,SUMMER,STANDARD36826,S,2018-06-28,2018,6,2018-19,2018,Final_Report_2018_19.pdf,NP
9-Jul-18,W LANTAU,2,3.5,SUMMER,STANDARD138716,P,2018-07-09,2018,7,2018-19,2018,Final_Report_2018_19.pdf,WL
9-Jul-18,W LANTAU,3,6.62,SUMMER,STANDARD138716,P,2018-07-09,2018,7,2018-19,2018,Final_Report_2018_19.pdf,WL
9-Jul-18,W LANTAU,4,2.61,SUMMER,STANDARD138716,P,2018-07-09,2018,7,2018-19,2018,Final_Report_2018_19.pdf,WL
9-Jul-18,W LANTAU,2,3.92,SUMMER,STANDARD138716,S,2018-07-09,2018,7,2018-19,2018,Final_Report_2018_19.pdf,WL
9-Jul-18,W LANTAU,3,4.05,SUMMER,STANDARD138716,S,2018-07-09,2018,7,2018-19,2018,Final_Report_2018_19.pdf,WL
9-Jul-18,W LANTAU,4,2.4,SUMMER,STANDARD138716,S,2018-07-09,2018,7,2018-19,2018,Final_Report_2018_19.pdf,WL
9-Jul-18,SW LANTAU,3,11.3,SUMMER,STANDARD138716,P,2018-07-09,2018,7,2018-19,2018,Final_Report_2018_19.pdf,SWL
9-Jul-18,SW LANTAU,4,7.68,SUMMER,STANDARD138716,P,2018-07-09,2018,7,2018-19,2018,Final_Report_2018_19.pdf,SWL
9-Jul-18,SW LANTAU,3,8.95,SUMMER,STANDARD138716,S,2018-07-09,2018,7,2018-19,2018,Final_Report_2018_19.pdf,SWL
9-Jul-18,SW LANTAU,4,4.66,SUMMER,STANDARD138716,S,2018-07-09,2018,7,2018-19,2018,Final_Report_2018_19.pdf,SWL
9-Jul-18,DEEP BAY,2,1.81,SUMMER,STANDARD36826,P,2018-07-09,2018,7,2018-19,2018,Final_Report_2018_19.pdf,DB
9-Jul-18,DEEP BAY,3,10.32,SUMMER,STANDARD36826,P,2018-07-09,2018,7,2018-19,2018,Final_Report_2018_19.pdf,DB
9-Jul-18,DEEP BAY,4,0.7,SUMMER,STANDARD36826,P,2018-07-09,2018,7,2018-19,2018,Final_Report_2018_19.pdf,DB
9-Jul-18,DEEP BAY,2,4.08,SUMMER,STANDARD36826,S,2018-07-09,2018,7,2018-19,2018,Final_Report_2018_19.pdf,DB
9-Jul-18,DEEP BAY,3,2.99,SUMMER,STANDARD36826,S,2018-07-09,2018,7,2018-19,2018,Final_Report_2018_19.pdf,DB
9-Jul-18,NE LANTAU,2,3.7,SUMMER,STANDARD36826,P,2018-07-09,2018,7,2018-19,2018,Final_Report_2018_19.pdf,NEL
9-Jul-18,NE LANTAU,3,21.0,SUMMER,STANDARD36826,P,2018-07-09,2018,7,2018-19,2018,Final_Report_2018_19.pdf,NEL
9-Jul-18,NE LANTAU,4,10.23,SUMMER,STANDARD36826,P,2018-07-09,2018,7,2018-19,2018,Final_Report_2018_19.pdf,NEL
9-Jul-18,NE LANTAU,2,2.1,SUMMER,STANDARD36826,S,2018-07-09,2018,7,2018-19,2018,Final_Report_2018_19.pdf,NEL
9-Jul-18,NE LANTAU,3,7.87,SUMMER,STANDARD36826,S,2018-07-09,2018,7,2018-19,2018,Final_Report_2018_19.pdf,NEL
9-Jul-18,NE LANTAU,4,1.0,SUMMER,STANDARD36826,S,2018-07-09,2018,7,2018-19,2018,Final_Report_2018_19.pdf,NEL
10-Jul-18,SW LANTAU,3,8.85,SUMMER,STANDARD36826,P,2018-07-10,2018,7,2018-19,2018,Final_Report_2018_19.pdf,SWL
10-Jul-18,SW LANTAU,4,9.23,SUMMER,STANDARD36826,P,2018-07-10,2018,7,2018-19,2018,Final_Report_2018_19.pdf,SWL
10-Jul-18,SW LANTAU,3,1.95,SUMMER,STANDARD36826,S,2018-07-10,2018,7,2018-19,2018,Final_Report_2018_19.pdf,SWL
10-Jul-18,SW LANTAU,4,7.37,SUMMER,STANDARD36826,S,2018-07-10,2018,7,2018-19,2018,Final_Report_2018_19.pdf,SWL
11-Jul-18,SAI KUNG,2,6.87,SUMMER,STANDARD36826,P,2018-07-11,2018,7,2018-19,2018,Final_Report_2018_19.pdf,SK
11-Jul-18,SAI KUNG,3,40.54,SUMMER,STANDARD36826,P,2018-07-11,2018,7,2018-19,2018,Final_Report_2018_19.pdf,SK
11-Jul-18,SAI KUNG,4,4.4,SUMMER,STANDARD36826,P,2018-07-11,2018,7,2018-19,2018,Final_Report_2018_19.pdf,SK
11-Jul-18,SAI KUNG,2,4.27,SUMMER,STANDARD36826,S,2018-07-11,2018,7,2018-19,2018,Final_Report_2018_19.pdf,SK
11-Jul-18,SAI KUNG,3,8.22,SUMMER,STANDARD36826,S,2018-07-11,2018,7,2018-19,2018,Final_Report_2018_19.pdf,SK
11-Jul-18,NINEPINS,3,16.0,SUMMER,STANDARD36826,P,2018-07-11,2018,7,2018-19,2018,Final_Report_2018_19.pdf,NP
16-Jul-18,NW LANTAU,3,21.35,SUMMER,STANDARD36826,P,2018-07-16,2018,7,2018-19,2018,Final_Report_2018_19.pdf,NWL
16-Jul-18,NW LANTAU,2,1.12,SUMMER,STANDARD36826,S,2018-07-16,2018,7,2018-19,2018,Final_Report_2018_19.pdf,NWL
16-Jul-18,NW LANTAU,3,11.93,SUMMER,STANDARD36826,S,2018-07-16,2018,7,2018-19,2018,Final_Report_2018_19.pdf,NWL
19-Jul-18,SW LANTAU,3,9.86,SUMMER,STANDARD36826,S,2018-07-19,2018,7,2018-19,2018,Final_Report_2018_19.pdf,SWL
20-Jul-18,DEEP BAY,2,9.18,SUMMER,STANDARD36826,P,2018-07-20,2018,7,2018-19,2018,Final_Report_2018_19.pdf,DB
20-Jul-18,DEEP BAY,3,3.74,SUMMER,STANDARD36826,P,2018-07-20,2018,7,2018-19,2018,Final_Report_2018_19.pdf,DB
20-Jul-18,DEEP BAY,2,5.06,SUMMER,STANDARD36826,S,2018-07-20,2018,7,2018-19,2018,Final_Report_2018_19.pdf,DB
20-Jul-18,DEEP BAY,3,0.62,SUMMER,STANDARD36826,S,2018-07-20,2018,7,2018-19,2018,Final_Report_2018_19.pdf,DB
20-Jul-18,NE LANTAU,2,9.16,SUMMER,STANDARD36826,P,2018-07-20,2018,7,2018-19,2018,Final_Report_2018_19.pdf,NEL
20-Jul-18,NE LANTAU,3,8.58,SUMMER,STANDARD36826,P,2018-07-20,2018,7,2018-19,2018,Final_Report_2018_19.pdf,NEL
20-Jul-18,NE LANTAU,2,6.5,SUMMER,STANDARD36826,S,2018-07-20,2018,7,2018-19,2018,Final_Report_2018_19.pdf,NEL
20-Jul-18,NE LANTAU,3,1.86,SUMMER,STANDARD36826,S,2018-07-20,2018,7,2018-19,2018,Final_Report_2018_19.pdf,NEL
23-Jul-18,W LANTAU,2,1.49,SUMMER,STANDARD36826,P,2018-07-23,2018,7,2018-19,2018,Final_Report_2018_19.pdf,WL
23-Jul-18,W LANTAU,3,3.85,SUMMER,STANDARD36826,P,2018-07-23,2018,7,2018-19,2018,Final_Report_2018_19.pdf,WL
23-Jul-18,W LANTAU,4,2.84,SUMMER,STANDARD36826,P,2018-07-23,2018,7,2018-19,2018,Final_Report_2018_19.pdf,WL
23-Jul-18,W LANTAU,2,2.27,SUMMER,STANDARD36826,S,2018-07-23,2018,7,2018-19,2018,Final_Report_2018_19.pdf,WL
23-Jul-18,W LANTAU,3,3.83,SUMMER,STANDARD36826,S,2018-07-23,2018,7,2018-19,2018,Final_Report_2018_19.pdf,WL
23-Jul-18,W LANTAU,4,2.55,SUMMER,STANDARD36826,S,2018-07-23,2018,7,2018-19,2018,Final_Report_2018_19.pdf,WL
25-Jul-18,W LANTAU,2,8.67,SUMMER,STANDARD36826,S,2018-07-25,2018,7,2018-19,2018,Final_Report_2018_19.pdf,WL
25-Jul-18,W LANTAU,3,1.71,SUMMER,STANDARD36826,S,2018-07-25,2018,7,2018-19,2018,Final_Report_2018_19.pdf,WL
25-Jul-18,SW LANTAU,2,7.94,SUMMER,STANDARD36826,P,2018-07-25,2018,7,2018-19,2018,Final_Report_2018_19.pdf,SWL
25-Jul-18,SW LANTAU,3,2.4,SUMMER,STANDARD36826,P,2018-07-25,2018,7,2018-19,2018,Final_Report_2018_19.pdf,SWL
25-Jul-18,SW LANTAU,2,12.96,SUMMER,STANDARD36826,S,2018-07-25,2018,7,2018-19,2018,Final_Report_2018_19.pdf,SWL
25-Jul-18,SW LANTAU,3,0.2,SUMMER,STANDARD36826,S,2018-07-25,2018,7,2018-19,2018,Final_Report_2018_19.pdf,SWL
25-Jul-18,SE LANTAU,2,14.13,SUMMER,STANDARD36826,P,2018-07-25,2018,7,2018-19,2018,Final_Report_2018_19.pdf,SEL
25-Jul-18,SE LANTAU,3,19.42,SUMMER,STANDARD36826,P,2018-07-25,2018,7,2018-19,2018,Final_Report_2018_19.pdf,SEL
25-Jul-18,SE LANTAU,2,7.55,SUMMER,STANDARD36826,S,2018-07-25,2018,7,2018-19,2018,Final_Report_2018_19.pdf,SEL
25-Jul-18,SE LANTAU,3,4.0,SUMMER,STANDARD36826,S,2018-07-25,2018,7,2018-19,2018,Final_Report_2018_19.pdf,SEL
30-Jul-18,PO TOI,1,5.83,SUMMER,STANDARD36826,P,2018-07-30,2018,7,2018-19,2018,Final_Report_2018_19.pdf,PT
30-Jul-18,PO TOI,2,55.1,SUMMER,STANDARD36826,P,2018-07-30,2018,7,2018-19,2018,Final_Report_2018_19.pdf,PT
30-Jul-18,PO TOI,3,6.7,SUMMER,STANDARD36826,P,2018-07-30,2018,7,2018-19,2018,Final_Report_2018_19.pdf,PT
30-Jul-18,PO TOI,2,17.0,SUMMER,STANDARD36826,S,2018-07-30,2018,7,2018-19,2018,Final_Report_2018_19.pdf,PT
2-Aug-18,SW LANTAU,3,14.68,SUMMER,STANDARD36826,P,2018-08-02,2018,8,2018-19,2018,Final_Report_2018_19.pdf,SWL
2-Aug-18,SW LANTAU,4,1.8,SUMMER,STANDARD36826,P,2018-08-02,2018,8,2018-19,2018,Final_Report_2018_19.pdf,SWL
2-Aug-18,SW LANTAU,3,6.55,SUMMER,STANDARD36826,S,2018-08-02,2018,8,2018-19,2018,Final_Report_2018_19.pdf,SWL
6-Aug-18,LAMMA,2,45.7,SUMMER,STANDARD36826,P,2018-08-06,2018,8,2018-19,2018,Final_Report_2018_19.pdf,LM
6-Aug-18,LAMMA,3,3.4,SUMMER,STANDARD36826,P,2018-08-06,2018,8,2018-19,2018,Final_Report_2018_19.pdf,LM
6-Aug-18,LAMMA,2,4.2,SUMMER,STANDARD36826,S,2018-08-06,2018,8,2018-19,2018,Final_Report_2018_19.pdf,LM
6-Aug-18,SE LANTAU,1,2.26,SUMMER,STANDARD36826,P,2018-08-06,2018,8,2018-19,2018,Final_Report_2018_19.pdf,SEL
6-Aug-18,SE LANTAU,2,22.88,SUMMER,STANDARD36826,P,2018-08-06,2018,8,2018-19,2018,Final_Report_2018_19.pdf,SEL
6-Aug-18,SE LANTAU,2,9.66,SUMMER,STANDARD36826,S,2018-08-06,2018,8,2018-19,2018,Final_Report_2018_19.pdf,SEL
8-Aug-18,DEEP BAY,2,11.97,SUMMER,STANDARD36826,P,2018-08-08,2018,8,2018-19,2018,Final_Report_2018_19.pdf,DB
8-Aug-18,DEEP BAY,3,0.7,SUMMER,STANDARD36826,P,2018-08-08,2018,8,2018-19,2018,Final_Report_2018_19.pdf,DB
8-Aug-18,DEEP BAY,2,7.63,SUMMER,STANDARD36826,S,2018-08-08,2018,8,2018-19,2018,Final_Report_2018_19.pdf,DB
8-Aug-18,NE LANTAU,2,12.14,SUMMER,STANDARD36826,P,2018-08-08,2018,8,2018-19,2018,Final_Report_2018_19.pdf,NEL
8-Aug-18,NE LANTAU,3,7.38,SUMMER,STANDARD36826,P,2018-08-08,2018,8,2018-19,2018,Final_Report_2018_19.pdf,NEL
8-Aug-18,NE LANTAU,2,6.28,SUMMER,STANDARD36826,S,2018-08-08,2018,8,2018-19,2018,Final_Report_2018_19.pdf,NEL
8-Aug-18,NE LANTAU,3,4.4,SUMMER,STANDARD36826,S,2018-08-08,2018,8,2018-19,2018,Final_Report_2018_19.pdf,NEL
16-Aug-18,NW LANTAU,2,17.01,SUMMER,STANDARD36826,P,2018-08-16,2018,8,2018-19,2018,Final_Report_2018_19.pdf,NWL
16-Aug-18,NW LANTAU,3,6.5,SUMMER,STANDARD36826,P,2018-08-16,2018,8,2018-19,2018,Final_Report_2018_19.pdf,NWL
16-Aug-18,NW LANTAU,2,3.79,SUMMER,STANDARD36826,S,2018-08-16,2018,8,2018-19,2018,Final_Report_2018_19.pdf,NWL
20-Aug-18,W LANTAU,1,2.76,SUMMER,STANDARD36826,P,2018-08-20,2018,8,2018-19,2018,Final_Report_2018_19.pdf,WL
20-Aug-18,W LANTAU,2,1.9,SUMMER,STANDARD36826,P,2018-08-20,2018,8,2018-19,2018,Final_Report_2018_19.pdf,WL
20-Aug-18,W LANTAU,1,5.9,SUMMER,STANDARD36826,S,2018-08-20,2018,8,2018-19,2018,Final_Report_2018_19.pdf,WL
20-Aug-18,W LANTAU,2,4.75,SUMMER,STANDARD36826,S,2018-08-20,2018,8,2018-19,2018,Final_Report_2018_19.pdf,WL
21-Aug-18,SW LANTAU,1,8.4,SUMMER,STANDARD138716,P,2018-08-21,2018,8,2018-19,2018,Final_Report_2018_19.pdf,SWL
21-Aug-18,SW LANTAU,2,10.76,SUMMER,STANDARD138716,P,2018-08-21,2018,8,2018-19,2018,Final_Report_2018_19.pdf,SWL
21-Aug-18,SW LANTAU,3,3.1,SUMMER,STANDARD138716,P,2018-08-21,2018,8,2018-19,2018,Final_Report_2018_19.pdf,SWL
21-Aug-18,SW LANTAU,1,2.51,SUMMER,STANDARD138716,S,2018-08-21,2018,8,2018-19,2018,Final_Report_2018_19.pdf,SWL
21-Aug-18,SW LANTAU,2,9.13,SUMMER,STANDARD138716,S,2018-08-21,2018,8,2018-19,2018,Final_Report_2018_19.pdf,SWL
21-Aug-18,SW LANTAU,3,0.5,SUMMER,STANDARD138716,S,2018-08-21,2018,8,2018-19,2018,Final_Report_2018_19.pdf,SWL
21-Aug-18,SE LANTAU,2,25.61,SUMMER,STANDARD138716,P,2018-08-21,2018,8,2018-19,2018,Final_Report_2018_19.pdf,SEL
21-Aug-18,SE LANTAU,1,0.8,SUMMER,STANDARD138716,S,2018-08-21,2018,8,2018-19,2018,Final_Report_2018_19.pdf,SEL
21-Aug-18,SE LANTAU,2,6.17,SUMMER,STANDARD138716,S,2018-08-21,2018,8,2018-19,2018,Final_Report_2018_19.pdf,SEL
22-Aug-18,PO TOI,1,5.71,SUMMER,STANDARD36826,P,2018-08-22,2018,8,2018-19,2018,Final_Report_2018_19.pdf,PT
22-Aug-18,PO TOI,2,27.71,SUMMER,STANDARD36826,P,2018-08-22,2018,8,2018-19,2018,Final_Report_2018_19.pdf,PT
22-Aug-18,PO TOI,3,16.8,SUMMER,STANDARD36826,P,2018-08-22,2018,8,2018-19,2018,Final_Report_2018_19.pdf,PT
22-Aug-18,PO TOI,2,4.68,SUMMER,STANDARD36826,S,2018-08-22,2018,8,2018-19,2018,Final_Report_2018_19.pdf,PT
22-Aug-18,NINEPINS,2,3.05,SUMMER,STANDARD36826,P,2018-08-22,2018,8,2018-19,2018,Final_Report_2018_19.pdf,NP
22-Aug-18,NINEPINS,3,23.78,SUMMER,STANDARD36826,P,2018-08-22,2018,8,2018-19,2018,Final_Report_2018_19.pdf,NP
22-Aug-18,NINEPINS,2,2.1,SUMMER,STANDARD36826,S,2018-08-22,2018,8,2018-19,2018,Final_Report_2018_19.pdf,NP
23-Aug-18,SAI KUNG,2,31.44,SUMMER,STANDARD36826,P,2018-08-23,2018,8,2018-19,2018,Final_Report_2018_19.pdf,SK
23-Aug-18,SAI KUNG,3,11.66,SUMMER,STANDARD36826,P,2018-08-23,2018,8,2018-19,2018,Final_Report_2018_19.pdf,SK
23-Aug-18,SAI KUNG,2,4.1,SUMMER,STANDARD36826,S,2018-08-23,2018,8,2018-19,2018,Final_Report_2018_19.pdf,SK
23-Aug-18,SAI KUNG,3,2.0,SUMMER,STANDARD36826,S,2018-08-23,2018,8,2018-19,2018,Final_Report_2018_19.pdf,SK
23-Aug-18,NINEPINS,2,12.2,SUMMER,STANDARD36826,P,2018-08-23,2018,8,2018-19,2018,Final_Report_2018_19.pdf,NP
23-Aug-18,NINEPINS,3,18.5,SUMMER,STANDARD36826,P,2018-08-23,2018,8,2018-19,2018,Final_Report_2018_19.pdf,NP
23-Aug-18,NINEPINS,2,1.2,SUMMER,STANDARD36826,S,2018-08-23,2018,8,2018-19,2018,Final_Report_2018_19.pdf,NP
23-Aug-18,NINEPINS,3,2.0,SUMMER,STANDARD36826,S,2018-08-23,2018,8,2018-19,2018,Final_Report_2018_19.pdf,NP
28-Aug-18,W LANTAU,3,2.87,SUMMER,STANDARD36826,S,2018-08-28,2018,8,2018-19,2018,Final_Report_2018_19.pdf,WL
28-Aug-18,W LANTAU,4,7.72,SUMMER,STANDARD36826,S,2018-08-28,2018,8,2018-19,2018,Final_Report_2018_19.pdf,WL
28-Aug-18,SW LANTAU,1,3.98,SUMMER,STANDARD36826,P,2018-08-28,2018,8,2018-19,2018,Final_Report_2018_19.pdf,SWL
28-Aug-18,SW LANTAU,2,13.23,SUMMER,STANDARD36826,P,2018-08-28,2018,8,2018-19,2018,Final_Report_2018_19.pdf,SWL
28-Aug-18,SW LANTAU,3,3.62,SUMMER,STANDARD36826,P,2018-08-28,2018,8,2018-19,2018,Final_Report_2018_19.pdf,SWL
28-Aug-18,SW LANTAU,1,1.11,SUMMER,STANDARD36826,S,2018-08-28,2018,8,2018-19,2018,Final_Report_2018_19.pdf,SWL
28-Aug-18,SW LANTAU,2,8.22,SUMMER,STANDARD36826,S,2018-08-28,2018,8,2018-19,2018,Final_Report_2018_19.pdf,SWL
3-Sep-18,W LANTAU,2,8.17,AUTUMN,STANDARD36826,S,2018-09-03,2018,9,2018-19,2018,Final_Report_2018_19.pdf,WL
3-Sep-18,SW LANTAU,2,24.29,AUTUMN,STANDARD36826,P,2018-09-03,2018,9,2018-19,2018,Final_Report_2018_19.pdf,SWL
3-Sep-18,SW LANTAU,3,0.61,AUTUMN,STANDARD36826,P,2018-09-03,2018,9,2018-19,2018,Final_Report_2018_19.pdf,SWL
3-Sep-18,SW LANTAU,2,13.05,AUTUMN,STANDARD36826,S,2018-09-03,2018,9,2018-19,2018,Final_Report_2018_19.pdf,SWL
3-Sep-18,SE LANTAU,2,19.29,AUTUMN,STANDARD36826,P,2018-09-03,2018,9,2018-19,2018,Final_Report_2018_19.pdf,SEL
3-Sep-18,SE LANTAU,2,8.81,AUTUMN,STANDARD36826,S,2018-09-03,2018,9,2018-19,2018,Final_Report_2018_19.pdf,SEL
4-Sep-18,NW LANTAU,2,12.24,AUTUMN,STANDARD36826,P,2018-09-04,2018,9,2018-19,2018,Final_Report_2018_19.pdf,NWL
4-Sep-18,NW LANTAU,3,7.7,AUTUMN,STANDARD36826,P,2018-09-04,2018,9,2018-19,2018,Final_Report_2018_19.pdf,NWL
4-Sep-18,NW LANTAU,2,5.06,AUTUMN,STANDARD36826,S,2018-09-04,2018,9,2018-19,2018,Final_Report_2018_19.pdf,NWL
4-Sep-18,NW LANTAU,3,4.9,AUTUMN,STANDARD36826,S,2018-09-04,2018,9,2018-19,2018,Final_Report_2018_19.pdf,NWL
5-Sep-18,SW LANTAU,2,12.49,AUTUMN,STANDARD36826,P,2018-09-05,2018,9,2018-19,2018,Final_Report_2018_19.pdf,SWL
5-Sep-18,SW LANTAU,3,0.9,AUTUMN,STANDARD36826,P,2018-09-05,2018,9,2018-19,2018,Final_Report_2018_19.pdf,SWL
5-Sep-18,SW LANTAU,2,4.38,AUTUMN,STANDARD36826,S,2018-09-05,2018,9,2018-19,2018,Final_Report_2018_19.pdf,SWL
6-Sep-18,PO TOI,2,18.03,AUTUMN,STANDARD36826,P,2018-09-06,2018,9,2018-19,2018,Final_Report_2018_19.pdf,PT
6-Sep-18,PO TOI,3,33.69,AUTUMN,STANDARD36826,P,2018-09-06,2018,9,2018-19,2018,Final_Report_2018_19.pdf,PT
6-Sep-18,PO TOI,2,1.41,AUTUMN,STANDARD36826,S,2018-09-06,2018,9,2018-19,2018,Final_Report_2018_19.pdf,PT
6-Sep-18,PO TOI,3,4.97,AUTUMN,STANDARD36826,S,2018-09-06,2018,9,2018-19,2018,Final_Report_2018_19.pdf,PT
6-Sep-18,NINEPINS,2,21.5,AUTUMN,STANDARD36826,P,2018-09-06,2018,9,2018-19,2018,Final_Report_2018_19.pdf,NP
6-Sep-18,NINEPINS,2,4.4,AUTUMN,STANDARD36826,S,2018-09-06,2018,9,2018-19,2018,Final_Report_2018_19.pdf,NP
11-Sep-18,SW LANTAU,2,14.15,AUTUMN,STANDARD36826,P,2018-09-11,2018,9,2018-19,2018,Final_Report_2018_19.pdf,SWL
11-Sep-18,SW LANTAU,2,10.24,AUTUMN,STANDARD36826,S,2018-09-11,2018,9,2018-19,2018,Final_Report_2018_19.pdf,SWL
14-Sep-18,W LANTAU,1,2.91,AUTUMN,STANDARD138716,P,2018-09-14,2018,9,2018-19,2018,Final_Report_2018_19.pdf,WL
14-Sep-18,W LANTAU,2,7.31,AUTUMN,STANDARD138716,P,2018-09-14,2018,9,2018-19,2018,Final_Report_2018_19.pdf,WL
14-Sep-18,W LANTAU,1,4.92,AUTUMN,STANDARD138716,S,2018-09-14,2018,9,2018-19,2018,Final_Report_2018_19.pdf,WL
14-Sep-18,W LANTAU,2,5.43,AUTUMN,STANDARD138716,S,2018-09-14,2018,9,2018-19,2018,Final_Report_2018_19.pdf,WL
19-Sep-18,W LANTAU,1,1.25,AUTUMN,STANDARD36826,P,2018-09-19,2018,9,2018-19,2018,Final_Report_2018_19.pdf,WL
19-Sep-18,W LANTAU,2,3.16,AUTUMN,STANDARD36826,P,2018-09-19,2018,9,2018-19,2018,Final_Report_2018_19.pdf,WL
19-Sep-18,W LANTAU,1,3.17,AUTUMN,STANDARD36826,S,2018-09-19,2018,9,2018-19,2018,Final_Report_2018_19.pdf,WL
19-Sep-18,W LANTAU,2,6.06,AUTUMN,STANDARD36826,S,2018-09-19,2018,9,2018-19,2018,Final_Report_2018_19.pdf,WL
20-Sep-18,DEEP BAY,2,2.2,AUTUMN,STANDARD36826,P,2018-09-20,2018,9,2018-19,2018,Final_Report_2018_19.pdf,DB
20-Sep-18,DEEP BAY,3,11.11,AUTUMN,STANDARD36826,P,2018-09-20,2018,9,2018-19,2018,Final_Report_2018_19.pdf,DB
20-Sep-18,DEEP BAY,2,7.09,AUTUMN,STANDARD36826,S,2018-09-20,2018,9,2018-19,2018,Final_Report_2018_19.pdf,DB
20-Sep-18,NE LANTAU,2,12.26,AUTUMN,STANDARD36826,P,2018-09-20,2018,9,2018-19,2018,Final_Report_2018_19.pdf,NEL
20-Sep-18,NE LANTAU,3,0.7,AUTUMN,STANDARD36826,P,2018-09-20,2018,9,2018-19,2018,Final_Report_2018_19.pdf,NEL
20-Sep-18,NE LANTAU,2,9.84,AUTUMN,STANDARD36826,S,2018-09-20,2018,9,2018-19,2018,Final_Report_2018_19.pdf,NEL
21-Sep-18,PO TOI,1,22.0,AUTUMN,STANDARD138716,P,2018-09-21,2018,9,2018-19,2018,Final_Report_2018_19.pdf,PT
21-Sep-18,PO TOI,2,62.99,AUTUMN,STANDARD138716,P,2018-09-21,2018,9,2018-19,2018,Final_Report_2018_19.pdf,PT
21-Sep-18,PO TOI,1,2.0,AUTUMN,STANDARD138716,S,2018-09-21,2018,9,2018-19,2018,Final_Report_2018_19.pdf,PT
21-Sep-18,PO TOI,2,9.74,AUTUMN,STANDARD138716,S,2018-09-21,2018,9,2018-19,2018,Final_Report_2018_19.pdf,PT
27-Sep-18,LAMMA,2,43.98,AUTUMN,STANDARD36826,P,2018-09-27,2018,9,2018-19,2018,Final_Report_2018_19.pdf,LM
27-Sep-18,LAMMA,3,10.4,AUTUMN,STANDARD36826,P,2018-09-27,2018,9,2018-19,2018,Final_Report_2018_19.pdf,LM
27-Sep-18,LAMMA,2,9.4,AUTUMN,STANDARD36826,S,2018-09-27,2018,9,2018-19,2018,Final_Report_2018_19.pdf,LM
27-Sep-18,LAMMA,3,3.12,AUTUMN,STANDARD36826,S,2018-09-27,2018,9,2018-19,2018,Final_Report_2018_19.pdf,LM
27-Sep-18,SE LANTAU,2,16.41,AUTUMN,STANDARD36826,P,2018-09-27,2018,9,2018-19,2018,Final_Report_2018_19.pdf,SEL
27-Sep-18,SE LANTAU,3,1.87,AUTUMN,STANDARD36826,P,2018-09-27,2018,9,2018-19,2018,Final_Report_2018_19.pdf,SEL
27-Sep-18,SE LANTAU,2,6.32,AUTUMN,STANDARD36826,S,2018-09-27,2018,9,2018-19,2018,Final_Report_2018_19.pdf,SEL
2-Oct-18,SW LANTAU,3,14.19,AUTUMN,STANDARD36826,P,2018-10-02,2018,10,2018-19,2018,Final_Report_2018_19.pdf,SWL
2-Oct-18,SW LANTAU,4,5.23,AUTUMN,STANDARD36826,P,2018-10-02,2018,10,2018-19,2018,Final_Report_2018_19.pdf,SWL
2-Oct-18,SW LANTAU,2,4.1,AUTUMN,STANDARD36826,S,2018-10-02,2018,10,2018-19,2018,Final_Report_2018_19.pdf,SWL
2-Oct-18,SW LANTAU,3,6.2,AUTUMN,STANDARD36826,S,2018-10-02,2018,10,2018-19,2018,Final_Report_2018_19.pdf,SWL
2-Oct-18,SW LANTAU,4,5.27,AUTUMN,STANDARD36826,S,2018-10-02,2018,10,2018-19,2018,Final_Report_2018_19.pdf,SWL
3-Oct-18,SE LANTAU,2,35.47,AUTUMN,STANDARD36826,P,2018-10-03,2018,10,2018-19,2018,Final_Report_2018_19.pdf,SEL
3-Oct-18,SE LANTAU,3,8.78,AUTUMN,STANDARD36826,P,2018-10-03,2018,10,2018-19,2018,Final_Report_2018_19.pdf,SEL
3-Oct-18,SE LANTAU,2,12.45,AUTUMN,STANDARD36826,S,2018-10-03,2018,10,2018-19,2018,Final_Report_2018_19.pdf,SEL
3-Oct-18,SE LANTAU,3,2.1,AUTUMN,STANDARD36826,S,2018-10-03,2018,10,2018-19,2018,Final_Report_2018_19.pdf,SEL
3-Oct-18,SW LANTAU,2,6.41,AUTUMN,STANDARD36826,P,2018-10-03,2018,10,2018-19,2018,Final_Report_2018_19.pdf,SWL
3-Oct-18,SW LANTAU,3,7.99,AUTUMN,STANDARD36826,P,2018-10-03,2018,10,2018-19,2018,Final_Report_2018_19.pdf,SWL
3-Oct-18,SW LANTAU,2,2.1,AUTUMN,STANDARD36826,S,2018-10-03,2018,10,2018-19,2018,Final_Report_2018_19.pdf,SWL
3-Oct-18,SW LANTAU,3,0.9,AUTUMN,STANDARD36826,S,2018-10-03,2018,10,2018-19,2018,Final_Report_2018_19.pdf,SWL
8-Oct-18,NW LANTAU,2,23.39,AUTUMN,STANDARD36826,P,2018-10-08,2018,10,2018-19,2018,Final_Report_2018_19.pdf,NWL
8-Oct-18,NW LANTAU,3,2.43,AUTUMN,STANDARD36826,P,2018-10-08,2018,10,2018-19,2018,Final_Report_2018_19.pdf,NWL
8-Oct-18,NW LANTAU,2,7.67,AUTUMN,STANDARD36826,S,2018-10-08,2018,10,2018-19,2018,Final_Report_2018_19.pdf,NWL
8-Oct-18,DEEP BAY,1,2.7,AUTUMN,STANDARD36826,P,2018-10-08,2018,10,2018-19,2018,Final_Report_2018_19.pdf,DB
8-Oct-18,DEEP BAY,2,10.62,AUTUMN,STANDARD36826,P,2018-10-08,2018,10,2018-19,2018,Final_Report_2018_19.pdf,DB
8-Oct-18,DEEP BAY,2,7.18,AUTUMN,STANDARD36826,S,2018-10-08,2018,10,2018-19,2018,Final_Report_2018_19.pdf,DB
8-Oct-18,NE LANTAU,2,19.35,AUTUMN,STANDARD36826,P,2018-10-08,2018,10,2018-19,2018,Final_Report_2018_19.pdf,NEL
8-Oct-18,NE LANTAU,2,10.85,AUTUMN,STANDARD36826,S,2018-10-08,2018,10,2018-19,2018,Final_Report_2018_19.pdf,NEL
9-Oct-18,SW LANTAU,2,6.12,AUTUMN,STANDARD36826,P,2018-10-09,2018,10,2018-19,2018,Final_Report_2018_19.pdf,SWL
9-Oct-18,SW LANTAU,3,10.48,AUTUMN,STANDARD36826,P,2018-10-09,2018,10,2018-19,2018,Final_Report_2018_19.pdf,SWL
9-Oct-18,SW LANTAU,4,4.33,AUTUMN,STANDARD36826,P,2018-10-09,2018,10,2018-19,2018,Final_Report_2018_19.pdf,SWL
9-Oct-18,SW LANTAU,2,2.2,AUTUMN,STANDARD36826,S,2018-10-09,2018,10,2018-19,2018,Final_Report_2018_19.pdf,SWL
9-Oct-18,SW LANTAU,3,2.2,AUTUMN,STANDARD36826,S,2018-10-09,2018,10,2018-19,2018,Final_Report_2018_19.pdf,SWL
9-Oct-18,SW LANTAU,4,2.47,AUTUMN,STANDARD36826,S,2018-10-09,2018,10,2018-19,2018,Final_Report_2018_19.pdf,SWL
10-Oct-18,LAMMA,1,1.26,AUTUMN,STANDARD36826,P,2018-10-10,2018,10,2018-19,2018,Final_Report_2018_19.pdf,LM
10-Oct-18,LAMMA,2,47.44,AUTUMN,STANDARD36826,P,2018-10-10,2018,10,2018-19,2018,Final_Report_2018_19.pdf,LM
10-Oct-18,LAMMA,3,0.6,AUTUMN,STANDARD36826,P,2018-10-10,2018,10,2018-19,2018,Final_Report_2018_19.pdf,LM
10-Oct-18,LAMMA,2,11.4,AUTUMN,STANDARD36826,S,2018-10-10,2018,10,2018-19,2018,Final_Report_2018_19.pdf,LM
10-Oct-18,SE LANTAU,2,3.32,AUTUMN,STANDARD36826,P,2018-10-10,2018,10,2018-19,2018,Final_Report_2018_19.pdf,SEL
10-Oct-18,SE LANTAU,3,11.57,AUTUMN,STANDARD36826,P,2018-10-10,2018,10,2018-19,2018,Final_Report_2018_19.pdf,SEL
10-Oct-18,SE LANTAU,2,1.05,AUTUMN,STANDARD36826,S,2018-10-10,2018,10,2018-19,2018,Final_Report_2018_19.pdf,SEL
10-Oct-18,SE LANTAU,3,0.73,AUTUMN,STANDARD36826,S,2018-10-10,2018,10,2018-19,2018,Final_Report_2018_19.pdf,SEL
10-Oct-18,SE LANTAU,4,1.3,AUTUMN,STANDARD36826,S,2018-10-10,2018,10,2018-19,2018,Final_Report_2018_19.pdf,SEL
11-Oct-18,W LANTAU,2,2.91,AUTUMN,STANDARD36826,P,2018-10-11,2018,10,2018-19,2018,Final_Report_2018_19.pdf,WL
11-Oct-18,W LANTAU,3,3.85,AUTUMN,STANDARD36826,P,2018-10-11,2018,10,2018-19,2018,Final_Report_2018_19.pdf,WL
11-Oct-18,W LANTAU,2,4.67,AUTUMN,STANDARD36826,S,2018-10-11,2018,10,2018-19,2018,Final_Report_2018_19.pdf,WL
11-Oct-18,W LANTAU,3,6.11,AUTUMN,STANDARD36826,S,2018-10-11,2018,10,2018-19,2018,Final_Report_2018_19.pdf,WL
16-Oct-18,W LANTAU,2,2.32,AUTUMN,STANDARD36826,P,2018-10-16,2018,10,2018-19,2018,Final_Report_2018_19.pdf,WL
16-Oct-18,W LANTAU,3,8.28,AUTUMN,STANDARD36826,P,2018-10-16,2018,10,2018-19,2018,Final_Report_2018_19.pdf,WL
16-Oct-18,W LANTAU,2,6.79,AUTUMN,STANDARD36826,S,2018-10-16,2018,10,2018-19,2018,Final_Report_2018_19.pdf,WL
16-Oct-18,W LANTAU,3,3.01,AUTUMN,STANDARD36826,S,2018-10-16,2018,10,2018-19,2018,Final_Report_2018_19.pdf,WL
22-Oct-18,SE LANTAU,2,12.07,AUTUMN,STANDARD36826,P,2018-10-22,2018,10,2018-19,2018,Final_Report_2018_19.pdf,SEL
22-Oct-18,SE LANTAU,3,15.55,AUTUMN,STANDARD36826,P,2018-10-22,2018,10,2018-19,2018,Final_Report_2018_19.pdf,SEL
22-Oct-18,SE LANTAU,2,4.0,AUTUMN,STANDARD36826,S,2018-10-22,2018,10,2018-19,2018,Final_Report_2018_19.pdf,SEL
22-Oct-18,SE LANTAU,3,6.28,AUTUMN,STANDARD36826,S,2018-10-22,2018,10,2018-19,2018,Final_Report_2018_19.pdf,SEL
22-Oct-18,SW LANTAU,2,8.9,AUTUMN,STANDARD36826,P,2018-10-22,2018,10,2018-19,2018,Final_Report_2018_19.pdf,SWL
22-Oct-18,SW LANTAU,3,13.27,AUTUMN,STANDARD36826,P,2018-10-22,2018,10,2018-19,2018,Final_Report_2018_19.pdf,SWL
22-Oct-18,SW LANTAU,2,8.2,AUTUMN,STANDARD36826,S,2018-10-22,2018,10,2018-19,2018,Final_Report_2018_19.pdf,SWL
22-Oct-18,SW LANTAU,3,3.93,AUTUMN,STANDARD36826,S,2018-10-22,2018,10,2018-19,2018,Final_Report_2018_19.pdf,SWL
24-Oct-18,NW LANTAU,1,2.09,AUTUMN,STANDARD36826,P,2018-10-24,2018,10,2018-19,2018,Final_Report_2018_19.pdf,NWL
24-Oct-18,NW LANTAU,2,30.57,AUTUMN,STANDARD36826,P,2018-10-24,2018,10,2018-19,2018,Final_Report_2018_19.pdf,NWL
24-Oct-18,NW LANTAU,3,1.5,AUTUMN,STANDARD36826,P,2018-10-24,2018,10,2018-19,2018,Final_Report_2018_19.pdf,NWL
24-Oct-18,NW LANTAU,1,2.4,AUTUMN,STANDARD36826,S,2018-10-24,2018,10,2018-19,2018,Final_Report_2018_19.pdf,NWL
24-Oct-18,NW LANTAU,2,8.82,AUTUMN,STANDARD36826,S,2018-10-24,2018,10,2018-19,2018,Final_Report_2018_19.pdf,NWL
24-Oct-18,DEEP BAY,1,0.3,AUTUMN,STANDARD36826,P,2018-10-24,2018,10,2018-19,2018,Final_Report_2018_19.pdf,DB
24-Oct-18,DEEP BAY,2,13.14,AUTUMN,STANDARD36826,P,2018-10-24,2018,10,2018-19,2018,Final_Report_2018_19.pdf,DB
24-Oct-18,DEEP BAY,1,2.6,AUTUMN,STANDARD36826,S,2018-10-24,2018,10,2018-19,2018,Final_Report_2018_19.pdf,DB
24-Oct-18,DEEP BAY,2,4.56,AUTUMN,STANDARD36826,S,2018-10-24,2018,10,2018-19,2018,Final_Report_2018_19.pdf,DB
24-Oct-18,NE LANTAU,2,7.97,AUTUMN,STANDARD36826,P,2018-10-24,2018,10,2018-19,2018,Final_Report_2018_19.pdf,NEL
24-Oct-18,NE LANTAU,3,1.02,AUTUMN,STANDARD36826,P,2018-10-24,2018,10,2018-19,2018,Final_Report_2018_19.pdf,NEL
24-Oct-18,NE LANTAU,2,8.21,AUTUMN,STANDARD36826,S,2018-10-24,2018,10,2018-19,2018,Final_Report_2018_19.pdf,NEL
24-Oct-18,NE LANTAU,3,1.9,AUTUMN,STANDARD36826,S,2018-10-24,2018,10,2018-19,2018,Final_Report_2018_19.pdf,NEL
30-Oct-18,W LANTAU,3,5.89,AUTUMN,STANDARD36826,P,2018-10-30,2018,10,2018-19,2018,Final_Report_2018_19.pdf,WL
30-Oct-18,W LANTAU,3,2.52,AUTUMN,STANDARD36826,S,2018-10-30,2018,10,2018-19,2018,Final_Report_2018_19.pdf,WL
30-Oct-18,W LANTAU,4,6.87,AUTUMN,STANDARD36826,S,2018-10-30,2018,10,2018-19,2018,Final_Report_2018_19.pdf,WL
30-Oct-18,SW LANTAU,2,21.04,AUTUMN,STANDARD36826,P,2018-10-30,2018,10,2018-19,2018,Final_Report_2018_19.pdf,SWL
30-Oct-18,SW LANTAU,3,7.63,AUTUMN,STANDARD36826,P,2018-10-30,2018,10,2018-19,2018,Final_Report_2018_19.pdf,SWL
30-Oct-18,SW LANTAU,2,7.19,AUTUMN,STANDARD36826,S,2018-10-30,2018,10,2018-19,2018,Final_Report_2018_19.pdf,SWL
30-Oct-18,SW LANTAU,3,2.29,AUTUMN,STANDARD36826,S,2018-10-30,2018,10,2018-19,2018,Final_Report_2018_19.pdf,SWL
30-Oct-18,SE LANTAU,2,14.39,AUTUMN,STANDARD36826,P,2018-10-30,2018,10,2018-19,2018,Final_Report_2018_19.pdf,SEL
30-Oct-18,SE LANTAU,2,2.01,AUTUMN,STANDARD36826,S,2018-10-30,2018,10,2018-19,2018,Final_Report_2018_19.pdf,SEL
5-Nov-18,SW LANTAU,3,9.5,AUTUMN,STANDARD36826,P,2018-11-05,2018,11,2018-19,2018,Final_Report_2018_19.pdf,SWL
5-Nov-18,SW LANTAU,4,5.6,AUTUMN,STANDARD36826,P,2018-11-05,2018,11,2018-19,2018,Final_Report_2018_19.pdf,SWL
5-Nov-18,SW LANTAU,2,1.95,AUTUMN,STANDARD36826,S,2018-11-05,2018,11,2018-19,2018,Final_Report_2018_19.pdf,SWL
5-Nov-18,SW LANTAU,3,3.22,AUTUMN,STANDARD36826,S,2018-11-05,2018,11,2018-19,2018,Final_Report_2018_19.pdf,SWL
5-Nov-18,SW LANTAU,4,4.13,AUTUMN,STANDARD36826,S,2018-11-05,2018,11,2018-19,2018,Final_Report_2018_19.pdf,SWL
5-Nov-18,SE LANTAU,3,6.5,AUTUMN,STANDARD36826,P,2018-11-05,2018,11,2018-19,2018,Final_Report_2018_19.pdf,SEL
5-Nov-18,SE LANTAU,4,4.03,AUTUMN,STANDARD36826,P,2018-11-05,2018,11,2018-19,2018,Final_Report_2018_19.pdf,SEL
5-Nov-18,SE LANTAU,3,2.57,AUTUMN,STANDARD36826,S,2018-11-05,2018,11,2018-19,2018,Final_Report_2018_19.pdf,SEL
7-Nov-18,W LANTAU,2,10.87,AUTUMN,STANDARD36826,P,2018-11-07,2018,11,2018-19,2018,Final_Report_2018_19.pdf,WL
7-Nov-18,W LANTAU,3,8.8,AUTUMN,STANDARD36826,P,2018-11-07,2018,11,2018-19,2018,Final_Report_2018_19.pdf,WL
7-Nov-18,W LANTAU,4,1.12,AUTUMN,STANDARD36826,P,2018-11-07,2018,11,2018-19,2018,Final_Report_2018_19.pdf,WL
7-Nov-18,W LANTAU,2,14.81,AUTUMN,STANDARD36826,S,2018-11-07,2018,11,2018-19,2018,Final_Report_2018_19.pdf,WL
7-Nov-18,W LANTAU,3,5.9,AUTUMN,STANDARD36826,S,2018-11-07,2018,11,2018-19,2018,Final_Report_2018_19.pdf,WL
7-Nov-18,NE LANTAU,2,14.41,AUTUMN,STANDARD36826,P,2018-11-07,2018,11,2018-19,2018,Final_Report_2018_19.pdf,NEL
7-Nov-18,NE LANTAU,3,12.37,AUTUMN,STANDARD36826,P,2018-11-07,2018,11,2018-19,2018,Final_Report_2018_19.pdf,NEL
7-Nov-18,NE LANTAU,2,8.29,AUTUMN,STANDARD36826,S,2018-11-07,2018,11,2018-19,2018,Final_Report_2018_19.pdf,NEL
7-Nov-18,NE LANTAU,3,2.23,AUTUMN,STANDARD36826,S,2018-11-07,2018,11,2018-19,2018,Final_Report_2018_19.pdf,NEL
12-Nov-18,SE LANTAU,2,20.25,AUTUMN,STANDARD36826,P,2018-11-12,2018,11,2018-19,2018,Final_Report_2018_19.pdf,SEL
12-Nov-18,SE LANTAU,2,7.65,AUTUMN,STANDARD36826,S,2018-11-12,2018,11,2018-19,2018,Final_Report_2018_19.pdf,SEL
13-Nov-18,DEEP BAY,2,11.83,AUTUMN,STANDARD36826,P,2018-11-13,2018,11,2018-19,2018,Final_Report_2018_19.pdf,DB
13-Nov-18,DEEP BAY,2,9.07,AUTUMN,STANDARD36826,S,2018-11-13,2018,11,2018-19,2018,Final_Report_2018_19.pdf,DB
13-Nov-18,NE LANTAU,2,3.53,AUTUMN,STANDARD36826,P,2018-11-13,2018,11,2018-19,2018,Final_Report_2018_19.pdf,NEL
13-Nov-18,NE LANTAU,3,9.34,AUTUMN,STANDARD36826,P,2018-11-13,2018,11,2018-19,2018,Final_Report_2018_19.pdf,NEL
13-Nov-18,NE LANTAU,2,5.3,AUTUMN,STANDARD36826,S,2018-11-13,2018,11,2018-19,2018,Final_Report_2018_19.pdf,NEL
13-Nov-18,NE LANTAU,3,1.93,AUTUMN,STANDARD36826,S,2018-11-13,2018,11,2018-19,2018,Final_Report_2018_19.pdf,NEL
19-Nov-18,W LANTAU,2,1.71,AUTUMN,STANDARD36826,P,2018-11-19,2018,11,2018-19,2018,Final_Report_2018_19.pdf,WL
19-Nov-18,W LANTAU,3,6.01,AUTUMN,STANDARD36826,P,2018-11-19,2018,11,2018-19,2018,Final_Report_2018_19.pdf,WL
19-Nov-18,W LANTAU,3,2.6,AUTUMN,STANDARD36826,S,2018-11-19,2018,11,2018-19,2018,Final_Report_2018_19.pdf,WL
19-Nov-18,SW LANTAU,2,21.57,AUTUMN,STANDARD36826,P,2018-11-19,2018,11,2018-19,2018,Final_Report_2018_19.pdf,SWL
19-Nov-18,SW LANTAU,3,6.35,AUTUMN,STANDARD36826,P,2018-11-19,2018,11,2018-19,2018,Final_Report_2018_19.pdf,SWL
19-Nov-18,SW LANTAU,4,1.98,AUTUMN,STANDARD36826,P,2018-11-19,2018,11,2018-19,2018,Final_Report_2018_19.pdf,SWL
19-Nov-18,SW LANTAU,1,2.39,AUTUMN,STANDARD36826,S,2018-11-19,2018,11,2018-19,2018,Final_Report_2018_19.pdf,SWL
19-Nov-18,SW LANTAU,2,4.51,AUTUMN,STANDARD36826,S,2018-11-19,2018,11,2018-19,2018,Final_Report_2018_19.pdf,SWL
19-Nov-18,SW LANTAU,3,2.66,AUTUMN,STANDARD36826,S,2018-11-19,2018,11,2018-19,2018,Final_Report_2018_19.pdf,SWL
19-Nov-18,SW LANTAU,4,2.33,AUTUMN,STANDARD36826,S,2018-11-19,2018,11,2018-19,2018,Final_Report_2018_19.pdf,SWL
19-Nov-18,SE LANTAU,2,16.51,AUTUMN,STANDARD36826,P,2018-11-19,2018,11,2018-19,2018,Final_Report_2018_19.pdf,SEL
19-Nov-18,SE LANTAU,2,2.09,AUTUMN,STANDARD36826,S,2018-11-19,2018,11,2018-19,2018,Final_Report_2018_19.pdf,SEL
21-Nov-18,W LANTAU,2,7.27,AUTUMN,STANDARD36826,P,2018-11-21,2018,11,2018-19,2018,Final_Report_2018_19.pdf,WL
21-Nov-18,W LANTAU,3,1.66,AUTUMN,STANDARD36826,P,2018-11-21,2018,11,2018-19,2018,Final_Report_2018_19.pdf,WL
21-Nov-18,W LANTAU,2,14.07,AUTUMN,STANDARD36826,S,2018-11-21,2018,11,2018-19,2018,Final_Report_2018_19.pdf,WL
21-Nov-18,W LANTAU,3,4.15,AUTUMN,STANDARD36826,S,2018-11-21,2018,11,2018-19,2018,Final_Report_2018_19.pdf,WL
21-Nov-18,NW LANTAU,2,23.17,AUTUMN,STANDARD36826,P,2018-11-21,2018,11,2018-19,2018,Final_Report_2018_19.pdf,NWL
21-Nov-18,NW LANTAU,2,7.4,AUTUMN,STANDARD36826,S,2018-11-21,2018,11,2018-19,2018,Final_Report_2018_19.pdf,NWL
21-Nov-18,NW LANTAU,3,3.03,AUTUMN,STANDARD36826,S,2018-11-21,2018,11,2018-19,2018,Final_Report_2018_19.pdf,NWL
22-Nov-18,NE LANTAU,2,6.4,AUTUMN,STANDARD36826,P,2018-11-22,2018,11,2018-19,2018,Final_Report_2018_19.pdf,NEL
22-Nov-18,NE LANTAU,3,18.0,AUTUMN,STANDARD36826,P,2018-11-22,2018,11,2018-19,2018,Final_Report_2018_19.pdf,NEL
22-Nov-18,NE LANTAU,4,6.13,AUTUMN,STANDARD36826,P,2018-11-22,2018,11,2018-19,2018,Final_Report_2018_19.pdf,NEL
22-Nov-18,NE LANTAU,2,4.4,AUTUMN,STANDARD36826,S,2018-11-22,2018,11,2018-19,2018,Final_Report_2018_19.pdf,NEL
22-Nov-18,NE LANTAU,3,4.45,AUTUMN,STANDARD36826,S,2018-11-22,2018,11,2018-19,2018,Final_Report_2018_19.pdf,NEL
22-Nov-18,NE LANTAU,4,3.72,AUTUMN,STANDARD36826,S,2018-11-22,2018,11,2018-19,2018,Final_Report_2018_19.pdf,NEL
22-Nov-18,NW LANTAU,2,9.21,AUTUMN,STANDARD36826,P,2018-11-22,2018,11,2018-19,2018,Final_Report_2018_19.pdf,NWL
22-Nov-18,NW LANTAU,3,12.96,AUTUMN,STANDARD36826,P,2018-11-22,2018,11,2018-19,2018,Final_Report_2018_19.pdf,NWL
22-Nov-18,NW LANTAU,2,6.83,AUTUMN,STANDARD36826,S,2018-11-22,2018,11,2018-19,2018,Final_Report_2018_19.pdf,NWL
22-Nov-18,NW LANTAU,3,4.2,AUTUMN,STANDARD36826,S,2018-11-22,2018,11,2018-19,2018,Final_Report_2018_19.pdf,NWL
28-Nov-18,SE LANTAU,2,21.94,AUTUMN,STANDARD36826,P,2018-11-28,2018,11,2018-19,2018,Final_Report_2018_19.pdf,SEL
28-Nov-18,SE LANTAU,3,6.22,AUTUMN,STANDARD36826,P,2018-11-28,2018,11,2018-19,2018,Final_Report_2018_19.pdf,SEL
28-Nov-18,SE LANTAU,2,7.9,AUTUMN,STANDARD36826,S,2018-11-28,2018,11,2018-19,2018,Final_Report_2018_19.pdf,SEL
28-Nov-18,SE LANTAU,3,2.14,AUTUMN,STANDARD36826,S,2018-11-28,2018,11,2018-19,2018,Final_Report_2018_19.pdf,SEL
28-Nov-18,SW LANTAU,2,20.45,AUTUMN,STANDARD36826,P,2018-11-28,2018,11,2018-19,2018,Final_Report_2018_19.pdf,SWL
28-Nov-18,SW LANTAU,2,10.55,AUTUMN,STANDARD36826,S,2018-11-28,2018,11,2018-19,2018,Final_Report_2018_19.pdf,SWL
29-Nov-18,NW LANTAU,2,20.77,AUTUMN,STANDARD36826,P,2018-11-29,2018,11,2018-19,2018,Final_Report_2018_19.pdf,NWL
29-Nov-18,NW LANTAU,3,11.98,AUTUMN,STANDARD36826,P,2018-11-29,2018,11,2018-19,2018,Final_Report_2018_19.pdf,NWL
29-Nov-18,NW LANTAU,2,2.12,AUTUMN,STANDARD36826,S,2018-11-29,2018,11,2018-19,2018,Final_Report_2018_19.pdf,NWL
29-Nov-18,NW LANTAU,3,6.44,AUTUMN,STANDARD36826,S,2018-11-29,2018,11,2018-19,2018,Final_Report_2018_19.pdf,NWL
29-Nov-18,DEEP BAY,2,12.0,AUTUMN,STANDARD36826,P,2018-11-29,2018,11,2018-19,2018,Final_Report_2018_19.pdf,DB
29-Nov-18,DEEP BAY,2,8.74,AUTUMN,STANDARD36826,S,2018-11-29,2018,11,2018-19,2018,Final_Report_2018_19.pdf,DB
3-Dec-18,W LANTAU,2,7.25,WINTER,STANDARD36826,P,2018-12-03,2018,12,2018-19,2018,Final_Report_2018_19.pdf,WL
3-Dec-18,W LANTAU,3,1.69,WINTER,STANDARD36826,P,2018-12-03,2018,12,2018-19,2018,Final_Report_2018_19.pdf,WL
3-Dec-18,W LANTAU,2,9.58,WINTER,STANDARD36826,S,2018-12-03,2018,12,2018-19,2018,Final_Report_2018_19.pdf,WL
3-Dec-18,W LANTAU,3,1.07,WINTER,STANDARD36826,S,2018-12-03,2018,12,2018-19,2018,Final_Report_2018_19.pdf,WL
4-Dec-18,LAMMA,1,4.29,WINTER,STANDARD36826,P,2018-12-04,2018,12,2018-19,2018,Final_Report_2018_19.pdf,LM
4-Dec-18,LAMMA,2,65.89,WINTER,STANDARD36826,P,2018-12-04,2018,12,2018-19,2018,Final_Report_2018_19.pdf,LM
4-Dec-18,LAMMA,3,11.19,WINTER,STANDARD36826,P,2018-12-04,2018,12,2018-19,2018,Final_Report_2018_19.pdf,LM
4-Dec-18,LAMMA,1,0.9,WINTER,STANDARD36826,S,2018-12-04,2018,12,2018-19,2018,Final_Report_2018_19.pdf,LM
4-Dec-18,LAMMA,2,13.88,WINTER,STANDARD36826,S,2018-12-04,2018,12,2018-19,2018,Final_Report_2018_19.pdf,LM
4-Dec-18,LAMMA,3,2.35,WINTER,STANDARD36826,S,2018-12-04,2018,12,2018-19,2018,Final_Report_2018_19.pdf,LM
6-Dec-18,SW LANTAU,2,23.15,WINTER,STANDARD36826,P,2018-12-06,2018,12,2018-19,2018,Final_Report_2018_19.pdf,SWL
6-Dec-18,SW LANTAU,3,6.9,WINTER,STANDARD36826,P,2018-12-06,2018,12,2018-19,2018,Final_Report_2018_19.pdf,SWL
6-Dec-18,SW LANTAU,2,8.75,WINTER,STANDARD36826,S,2018-12-06,2018,12,2018-19,2018,Final_Report_2018_19.pdf,SWL
6-Dec-18,SW LANTAU,3,2.3,WINTER,STANDARD36826,S,2018-12-06,2018,12,2018-19,2018,Final_Report_2018_19.pdf,SWL
10-Dec-18,DEEP BAY,2,4.73,WINTER,STANDARD36826,P,2018-12-10,2018,12,2018-19,2018,Final_Report_2018_19.pdf,DB
10-Dec-18,DEEP BAY,3,7.67,WINTER,STANDARD36826,P,2018-12-10,2018,12,2018-19,2018,Final_Report_2018_19.pdf,DB
10-Dec-18,DEEP BAY,2,3.62,WINTER,STANDARD36826,S,2018-12-10,2018,12,2018-19,2018,Final_Report_2018_19.pdf,DB
10-Dec-18,DEEP BAY,3,4.28,WINTER,STANDARD36826,S,2018-12-10,2018,12,2018-19,2018,Final_Report_2018_19.pdf,DB
10-Dec-18,NE LANTAU,2,16.26,WINTER,STANDARD36826,P,2018-12-10,2018,12,2018-19,2018,Final_Report_2018_19.pdf,NEL
10-Dec-18,NE LANTAU,2,10.14,WINTER,STANDARD36826,S,2018-12-10,2018,12,2018-19,2018,Final_Report_2018_19.pdf,NEL
13-Dec-18,SE LANTAU,2,6.97,WINTER,STANDARD36826,P,2018-12-13,2018,12,2018-19,2018,Final_Report_2018_19.pdf,SEL
13-Dec-18,SE LANTAU,3,12.41,WINTER,STANDARD36826,P,2018-12-13,2018,12,2018-19,2018,Final_Report_2018_19.pdf,SEL
13-Dec-18,SE LANTAU,2,3.98,WINTER,STANDARD36826,S,2018-12-13,2018,12,2018-19,2018,Final_Report_2018_19.pdf,SEL
13-Dec-18,SE LANTAU,3,2.05,WINTER,STANDARD36826,S,2018-12-13,2018,12,2018-19,2018,Final_Report_2018_19.pdf,SEL
17-Dec-18,SW LANTAU,2,17.48,WINTER,STANDARD36826,P,2018-12-17,2018,12,2018-19,2018,Final_Report_2018_19.pdf,SWL
17-Dec-18,SW LANTAU,3,3.72,WINTER,STANDARD36826,P,2018-12-17,2018,12,2018-19,2018,Final_Report_2018_19.pdf,SWL
17-Dec-18,SW LANTAU,2,4.15,WINTER,STANDARD36826,S,2018-12-17,2018,12,2018-19,2018,Final_Report_2018_19.pdf,SWL
17-Dec-18,SW LANTAU,3,2.25,WINTER,STANDARD36826,S,2018-12-17,2018,12,2018-19,2018,Final_Report_2018_19.pdf,SWL
17-Dec-18,SE LANTAU,1,2.79,WINTER,STANDARD36826,P,2018-12-17,2018,12,2018-19,2018,Final_Report_2018_19.pdf,SEL
17-Dec-18,SE LANTAU,2,24.87,WINTER,STANDARD36826,P,2018-12-17,2018,12,2018-19,2018,Final_Report_2018_19.pdf,SEL
17-Dec-18,SE LANTAU,3,6.5,WINTER,STANDARD36826,P,2018-12-17,2018,12,2018-19,2018,Final_Report_2018_19.pdf,SEL
17-Dec-18,SE LANTAU,4,3.3,WINTER,STANDARD36826,P,2018-12-17,2018,12,2018-19,2018,Final_Report_2018_19.pdf,SEL
17-Dec-18,SE LANTAU,2,5.04,WINTER,STANDARD36826,S,2018-12-17,2018,12,2018-19,2018,Final_Report_2018_19.pdf,SEL
17-Dec-18,SE LANTAU,4,0.9,WINTER,STANDARD36826,S,2018-12-17,2018,12,2018-19,2018,Final_Report_2018_19.pdf,SEL
20-Dec-18,NW LANTAU,2,23.7,WINTER,STANDARD36826,P,2018-12-20,2018,12,2018-19,2018,Final_Report_2018_19.pdf,NWL
20-Dec-18,NW LANTAU,2,13.3,WINTER,STANDARD36826,S,2018-12-20,2018,12,2018-19,2018,Final_Report_2018_19.pdf,NWL
20-Dec-18,W LANTAU,2,9.61,WINTER,STANDARD36826,P,2018-12-20,2018,12,2018-19,2018,Final_Report_2018_19.pdf,WL
20-Dec-18,W LANTAU,1,2.73,WINTER,STANDARD36826,S,2018-12-20,2018,12,2018-19,2018,Final_Report_2018_19.pdf,WL
20-Dec-18,W LANTAU,2,6.66,WINTER,STANDARD36826,S,2018-12-20,2018,12,2018-19,2018,Final_Report_2018_19.pdf,WL
20-Dec-18,SE LANTAU,2,15.24,WINTER,STANDARD36826,P,2018-12-20,2018,12,2018-19,2018,Final_Report_2018_19.pdf,SEL
20-Dec-18,SE LANTAU,2,2.14,WINTER,STANDARD36826,S,2018-12-20,2018,12,2018-19,2018,Final_Report_2018_19.pdf,SEL
3-Jan-19,W LANTAU,2,5.3,WINTER,STANDARD36826,S,2019-01-03,2019,1,2018-19,2018,Final_Report_2018_19.pdf,WL
3-Jan-19,W LANTAU,3,5.0,WINTER,STANDARD36826,S,2019-01-03,2019,1,2018-19,2018,Final_Report_2018_19.pdf,WL
3-Jan-19,SW LANTAU,2,5.14,WINTER,STANDARD36826,P,2019-01-03,2019,1,2018-19,2018,Final_Report_2018_19.pdf,SWL
3-Jan-19,SW LANTAU,2,5.56,WINTER,STANDARD36826,S,2019-01-03,2019,1,2018-19,2018,Final_Report_2018_19.pdf,SWL
4-Jan-19,SW LANTAU,2,16.12,WINTER,STANDARD36826,P,2019-01-04,2019,1,2018-19,2018,Final_Report_2018_19.pdf,SWL
4-Jan-19,SW LANTAU,3,7.45,WINTER,STANDARD36826,P,2019-01-04,2019,1,2018-19,2018,Final_Report_2018_19.pdf,SWL
4-Jan-19,SW LANTAU,2,8.33,WINTER,STANDARD36826,S,2019-01-04,2019,1,2018-19,2018,Final_Report_2018_19.pdf,SWL
4-Jan-19,SW LANTAU,3,2.3,WINTER,STANDARD36826,S,2019-01-04,2019,1,2018-19,2018,Final_Report_2018_19.pdf,SWL
8-Jan-19,SW LANTAU,2,12.84,WINTER,STANDARD36826,P,2019-01-08,2019,1,2018-19,2018,Final_Report_2018_19.pdf,SWL
8-Jan-19,SW LANTAU,3,6.1,WINTER,STANDARD36826,P,2019-01-08,2019,1,2018-19,2018,Final_Report_2018_19.pdf,SWL
8-Jan-19,SW LANTAU,2,8.01,WINTER,STANDARD36826,S,2019-01-08,2019,1,2018-19,2018,Final_Report_2018_19.pdf,SWL
8-Jan-19,SW LANTAU,3,3.1,WINTER,STANDARD36826,S,2019-01-08,2019,1,2018-19,2018,Final_Report_2018_19.pdf,SWL
11-Jan-19,SE LANTAU,2,18.19,WINTER,STANDARD36826,P,2019-01-11,2019,1,2018-19,2018,Final_Report_2018_19.pdf,SEL
11-Jan-19,SE LANTAU,3,1.6,WINTER,STANDARD36826,P,2019-01-11,2019,1,2018-19,2018,Final_Report_2018_19.pdf,SEL
11-Jan-19,SE LANTAU,2,8.31,WINTER,STANDARD36826,S,2019-01-11,2019,1,2018-19,2018,Final_Report_2018_19.pdf,SEL
11-Jan-19,SW LANTAU,2,16.0,WINTER,STANDARD36826,P,2019-01-11,2019,1,2018-19,2018,Final_Report_2018_19.pdf,SWL
11-Jan-19,SW LANTAU,3,1.58,WINTER,STANDARD36826,P,2019-01-11,2019,1,2018-19,2018,Final_Report_2018_19.pdf,SWL
11-Jan-19,SW LANTAU,2,9.02,WINTER,STANDARD36826,S,2019-01-11,2019,1,2018-19,2018,Final_Report_2018_19.pdf,SWL
14-Jan-19,W LANTAU,1,3.89,WINTER,STANDARD36826,P,2019-01-14,2019,1,2018-19,2018,Final_Report_2018_19.pdf,WL
14-Jan-19,W LANTAU,1,6.33,WINTER,STANDARD36826,S,2019-01-14,2019,1,2018-19,2018,Final_Report_2018_19.pdf,WL
14-Jan-19,W LANTAU,2,2.0,WINTER,STANDARD36826,S,2019-01-14,2019,1,2018-19,2018,Final_Report_2018_19.pdf,WL
14-Jan-19,W LANTAU,3,1.5,WINTER,STANDARD36826,S,2019-01-14,2019,1,2018-19,2018,Final_Report_2018_19.pdf,WL
15-Jan-19,NW LANTAU,0,0.92,WINTER,STANDARD36826,P,2019-01-15,2019,1,2018-19,2018,Final_Report_2018_19.pdf,NWL
15-Jan-19,NW LANTAU,1,4.77,WINTER,STANDARD36826,P,2019-01-15,2019,1,2018-19,2018,Final_Report_2018_19.pdf,NWL
15-Jan-19,NW LANTAU,2,28.45,WINTER,STANDARD36826,P,2019-01-15,2019,1,2018-19,2018,Final_Report_2018_19.pdf,NWL
15-Jan-19,NW LANTAU,3,1.5,WINTER,STANDARD36826,P,2019-01-15,2019,1,2018-19,2018,Final_Report_2018_19.pdf,NWL
15-Jan-19,NW LANTAU,2,10.56,WINTER,STANDARD36826,S,2019-01-15,2019,1,2018-19,2018,Final_Report_2018_19.pdf,NWL
15-Jan-19,DEEP BAY,2,12.72,WINTER,STANDARD36826,P,2019-01-15,2019,1,2018-19,2018,Final_Report_2018_19.pdf,DB
15-Jan-19,DEEP BAY,2,6.88,WINTER,STANDARD36826,S,2019-01-15,2019,1,2018-19,2018,Final_Report_2018_19.pdf,DB
15-Jan-19,NE LANTAU,2,12.97,WINTER,STANDARD36826,P,2019-01-15,2019,1,2018-19,2018,Final_Report_2018_19.pdf,NEL
15-Jan-19,NE LANTAU,2,5.23,WINTER,STANDARD36826,S,2019-01-15,2019,1,2018-19,2018,Final_Report_2018_19.pdf,NEL
17-Jan-19,W LANTAU,3,9.95,WINTER,STANDARD36826,S,2019-01-17,2019,1,2018-19,2018,Final_Report_2018_19.pdf,WL
17-Jan-19,SW LANTAU,1,0.7,WINTER,STANDARD36826,P,2019-01-17,2019,1,2018-19,2018,Final_Report_2018_19.pdf,SWL
17-Jan-19,SW LANTAU,2,25.56,WINTER,STANDARD36826,P,2019-01-17,2019,1,2018-19,2018,Final_Report_2018_19.pdf,SWL
17-Jan-19,SW LANTAU,3,0.17,WINTER,STANDARD36826,P,2019-01-17,2019,1,2018-19,2018,Final_Report_2018_19.pdf,SWL
17-Jan-19,SW LANTAU,2,6.3,WINTER,STANDARD36826,S,2019-01-17,2019,1,2018-19,2018,Final_Report_2018_19.pdf,SWL
17-Jan-19,SW LANTAU,3,2.27,WINTER,STANDARD36826,S,2019-01-17,2019,1,2018-19,2018,Final_Report_2018_19.pdf,SWL
17-Jan-19,SE LANTAU,2,20.5,WINTER,STANDARD36826,P,2019-01-17,2019,1,2018-19,2018,Final_Report_2018_19.pdf,SEL
17-Jan-19,SE LANTAU,3,0.9,WINTER,STANDARD36826,P,2019-01-17,2019,1,2018-19,2018,Final_Report_2018_19.pdf,SEL
17-Jan-19,SE LANTAU,2,5.02,WINTER,STANDARD36826,S,2019-01-17,2019,1,2018-19,2018,Final_Report_2018_19.pdf,SEL
22-Jan-19,SE LANTAU,2,14.96,WINTER,STANDARD36826,P,2019-01-22,2019,1,2018-19,2018,Final_Report_2018_19.pdf,SEL
22-Jan-19,SE LANTAU,3,14.78,WINTER,STANDARD36826,P,2019-01-22,2019,1,2018-19,2018,Final_Report_2018_19.pdf,SEL
22-Jan-19,SE LANTAU,4,5.79,WINTER,STANDARD36826,P,2019-01-22,2019,1,2018-19,2018,Final_Report_2018_19.pdf,SEL
22-Jan-19,SE LANTAU,2,0.73,WINTER,STANDARD36826,S,2019-01-22,2019,1,2018-19,2018,Final_Report_2018_19.pdf,SEL
22-Jan-19,SE LANTAU,3,3.96,WINTER,STANDARD36826,S,2019-01-22,2019,1,2018-19,2018,Final_Report_2018_19.pdf,SEL
22-Jan-19,LAMMA,2,34.67,WINTER,STANDARD36826,P,2019-01-22,2019,1,2018-19,2018,Final_Report_2018_19.pdf,LM
22-Jan-19,LAMMA,2,8.43,WINTER,STANDARD36826,S,2019-01-22,2019,1,2018-19,2018,Final_Report_2018_19.pdf,LM
23-Jan-19,W LANTAU,2,5.98,WINTER,STANDARD36826,P,2019-01-23,2019,1,2018-19,2018,Final_Report_2018_19.pdf,WL
23-Jan-19,W LANTAU,3,3.78,WINTER,STANDARD36826,P,2019-01-23,2019,1,2018-19,2018,Final_Report_2018_19.pdf,WL
23-Jan-19,W LANTAU,2,10.32,WINTER,STANDARD36826,S,2019-01-23,2019,1,2018-19,2018,Final_Report_2018_19.pdf,WL
23-Jan-19,W LANTAU,3,9.41,WINTER,STANDARD36826,S,2019-01-23,2019,1,2018-19,2018,Final_Report_2018_19.pdf,WL
23-Jan-19,NE LANTAU,2,20.87,WINTER,STANDARD36826,P,2019-01-23,2019,1,2018-19,2018,Final_Report_2018_19.pdf,NEL
23-Jan-19,NE LANTAU,2,11.03,WINTER,STANDARD36826,S,2019-01-23,2019,1,2018-19,2018,Final_Report_2018_19.pdf,NEL
25-Jan-19,LAMMA,2,25.94,WINTER,STANDARD36826,P,2019-01-25,2019,1,2018-19,2018,Final_Report_2018_19.pdf,LM
25-Jan-19,LAMMA,3,58.37,WINTER,STANDARD36826,P,2019-01-25,2019,1,2018-19,2018,Final_Report_2018_19.pdf,LM
25-Jan-19,LAMMA,4,6.7,WINTER,STANDARD36826,P,2019-01-25,2019,1,2018-19,2018,Final_Report_2018_19.pdf,LM
25-Jan-19,LAMMA,2,5.81,WINTER,STANDARD36826,S,2019-01-25,2019,1,2018-19,2018,Final_Report_2018_19.pdf,LM
25-Jan-19,LAMMA,3,11.98,WINTER,STANDARD36826,S,2019-01-25,2019,1,2018-19,2018,Final_Report_2018_19.pdf,LM
25-Jan-19,LAMMA,4,0.8,WINTER,STANDARD36826,S,2019-01-25,2019,1,2018-19,2018,Final_Report_2018_19.pdf,LM
29-Jan-19,NW LANTAU,2,7.9,WINTER,STANDARD36826,P,2019-01-29,2019,1,2018-19,2018,Final_Report_2018_19.pdf,NWL
29-Jan-19,NW LANTAU,3,10.79,WINTER,STANDARD36826,P,2019-01-29,2019,1,2018-19,2018,Final_Report_2018_19.pdf,NWL
29-Jan-19,NW LANTAU,4,2.96,WINTER,STANDARD36826,P,2019-01-29,2019,1,2018-19,2018,Final_Report_2018_19.pdf,NWL
29-Jan-19,NW LANTAU,5,2.4,WINTER,STANDARD36826,P,2019-01-29,2019,1,2018-19,2018,Final_Report_2018_19.pdf,NWL
29-Jan-19,NW LANTAU,2,3.95,WINTER,STANDARD36826,S,2019-01-29,2019,1,2018-19,2018,Final_Report_2018_19.pdf,NWL
29-Jan-19,NW LANTAU,3,4.17,WINTER,STANDARD36826,S,2019-01-29,2019,1,2018-19,2018,Final_Report_2018_19.pdf,NWL
29-Jan-19,DEEP BAY,2,9.68,WINTER,STANDARD36826,P,2019-01-29,2019,1,2018-19,2018,Final_Report_2018_19.pdf,DB
29-Jan-19,DEEP BAY,2,10.72,WINTER,STANDARD36826,S,2019-01-29,2019,1,2018-19,2018,Final_Report_2018_19.pdf,DB
29-Jan-19,NE LANTAU,3,18.43,WINTER,STANDARD36826,P,2019-01-29,2019,1,2018-19,2018,Final_Report_2018_19.pdf,NEL
29-Jan-19,NE LANTAU,2,2.2,WINTER,STANDARD36826,S,2019-01-29,2019,1,2018-19,2018,Final_Report_2018_19.pdf,NEL
29-Jan-19,NE LANTAU,3,6.78,WINTER,STANDARD36826,S,2019-01-29,2019,1,2018-19,2018,Final_Report_2018_19.pdf,NEL
29-Jan-19,NE LANTAU,4,1.39,WINTER,STANDARD36826,S,2019-01-29,2019,1,2018-19,2018,Final_Report_2018_19.pdf,NEL
31-Jan-19,LAMMA,1,5.17,WINTER,STANDARD36826,P,2019-01-31,2019,1,2018-19,2018,Final_Report_2018_19.pdf,LM
31-Jan-19,LAMMA,2,83.52,WINTER,STANDARD36826,P,2019-01-31,2019,1,2018-19,2018,Final_Report_2018_19.pdf,LM
31-Jan-19,LAMMA,1,1.2,WINTER,STANDARD36826,S,2019-01-31,2019,1,2018-19,2018,Final_Report_2018_19.pdf,LM
31-Jan-19,LAMMA,2,15.96,WINTER,STANDARD36826,S,2019-01-31,2019,1,2018-19,2018,Final_Report_2018_19.pdf,LM
12-Feb-19,W LANTAU,1,6.19,WINTER,STANDARD36826,S,2019-02-12,2019,2,2018-19,2018,Final_Report_2018_19.pdf,WL
12-Feb-19,W LANTAU,2,4.68,WINTER,STANDARD36826,S,2019-02-12,2019,2,2018-19,2018,Final_Report_2018_19.pdf,WL
12-Feb-19,NW LANTAU,1,4.2,WINTER,STANDARD36826,P,2019-02-12,2019,2,2018-19,2018,Final_Report_2018_19.pdf,NWL
12-Feb-19,NW LANTAU,2,14.23,WINTER,STANDARD36826,P,2019-02-12,2019,2,2018-19,2018,Final_Report_2018_19.pdf,NWL
12-Feb-19,NW LANTAU,3,0.3,WINTER,STANDARD36826,P,2019-02-12,2019,2,2018-19,2018,Final_Report_2018_19.pdf,NWL
12-Feb-19,NW LANTAU,1,1.9,WINTER,STANDARD36826,S,2019-02-12,2019,2,2018-19,2018,Final_Report_2018_19.pdf,NWL
12-Feb-19,NW LANTAU,2,8.17,WINTER,STANDARD36826,S,2019-02-12,2019,2,2018-19,2018,Final_Report_2018_19.pdf,NWL
12-Feb-19,NW LANTAU,3,2.37,WINTER,STANDARD36826,S,2019-02-12,2019,2,2018-19,2018,Final_Report_2018_19.pdf,NWL
13-Feb-19,SE LANTAU,1,5.5,WINTER,STANDARD36826,P,2019-02-13,2019,2,2018-19,2018,Final_Report_2018_19.pdf,SEL
13-Feb-19,SE LANTAU,2,21.62,WINTER,STANDARD36826,P,2019-02-13,2019,2,2018-19,2018,Final_Report_2018_19.pdf,SEL
13-Feb-19,SE LANTAU,1,1.64,WINTER,STANDARD36826,S,2019-02-13,2019,2,2018-19,2018,Final_Report_2018_19.pdf,SEL
13-Feb-19,SE LANTAU,2,8.62,WINTER,STANDARD36826,S,2019-02-13,2019,2,2018-19,2018,Final_Report_2018_19.pdf,SEL
13-Feb-19,SW LANTAU,1,5.08,WINTER,STANDARD36826,P,2019-02-13,2019,2,2018-19,2018,Final_Report_2018_19.pdf,SWL
13-Feb-19,SW LANTAU,2,10.22,WINTER,STANDARD36826,P,2019-02-13,2019,2,2018-19,2018,Final_Report_2018_19.pdf,SWL
13-Feb-19,SW LANTAU,1,4.87,WINTER,STANDARD36826,S,2019-02-13,2019,2,2018-19,2018,Final_Report_2018_19.pdf,SWL
13-Feb-19,SW LANTAU,2,3.37,WINTER,STANDARD36826,S,2019-02-13,2019,2,2018-19,2018,Final_Report_2018_19.pdf,SWL
14-Feb-19,DEEP BAY,2,10.41,WINTER,STANDARD36826,P,2019-02-14,2019,2,2018-19,2018,Final_Report_2018_19.pdf,DB
14-Feb-19,DEEP BAY,2,9.09,WINTER,STANDARD36826,S,2019-02-14,2019,2,2018-19,2018,Final_Report_2018_19.pdf,DB
14-Feb-19,NE LANTAU,2,3.21,WINTER,STANDARD36826,P,2019-02-14,2019,2,2018-19,2018,Final_Report_2018_19.pdf,NEL
14-Feb-19,NE LANTAU,3,11.29,WINTER,STANDARD36826,P,2019-02-14,2019,2,2018-19,2018,Final_Report_2018_19.pdf,NEL
14-Feb-19,NE LANTAU,2,2.22,WINTER,STANDARD36826,S,2019-02-14,2019,2,2018-19,2018,Final_Report_2018_19.pdf,NEL
14-Feb-19,NE LANTAU,3,9.18,WINTER,STANDARD36826,S,2019-02-14,2019,2,2018-19,2018,Final_Report_2018_19.pdf,NEL
15-Feb-19,SW LANTAU,2,5.1,WINTER,STANDARD36826,P,2019-02-15,2019,2,2018-19,2018,Final_Report_2018_19.pdf,SWL
15-Feb-19,SW LANTAU,3,22.43,WINTER,STANDARD36826,P,2019-02-15,2019,2,2018-19,2018,Final_Report_2018_19.pdf,SWL
15-Feb-19,SW LANTAU,4,1.1,WINTER,STANDARD36826,P,2019-02-15,2019,2,2018-19,2018,Final_Report_2018_19.pdf,SWL
15-Feb-19,SW LANTAU,3,11.27,WINTER,STANDARD36826,S,2019-02-15,2019,2,2018-19,2018,Final_Report_2018_19.pdf,SWL
20-Feb-19,W LANTAU,2,2.57,WINTER,STANDARD36826,P,2019-02-20,2019,2,2018-19,2018,Final_Report_2018_19.pdf,WL
20-Feb-19,W LANTAU,3,4.38,WINTER,STANDARD36826,P,2019-02-20,2019,2,2018-19,2018,Final_Report_2018_19.pdf,WL
20-Feb-19,W LANTAU,2,3.24,WINTER,STANDARD36826,S,2019-02-20,2019,2,2018-19,2018,Final_Report_2018_19.pdf,WL
20-Feb-19,W LANTAU,3,6.06,WINTER,STANDARD36826,S,2019-02-20,2019,2,2018-19,2018,Final_Report_2018_19.pdf,WL
22-Feb-19,SE LANTAU,2,10.37,WINTER,STANDARD36826,P,2019-02-22,2019,2,2018-19,2018,Final_Report_2018_19.pdf,SEL
22-Feb-19,SE LANTAU,3,7.32,WINTER,STANDARD36826,P,2019-02-22,2019,2,2018-19,2018,Final_Report_2018_19.pdf,SEL
22-Feb-19,SE LANTAU,4,2.15,WINTER,STANDARD36826,P,2019-02-22,2019,2,2018-19,2018,Final_Report_2018_19.pdf,SEL
22-Feb-19,SE LANTAU,2,3.0,WINTER,STANDARD36826,S,2019-02-22,2019,2,2018-19,2018,Final_Report_2018_19.pdf,SEL
22-Feb-19,SE LANTAU,4,1.83,WINTER,STANDARD36826,S,2019-02-22,2019,2,2018-19,2018,Final_Report_2018_19.pdf,SEL
22-Feb-19,LAMMA,2,48.2,WINTER,STANDARD36826,P,2019-02-22,2019,2,2018-19,2018,Final_Report_2018_19.pdf,LM
22-Feb-19,LAMMA,3,1.4,WINTER,STANDARD36826,P,2019-02-22,2019,2,2018-19,2018,Final_Report_2018_19.pdf,LM
22-Feb-19,LAMMA,2,11.5,WINTER,STANDARD36826,S,2019-02-22,2019,2,2018-19,2018,Final_Report_2018_19.pdf,LM
26-Feb-19,NW LANTAU,2,3.25,WINTER,STANDARD36826,P,2019-02-26,2019,2,2018-19,2018,Final_Report_2018_19.pdf,NWL
26-Feb-19,NW LANTAU,3,20.82,WINTER,STANDARD36826,P,2019-02-26,2019,2,2018-19,2018,Final_Report_2018_19.pdf,NWL
26-Feb-19,NW LANTAU,4,1.1,WINTER,STANDARD36826,P,2019-02-26,2019,2,2018-19,2018,Final_Report_2018_19.pdf,NWL
26-Feb-19,NW LANTAU,3,7.83,WINTER,STANDARD36826,S,2019-02-26,2019,2,2018-19,2018,Final_Report_2018_19.pdf,NWL
26-Feb-19,DEEP BAY,2,9.72,WINTER,STANDARD36826,P,2019-02-26,2019,2,2018-19,2018,Final_Report_2018_19.pdf,DB
26-Feb-19,DEEP BAY,3,1.02,WINTER,STANDARD36826,P,2019-02-26,2019,2,2018-19,2018,Final_Report_2018_19.pdf,DB
26-Feb-19,DEEP BAY,2,8.36,WINTER,STANDARD36826,S,2019-02-26,2019,2,2018-19,2018,Final_Report_2018_19.pdf,DB
8-Mar-19,NW LANTAU,2,6.37,SPRING,STANDARD36826,P,2019-03-08,2019,3,2018-19,2018,Final_Report_2018_19.pdf,NWL
8-Mar-19,NW LANTAU,3,9.77,SPRING,STANDARD36826,P,2019-03-08,2019,3,2018-19,2018,Final_Report_2018_19.pdf,NWL
8-Mar-19,NW LANTAU,4,8.39,SPRING,STANDARD36826,P,2019-03-08,2019,3,2018-19,2018,Final_Report_2018_19.pdf,NWL
8-Mar-19,NW LANTAU,2,6.21,SPRING,STANDARD36826,S,2019-03-08,2019,3,2018-19,2018,Final_Report_2018_19.pdf,NWL
8-Mar-19,NW LANTAU,3,3.2,SPRING,STANDARD36826,S,2019-03-08,2019,3,2018-19,2018,Final_Report_2018_19.pdf,NWL
8-Mar-19,NW LANTAU,4,3.86,SPRING,STANDARD36826,S,2019-03-08,2019,3,2018-19,2018,Final_Report_2018_19.pdf,NWL
8-Mar-19,W LANTAU,2,3.21,SPRING,STANDARD36826,P,2019-03-08,2019,3,2018-19,2018,Final_Report_2018_19.pdf,WL
8-Mar-19,W LANTAU,3,1.13,SPRING,STANDARD36826,P,2019-03-08,2019,3,2018-19,2018,Final_Report_2018_19.pdf,WL
8-Mar-19,W LANTAU,4,5.26,SPRING,STANDARD36826,P,2019-03-08,2019,3,2018-19,2018,Final_Report_2018_19.pdf,WL
8-Mar-19,W LANTAU,5,3.9,SPRING,STANDARD36826,P,2019-03-08,2019,3,2018-19,2018,Final_Report_2018_19.pdf,WL
8-Mar-19,W LANTAU,2,1.76,SPRING,STANDARD36826,S,2019-03-08,2019,3,2018-19,2018,Final_Report_2018_19.pdf,WL
8-Mar-19,W LANTAU,3,6.84,SPRING,STANDARD36826,S,2019-03-08,2019,3,2018-19,2018,Final_Report_2018_19.pdf,WL
8-Mar-19,W LANTAU,4,1.3,SPRING,STANDARD36826,S,2019-03-08,2019,3,2018-19,2018,Final_Report_2018_19.pdf,WL
8-Mar-19,W LANTAU,5,2.5,SPRING,STANDARD36826,S,2019-03-08,2019,3,2018-19,2018,Final_Report_2018_19.pdf,WL
11-Mar-19,W LANTAU,2,4.26,SPRING,STANDARD36826,S,2019-03-11,2019,3,2018-19,2018,Final_Report_2018_19.pdf,WL
11-Mar-19,W LANTAU,3,6.44,SPRING,STANDARD36826,S,2019-03-11,2019,3,2018-19,2018,Final_Report_2018_19.pdf,WL
11-Mar-19,SE LANTAU,2,15.59,SPRING,STANDARD36826,P,2019-03-11,2019,3,2018-19,2018,Final_Report_2018_19.pdf,SEL
11-Mar-19,SE LANTAU,2,8.57,SPRING,STANDARD36826,S,2019-03-11,2019,3,2018-19,2018,Final_Report_2018_19.pdf,SEL
18-Mar-19,W LANTAU,2,8.25,SPRING,STANDARD36826,S,2019-03-18,2019,3,2018-19,2018,Final_Report_2018_19.pdf,WL
18-Mar-19,SW LANTAU,2,16.22,SPRING,STANDARD36826,P,2019-03-18,2019,3,2018-19,2018,Final_Report_2018_19.pdf,SWL
18-Mar-19,SW LANTAU,2,12.08,SPRING,STANDARD36826,S,2019-03-18,2019,3,2018-19,2018,Final_Report_2018_19.pdf,SWL
19-Mar-19,LAMMA,1,11.77,SPRING,STANDARD36826,P,2019-03-19,2019,3,2018-19,2018,Final_Report_2018_19.pdf,LM
19-Mar-19,LAMMA,2,50.76,SPRING,STANDARD36826,P,2019-03-19,2019,3,2018-19,2018,Final_Report_2018_19.pdf,LM
19-Mar-19,LAMMA,3,18.0,SPRING,STANDARD36826,P,2019-03-19,2019,3,2018-19,2018,Final_Report_2018_19.pdf,LM
19-Mar-19,LAMMA,1,8.55,SPRING,STANDARD36826,S,2019-03-19,2019,3,2018-19,2018,Final_Report_2018_19.pdf,LM
19-Mar-19,LAMMA,2,9.77,SPRING,STANDARD36826,S,2019-03-19,2019,3,2018-19,2018,Final_Report_2018_19.pdf,LM
19-Mar-19,LAMMA,3,3.34,SPRING,STANDARD36826,S,2019-03-19,2019,3,2018-19,2018,Final_Report_2018_19.pdf,LM
20-Mar-19,SW LANTAU,2,17.08,SPRING,STANDARD36826,P,2019-03-20,2019,3,2018-19,2018,Final_Report_2018_19.pdf,SWL
20-Mar-19,SW LANTAU,3,4.54,SPRING,STANDARD36826,P,2019-03-20,2019,3,2018-19,2018,Final_Report_2018_19.pdf,SWL
20-Mar-19,SW LANTAU,2,5.7,SPRING,STANDARD36826,S,2019-03-20,2019,3,2018-19,2018,Final_Report_2018_19.pdf,SWL
20-Mar-19,SW LANTAU,3,2.28,SPRING,STANDARD36826,S,2019-03-20,2019,3,2018-19,2018,Final_Report_2018_19.pdf,SWL
21-Mar-19,LAMMA,1,1.4,SPRING,STANDARD36826,P,2019-03-21,2019,3,2018-19,2018,Final_Report_2018_19.pdf,LM
21-Mar-19,LAMMA,2,33.74,SPRING,STANDARD36826,P,2019-03-21,2019,3,2018-19,2018,Final_Report_2018_19.pdf,LM
21-Mar-19,LAMMA,1,0.5,SPRING,STANDARD36826,S,2019-03-21,2019,3,2018-19,2018,Final_Report_2018_19.pdf,LM
21-Mar-19,LAMMA,2,7.96,SPRING,STANDARD36826,S,2019-03-21,2019,3,2018-19,2018,Final_Report_2018_19.pdf,LM
21-Mar-19,SE LANTAU,1,8.15,SPRING,STANDARD36826,P,2019-03-21,2019,3,2018-19,2018,Final_Report_2018_19.pdf,SEL
21-Mar-19,SE LANTAU,2,26.24,SPRING,STANDARD36826,P,2019-03-21,2019,3,2018-19,2018,Final_Report_2018_19.pdf,SEL
21-Mar-19,SE LANTAU,1,4.1,SPRING,STANDARD36826,S,2019-03-21,2019,3,2018-19,2018,Final_Report_2018_19.pdf,SEL
21-Mar-19,SE LANTAU,2,9.01,SPRING,STANDARD36826,S,2019-03-21,2019,3,2018-19,2018,Final_Report_2018_19.pdf,SEL
25-Mar-19,NW LANTAU,2,19.81,SPRING,STANDARD36826,P,2019-03-25,2019,3,2018-19,2018,Final_Report_2018_19.pdf,NWL
25-Mar-19,NW LANTAU,3,7.39,SPRING,STANDARD36826,P,2019-03-25,2019,3,2018-19,2018,Final_Report_2018_19.pdf,NWL
25-Mar-19,NW LANTAU,2,6.99,SPRING,STANDARD36826,S,2019-03-25,2019,3,2018-19,2018,Final_Report_2018_19.pdf,NWL
25-Mar-19,DEEP BAY,2,6.0,SPRING,STANDARD36826,P,2019-03-25,2019,3,2018-19,2018,Final_Report_2018_19.pdf,DB
25-Mar-19,DEEP BAY,3,6.81,SPRING,STANDARD36826,P,2019-03-25,2019,3,2018-19,2018,Final_Report_2018_19.pdf,DB
25-Mar-19,DEEP BAY,2,3.35,SPRING,STANDARD36826,S,2019-03-25,2019,3,2018-19,2018,Final_Report_2018_19.pdf,DB
25-Mar-19,DEEP BAY,3,2.74,SPRING,STANDARD36826,S,2019-03-25,2019,3,2018-19,2018,Final_Report_2018_19.pdf,DB
25-Mar-19,NE LANTAU,1,3.43,SPRING,STANDARD36826,P,2019-03-25,2019,3,2018-19,2018,Final_Report_2018_19.pdf,NEL
25-Mar-19,NE LANTAU,2,16.61,SPRING,STANDARD36826,P,2019-03-25,2019,3,2018-19,2018,Final_Report_2018_19.pdf,NEL
25-Mar-19,NE LANTAU,2,10.66,SPRING,STANDARD36826,S,2019-03-25,2019,3,2018-19,2018,Final_Report_2018_19.pdf,NEL
26-Mar-19,W LANTAU,1,7.85,SPRING,STANDARD36826,S,2019-03-26,2019,3,2018-19,2018,Final_Report_2018_19.pdf,WL
26-Mar-19,W LANTAU,2,0.7,SPRING,STANDARD36826,S,2019-03-26,2019,3,2018-19,2018,Final_Report_2018_19.pdf,WL
26-Mar-19,W LANTAU,3,1.75,SPRING,STANDARD36826,S,2019-03-26,2019,3,2018-19,2018,Final_Report_2018_19.pdf,WL
26-Mar-19,SW LANTAU,3,24.64,SPRING,STANDARD36826,P,2019-03-26,2019,3,2018-19,2018,Final_Report_2018_19.pdf,SWL
26-Mar-19,SW LANTAU,4,17.02,SPRING,STANDARD36826,P,2019-03-26,2019,3,2018-19,2018,Final_Report_2018_19.pdf,SWL
26-Mar-19,SW LANTAU,2,0.6,SPRING,STANDARD36826,S,2019-03-26,2019,3,2018-19,2018,Final_Report_2018_19.pdf,SWL
26-Mar-19,SW LANTAU,3,12.14,SPRING,STANDARD36826,S,2019-03-26,2019,3,2018-19,2018,Final_Report_2018_19.pdf,SWL
26-Mar-19,SW LANTAU,4,9.1,SPRING,STANDARD36826,S,2019-03-26,2019,3,2018-19,2018,Final_Report_2018_19.pdf,SWL
2-Apr-19,NW LANTAU,2,4.19,SPRING,STANDARD36826,P,2019-04-02,2019,4,2019-20,2019,Final_Report_2019_20.pdf,NWL
2-Apr-19,NW LANTAU,3,19.44,SPRING,STANDARD36826,P,2019-04-02,2019,4,2019-20,2019,Final_Report_2019_20.pdf,NWL
2-Apr-19,NW LANTAU,2,2.17,SPRING,STANDARD36826,S,2019-04-02,2019,4,2019-20,2019,Final_Report_2019_20.pdf,NWL
2-Apr-19,NW LANTAU,3,10.18,SPRING,STANDARD36826,S,2019-04-02,2019,4,2019-20,2019,Final_Report_2019_20.pdf,NWL
2-Apr-19,DEEP BAY,1,0.83,SPRING,STANDARD36826,P,2019-04-02,2019,4,2019-20,2019,Final_Report_2019_20.pdf,DB
2-Apr-19,DEEP BAY,2,11.46,SPRING,STANDARD36826,P,2019-04-02,2019,4,2019-20,2019,Final_Report_2019_20.pdf,DB
2-Apr-19,DEEP BAY,2,6.91,SPRING,STANDARD36826,S,2019-04-02,2019,4,2019-20,2019,Final_Report_2019_20.pdf,DB
2-Apr-19,NE LANTAU,2,9.44,SPRING,STANDARD36826,P,2019-04-02,2019,4,2019-20,2019,Final_Report_2019_20.pdf,NEL
2-Apr-19,NE LANTAU,3,8.13,SPRING,STANDARD36826,P,2019-04-02,2019,4,2019-20,2019,Final_Report_2019_20.pdf,NEL
2-Apr-19,NE LANTAU,2,5.7,SPRING,STANDARD36826,S,2019-04-02,2019,4,2019-20,2019,Final_Report_2019_20.pdf,NEL
2-Apr-19,NE LANTAU,3,5.33,SPRING,STANDARD36826,S,2019-04-02,2019,4,2019-20,2019,Final_Report_2019_20.pdf,NEL
3-Apr-19,SW LANTAU,3,13.0,SPRING,STANDARD36826,P,2019-04-03,2019,4,2019-20,2019,Final_Report_2019_20.pdf,SWL
3-Apr-19,SW LANTAU,4,1.15,SPRING,STANDARD36826,P,2019-04-03,2019,4,2019-20,2019,Final_Report_2019_20.pdf,SWL
3-Apr-19,SW LANTAU,2,2.7,SPRING,STANDARD36826,S,2019-04-03,2019,4,2019-20,2019,Final_Report_2019_20.pdf,SWL
3-Apr-19,SW LANTAU,3,6.06,SPRING,STANDARD36826,S,2019-04-03,2019,4,2019-20,2019,Final_Report_2019_20.pdf,SWL
3-Apr-19,SW LANTAU,4,2.39,SPRING,STANDARD36826,S,2019-04-03,2019,4,2019-20,2019,Final_Report_2019_20.pdf,SWL
8-Apr-19,LAMMA,1,3.68,SPRING,STANDARD36826,P,2019-04-08,2019,4,2019-20,2019,Final_Report_2019_20.pdf,LM
8-Apr-19,LAMMA,2,38.26,SPRING,STANDARD36826,P,2019-04-08,2019,4,2019-20,2019,Final_Report_2019_20.pdf,LM
8-Apr-19,LAMMA,2,10.22,SPRING,STANDARD36826,S,2019-04-08,2019,4,2019-20,2019,Final_Report_2019_20.pdf,LM
8-Apr-19,SE LANTAU,1,5.0,SPRING,STANDARD36826,P,2019-04-08,2019,4,2019-20,2019,Final_Report_2019_20.pdf,SEL
8-Apr-19,SE LANTAU,2,19.86,SPRING,STANDARD36826,P,2019-04-08,2019,4,2019-20,2019,Final_Report_2019_20.pdf,SEL
8-Apr-19,SE LANTAU,2,6.74,SPRING,STANDARD36826,S,2019-04-08,2019,4,2019-20,2019,Final_Report_2019_20.pdf,SEL
11-Apr-19,PO TOI,2,53.1,SPRING,STANDARD36826,P,2019-04-11,2019,4,2019-20,2019,Final_Report_2019_20.pdf,PT
11-Apr-19,PO TOI,3,2.7,SPRING,STANDARD36826,P,2019-04-11,2019,4,2019-20,2019,Final_Report_2019_20.pdf,PT
11-Apr-19,PO TOI,1,1.5,SPRING,STANDARD36826,S,2019-04-11,2019,4,2019-20,2019,Final_Report_2019_20.pdf,PT
11-Apr-19,PO TOI,2,4.6,SPRING,STANDARD36826,S,2019-04-11,2019,4,2019-20,2019,Final_Report_2019_20.pdf,PT
11-Apr-19,LAMMA,1,7.89,SPRING,STANDARD36826,P,2019-04-11,2019,4,2019-20,2019,Final_Report_2019_20.pdf,LM
11-Apr-19,LAMMA,2,19.59,SPRING,STANDARD36826,P,2019-04-11,2019,4,2019-20,2019,Final_Report_2019_20.pdf,LM
11-Apr-19,LAMMA,1,3.73,SPRING,STANDARD36826,S,2019-04-11,2019,4,2019-20,2019,Final_Report_2019_20.pdf,LM
11-Apr-19,LAMMA,2,5.79,SPRING,STANDARD36826,S,2019-04-11,2019,4,2019-20,2019,Final_Report_2019_20.pdf,LM
15-Apr-19,W LANTAU,3,3.11,SPRING,STANDARD36826,P,2019-04-15,2019,4,2019-20,2019,Final_Report_2019_20.pdf,WL
15-Apr-19,W LANTAU,4,4.81,SPRING,STANDARD36826,P,2019-04-15,2019,4,2019-20,2019,Final_Report_2019_20.pdf,WL
15-Apr-19,W LANTAU,5,2.58,SPRING,STANDARD36826,P,2019-04-15,2019,4,2019-20,2019,Final_Report_2019_20.pdf,WL
15-Apr-19,W LANTAU,2,2.0,SPRING,STANDARD36826,S,2019-04-15,2019,4,2019-20,2019,Final_Report_2019_20.pdf,WL
15-Apr-19,W LANTAU,3,4.14,SPRING,STANDARD36826,S,2019-04-15,2019,4,2019-20,2019,Final_Report_2019_20.pdf,WL
15-Apr-19,W LANTAU,4,3.96,SPRING,STANDARD36826,S,2019-04-15,2019,4,2019-20,2019,Final_Report_2019_20.pdf,WL
17-Apr-19,SE LANTAU,1,4.87,SPRING,STANDARD36826,P,2019-04-17,2019,4,2019-20,2019,Final_Report_2019_20.pdf,SEL
17-Apr-19,SE LANTAU,2,25.85,SPRING,STANDARD36826,P,2019-04-17,2019,4,2019-20,2019,Final_Report_2019_20.pdf,SEL
17-Apr-19,SE LANTAU,2,6.89,SPRING,STANDARD36826,S,2019-04-17,2019,4,2019-20,2019,Final_Report_2019_20.pdf,SEL
17-Apr-19,SW LANTAU,1,4.89,SPRING,STANDARD36826,P,2019-04-17,2019,4,2019-20,2019,Final_Report_2019_20.pdf,SWL
17-Apr-19,SW LANTAU,2,17.84,SPRING,STANDARD36826,P,2019-04-17,2019,4,2019-20,2019,Final_Report_2019_20.pdf,SWL
17-Apr-19,SW LANTAU,2,8.29,SPRING,STANDARD36826,S,2019-04-17,2019,4,2019-20,2019,Final_Report_2019_20.pdf,SWL
24-Apr-19,SW LANTAU,1,1.48,SPRING,STANDARD36826,P,2019-04-24,2019,4,2019-20,2019,Final_Report_2019_20.pdf,SWL
24-Apr-19,SW LANTAU,2,9.83,SPRING,STANDARD36826,P,2019-04-24,2019,4,2019-20,2019,Final_Report_2019_20.pdf,SWL
24-Apr-19,SW LANTAU,1,3.5,SPRING,STANDARD36826,S,2019-04-24,2019,4,2019-20,2019,Final_Report_2019_20.pdf,SWL
24-Apr-19,SW LANTAU,2,2.39,SPRING,STANDARD36826,S,2019-04-24,2019,4,2019-20,2019,Final_Report_2019_20.pdf,SWL
25-Apr-19,W LANTAU,2,3.69,SPRING,STANDARD36826,S,2019-04-25,2019,4,2019-20,2019,Final_Report_2019_20.pdf,WL
25-Apr-19,W LANTAU,3,5.85,SPRING,STANDARD36826,S,2019-04-25,2019,4,2019-20,2019,Final_Report_2019_20.pdf,WL
25-Apr-19,SW LANTAU,2,11.93,SPRING,STANDARD36826,P,2019-04-25,2019,4,2019-20,2019,Final_Report_2019_20.pdf,SWL
25-Apr-19,SW LANTAU,2,4.37,SPRING,STANDARD36826,S,2019-04-25,2019,4,2019-20,2019,Final_Report_2019_20.pdf,SWL
29-Apr-19,SE LANTAU,2,12.81,SPRING,STANDARD36826,P,2019-04-29,2019,4,2019-20,2019,Final_Report_2019_20.pdf,SEL
29-Apr-19,SE LANTAU,3,14.55,SPRING,STANDARD36826,P,2019-04-29,2019,4,2019-20,2019,Final_Report_2019_20.pdf,SEL
29-Apr-19,SE LANTAU,2,6.4,SPRING,STANDARD36826,S,2019-04-29,2019,4,2019-20,2019,Final_Report_2019_20.pdf,SEL
29-Apr-19,SE LANTAU,3,4.04,SPRING,STANDARD36826,S,2019-04-29,2019,4,2019-20,2019,Final_Report_2019_20.pdf,SEL
29-Apr-19,SW LANTAU,2,0.6,SPRING,STANDARD36826,P,2019-04-29,2019,4,2019-20,2019,Final_Report_2019_20.pdf,SWL
29-Apr-19,SW LANTAU,3,16.38,SPRING,STANDARD36826,P,2019-04-29,2019,4,2019-20,2019,Final_Report_2019_20.pdf,SWL
29-Apr-19,SW LANTAU,2,6.5,SPRING,STANDARD36826,S,2019-04-29,2019,4,2019-20,2019,Final_Report_2019_20.pdf,SWL
29-Apr-19,SW LANTAU,3,3.22,SPRING,STANDARD36826,S,2019-04-29,2019,4,2019-20,2019,Final_Report_2019_20.pdf,SWL
30-Apr-19,NW LANTAU,2,8.31,SPRING,STANDARD36826,P,2019-04-30,2019,4,2019-20,2019,Final_Report_2019_20.pdf,NWL
30-Apr-19,NW LANTAU,3,15.69,SPRING,STANDARD36826,P,2019-04-30,2019,4,2019-20,2019,Final_Report_2019_20.pdf,NWL
30-Apr-19,NW LANTAU,4,1.35,SPRING,STANDARD36826,P,2019-04-30,2019,4,2019-20,2019,Final_Report_2019_20.pdf,NWL
30-Apr-19,NW LANTAU,2,4.19,SPRING,STANDARD36826,S,2019-04-30,2019,4,2019-20,2019,Final_Report_2019_20.pdf,NWL
30-Apr-19,NW LANTAU,3,1.2,SPRING,STANDARD36826,S,2019-04-30,2019,4,2019-20,2019,Final_Report_2019_20.pdf,NWL
30-Apr-19,NW LANTAU,4,2.96,SPRING,STANDARD36826,S,2019-04-30,2019,4,2019-20,2019,Final_Report_2019_20.pdf,NWL
30-Apr-19,DEEP BAY,3,7.14,SPRING,STANDARD36826,P,2019-04-30,2019,4,2019-20,2019,Final_Report_2019_20.pdf,DB
30-Apr-19,DEEP BAY,4,2.06,SPRING,STANDARD36826,P,2019-04-30,2019,4,2019-20,2019,Final_Report_2019_20.pdf,DB
30-Apr-19,DEEP BAY,5,1.24,SPRING,STANDARD36826,P,2019-04-30,2019,4,2019-20,2019,Final_Report_2019_20.pdf,DB
30-Apr-19,DEEP BAY,3,2.87,SPRING,STANDARD36826,S,2019-04-30,2019,4,2019-20,2019,Final_Report_2019_20.pdf,DB
30-Apr-19,DEEP BAY,4,5.54,SPRING,STANDARD36826,S,2019-04-30,2019,4,2019-20,2019,Final_Report_2019_20.pdf,DB
30-Apr-19,NE LANTAU,1,1.89,SPRING,STANDARD36826,P,2019-04-30,2019,4,2019-20,2019,Final_Report_2019_20.pdf,NEL
30-Apr-19,NE LANTAU,2,17.95,SPRING,STANDARD36826,P,2019-04-30,2019,4,2019-20,2019,Final_Report_2019_20.pdf,NEL
30-Apr-19,NE LANTAU,1,2.09,SPRING,STANDARD36826,S,2019-04-30,2019,4,2019-20,2019,Final_Report_2019_20.pdf,NEL
30-Apr-19,NE LANTAU,2,8.27,SPRING,STANDARD36826,S,2019-04-30,2019,4,2019-20,2019,Final_Report_2019_20.pdf,NEL
7-May-19,W LANTAU,2,4.66,SPRING,STANDARD36826,P,2019-05-07,2019,5,2019-20,2019,Final_Report_2019_20.pdf,WL
7-May-19,W LANTAU,3,3.31,SPRING,STANDARD36826,P,2019-05-07,2019,5,2019-20,2019,Final_Report_2019_20.pdf,WL
7-May-19,W LANTAU,2,5.56,SPRING,STANDARD36826,S,2019-05-07,2019,5,2019-20,2019,Final_Report_2019_20.pdf,WL
7-May-19,W LANTAU,3,4.69,SPRING,STANDARD36826,S,2019-05-07,2019,5,2019-20,2019,Final_Report_2019_20.pdf,WL
9-May-19,SW LANTAU,2,7.32,SPRING,STANDARD36826,P,2019-05-09,2019,5,2019-20,2019,Final_Report_2019_20.pdf,SWL
9-May-19,SW LANTAU,2,8.62,SPRING,STANDARD36826,S,2019-05-09,2019,5,2019-20,2019,Final_Report_2019_20.pdf,SWL
14-May-19,W LANTAU,1,1.53,SPRING,STANDARD36826,S,2019-05-14,2019,5,2019-20,2019,Final_Report_2019_20.pdf,WL
14-May-19,W LANTAU,2,2.63,SPRING,STANDARD36826,S,2019-05-14,2019,5,2019-20,2019,Final_Report_2019_20.pdf,WL
14-May-19,W LANTAU,3,3.86,SPRING,STANDARD36826,S,2019-05-14,2019,5,2019-20,2019,Final_Report_2019_20.pdf,WL
14-May-19,SW LANTAU,2,18.68,SPRING,STANDARD36826,P,2019-05-14,2019,5,2019-20,2019,Final_Report_2019_20.pdf,SWL
14-May-19,SW LANTAU,2,9.82,SPRING,STANDARD36826,S,2019-05-14,2019,5,2019-20,2019,Final_Report_2019_20.pdf,SWL
14-May-19,SE LANTAU,1,1.0,SPRING,STANDARD36826,P,2019-05-14,2019,5,2019-20,2019,Final_Report_2019_20.pdf,SEL
14-May-19,SE LANTAU,2,13.11,SPRING,STANDARD36826,P,2019-05-14,2019,5,2019-20,2019,Final_Report_2019_20.pdf,SEL
14-May-19,SE LANTAU,1,2.06,SPRING,STANDARD36826,S,2019-05-14,2019,5,2019-20,2019,Final_Report_2019_20.pdf,SEL
14-May-19,SE LANTAU,2,5.63,SPRING,STANDARD36826,S,2019-05-14,2019,5,2019-20,2019,Final_Report_2019_20.pdf,SEL
15-May-19,LAMMA,1,0.3,SPRING,STANDARD36826,P,2019-05-15,2019,5,2019-20,2019,Final_Report_2019_20.pdf,LM
15-May-19,LAMMA,2,70.57,SPRING,STANDARD36826,P,2019-05-15,2019,5,2019-20,2019,Final_Report_2019_20.pdf,LM
15-May-19,LAMMA,3,9.6,SPRING,STANDARD36826,P,2019-05-15,2019,5,2019-20,2019,Final_Report_2019_20.pdf,LM
15-May-19,LAMMA,1,4.5,SPRING,STANDARD36826,S,2019-05-15,2019,5,2019-20,2019,Final_Report_2019_20.pdf,LM
15-May-19,LAMMA,2,18.33,SPRING,STANDARD36826,S,2019-05-15,2019,5,2019-20,2019,Final_Report_2019_20.pdf,LM
15-May-19,LAMMA,3,0.7,SPRING,STANDARD36826,S,2019-05-15,2019,5,2019-20,2019,Final_Report_2019_20.pdf,LM
16-May-19,SW LANTAU,2,5.72,SPRING,STANDARD36826,P,2019-05-16,2019,5,2019-20,2019,Final_Report_2019_20.pdf,SWL
16-May-19,SW LANTAU,3,0.55,SPRING,STANDARD36826,P,2019-05-16,2019,5,2019-20,2019,Final_Report_2019_20.pdf,SWL
16-May-19,SW LANTAU,2,6.15,SPRING,STANDARD36826,S,2019-05-16,2019,5,2019-20,2019,Final_Report_2019_20.pdf,SWL
16-May-19,SW LANTAU,3,0.9,SPRING,STANDARD36826,S,2019-05-16,2019,5,2019-20,2019,Final_Report_2019_20.pdf,SWL
22-May-19,NW LANTAU,1,4.1,SPRING,STANDARD36826,P,2019-05-22,2019,5,2019-20,2019,Final_Report_2019_20.pdf,NWL
22-May-19,NW LANTAU,2,18.16,SPRING,STANDARD36826,P,2019-05-22,2019,5,2019-20,2019,Final_Report_2019_20.pdf,NWL
22-May-19,NW LANTAU,3,4.25,SPRING,STANDARD36826,P,2019-05-22,2019,5,2019-20,2019,Final_Report_2019_20.pdf,NWL
22-May-19,NW LANTAU,2,7.49,SPRING,STANDARD36826,S,2019-05-22,2019,5,2019-20,2019,Final_Report_2019_20.pdf,NWL
22-May-19,DEEP BAY,2,8.47,SPRING,STANDARD36826,P,2019-05-22,2019,5,2019-20,2019,Final_Report_2019_20.pdf,DB
22-May-19,DEEP BAY,3,1.8,SPRING,STANDARD36826,P,2019-05-22,2019,5,2019-20,2019,Final_Report_2019_20.pdf,DB
22-May-19,DEEP BAY,2,11.23,SPRING,STANDARD36826,S,2019-05-22,2019,5,2019-20,2019,Final_Report_2019_20.pdf,DB
22-May-19,NE LANTAU,2,14.96,SPRING,STANDARD36826,P,2019-05-22,2019,5,2019-20,2019,Final_Report_2019_20.pdf,NEL
22-May-19,NE LANTAU,3,10.01,SPRING,STANDARD36826,P,2019-05-22,2019,5,2019-20,2019,Final_Report_2019_20.pdf,NEL
22-May-19,NE LANTAU,2,11.13,SPRING,STANDARD36826,S,2019-05-22,2019,5,2019-20,2019,Final_Report_2019_20.pdf,NEL
22-May-19,NE LANTAU,3,1.1,SPRING,STANDARD36826,S,2019-05-22,2019,5,2019-20,2019,Final_Report_2019_20.pdf,NEL
23-May-19,W LANTAU,2,3.77,SPRING,STANDARD36826,P,2019-05-23,2019,5,2019-20,2019,Final_Report_2019_20.pdf,WL
23-May-19,W LANTAU,3,3.08,SPRING,STANDARD36826,P,2019-05-23,2019,5,2019-20,2019,Final_Report_2019_20.pdf,WL
23-May-19,W LANTAU,2,5.33,SPRING,STANDARD36826,S,2019-05-23,2019,5,2019-20,2019,Final_Report_2019_20.pdf,WL
23-May-19,W LANTAU,3,3.36,SPRING,STANDARD36826,S,2019-05-23,2019,5,2019-20,2019,Final_Report_2019_20.pdf,WL
28-May-19,PO TOI,1,7.56,SPRING,STANDARD36826,P,2019-05-28,2019,5,2019-20,2019,Final_Report_2019_20.pdf,PT
28-May-19,PO TOI,2,23.59,SPRING,STANDARD36826,P,2019-05-28,2019,5,2019-20,2019,Final_Report_2019_20.pdf,PT
28-May-19,PO TOI,3,5.52,SPRING,STANDARD36826,P,2019-05-28,2019,5,2019-20,2019,Final_Report_2019_20.pdf,PT
28-May-19,PO TOI,2,6.11,SPRING,STANDARD36826,S,2019-05-28,2019,5,2019-20,2019,Final_Report_2019_20.pdf,PT
28-May-19,PO TOI,3,3.23,SPRING,STANDARD36826,S,2019-05-28,2019,5,2019-20,2019,Final_Report_2019_20.pdf,PT
28-May-19,LAMMA,1,5.15,SPRING,STANDARD36826,P,2019-05-28,2019,5,2019-20,2019,Final_Report_2019_20.pdf,LM
28-May-19,LAMMA,2,19.54,SPRING,STANDARD36826,P,2019-05-28,2019,5,2019-20,2019,Final_Report_2019_20.pdf,LM
28-May-19,LAMMA,1,4.69,SPRING,STANDARD36826,S,2019-05-28,2019,5,2019-20,2019,Final_Report_2019_20.pdf,LM
28-May-19,LAMMA,2,7.42,SPRING,STANDARD36826,S,2019-05-28,2019,5,2019-20,2019,Final_Report_2019_20.pdf,LM
30-May-19,NW LANTAU,2,3.54,SPRING,STANDARD36826,P,2019-05-30,2019,5,2019-20,2019,Final_Report_2019_20.pdf,NWL
30-May-19,NW LANTAU,3,25.68,SPRING,STANDARD36826,P,2019-05-30,2019,5,2019-20,2019,Final_Report_2019_20.pdf,NWL
30-May-19,NW LANTAU,4,5.27,SPRING,STANDARD36826,P,2019-05-30,2019,5,2019-20,2019,Final_Report_2019_20.pdf,NWL
30-May-19,NW LANTAU,3,12.31,SPRING,STANDARD36826,S,2019-05-30,2019,5,2019-20,2019,Final_Report_2019_20.pdf,NWL
30-May-19,DEEP BAY,2,10.41,SPRING,STANDARD36826,P,2019-05-30,2019,5,2019-20,2019,Final_Report_2019_20.pdf,DB
30-May-19,DEEP BAY,2,8.59,SPRING,STANDARD36826,S,2019-05-30,2019,5,2019-20,2019,Final_Report_2019_20.pdf,DB
30-May-19,NE LANTAU,2,3.41,SPRING,STANDARD36826,P,2019-05-30,2019,5,2019-20,2019,Final_Report_2019_20.pdf,NEL
30-May-19,NE LANTAU,3,9.65,SPRING,STANDARD36826,P,2019-05-30,2019,5,2019-20,2019,Final_Report_2019_20.pdf,NEL
30-May-19,NE LANTAU,2,2.7,SPRING,STANDARD36826,S,2019-05-30,2019,5,2019-20,2019,Final_Report_2019_20.pdf,NEL
30-May-19,NE LANTAU,3,3.04,SPRING,STANDARD36826,S,2019-05-30,2019,5,2019-20,2019,Final_Report_2019_20.pdf,NEL
4-Jun-19,SE LANTAU,1,6.15,SUMMER,STANDARD36826,P,2019-06-04,2019,6,2019-20,2019,Final_Report_2019_20.pdf,SEL
4-Jun-19,SE LANTAU,2,13.06,SUMMER,STANDARD36826,P,2019-06-04,2019,6,2019-20,2019,Final_Report_2019_20.pdf,SEL
4-Jun-19,SE LANTAU,1,4.53,SUMMER,STANDARD36826,S,2019-06-04,2019,6,2019-20,2019,Final_Report_2019_20.pdf,SEL
4-Jun-19,SE LANTAU,2,6.45,SUMMER,STANDARD36826,S,2019-06-04,2019,6,2019-20,2019,Final_Report_2019_20.pdf,SEL
5-Jun-19,W LANTAU,2,5.82,SUMMER,STANDARD36826,S,2019-06-05,2019,6,2019-20,2019,Final_Report_2019_20.pdf,WL
5-Jun-19,W LANTAU,3,4.36,SUMMER,STANDARD36826,S,2019-06-05,2019,6,2019-20,2019,Final_Report_2019_20.pdf,WL
5-Jun-19,SW LANTAU,2,13.31,SUMMER,STANDARD36826,P,2019-06-05,2019,6,2019-20,2019,Final_Report_2019_20.pdf,SWL
5-Jun-19,SW LANTAU,3,13.4,SUMMER,STANDARD36826,P,2019-06-05,2019,6,2019-20,2019,Final_Report_2019_20.pdf,SWL
5-Jun-19,SW LANTAU,4,1.3,SUMMER,STANDARD36826,P,2019-06-05,2019,6,2019-20,2019,Final_Report_2019_20.pdf,SWL
5-Jun-19,SW LANTAU,2,8.29,SUMMER,STANDARD36826,S,2019-06-05,2019,6,2019-20,2019,Final_Report_2019_20.pdf,SWL
5-Jun-19,SW LANTAU,3,3.7,SUMMER,STANDARD36826,S,2019-06-05,2019,6,2019-20,2019,Final_Report_2019_20.pdf,SWL
5-Jun-19,SE LANTAU,2,17.93,SUMMER,STANDARD36826,P,2019-06-05,2019,6,2019-20,2019,Final_Report_2019_20.pdf,SEL
5-Jun-19,SE LANTAU,3,8.5,SUMMER,STANDARD36826,P,2019-06-05,2019,6,2019-20,2019,Final_Report_2019_20.pdf,SEL
5-Jun-19,SE LANTAU,2,4.17,SUMMER,STANDARD36826,S,2019-06-05,2019,6,2019-20,2019,Final_Report_2019_20.pdf,SEL
5-Jun-19,SE LANTAU,3,3.0,SUMMER,STANDARD36826,S,2019-06-05,2019,6,2019-20,2019,Final_Report_2019_20.pdf,SEL
6-Jun-19,W LANTAU,2,0.56,SUMMER,STANDARD36826,P,2019-06-06,2019,6,2019-20,2019,Final_Report_2019_20.pdf,WL
6-Jun-19,W LANTAU,3,8.07,SUMMER,STANDARD36826,P,2019-06-06,2019,6,2019-20,2019,Final_Report_2019_20.pdf,WL
6-Jun-19,W LANTAU,4,1.28,SUMMER,STANDARD36826,P,2019-06-06,2019,6,2019-20,2019,Final_Report_2019_20.pdf,WL
6-Jun-19,W LANTAU,3,9.61,SUMMER,STANDARD36826,S,2019-06-06,2019,6,2019-20,2019,Final_Report_2019_20.pdf,WL
6-Jun-19,W LANTAU,4,0.95,SUMMER,STANDARD36826,S,2019-06-06,2019,6,2019-20,2019,Final_Report_2019_20.pdf,WL
11-Jun-19,SE LANTAU,1,17.12,SUMMER,STANDARD36826,P,2019-06-11,2019,6,2019-20,2019,Final_Report_2019_20.pdf,SEL
11-Jun-19,SE LANTAU,2,12.65,SUMMER,STANDARD36826,P,2019-06-11,2019,6,2019-20,2019,Final_Report_2019_20.pdf,SEL
11-Jun-19,SE LANTAU,1,2.48,SUMMER,STANDARD36826,S,2019-06-11,2019,6,2019-20,2019,Final_Report_2019_20.pdf,SEL
11-Jun-19,SE LANTAU,2,5.45,SUMMER,STANDARD36826,S,2019-06-11,2019,6,2019-20,2019,Final_Report_2019_20.pdf,SEL
11-Jun-19,SW LANTAU,1,11.01,SUMMER,STANDARD36826,P,2019-06-11,2019,6,2019-20,2019,Final_Report_2019_20.pdf,SWL
11-Jun-19,SW LANTAU,2,10.43,SUMMER,STANDARD36826,P,2019-06-11,2019,6,2019-20,2019,Final_Report_2019_20.pdf,SWL
11-Jun-19,SW LANTAU,2,7.6,SUMMER,STANDARD36826,S,2019-06-11,2019,6,2019-20,2019,Final_Report_2019_20.pdf,SWL
17-Jun-19,W LANTAU,2,5.58,SUMMER,STANDARD36826,S,2019-06-17,2019,6,2019-20,2019,Final_Report_2019_20.pdf,WL
17-Jun-19,W LANTAU,3,4.49,SUMMER,STANDARD36826,S,2019-06-17,2019,6,2019-20,2019,Final_Report_2019_20.pdf,WL
19-Jun-19,PO TOI,1,30.9,SUMMER,STANDARD36826,P,2019-06-19,2019,6,2019-20,2019,Final_Report_2019_20.pdf,PT
19-Jun-19,PO TOI,2,33.09,SUMMER,STANDARD36826,P,2019-06-19,2019,6,2019-20,2019,Final_Report_2019_20.pdf,PT
19-Jun-19,PO TOI,1,4.03,SUMMER,STANDARD36826,S,2019-06-19,2019,6,2019-20,2019,Final_Report_2019_20.pdf,PT
19-Jun-19,PO TOI,2,14.02,SUMMER,STANDARD36826,S,2019-06-19,2019,6,2019-20,2019,Final_Report_2019_20.pdf,PT
24-Jun-19,W LANTAU,3,12.1,SUMMER,STANDARD36826,S,2019-06-24,2019,6,2019-20,2019,Final_Report_2019_20.pdf,WL
25-Jun-19,NW LANTAU,1,11.14,SUMMER,STANDARD36826,P,2019-06-25,2019,6,2019-20,2019,Final_Report_2019_20.pdf,NWL
25-Jun-19,NW LANTAU,2,7.14,SUMMER,STANDARD36826,P,2019-06-25,2019,6,2019-20,2019,Final_Report_2019_20.pdf,NWL
25-Jun-19,NW LANTAU,1,6.01,SUMMER,STANDARD36826,S,2019-06-25,2019,6,2019-20,2019,Final_Report_2019_20.pdf,NWL
25-Jun-19,DEEP BAY,0,1.75,SUMMER,STANDARD36826,P,2019-06-25,2019,6,2019-20,2019,Final_Report_2019_20.pdf,DB
25-Jun-19,DEEP BAY,1,7.75,SUMMER,STANDARD36826,P,2019-06-25,2019,6,2019-20,2019,Final_Report_2019_20.pdf,DB
25-Jun-19,DEEP BAY,2,2.78,SUMMER,STANDARD36826,P,2019-06-25,2019,6,2019-20,2019,Final_Report_2019_20.pdf,DB
25-Jun-19,DEEP BAY,0,1.53,SUMMER,STANDARD36826,S,2019-06-25,2019,6,2019-20,2019,Final_Report_2019_20.pdf,DB
25-Jun-19,DEEP BAY,1,8.09,SUMMER,STANDARD36826,S,2019-06-25,2019,6,2019-20,2019,Final_Report_2019_20.pdf,DB
25-Jun-19,NE LANTAU,2,19.85,SUMMER,STANDARD36826,P,2019-06-25,2019,6,2019-20,2019,Final_Report_2019_20.pdf,NEL
25-Jun-19,NE LANTAU,2,9.57,SUMMER,STANDARD36826,S,2019-06-25,2019,6,2019-20,2019,Final_Report_2019_20.pdf,NEL
10-Jul-19,NW LANTAU,2,11.33,SUMMER,STANDARD36826,P,2019-07-10,2019,7,2019-20,2019,Final_Report_2019_20.pdf,NWL
10-Jul-19,NW LANTAU,3,12.4,SUMMER,STANDARD36826,P,2019-07-10,2019,7,2019-20,2019,Final_Report_2019_20.pdf,NWL
10-Jul-19,NW LANTAU,4,1.43,SUMMER,STANDARD36826,P,2019-07-10,2019,7,2019-20,2019,Final_Report_2019_20.pdf,NWL
10-Jul-19,NW LANTAU,2,1.13,SUMMER,STANDARD36826,S,2019-07-10,2019,7,2019-20,2019,Final_Report_2019_20.pdf,NWL
10-Jul-19,NW LANTAU,3,5.29,SUMMER,STANDARD36826,S,2019-07-10,2019,7,2019-20,2019,Final_Report_2019_20.pdf,NWL
10-Jul-19,DEEP BAY,2,5.93,SUMMER,STANDARD36826,P,2019-07-10,2019,7,2019-20,2019,Final_Report_2019_20.pdf,DB
10-Jul-19,DEEP BAY,3,4.61,SUMMER,STANDARD36826,P,2019-07-10,2019,7,2019-20,2019,Final_Report_2019_20.pdf,DB
10-Jul-19,DEEP BAY,2,5.36,SUMMER,STANDARD36826,S,2019-07-10,2019,7,2019-20,2019,Final_Report_2019_20.pdf,DB
10-Jul-19,DEEP BAY,3,3.8,SUMMER,STANDARD36826,S,2019-07-10,2019,7,2019-20,2019,Final_Report_2019_20.pdf,DB
10-Jul-19,NE LANTAU,2,13.97,SUMMER,STANDARD36826,P,2019-07-10,2019,7,2019-20,2019,Final_Report_2019_20.pdf,NEL
10-Jul-19,NE LANTAU,2,10.23,SUMMER,STANDARD36826,S,2019-07-10,2019,7,2019-20,2019,Final_Report_2019_20.pdf,NEL
11-Jul-19,SW LANTAU,2,5.59,SUMMER,STANDARD36826,P,2019-07-11,2019,7,2019-20,2019,Final_Report_2019_20.pdf,SWL
11-Jul-19,SW LANTAU,3,14.41,SUMMER,STANDARD36826,P,2019-07-11,2019,7,2019-20,2019,Final_Report_2019_20.pdf,SWL
11-Jul-19,SW LANTAU,2,3.8,SUMMER,STANDARD36826,S,2019-07-11,2019,7,2019-20,2019,Final_Report_2019_20.pdf,SWL
11-Jul-19,SW LANTAU,3,5.09,SUMMER,STANDARD36826,S,2019-07-11,2019,7,2019-20,2019,Final_Report_2019_20.pdf,SWL
15-Jul-19,W LANTAU,2,1.95,SUMMER,STANDARD36826,P,2019-07-15,2019,7,2019-20,2019,Final_Report_2019_20.pdf,WL
15-Jul-19,W LANTAU,3,6.8,SUMMER,STANDARD36826,P,2019-07-15,2019,7,2019-20,2019,Final_Report_2019_20.pdf,WL
15-Jul-19,W LANTAU,2,4.25,SUMMER,STANDARD36826,S,2019-07-15,2019,7,2019-20,2019,Final_Report_2019_20.pdf,WL
15-Jul-19,W LANTAU,3,4.13,SUMMER,STANDARD36826,S,2019-07-15,2019,7,2019-20,2019,Final_Report_2019_20.pdf,WL
15-Jul-19,SW LANTAU,2,14.83,SUMMER,STANDARD36826,P,2019-07-15,2019,7,2019-20,2019,Final_Report_2019_20.pdf,SWL
15-Jul-19,SW LANTAU,2,11.5,SUMMER,STANDARD36826,S,2019-07-15,2019,7,2019-20,2019,Final_Report_2019_20.pdf,SWL
15-Jul-19,SW LANTAU,3,1.94,SUMMER,STANDARD36826,S,2019-07-15,2019,7,2019-20,2019,Final_Report_2019_20.pdf,SWL
16-Jul-19,W LANTAU,2,2.0,SUMMER,STANDARD36826,P,2019-07-16,2019,7,2019-20,2019,Final_Report_2019_20.pdf,WL
16-Jul-19,W LANTAU,3,4.09,SUMMER,STANDARD36826,P,2019-07-16,2019,7,2019-20,2019,Final_Report_2019_20.pdf,WL
16-Jul-19,W LANTAU,2,3.18,SUMMER,STANDARD36826,S,2019-07-16,2019,7,2019-20,2019,Final_Report_2019_20.pdf,WL
16-Jul-19,W LANTAU,3,4.89,SUMMER,STANDARD36826,S,2019-07-16,2019,7,2019-20,2019,Final_Report_2019_20.pdf,WL
16-Jul-19,SW LANTAU,2,9.68,SUMMER,STANDARD36826,S,2019-07-16,2019,7,2019-20,2019,Final_Report_2019_20.pdf,SWL
17-Jul-19,NINEPINS,0,0.94,SUMMER,STANDARD36826,P,2019-07-17,2019,7,2019-20,2019,Final_Report_2019_20.pdf,NP
17-Jul-19,NINEPINS,1,21.8,SUMMER,STANDARD36826,P,2019-07-17,2019,7,2019-20,2019,Final_Report_2019_20.pdf,NP
17-Jul-19,NINEPINS,2,43.47,SUMMER,STANDARD36826,P,2019-07-17,2019,7,2019-20,2019,Final_Report_2019_20.pdf,NP
17-Jul-19,NINEPINS,2,7.55,SUMMER,STANDARD36826,S,2019-07-17,2019,7,2019-20,2019,Final_Report_2019_20.pdf,NP
23-Jul-19,W LANTAU,1,1.65,SUMMER,STANDARD36826,S,2019-07-23,2019,7,2019-20,2019,Final_Report_2019_20.pdf,WL
23-Jul-19,W LANTAU,2,6.28,SUMMER,STANDARD36826,S,2019-07-23,2019,7,2019-20,2019,Final_Report_2019_20.pdf,WL
23-Jul-19,W LANTAU,3,0.88,SUMMER,STANDARD36826,S,2019-07-23,2019,7,2019-20,2019,Final_Report_2019_20.pdf,WL
24-Jul-19,W LANTAU,2,1.39,SUMMER,STANDARD36826,P,2019-07-24,2019,7,2019-20,2019,Final_Report_2019_20.pdf,WL
24-Jul-19,W LANTAU,3,7.55,SUMMER,STANDARD36826,P,2019-07-24,2019,7,2019-20,2019,Final_Report_2019_20.pdf,WL
24-Jul-19,W LANTAU,2,0.88,SUMMER,STANDARD36826,S,2019-07-24,2019,7,2019-20,2019,Final_Report_2019_20.pdf,WL
24-Jul-19,W LANTAU,3,7.67,SUMMER,STANDARD36826,S,2019-07-24,2019,7,2019-20,2019,Final_Report_2019_20.pdf,WL
25-Jul-19,PO TOI,2,23.35,SUMMER,STANDARD36826,P,2019-07-25,2019,7,2019-20,2019,Final_Report_2019_20.pdf,PT
25-Jul-19,PO TOI,3,29.2,SUMMER,STANDARD36826,P,2019-07-25,2019,7,2019-20,2019,Final_Report_2019_20.pdf,PT
25-Jul-19,PO TOI,2,3.85,SUMMER,STANDARD36826,S,2019-07-25,2019,7,2019-20,2019,Final_Report_2019_20.pdf,PT
25-Jul-19,NINEPINS,2,3.89,SUMMER,STANDARD36826,P,2019-07-25,2019,7,2019-20,2019,Final_Report_2019_20.pdf,NP
25-Jul-19,NINEPINS,3,32.31,SUMMER,STANDARD36826,P,2019-07-25,2019,7,2019-20,2019,Final_Report_2019_20.pdf,NP
25-Jul-19,NINEPINS,3,3.35,SUMMER,STANDARD36826,S,2019-07-25,2019,7,2019-20,2019,Final_Report_2019_20.pdf,NP
29-Jul-19,SE LANTAU,2,29.91,SUMMER,STANDARD36826,P,2019-07-29,2019,7,2019-20,2019,Final_Report_2019_20.pdf,SEL
29-Jul-19,SE LANTAU,2,7.19,SUMMER,STANDARD36826,S,2019-07-29,2019,7,2019-20,2019,Final_Report_2019_20.pdf,SEL
29-Jul-19,SW LANTAU,2,15.91,SUMMER,STANDARD36826,P,2019-07-29,2019,7,2019-20,2019,Final_Report_2019_20.pdf,SWL
29-Jul-19,SW LANTAU,3,7.82,SUMMER,STANDARD36826,P,2019-07-29,2019,7,2019-20,2019,Final_Report_2019_20.pdf,SWL
29-Jul-19,SW LANTAU,2,3.5,SUMMER,STANDARD36826,S,2019-07-29,2019,7,2019-20,2019,Final_Report_2019_20.pdf,SWL
29-Jul-19,SW LANTAU,3,3.71,SUMMER,STANDARD36826,S,2019-07-29,2019,7,2019-20,2019,Final_Report_2019_20.pdf,SWL
6-Aug-19,PO TOI,0,3.7,SUMMER,STANDARD36826,P,2019-08-06,2019,8,2019-20,2019,Final_Report_2019_20.pdf,PT
6-Aug-19,PO TOI,1,19.38,SUMMER,STANDARD36826,P,2019-08-06,2019,8,2019-20,2019,Final_Report_2019_20.pdf,PT
6-Aug-19,PO TOI,2,36.5,SUMMER,STANDARD36826,P,2019-08-06,2019,8,2019-20,2019,Final_Report_2019_20.pdf,PT
6-Aug-19,PO TOI,3,2.4,SUMMER,STANDARD36826,P,2019-08-06,2019,8,2019-20,2019,Final_Report_2019_20.pdf,PT
6-Aug-19,PO TOI,1,9.2,SUMMER,STANDARD36826,S,2019-08-06,2019,8,2019-20,2019,Final_Report_2019_20.pdf,PT
6-Aug-19,PO TOI,2,6.32,SUMMER,STANDARD36826,S,2019-08-06,2019,8,2019-20,2019,Final_Report_2019_20.pdf,PT
7-Aug-19,SAI KUNG,1,13.9,SUMMER,STANDARD36826,P,2019-08-07,2019,8,2019-20,2019,Final_Report_2019_20.pdf,SK
7-Aug-19,SAI KUNG,2,40.7,SUMMER,STANDARD36826,P,2019-08-07,2019,8,2019-20,2019,Final_Report_2019_20.pdf,SK
7-Aug-19,SAI KUNG,3,2.5,SUMMER,STANDARD36826,P,2019-08-07,2019,8,2019-20,2019,Final_Report_2019_20.pdf,SK
7-Aug-19,SAI KUNG,1,4.4,SUMMER,STANDARD36826,S,2019-08-07,2019,8,2019-20,2019,Final_Report_2019_20.pdf,SK
7-Aug-19,SAI KUNG,2,4.6,SUMMER,STANDARD36826,S,2019-08-07,2019,8,2019-20,2019,Final_Report_2019_20.pdf,SK
14-Aug-19,W LANTAU,3,9.94,SUMMER,STANDARD36826,P,2019-08-14,2019,8,2019-20,2019,Final_Report_2019_20.pdf,WL
14-Aug-19,SW LANTAU,2,5.23,SUMMER,STANDARD36826,P,2019-08-14,2019,8,2019-20,2019,Final_Report_2019_20.pdf,SWL
14-Aug-19,SW LANTAU,3,9.83,SUMMER,STANDARD36826,P,2019-08-14,2019,8,2019-20,2019,Final_Report_2019_20.pdf,SWL
14-Aug-19,SW LANTAU,2,1.88,SUMMER,STANDARD36826,S,2019-08-14,2019,8,2019-20,2019,Final_Report_2019_20.pdf,SWL
14-Aug-19,SW LANTAU,3,4.67,SUMMER,STANDARD36826,S,2019-08-14,2019,8,2019-20,2019,Final_Report_2019_20.pdf,SWL
15-Aug-19,W LANTAU,1,1.17,SUMMER,STANDARD36826,P,2019-08-15,2019,8,2019-20,2019,Final_Report_2019_20.pdf,WL
15-Aug-19,W LANTAU,2,7.61,SUMMER,STANDARD36826,P,2019-08-15,2019,8,2019-20,2019,Final_Report_2019_20.pdf,WL
15-Aug-19,W LANTAU,3,0.99,SUMMER,STANDARD36826,P,2019-08-15,2019,8,2019-20,2019,Final_Report_2019_20.pdf,WL
15-Aug-19,W LANTAU,2,8.8,SUMMER,STANDARD36826,S,2019-08-15,2019,8,2019-20,2019,Final_Report_2019_20.pdf,WL
15-Aug-19,SW LANTAU,1,3.14,SUMMER,STANDARD36826,P,2019-08-15,2019,8,2019-20,2019,Final_Report_2019_20.pdf,SWL
15-Aug-19,SW LANTAU,2,15.9,SUMMER,STANDARD36826,P,2019-08-15,2019,8,2019-20,2019,Final_Report_2019_20.pdf,SWL
15-Aug-19,SW LANTAU,3,9.76,SUMMER,STANDARD36826,P,2019-08-15,2019,8,2019-20,2019,Final_Report_2019_20.pdf,SWL
15-Aug-19,SW LANTAU,2,8.34,SUMMER,STANDARD36826,S,2019-08-15,2019,8,2019-20,2019,Final_Report_2019_20.pdf,SWL
15-Aug-19,SW LANTAU,3,2.2,SUMMER,STANDARD36826,S,2019-08-15,2019,8,2019-20,2019,Final_Report_2019_20.pdf,SWL
15-Aug-19,SE LANTAU,3,2.99,SUMMER,STANDARD36826,P,2019-08-15,2019,8,2019-20,2019,Final_Report_2019_20.pdf,SEL
15-Aug-19,SE LANTAU,4,1.11,SUMMER,STANDARD36826,P,2019-08-15,2019,8,2019-20,2019,Final_Report_2019_20.pdf,SEL
19-Aug-19,NW LANTAU,2,24.78,SUMMER,STANDARD36826,P,2019-08-19,2019,8,2019-20,2019,Final_Report_2019_20.pdf,NWL
19-Aug-19,NW LANTAU,2,8.32,SUMMER,STANDARD36826,S,2019-08-19,2019,8,2019-20,2019,Final_Report_2019_20.pdf,NWL
19-Aug-19,DEEP BAY,2,9.99,SUMMER,STANDARD36826,P,2019-08-19,2019,8,2019-20,2019,Final_Report_2019_20.pdf,DB
19-Aug-19,DEEP BAY,2,7.21,SUMMER,STANDARD36826,S,2019-08-19,2019,8,2019-20,2019,Final_Report_2019_20.pdf,DB
19-Aug-19,NE LANTAU,0,1.6,SUMMER,STANDARD36826,P,2019-08-19,2019,8,2019-20,2019,Final_Report_2019_20.pdf,NEL
19-Aug-19,NE LANTAU,1,2.8,SUMMER,STANDARD36826,P,2019-08-19,2019,8,2019-20,2019,Final_Report_2019_20.pdf,NEL
19-Aug-19,NE LANTAU,2,13.65,SUMMER,STANDARD36826,P,2019-08-19,2019,8,2019-20,2019,Final_Report_2019_20.pdf,NEL
19-Aug-19,NE LANTAU,3,2.6,SUMMER,STANDARD36826,P,2019-08-19,2019,8,2019-20,2019,Final_Report_2019_20.pdf,NEL
19-Aug-19,NE LANTAU,2,8.95,SUMMER,STANDARD36826,S,2019-08-19,2019,8,2019-20,2019,Final_Report_2019_20.pdf,NEL
19-Aug-19,NE LANTAU,3,1.5,SUMMER,STANDARD36826,S,2019-08-19,2019,8,2019-20,2019,Final_Report_2019_20.pdf,NEL
20-Aug-19,W LANTAU,2,4.33,SUMMER,STANDARD36826,P,2019-08-20,2019,8,2019-20,2019,Final_Report_2019_20.pdf,WL
20-Aug-19,W LANTAU,3,2.13,SUMMER,STANDARD36826,P,2019-08-20,2019,8,2019-20,2019,Final_Report_2019_20.pdf,WL
20-Aug-19,W LANTAU,2,4.95,SUMMER,STANDARD36826,S,2019-08-20,2019,8,2019-20,2019,Final_Report_2019_20.pdf,WL
20-Aug-19,W LANTAU,3,3.71,SUMMER,STANDARD36826,S,2019-08-20,2019,8,2019-20,2019,Final_Report_2019_20.pdf,WL
20-Aug-19,W LANTAU,4,1.77,SUMMER,STANDARD36826,S,2019-08-20,2019,8,2019-20,2019,Final_Report_2019_20.pdf,WL
22-Aug-19,PO TOI,0,3.7,SUMMER,STANDARD36826,P,2019-08-22,2019,8,2019-20,2019,Final_Report_2019_20.pdf,PT
22-Aug-19,PO TOI,1,26.1,SUMMER,STANDARD36826,P,2019-08-22,2019,8,2019-20,2019,Final_Report_2019_20.pdf,PT
22-Aug-19,PO TOI,2,19.66,SUMMER,STANDARD36826,P,2019-08-22,2019,8,2019-20,2019,Final_Report_2019_20.pdf,PT
22-Aug-19,PO TOI,1,4.67,SUMMER,STANDARD36826,S,2019-08-22,2019,8,2019-20,2019,Final_Report_2019_20.pdf,PT
22-Aug-19,PO TOI,2,2.37,SUMMER,STANDARD36826,S,2019-08-22,2019,8,2019-20,2019,Final_Report_2019_20.pdf,PT
22-Aug-19,NINEPINS,1,10.9,SUMMER,STANDARD36826,P,2019-08-22,2019,8,2019-20,2019,Final_Report_2019_20.pdf,NP
22-Aug-19,NINEPINS,2,15.3,SUMMER,STANDARD36826,P,2019-08-22,2019,8,2019-20,2019,Final_Report_2019_20.pdf,NP
22-Aug-19,NINEPINS,2,4.3,SUMMER,STANDARD36826,S,2019-08-22,2019,8,2019-20,2019,Final_Report_2019_20.pdf,NP
27-Aug-19,NINEPINS,2,49.49,SUMMER,STANDARD138716,P,2019-08-27,2019,8,2019-20,2019,Final_Report_2019_20.pdf,NP
27-Aug-19,NINEPINS,3,28.11,SUMMER,STANDARD138716,P,2019-08-27,2019,8,2019-20,2019,Final_Report_2019_20.pdf,NP
27-Aug-19,NINEPINS,2,6.2,SUMMER,STANDARD138716,S,2019-08-27,2019,8,2019-20,2019,Final_Report_2019_20.pdf,NP
27-Aug-19,NINEPINS,3,2.2,SUMMER,STANDARD138716,S,2019-08-27,2019,8,2019-20,2019,Final_Report_2019_20.pdf,NP
28-Aug-19,SE LANTAU,1,11.99,SUMMER,STANDARD36826,P,2019-08-28,2019,8,2019-20,2019,Final_Report_2019_20.pdf,SEL
28-Aug-19,SE LANTAU,2,7.18,SUMMER,STANDARD36826,P,2019-08-28,2019,8,2019-20,2019,Final_Report_2019_20.pdf,SEL
28-Aug-19,SE LANTAU,0,1.1,SUMMER,STANDARD36826,S,2019-08-28,2019,8,2019-20,2019,Final_Report_2019_20.pdf,SEL
28-Aug-19,SE LANTAU,1,4.9,SUMMER,STANDARD36826,S,2019-08-28,2019,8,2019-20,2019,Final_Report_2019_20.pdf,SEL
28-Aug-19,SE LANTAU,2,1.83,SUMMER,STANDARD36826,S,2019-08-28,2019,8,2019-20,2019,Final_Report_2019_20.pdf,SEL
29-Aug-19,NE LANTAU,3,13.11,SUMMER,STANDARD36826,P,2019-08-29,2019,8,2019-20,2019,Final_Report_2019_20.pdf,NEL
29-Aug-19,NE LANTAU,2,1.85,SUMMER,STANDARD36826,S,2019-08-29,2019,8,2019-20,2019,Final_Report_2019_20.pdf,NEL
29-Aug-19,NE LANTAU,3,3.34,SUMMER,STANDARD36826,S,2019-08-29,2019,8,2019-20,2019,Final_Report_2019_20.pdf,NEL
29-Aug-19,NW LANTAU,2,7.97,SUMMER,STANDARD36826,P,2019-08-29,2019,8,2019-20,2019,Final_Report_2019_20.pdf,NWL
29-Aug-19,NW LANTAU,3,14.47,SUMMER,STANDARD36826,P,2019-08-29,2019,8,2019-20,2019,Final_Report_2019_20.pdf,NWL
29-Aug-19,NW LANTAU,4,4.81,SUMMER,STANDARD36826,P,2019-08-29,2019,8,2019-20,2019,Final_Report_2019_20.pdf,NWL
29-Aug-19,NW LANTAU,2,2.14,SUMMER,STANDARD36826,S,2019-08-29,2019,8,2019-20,2019,Final_Report_2019_20.pdf,NWL
29-Aug-19,NW LANTAU,3,2.12,SUMMER,STANDARD36826,S,2019-08-29,2019,8,2019-20,2019,Final_Report_2019_20.pdf,NWL
29-Aug-19,DEEP BAY,2,6.63,SUMMER,STANDARD36826,P,2019-08-29,2019,8,2019-20,2019,Final_Report_2019_20.pdf,DB
29-Aug-19,DEEP BAY,3,3.51,SUMMER,STANDARD36826,P,2019-08-29,2019,8,2019-20,2019,Final_Report_2019_20.pdf,DB
29-Aug-19,DEEP BAY,2,5.76,SUMMER,STANDARD36826,S,2019-08-29,2019,8,2019-20,2019,Final_Report_2019_20.pdf,DB
9-Sep-19,PO TOI,0,2.43,AUTUMN,STANDARD36826,P,2019-09-09,2019,9,2019-20,2019,Final_Report_2019_20.pdf,PT
9-Sep-19,PO TOI,1,21.37,AUTUMN,STANDARD36826,P,2019-09-09,2019,9,2019-20,2019,Final_Report_2019_20.pdf,PT
9-Sep-19,PO TOI,2,58.4,AUTUMN,STANDARD36826,P,2019-09-09,2019,9,2019-20,2019,Final_Report_2019_20.pdf,PT
9-Sep-19,PO TOI,1,3.2,AUTUMN,STANDARD36826,S,2019-09-09,2019,9,2019-20,2019,Final_Report_2019_20.pdf,PT
9-Sep-19,PO TOI,2,8.1,AUTUMN,STANDARD36826,S,2019-09-09,2019,9,2019-20,2019,Final_Report_2019_20.pdf,PT
11-Sep-19,W LANTAU,2,2.43,AUTUMN,STANDARD36826,P,2019-09-11,2019,9,2019-20,2019,Final_Report_2019_20.pdf,WL
11-Sep-19,W LANTAU,3,5.27,AUTUMN,STANDARD36826,P,2019-09-11,2019,9,2019-20,2019,Final_Report_2019_20.pdf,WL
11-Sep-19,W LANTAU,2,4.55,AUTUMN,STANDARD36826,S,2019-09-11,2019,9,2019-20,2019,Final_Report_2019_20.pdf,WL
11-Sep-19,W LANTAU,3,4.2,AUTUMN,STANDARD36826,S,2019-09-11,2019,9,2019-20,2019,Final_Report_2019_20.pdf,WL
12-Sep-19,W LANTAU,2,10.08,AUTUMN,STANDARD36826,S,2019-09-12,2019,9,2019-20,2019,Final_Report_2019_20.pdf,WL
16-Sep-19,SE LANTAU,1,3.52,AUTUMN,STANDARD36826,P,2019-09-16,2019,9,2019-20,2019,Final_Report_2019_20.pdf,SEL
16-Sep-19,SE LANTAU,2,19.95,AUTUMN,STANDARD36826,P,2019-09-16,2019,9,2019-20,2019,Final_Report_2019_20.pdf,SEL
16-Sep-19,SE LANTAU,3,3.65,AUTUMN,STANDARD36826,P,2019-09-16,2019,9,2019-20,2019,Final_Report_2019_20.pdf,SEL
16-Sep-19,SE LANTAU,1,3.58,AUTUMN,STANDARD36826,S,2019-09-16,2019,9,2019-20,2019,Final_Report_2019_20.pdf,SEL
16-Sep-19,SE LANTAU,2,6.49,AUTUMN,STANDARD36826,S,2019-09-16,2019,9,2019-20,2019,Final_Report_2019_20.pdf,SEL
16-Sep-19,SW LANTAU,3,14.65,AUTUMN,STANDARD36826,P,2019-09-16,2019,9,2019-20,2019,Final_Report_2019_20.pdf,SWL
16-Sep-19,SW LANTAU,4,5.95,AUTUMN,STANDARD36826,P,2019-09-16,2019,9,2019-20,2019,Final_Report_2019_20.pdf,SWL
16-Sep-19,SW LANTAU,3,7.8,AUTUMN,STANDARD36826,S,2019-09-16,2019,9,2019-20,2019,Final_Report_2019_20.pdf,SWL
16-Sep-19,SW LANTAU,4,2.9,AUTUMN,STANDARD36826,S,2019-09-16,2019,9,2019-20,2019,Final_Report_2019_20.pdf,SWL
17-Sep-19,SW LANTAU,2,3.29,AUTUMN,STANDARD36826,P,2019-09-17,2019,9,2019-20,2019,Final_Report_2019_20.pdf,SWL
17-Sep-19,SW LANTAU,3,10.2,AUTUMN,STANDARD36826,P,2019-09-17,2019,9,2019-20,2019,Final_Report_2019_20.pdf,SWL
17-Sep-19,SW LANTAU,4,2.68,AUTUMN,STANDARD36826,P,2019-09-17,2019,9,2019-20,2019,Final_Report_2019_20.pdf,SWL
17-Sep-19,SW LANTAU,2,1.4,AUTUMN,STANDARD36826,S,2019-09-17,2019,9,2019-20,2019,Final_Report_2019_20.pdf,SWL
17-Sep-19,SW LANTAU,3,4.93,AUTUMN,STANDARD36826,S,2019-09-17,2019,9,2019-20,2019,Final_Report_2019_20.pdf,SWL
17-Sep-19,SW LANTAU,4,1.6,AUTUMN,STANDARD36826,S,2019-09-17,2019,9,2019-20,2019,Final_Report_2019_20.pdf,SWL
19-Sep-19,W LANTAU,2,1.24,AUTUMN,STANDARD36826,S,2019-09-19,2019,9,2019-20,2019,Final_Report_2019_20.pdf,WL
19-Sep-19,W LANTAU,3,11.48,AUTUMN,STANDARD36826,S,2019-09-19,2019,9,2019-20,2019,Final_Report_2019_20.pdf,WL
19-Sep-19,NE LANTAU,2,16.02,AUTUMN,STANDARD36826,P,2019-09-19,2019,9,2019-20,2019,Final_Report_2019_20.pdf,NEL
19-Sep-19,NE LANTAU,2,6.43,AUTUMN,STANDARD36826,S,2019-09-19,2019,9,2019-20,2019,Final_Report_2019_20.pdf,NEL
24-Sep-19,NW LANTAU,1,2.38,AUTUMN,STANDARD36826,P,2019-09-24,2019,9,2019-20,2019,Final_Report_2019_20.pdf,NWL
24-Sep-19,NW LANTAU,2,24.54,AUTUMN,STANDARD36826,P,2019-09-24,2019,9,2019-20,2019,Final_Report_2019_20.pdf,NWL
24-Sep-19,NW LANTAU,3,8.92,AUTUMN,STANDARD36826,P,2019-09-24,2019,9,2019-20,2019,Final_Report_2019_20.pdf,NWL
24-Sep-19,NW LANTAU,1,0.67,AUTUMN,STANDARD36826,S,2019-09-24,2019,9,2019-20,2019,Final_Report_2019_20.pdf,NWL
24-Sep-19,NW LANTAU,2,10.39,AUTUMN,STANDARD36826,S,2019-09-24,2019,9,2019-20,2019,Final_Report_2019_20.pdf,NWL
24-Sep-19,DEEP BAY,2,10.26,AUTUMN,STANDARD36826,P,2019-09-24,2019,9,2019-20,2019,Final_Report_2019_20.pdf,DB
24-Sep-19,DEEP BAY,2,6.34,AUTUMN,STANDARD36826,S,2019-09-24,2019,9,2019-20,2019,Final_Report_2019_20.pdf,DB
24-Sep-19,NE LANTAU,1,0.6,AUTUMN,STANDARD36826,P,2019-09-24,2019,9,2019-20,2019,Final_Report_2019_20.pdf,NEL
24-Sep-19,NE LANTAU,2,16.83,AUTUMN,STANDARD36826,P,2019-09-24,2019,9,2019-20,2019,Final_Report_2019_20.pdf,NEL
24-Sep-19,NE LANTAU,1,1.0,AUTUMN,STANDARD36826,S,2019-09-24,2019,9,2019-20,2019,Final_Report_2019_20.pdf,NEL
24-Sep-19,NE LANTAU,2,5.37,AUTUMN,STANDARD36826,S,2019-09-24,2019,9,2019-20,2019,Final_Report_2019_20.pdf,NEL
24-Sep-19,NE LANTAU,3,3.6,AUTUMN,STANDARD36826,S,2019-09-24,2019,9,2019-20,2019,Final_Report_2019_20.pdf,NEL
25-Sep-19,SW LANTAU,2,11.26,AUTUMN,STANDARD36826,P,2019-09-25,2019,9,2019-20,2019,Final_Report_2019_20.pdf,SWL
25-Sep-19,SW LANTAU,2,8.23,AUTUMN,STANDARD36826,S,2019-09-25,2019,9,2019-20,2019,Final_Report_2019_20.pdf,SWL
2-Oct-19,SW LANTAU,2,14.56,AUTUMN,STANDARD36826,P,2019-10-02,2019,10,2019-20,2019,Final_Report_2019_20.pdf,SWL
2-Oct-19,SW LANTAU,3,8.76,AUTUMN,STANDARD36826,P,2019-10-02,2019,10,2019-20,2019,Final_Report_2019_20.pdf,SWL
2-Oct-19,SW LANTAU,2,8.05,AUTUMN,STANDARD36826,S,2019-10-02,2019,10,2019-20,2019,Final_Report_2019_20.pdf,SWL
2-Oct-19,SW LANTAU,3,0.63,AUTUMN,STANDARD36826,S,2019-10-02,2019,10,2019-20,2019,Final_Report_2019_20.pdf,SWL
9-Oct-19,W LANTAU,2,3.74,AUTUMN,STANDARD138716,P,2019-10-09,2019,10,2019-20,2019,Final_Report_2019_20.pdf,WL
9-Oct-19,W LANTAU,3,4.02,AUTUMN,STANDARD36826,P,2019-10-09,2019,10,2019-20,2019,Final_Report_2019_20.pdf,WL
9-Oct-19,W LANTAU,2,1.75,AUTUMN,STANDARD36826,S,2019-10-09,2019,10,2019-20,2019,Final_Report_2019_20.pdf,WL
9-Oct-19,W LANTAU,3,5.79,AUTUMN,STANDARD138716,S,2019-10-09,2019,10,2019-20,2019,Final_Report_2019_20.pdf,WL
9-Oct-19,W LANTAU,4,1.57,AUTUMN,STANDARD36826,S,2019-10-09,2019,10,2019-20,2019,Final_Report_2019_20.pdf,WL
10-Oct-19,W LANTAU,2,9.66,AUTUMN,STANDARD138716,S,2019-10-10,2019,10,2019-20,2019,Final_Report_2019_20.pdf,WL
14-Oct-19,W LANTAU,2,11.98,AUTUMN,STANDARD36826,P,2019-10-14,2019,10,2019-20,2019,Final_Report_2019_20.pdf,WL
14-Oct-19,W LANTAU,3,1.06,AUTUMN,STANDARD36826,P,2019-10-14,2019,10,2019-20,2019,Final_Report_2019_20.pdf,WL
14-Oct-19,W LANTAU,2,9.55,AUTUMN,STANDARD36826,S,2019-10-14,2019,10,2019-20,2019,Final_Report_2019_20.pdf,WL
14-Oct-19,W LANTAU,3,2.15,AUTUMN,STANDARD36826,S,2019-10-14,2019,10,2019-20,2019,Final_Report_2019_20.pdf,WL
15-Oct-19,NW LANTAU,2,2.5,AUTUMN,STANDARD36826,P,2019-10-15,2019,10,2019-20,2019,Final_Report_2019_20.pdf,NWL
15-Oct-19,NW LANTAU,3,29.7,AUTUMN,STANDARD36826,P,2019-10-15,2019,10,2019-20,2019,Final_Report_2019_20.pdf,NWL
15-Oct-19,NW LANTAU,2,3.62,AUTUMN,STANDARD36826,S,2019-10-15,2019,10,2019-20,2019,Final_Report_2019_20.pdf,NWL
15-Oct-19,NW LANTAU,3,5.48,AUTUMN,STANDARD36826,S,2019-10-15,2019,10,2019-20,2019,Final_Report_2019_20.pdf,NWL
15-Oct-19,DEEP BAY,2,3.78,AUTUMN,STANDARD36826,P,2019-10-15,2019,10,2019-20,2019,Final_Report_2019_20.pdf,DB
15-Oct-19,DEEP BAY,3,6.17,AUTUMN,STANDARD36826,P,2019-10-15,2019,10,2019-20,2019,Final_Report_2019_20.pdf,DB
15-Oct-19,DEEP BAY,2,5.28,AUTUMN,STANDARD36826,S,2019-10-15,2019,10,2019-20,2019,Final_Report_2019_20.pdf,DB
15-Oct-19,DEEP BAY,3,3.57,AUTUMN,STANDARD36826,S,2019-10-15,2019,10,2019-20,2019,Final_Report_2019_20.pdf,DB
15-Oct-19,NE LANTAU,2,3.15,AUTUMN,STANDARD36826,P,2019-10-15,2019,10,2019-20,2019,Final_Report_2019_20.pdf,NEL
15-Oct-19,NE LANTAU,3,12.38,AUTUMN,STANDARD36826,P,2019-10-15,2019,10,2019-20,2019,Final_Report_2019_20.pdf,NEL
15-Oct-19,NE LANTAU,2,3.79,AUTUMN,STANDARD36826,S,2019-10-15,2019,10,2019-20,2019,Final_Report_2019_20.pdf,NEL
15-Oct-19,NE LANTAU,3,6.28,AUTUMN,STANDARD36826,S,2019-10-15,2019,10,2019-20,2019,Final_Report_2019_20.pdf,NEL
16-Oct-19,W LANTAU,2,4.11,AUTUMN,STANDARD36826,S,2019-10-16,2019,10,2019-20,2019,Final_Report_2019_20.pdf,WL
16-Oct-19,W LANTAU,3,6.69,AUTUMN,STANDARD36826,S,2019-10-16,2019,10,2019-20,2019,Final_Report_2019_20.pdf,WL
16-Oct-19,NE LANTAU,1,1.64,AUTUMN,STANDARD36826,P,2019-10-16,2019,10,2019-20,2019,Final_Report_2019_20.pdf,NEL
16-Oct-19,NE LANTAU,2,14.35,AUTUMN,STANDARD36826,P,2019-10-16,2019,10,2019-20,2019,Final_Report_2019_20.pdf,NEL
16-Oct-19,NE LANTAU,2,9.31,AUTUMN,STANDARD36826,S,2019-10-16,2019,10,2019-20,2019,Final_Report_2019_20.pdf,NEL
17-Oct-19,SW LANTAU,2,27.94,AUTUMN,STANDARD36826,P,2019-10-17,2019,10,2019-20,2019,Final_Report_2019_20.pdf,SWL
17-Oct-19,SW LANTAU,2,10.86,AUTUMN,STANDARD36826,S,2019-10-17,2019,10,2019-20,2019,Final_Report_2019_20.pdf,SWL
17-Oct-19,SE LANTAU,2,25.03,AUTUMN,STANDARD36826,P,2019-10-17,2019,10,2019-20,2019,Final_Report_2019_20.pdf,SEL
17-Oct-19,SE LANTAU,3,5.36,AUTUMN,STANDARD36826,P,2019-10-17,2019,10,2019-20,2019,Final_Report_2019_20.pdf,SEL
17-Oct-19,SE LANTAU,2,6.28,AUTUMN,STANDARD36826,S,2019-10-17,2019,10,2019-20,2019,Final_Report_2019_20.pdf,SEL
17-Oct-19,SE LANTAU,3,1.33,AUTUMN,STANDARD36826,S,2019-10-17,2019,10,2019-20,2019,Final_Report_2019_20.pdf,SEL
21-Oct-19,PO TOI,2,3.4,AUTUMN,STANDARD36826,P,2019-10-21,2019,10,2019-20,2019,Final_Report_2019_20.pdf,PT
21-Oct-19,PO TOI,3,23.33,AUTUMN,STANDARD36826,P,2019-10-21,2019,10,2019-20,2019,Final_Report_2019_20.pdf,PT
21-Oct-19,PO TOI,2,1.7,AUTUMN,STANDARD36826,S,2019-10-21,2019,10,2019-20,2019,Final_Report_2019_20.pdf,PT
21-Oct-19,PO TOI,3,12.67,AUTUMN,STANDARD36826,S,2019-10-21,2019,10,2019-20,2019,Final_Report_2019_20.pdf,PT
21-Oct-19,NINEPINS,2,2.6,AUTUMN,STANDARD36826,P,2019-10-21,2019,10,2019-20,2019,Final_Report_2019_20.pdf,NP
21-Oct-19,NINEPINS,3,20.3,AUTUMN,STANDARD36826,P,2019-10-21,2019,10,2019-20,2019,Final_Report_2019_20.pdf,NP
21-Oct-19,NINEPINS,3,5.6,AUTUMN,STANDARD36826,S,2019-10-21,2019,10,2019-20,2019,Final_Report_2019_20.pdf,NP
23-Oct-19,W LANTAU,1,3.6,AUTUMN,STANDARD36826,S,2019-10-23,2019,10,2019-20,2019,Final_Report_2019_20.pdf,WL
23-Oct-19,W LANTAU,2,3.26,AUTUMN,STANDARD36826,S,2019-10-23,2019,10,2019-20,2019,Final_Report_2019_20.pdf,WL
23-Oct-19,W LANTAU,3,2.93,AUTUMN,STANDARD36826,S,2019-10-23,2019,10,2019-20,2019,Final_Report_2019_20.pdf,WL
23-Oct-19,SW LANTAU,3,14.62,AUTUMN,STANDARD36826,P,2019-10-23,2019,10,2019-20,2019,Final_Report_2019_20.pdf,SWL
23-Oct-19,SW LANTAU,4,2.9,AUTUMN,STANDARD36826,P,2019-10-23,2019,10,2019-20,2019,Final_Report_2019_20.pdf,SWL
23-Oct-19,SW LANTAU,3,11.88,AUTUMN,STANDARD36826,S,2019-10-23,2019,10,2019-20,2019,Final_Report_2019_20.pdf,SWL
23-Oct-19,SW LANTAU,4,2.4,AUTUMN,STANDARD36826,S,2019-10-23,2019,10,2019-20,2019,Final_Report_2019_20.pdf,SWL
23-Oct-19,SE LANTAU,2,3.4,AUTUMN,STANDARD36826,P,2019-10-23,2019,10,2019-20,2019,Final_Report_2019_20.pdf,SEL
23-Oct-19,SE LANTAU,3,18.52,AUTUMN,STANDARD36826,P,2019-10-23,2019,10,2019-20,2019,Final_Report_2019_20.pdf,SEL
23-Oct-19,SE LANTAU,4,4.34,AUTUMN,STANDARD36826,P,2019-10-23,2019,10,2019-20,2019,Final_Report_2019_20.pdf,SEL
23-Oct-19,SE LANTAU,2,3.1,AUTUMN,STANDARD36826,S,2019-10-23,2019,10,2019-20,2019,Final_Report_2019_20.pdf,SEL
23-Oct-19,SE LANTAU,3,4.05,AUTUMN,STANDARD36826,S,2019-10-23,2019,10,2019-20,2019,Final_Report_2019_20.pdf,SEL
23-Oct-19,SE LANTAU,4,4.29,AUTUMN,STANDARD36826,S,2019-10-23,2019,10,2019-20,2019,Final_Report_2019_20.pdf,SEL
28-Oct-19,NW LANTAU,1,6.17,AUTUMN,STANDARD36826,P,2019-10-28,2019,10,2019-20,2019,Final_Report_2019_20.pdf,NWL
28-Oct-19,NW LANTAU,2,7.11,AUTUMN,STANDARD36826,P,2019-10-28,2019,10,2019-20,2019,Final_Report_2019_20.pdf,NWL
28-Oct-19,NW LANTAU,3,11.2,AUTUMN,STANDARD36826,P,2019-10-28,2019,10,2019-20,2019,Final_Report_2019_20.pdf,NWL
28-Oct-19,NW LANTAU,1,1.12,AUTUMN,STANDARD36826,S,2019-10-28,2019,10,2019-20,2019,Final_Report_2019_20.pdf,NWL
28-Oct-19,NW LANTAU,2,3.6,AUTUMN,STANDARD36826,S,2019-10-28,2019,10,2019-20,2019,Final_Report_2019_20.pdf,NWL
28-Oct-19,NW LANTAU,3,4.3,AUTUMN,STANDARD36826,S,2019-10-28,2019,10,2019-20,2019,Final_Report_2019_20.pdf,NWL
28-Oct-19,NW LANTAU,4,3.1,AUTUMN,STANDARD36826,S,2019-10-28,2019,10,2019-20,2019,Final_Report_2019_20.pdf,NWL
28-Oct-19,W LANTAU,3,7.13,AUTUMN,STANDARD36826,P,2019-10-28,2019,10,2019-20,2019,Final_Report_2019_20.pdf,WL
28-Oct-19,W LANTAU,4,2.04,AUTUMN,STANDARD36826,P,2019-10-28,2019,10,2019-20,2019,Final_Report_2019_20.pdf,WL
28-Oct-19,W LANTAU,3,9.03,AUTUMN,STANDARD36826,S,2019-10-28,2019,10,2019-20,2019,Final_Report_2019_20.pdf,WL
28-Oct-19,SW LANTAU,2,1.22,AUTUMN,STANDARD36826,S,2019-10-28,2019,10,2019-20,2019,Final_Report_2019_20.pdf,SWL
28-Oct-19,SW LANTAU,3,7.43,AUTUMN,STANDARD36826,S,2019-10-28,2019,10,2019-20,2019,Final_Report_2019_20.pdf,SWL
28-Oct-19,SE LANTAU,2,5.3,AUTUMN,STANDARD36826,P,2019-10-28,2019,10,2019-20,2019,Final_Report_2019_20.pdf,SEL
28-Oct-19,SE LANTAU,4,7.41,AUTUMN,STANDARD36826,P,2019-10-28,2019,10,2019-20,2019,Final_Report_2019_20.pdf,SEL
28-Oct-19,SE LANTAU,2,3.4,AUTUMN,STANDARD36826,S,2019-10-28,2019,10,2019-20,2019,Final_Report_2019_20.pdf,SEL
28-Oct-19,SE LANTAU,3,2.55,AUTUMN,STANDARD36826,S,2019-10-28,2019,10,2019-20,2019,Final_Report_2019_20.pdf,SEL
28-Oct-19,SE LANTAU,4,1.94,AUTUMN,STANDARD36826,S,2019-10-28,2019,10,2019-20,2019,Final_Report_2019_20.pdf,SEL
31-Oct-19,NW LANTAU,2,19.07,AUTUMN,STANDARD36826,P,2019-10-31,2019,10,2019-20,2019,Final_Report_2019_20.pdf,NWL
31-Oct-19,NW LANTAU,3,16.9,AUTUMN,STANDARD36826,P,2019-10-31,2019,10,2019-20,2019,Final_Report_2019_20.pdf,NWL
31-Oct-19,NW LANTAU,2,10.53,AUTUMN,STANDARD36826,S,2019-10-31,2019,10,2019-20,2019,Final_Report_2019_20.pdf,NWL
31-Oct-19,DEEP BAY,2,7.07,AUTUMN,STANDARD36826,P,2019-10-31,2019,10,2019-20,2019,Final_Report_2019_20.pdf,DB
31-Oct-19,DEEP BAY,3,3.86,AUTUMN,STANDARD36826,P,2019-10-31,2019,10,2019-20,2019,Final_Report_2019_20.pdf,DB
31-Oct-19,DEEP BAY,2,5.32,AUTUMN,STANDARD36826,S,2019-10-31,2019,10,2019-20,2019,Final_Report_2019_20.pdf,DB
31-Oct-19,DEEP BAY,3,1.15,AUTUMN,STANDARD36826,S,2019-10-31,2019,10,2019-20,2019,Final_Report_2019_20.pdf,DB
31-Oct-19,NE LANTAU,1,1.3,AUTUMN,STANDARD36826,P,2019-10-31,2019,10,2019-20,2019,Final_Report_2019_20.pdf,NEL
31-Oct-19,NE LANTAU,2,17.48,AUTUMN,STANDARD36826,P,2019-10-31,2019,10,2019-20,2019,Final_Report_2019_20.pdf,NEL
31-Oct-19,NE LANTAU,1,1.1,AUTUMN,STANDARD36826,S,2019-10-31,2019,10,2019-20,2019,Final_Report_2019_20.pdf,NEL
31-Oct-19,NE LANTAU,2,9.12,AUTUMN,STANDARD36826,S,2019-10-31,2019,10,2019-20,2019,Final_Report_2019_20.pdf,NEL
4-Nov-19,SW LANTAU,2,24.26,AUTUMN,STANDARD36826,P,2019-11-04,2019,11,2019-20,2019,Final_Report_2019_20.pdf,SWL
4-Nov-19,SW LANTAU,2,11.14,AUTUMN,STANDARD36826,S,2019-11-04,2019,11,2019-20,2019,Final_Report_2019_20.pdf,SWL
7-Nov-19,W LANTAU,2,1.97,AUTUMN,STANDARD36826,S,2019-11-07,2019,11,2019-20,2019,Final_Report_2019_20.pdf,WL
7-Nov-19,W LANTAU,3,7.84,AUTUMN,STANDARD36826,S,2019-11-07,2019,11,2019-20,2019,Final_Report_2019_20.pdf,WL
19-Nov-19,NE LANTAU,2,16.92,AUTUMN,STANDARD36826,P,2019-11-19,2019,11,2019-20,2019,Final_Report_2019_20.pdf,NEL
19-Nov-19,NE LANTAU,2,9.88,AUTUMN,STANDARD36826,S,2019-11-19,2019,11,2019-20,2019,Final_Report_2019_20.pdf,NEL
21-Nov-19,W LANTAU,2,10.0,AUTUMN,STANDARD36826,S,2019-11-21,2019,11,2019-20,2019,Final_Report_2019_20.pdf,WL
26-Nov-19,SW LANTAU,2,3.76,AUTUMN,STANDARD36826,P,2019-11-26,2019,11,2019-20,2019,Final_Report_2019_20.pdf,SWL
26-Nov-19,SW LANTAU,3,10.94,AUTUMN,STANDARD36826,P,2019-11-26,2019,11,2019-20,2019,Final_Report_2019_20.pdf,SWL
26-Nov-19,SW LANTAU,2,3.82,AUTUMN,STANDARD36826,S,2019-11-26,2019,11,2019-20,2019,Final_Report_2019_20.pdf,SWL
26-Nov-19,SW LANTAU,3,4.9,AUTUMN,STANDARD36826,S,2019-11-26,2019,11,2019-20,2019,Final_Report_2019_20.pdf,SWL
26-Nov-19,SW LANTAU,4,2.38,AUTUMN,STANDARD36826,S,2019-11-26,2019,11,2019-20,2019,Final_Report_2019_20.pdf,SWL
27-Nov-19,W LANTAU,2,7.98,AUTUMN,STANDARD36826,P,2019-11-27,2019,11,2019-20,2019,Final_Report_2019_20.pdf,WL
27-Nov-19,W LANTAU,3,2.5,AUTUMN,STANDARD36826,P,2019-11-27,2019,11,2019-20,2019,Final_Report_2019_20.pdf,WL
27-Nov-19,W LANTAU,2,7.92,AUTUMN,STANDARD36826,S,2019-11-27,2019,11,2019-20,2019,Final_Report_2019_20.pdf,WL
27-Nov-19,W LANTAU,3,2.2,AUTUMN,STANDARD36826,S,2019-11-27,2019,11,2019-20,2019,Final_Report_2019_20.pdf,WL
27-Nov-19,SW LANTAU,3,4.22,AUTUMN,STANDARD36826,P,2019-11-27,2019,11,2019-20,2019,Final_Report_2019_20.pdf,SWL
27-Nov-19,SW LANTAU,4,2.32,AUTUMN,STANDARD36826,P,2019-11-27,2019,11,2019-20,2019,Final_Report_2019_20.pdf,SWL
27-Nov-19,SW LANTAU,4,2.18,AUTUMN,STANDARD36826,S,2019-11-27,2019,11,2019-20,2019,Final_Report_2019_20.pdf,SWL
2-Dec-19,SE LANTAU,2,3.0,WINTER,STANDARD36826,P,2019-12-02,2019,12,2019-20,2019,Final_Report_2019_20.pdf,SEL
2-Dec-19,SE LANTAU,3,16.52,WINTER,STANDARD36826,P,2019-12-02,2019,12,2019-20,2019,Final_Report_2019_20.pdf,SEL
2-Dec-19,SE LANTAU,4,4.51,WINTER,STANDARD36826,P,2019-12-02,2019,12,2019-20,2019,Final_Report_2019_20.pdf,SEL
2-Dec-19,SE LANTAU,2,2.3,WINTER,STANDARD36826,S,2019-12-02,2019,12,2019-20,2019,Final_Report_2019_20.pdf,SEL
2-Dec-19,SE LANTAU,3,7.74,WINTER,STANDARD36826,S,2019-12-02,2019,12,2019-20,2019,Final_Report_2019_20.pdf,SEL
2-Dec-19,SE LANTAU,4,0.32,WINTER,STANDARD36826,S,2019-12-02,2019,12,2019-20,2019,Final_Report_2019_20.pdf,SEL
4-Dec-19,SW LANTAU,2,2.1,WINTER,STANDARD36826,P,2019-12-04,2019,12,2019-20,2019,Final_Report_2019_20.pdf,SWL
4-Dec-19,SW LANTAU,3,14.39,WINTER,STANDARD36826,P,2019-12-04,2019,12,2019-20,2019,Final_Report_2019_20.pdf,SWL
4-Dec-19,SW LANTAU,4,6.43,WINTER,STANDARD36826,P,2019-12-04,2019,12,2019-20,2019,Final_Report_2019_20.pdf,SWL
4-Dec-19,SW LANTAU,3,4.1,WINTER,STANDARD36826,S,2019-12-04,2019,12,2019-20,2019,Final_Report_2019_20.pdf,SWL
4-Dec-19,SW LANTAU,4,2.25,WINTER,STANDARD36826,S,2019-12-04,2019,12,2019-20,2019,Final_Report_2019_20.pdf,SWL
5-Dec-19,SE LANTAU,1,0.9,WINTER,STANDARD36826,P,2019-12-05,2019,12,2019-20,2019,Final_Report_2019_20.pdf,SEL
5-Dec-19,SE LANTAU,2,5.9,WINTER,STANDARD36826,P,2019-12-05,2019,12,2019-20,2019,Final_Report_2019_20.pdf,SEL
5-Dec-19,SE LANTAU,3,8.24,WINTER,STANDARD36826,P,2019-12-05,2019,12,2019-20,2019,Final_Report_2019_20.pdf,SEL
5-Dec-19,SE LANTAU,4,4.01,WINTER,STANDARD36826,P,2019-12-05,2019,12,2019-20,2019,Final_Report_2019_20.pdf,SEL
5-Dec-19,SE LANTAU,1,0.8,WINTER,STANDARD36826,S,2019-12-05,2019,12,2019-20,2019,Final_Report_2019_20.pdf,SEL
5-Dec-19,SE LANTAU,2,2.2,WINTER,STANDARD36826,S,2019-12-05,2019,12,2019-20,2019,Final_Report_2019_20.pdf,SEL
5-Dec-19,SE LANTAU,4,2.1,WINTER,STANDARD36826,S,2019-12-05,2019,12,2019-20,2019,Final_Report_2019_20.pdf,SEL
5-Dec-19,SE LANTAU,5,1.95,WINTER,STANDARD36826,S,2019-12-05,2019,12,2019-20,2019,Final_Report_2019_20.pdf,SEL
5-Dec-19,SW LANTAU,2,7.17,WINTER,STANDARD36826,P,2019-12-05,2019,12,2019-20,2019,Final_Report_2019_20.pdf,SWL
5-Dec-19,SW LANTAU,3,23.43,WINTER,STANDARD36826,P,2019-12-05,2019,12,2019-20,2019,Final_Report_2019_20.pdf,SWL
5-Dec-19,SW LANTAU,1,2.6,WINTER,STANDARD36826,S,2019-12-05,2019,12,2019-20,2019,Final_Report_2019_20.pdf,SWL
5-Dec-19,SW LANTAU,2,4.3,WINTER,STANDARD36826,S,2019-12-05,2019,12,2019-20,2019,Final_Report_2019_20.pdf,SWL
5-Dec-19,SW LANTAU,3,6.78,WINTER,STANDARD36826,S,2019-12-05,2019,12,2019-20,2019,Final_Report_2019_20.pdf,SWL
9-Dec-19,SE LANTAU,2,17.8,WINTER,STANDARD36826,P,2019-12-09,2019,12,2019-20,2019,Final_Report_2019_20.pdf,SEL
9-Dec-19,SE LANTAU,3,9.76,WINTER,STANDARD36826,P,2019-12-09,2019,12,2019-20,2019,Final_Report_2019_20.pdf,SEL
9-Dec-19,SE LANTAU,2,8.01,WINTER,STANDARD36826,S,2019-12-09,2019,12,2019-20,2019,Final_Report_2019_20.pdf,SEL
9-Dec-19,SE LANTAU,3,2.03,WINTER,STANDARD36826,S,2019-12-09,2019,12,2019-20,2019,Final_Report_2019_20.pdf,SEL
9-Dec-19,LAMMA,2,9.4,WINTER,STANDARD36826,P,2019-12-09,2019,12,2019-20,2019,Final_Report_2019_20.pdf,LM
9-Dec-19,LAMMA,3,18.07,WINTER,STANDARD36826,P,2019-12-09,2019,12,2019-20,2019,Final_Report_2019_20.pdf,LM
9-Dec-19,LAMMA,4,5.78,WINTER,STANDARD36826,P,2019-12-09,2019,12,2019-20,2019,Final_Report_2019_20.pdf,LM
9-Dec-19,LAMMA,2,4.7,WINTER,STANDARD36826,S,2019-12-09,2019,12,2019-20,2019,Final_Report_2019_20.pdf,LM
9-Dec-19,LAMMA,3,3.95,WINTER,STANDARD36826,S,2019-12-09,2019,12,2019-20,2019,Final_Report_2019_20.pdf,LM
10-Dec-19,W LANTAU,2,6.27,WINTER,STANDARD36826,P,2019-12-10,2019,12,2019-20,2019,Final_Report_2019_20.pdf,WL
10-Dec-19,W LANTAU,2,10.58,WINTER,STANDARD36826,S,2019-12-10,2019,12,2019-20,2019,Final_Report_2019_20.pdf,WL
11-Dec-19,LAMMA,0,1.63,WINTER,STANDARD36826,P,2019-12-11,2019,12,2019-20,2019,Final_Report_2019_20.pdf,LM
11-Dec-19,LAMMA,1,18.34,WINTER,STANDARD36826,P,2019-12-11,2019,12,2019-20,2019,Final_Report_2019_20.pdf,LM
11-Dec-19,LAMMA,2,35.57,WINTER,STANDARD36826,P,2019-12-11,2019,12,2019-20,2019,Final_Report_2019_20.pdf,LM
11-Dec-19,LAMMA,3,3.7,WINTER,STANDARD36826,P,2019-12-11,2019,12,2019-20,2019,Final_Report_2019_20.pdf,LM
11-Dec-19,LAMMA,0,1.3,WINTER,STANDARD36826,S,2019-12-11,2019,12,2019-20,2019,Final_Report_2019_20.pdf,LM
11-Dec-19,LAMMA,1,1.3,WINTER,STANDARD36826,S,2019-12-11,2019,12,2019-20,2019,Final_Report_2019_20.pdf,LM
11-Dec-19,LAMMA,2,7.46,WINTER,STANDARD36826,S,2019-12-11,2019,12,2019-20,2019,Final_Report_2019_20.pdf,LM
11-Dec-19,PO TOI,2,20.57,WINTER,STANDARD36826,P,2019-12-11,2019,12,2019-20,2019,Final_Report_2019_20.pdf,PT
11-Dec-19,PO TOI,3,4.82,WINTER,STANDARD36826,P,2019-12-11,2019,12,2019-20,2019,Final_Report_2019_20.pdf,PT
11-Dec-19,PO TOI,1,2.2,WINTER,STANDARD36826,S,2019-12-11,2019,12,2019-20,2019,Final_Report_2019_20.pdf,PT
11-Dec-19,PO TOI,2,4.21,WINTER,STANDARD36826,S,2019-12-11,2019,12,2019-20,2019,Final_Report_2019_20.pdf,PT
16-Dec-19,W LANTAU,1,4.51,WINTER,STANDARD36826,P,2019-12-16,2019,12,2019-20,2019,Final_Report_2019_20.pdf,WL
16-Dec-19,W LANTAU,2,7.17,WINTER,STANDARD36826,P,2019-12-16,2019,12,2019-20,2019,Final_Report_2019_20.pdf,WL
16-Dec-19,W LANTAU,3,1.2,WINTER,STANDARD36826,P,2019-12-16,2019,12,2019-20,2019,Final_Report_2019_20.pdf,WL
16-Dec-19,W LANTAU,1,3.42,WINTER,STANDARD36826,S,2019-12-16,2019,12,2019-20,2019,Final_Report_2019_20.pdf,WL
16-Dec-19,W LANTAU,2,7.7,WINTER,STANDARD36826,S,2019-12-16,2019,12,2019-20,2019,Final_Report_2019_20.pdf,WL
17-Dec-19,SE LANTAU,0,9.66,WINTER,STANDARD36826,P,2019-12-17,2019,12,2019-20,2019,Final_Report_2019_20.pdf,SEL
17-Dec-19,SE LANTAU,1,24.55,WINTER,STANDARD36826,P,2019-12-17,2019,12,2019-20,2019,Final_Report_2019_20.pdf,SEL
17-Dec-19,SE LANTAU,0,1.41,WINTER,STANDARD36826,S,2019-12-17,2019,12,2019-20,2019,Final_Report_2019_20.pdf,SEL
17-Dec-19,SE LANTAU,1,9.1,WINTER,STANDARD36826,S,2019-12-17,2019,12,2019-20,2019,Final_Report_2019_20.pdf,SEL
17-Dec-19,SW LANTAU,0,3.75,WINTER,STANDARD36826,P,2019-12-17,2019,12,2019-20,2019,Final_Report_2019_20.pdf,SWL
17-Dec-19,SW LANTAU,1,14.42,WINTER,STANDARD36826,P,2019-12-17,2019,12,2019-20,2019,Final_Report_2019_20.pdf,SWL
17-Dec-19,SW LANTAU,0,7.02,WINTER,STANDARD36826,S,2019-12-17,2019,12,2019-20,2019,Final_Report_2019_20.pdf,SWL
17-Dec-19,SW LANTAU,1,2.06,WINTER,STANDARD36826,S,2019-12-17,2019,12,2019-20,2019,Final_Report_2019_20.pdf,SWL
18-Dec-19,LAMMA,0,2.09,WINTER,STANDARD36826,P,2019-12-18,2019,12,2019-20,2019,Final_Report_2019_20.pdf,LM
18-Dec-19,LAMMA,1,26.09,WINTER,STANDARD36826,P,2019-12-18,2019,12,2019-20,2019,Final_Report_2019_20.pdf,LM
18-Dec-19,LAMMA,2,48.49,WINTER,STANDARD36826,P,2019-12-18,2019,12,2019-20,2019,Final_Report_2019_20.pdf,LM
18-Dec-19,LAMMA,3,11.0,WINTER,STANDARD36826,P,2019-12-18,2019,12,2019-20,2019,Final_Report_2019_20.pdf,LM
18-Dec-19,LAMMA,0,2.01,WINTER,STANDARD36826,S,2019-12-18,2019,12,2019-20,2019,Final_Report_2019_20.pdf,LM
18-Dec-19,LAMMA,1,4.5,WINTER,STANDARD36826,S,2019-12-18,2019,12,2019-20,2019,Final_Report_2019_20.pdf,LM
18-Dec-19,LAMMA,2,14.72,WINTER,STANDARD36826,S,2019-12-18,2019,12,2019-20,2019,Final_Report_2019_20.pdf,LM
18-Dec-19,LAMMA,3,1.1,WINTER,STANDARD36826,S,2019-12-18,2019,12,2019-20,2019,Final_Report_2019_20.pdf,LM
19-Dec-19,NW LANTAU,2,17.53,WINTER,STANDARD36826,P,2019-12-19,2019,12,2019-20,2019,Final_Report_2019_20.pdf,NWL
19-Dec-19,NW LANTAU,3,1.85,WINTER,STANDARD36826,P,2019-12-19,2019,12,2019-20,2019,Final_Report_2019_20.pdf,NWL
19-Dec-19,NW LANTAU,4,5.46,WINTER,STANDARD36826,P,2019-12-19,2019,12,2019-20,2019,Final_Report_2019_20.pdf,NWL
19-Dec-19,NW LANTAU,2,4.33,WINTER,STANDARD36826,S,2019-12-19,2019,12,2019-20,2019,Final_Report_2019_20.pdf,NWL
19-Dec-19,NW LANTAU,3,3.53,WINTER,STANDARD36826,S,2019-12-19,2019,12,2019-20,2019,Final_Report_2019_20.pdf,NWL
19-Dec-19,NW LANTAU,4,0.7,WINTER,STANDARD36826,S,2019-12-19,2019,12,2019-20,2019,Final_Report_2019_20.pdf,NWL
19-Dec-19,DEEP BAY,2,9.38,WINTER,STANDARD36826,P,2019-12-19,2019,12,2019-20,2019,Final_Report_2019_20.pdf,DB
19-Dec-19,DEEP BAY,1,3.03,WINTER,STANDARD36826,S,2019-12-19,2019,12,2019-20,2019,Final_Report_2019_20.pdf,DB
19-Dec-19,DEEP BAY,2,7.49,WINTER,STANDARD36826,S,2019-12-19,2019,12,2019-20,2019,Final_Report_2019_20.pdf,DB
19-Dec-19,NE LANTAU,2,14.8,WINTER,STANDARD36826,P,2019-12-19,2019,12,2019-20,2019,Final_Report_2019_20.pdf,NEL
19-Dec-19,NE LANTAU,3,5.74,WINTER,STANDARD36826,P,2019-12-19,2019,12,2019-20,2019,Final_Report_2019_20.pdf,NEL
19-Dec-19,NE LANTAU,1,0.7,WINTER,STANDARD36826,S,2019-12-19,2019,12,2019-20,2019,Final_Report_2019_20.pdf,NEL
19-Dec-19,NE LANTAU,2,8.2,WINTER,STANDARD36826,S,2019-12-19,2019,12,2019-20,2019,Final_Report_2019_20.pdf,NEL
19-Dec-19,NE LANTAU,3,1.26,WINTER,STANDARD36826,S,2019-12-19,2019,12,2019-20,2019,Final_Report_2019_20.pdf,NEL
23-Dec-19,W LANTAU,2,10.18,WINTER,STANDARD36826,P,2019-12-23,2019,12,2019-20,2019,Final_Report_2019_20.pdf,WL
23-Dec-19,W LANTAU,3,2.0,WINTER,STANDARD36826,P,2019-12-23,2019,12,2019-20,2019,Final_Report_2019_20.pdf,WL
23-Dec-19,W LANTAU,2,13.38,WINTER,STANDARD36826,S,2019-12-23,2019,12,2019-20,2019,Final_Report_2019_20.pdf,WL
23-Dec-19,W LANTAU,3,7.22,WINTER,STANDARD36826,S,2019-12-23,2019,12,2019-20,2019,Final_Report_2019_20.pdf,WL
23-Dec-19,NW LANTAU,2,5.51,WINTER,STANDARD36826,P,2019-12-23,2019,12,2019-20,2019,Final_Report_2019_20.pdf,NWL
23-Dec-19,NW LANTAU,3,11.49,WINTER,STANDARD36826,P,2019-12-23,2019,12,2019-20,2019,Final_Report_2019_20.pdf,NWL
23-Dec-19,NW LANTAU,2,5.8,WINTER,STANDARD36826,S,2019-12-23,2019,12,2019-20,2019,Final_Report_2019_20.pdf,NWL
23-Dec-19,NW LANTAU,3,7.2,WINTER,STANDARD36826,S,2019-12-23,2019,12,2019-20,2019,Final_Report_2019_20.pdf,NWL
23-Dec-19,NE LANTAU,2,8.13,WINTER,STANDARD36826,S,2019-12-23,2019,12,2019-20,2019,Final_Report_2019_20.pdf,NEL
3-Jan-20,W LANTAU,2,10.4,WINTER,STANDARD36826,S,2020-01-03,2020,1,2019-20,2019,Final_Report_2019_20.pdf,WL
3-Jan-20,SW LANTAU,2,15.52,WINTER,STANDARD36826,P,2020-01-03,2020,1,2019-20,2019,Final_Report_2019_20.pdf,SWL
3-Jan-20,SW LANTAU,3,5.82,WINTER,STANDARD36826,P,2020-01-03,2020,1,2019-20,2019,Final_Report_2019_20.pdf,SWL
3-Jan-20,SW LANTAU,2,3.83,WINTER,STANDARD36826,S,2020-01-03,2020,1,2019-20,2019,Final_Report_2019_20.pdf,SWL
3-Jan-20,SW LANTAU,3,9.19,WINTER,STANDARD36826,S,2020-01-03,2020,1,2019-20,2019,Final_Report_2019_20.pdf,SWL
3-Jan-20,SE LANTAU,2,2.0,WINTER,STANDARD36826,P,2020-01-03,2020,1,2019-20,2019,Final_Report_2019_20.pdf,SEL
3-Jan-20,SE LANTAU,3,12.66,WINTER,STANDARD36826,P,2020-01-03,2020,1,2019-20,2019,Final_Report_2019_20.pdf,SEL
3-Jan-20,SE LANTAU,4,5.33,WINTER,STANDARD36826,P,2020-01-03,2020,1,2019-20,2019,Final_Report_2019_20.pdf,SEL
3-Jan-20,SE LANTAU,2,4.2,WINTER,STANDARD36826,S,2020-01-03,2020,1,2019-20,2019,Final_Report_2019_20.pdf,SEL
3-Jan-20,SE LANTAU,3,4.74,WINTER,STANDARD36826,S,2020-01-03,2020,1,2019-20,2019,Final_Report_2019_20.pdf,SEL
3-Jan-20,SE LANTAU,4,1.8,WINTER,STANDARD36826,S,2020-01-03,2020,1,2019-20,2019,Final_Report_2019_20.pdf,SEL
6-Jan-20,W LANTAU,2,9.93,WINTER,STANDARD36826,P,2020-01-06,2020,1,2019-20,2019,Final_Report_2019_20.pdf,WL
6-Jan-20,W LANTAU,3,3.04,WINTER,STANDARD36826,P,2020-01-06,2020,1,2019-20,2019,Final_Report_2019_20.pdf,WL
6-Jan-20,W LANTAU,2,9.05,WINTER,STANDARD36826,S,2020-01-06,2020,1,2019-20,2019,Final_Report_2019_20.pdf,WL
6-Jan-20,W LANTAU,3,1.17,WINTER,STANDARD36826,S,2020-01-06,2020,1,2019-20,2019,Final_Report_2019_20.pdf,WL
7-Jan-20,LAMMA,0,4.35,WINTER,STANDARD36826,P,2020-01-07,2020,1,2019-20,2019,Final_Report_2019_20.pdf,LM
7-Jan-20,LAMMA,1,17.65,WINTER,STANDARD36826,P,2020-01-07,2020,1,2019-20,2019,Final_Report_2019_20.pdf,LM
7-Jan-20,LAMMA,2,55.94,WINTER,STANDARD36826,P,2020-01-07,2020,1,2019-20,2019,Final_Report_2019_20.pdf,LM
7-Jan-20,LAMMA,0,1.02,WINTER,STANDARD36826,S,2020-01-07,2020,1,2019-20,2019,Final_Report_2019_20.pdf,LM
7-Jan-20,LAMMA,1,4.64,WINTER,STANDARD36826,S,2020-01-07,2020,1,2019-20,2019,Final_Report_2019_20.pdf,LM
7-Jan-20,LAMMA,2,18.4,WINTER,STANDARD36826,S,2020-01-07,2020,1,2019-20,2019,Final_Report_2019_20.pdf,LM
8-Jan-20,SW LANTAU,1,1.84,WINTER,STANDARD36826,P,2020-01-08,2020,1,2019-20,2019,Final_Report_2019_20.pdf,SWL
8-Jan-20,SW LANTAU,2,7.1,WINTER,STANDARD36826,P,2020-01-08,2020,1,2019-20,2019,Final_Report_2019_20.pdf,SWL
8-Jan-20,SW LANTAU,3,15.3,WINTER,STANDARD36826,P,2020-01-08,2020,1,2019-20,2019,Final_Report_2019_20.pdf,SWL
8-Jan-20,SW LANTAU,2,3.3,WINTER,STANDARD36826,S,2020-01-08,2020,1,2019-20,2019,Final_Report_2019_20.pdf,SWL
8-Jan-20,SW LANTAU,3,7.3,WINTER,STANDARD36826,S,2020-01-08,2020,1,2019-20,2019,Final_Report_2019_20.pdf,SWL
10-Jan-20,SE LANTAU,2,5.04,WINTER,STANDARD36826,P,2020-01-10,2020,1,2019-20,2019,Final_Report_2019_20.pdf,SEL
10-Jan-20,SE LANTAU,3,18.52,WINTER,STANDARD36826,P,2020-01-10,2020,1,2019-20,2019,Final_Report_2019_20.pdf,SEL
10-Jan-20,SE LANTAU,4,7.77,WINTER,STANDARD36826,P,2020-01-10,2020,1,2019-20,2019,Final_Report_2019_20.pdf,SEL
10-Jan-20,SE LANTAU,2,3.1,WINTER,STANDARD36826,S,2020-01-10,2020,1,2019-20,2019,Final_Report_2019_20.pdf,SEL
10-Jan-20,SE LANTAU,4,3.1,WINTER,STANDARD36826,S,2020-01-10,2020,1,2019-20,2019,Final_Report_2019_20.pdf,SEL
10-Jan-20,SW LANTAU,2,1.09,WINTER,STANDARD36826,P,2020-01-10,2020,1,2019-20,2019,Final_Report_2019_20.pdf,SWL
10-Jan-20,SW LANTAU,3,15.11,WINTER,STANDARD36826,P,2020-01-10,2020,1,2019-20,2019,Final_Report_2019_20.pdf,SWL
10-Jan-20,SW LANTAU,4,4.65,WINTER,STANDARD36826,P,2020-01-10,2020,1,2019-20,2019,Final_Report_2019_20.pdf,SWL
10-Jan-20,SW LANTAU,2,3.44,WINTER,STANDARD36826,S,2020-01-10,2020,1,2019-20,2019,Final_Report_2019_20.pdf,SWL
10-Jan-20,SW LANTAU,3,2.91,WINTER,STANDARD36826,S,2020-01-10,2020,1,2019-20,2019,Final_Report_2019_20.pdf,SWL
10-Jan-20,SW LANTAU,4,4.4,WINTER,STANDARD36826,S,2020-01-10,2020,1,2019-20,2019,Final_Report_2019_20.pdf,SWL
15-Jan-20,W LANTAU,3,9.57,WINTER,STANDARD36826,S,2020-01-15,2020,1,2019-20,2019,Final_Report_2019_20.pdf,WL
15-Jan-20,NW LANTAU,3,1.94,WINTER,STANDARD36826,P,2020-01-15,2020,1,2019-20,2019,Final_Report_2019_20.pdf,NWL
15-Jan-20,NW LANTAU,4,5.55,WINTER,STANDARD36826,P,2020-01-15,2020,1,2019-20,2019,Final_Report_2019_20.pdf,NWL
15-Jan-20,NW LANTAU,3,1.2,WINTER,STANDARD36826,S,2020-01-15,2020,1,2019-20,2019,Final_Report_2019_20.pdf,NWL
16-Jan-20,DEEP BAY,2,5.92,WINTER,STANDARD36826,P,2020-01-16,2020,1,2019-20,2019,Final_Report_2019_20.pdf,DB
16-Jan-20,DEEP BAY,3,3.75,WINTER,STANDARD36826,P,2020-01-16,2020,1,2019-20,2019,Final_Report_2019_20.pdf,DB
16-Jan-20,DEEP BAY,2,6.35,WINTER,STANDARD36826,S,2020-01-16,2020,1,2019-20,2019,Final_Report_2019_20.pdf,DB
16-Jan-20,NE LANTAU,2,20.68,WINTER,STANDARD36826,P,2020-01-16,2020,1,2019-20,2019,Final_Report_2019_20.pdf,NEL
16-Jan-20,NE LANTAU,2,10.22,WINTER,STANDARD36826,S,2020-01-16,2020,1,2019-20,2019,Final_Report_2019_20.pdf,NEL
21-Jan-20,NW LANTAU,2,1.2,WINTER,STANDARD36826,P,2020-01-21,2020,1,2019-20,2019,Final_Report_2019_20.pdf,NWL
21-Jan-20,NW LANTAU,3,13.76,WINTER,STANDARD36826,P,2020-01-21,2020,1,2019-20,2019,Final_Report_2019_20.pdf,NWL
21-Jan-20,NW LANTAU,3,6.86,WINTER,STANDARD36826,S,2020-01-21,2020,1,2019-20,2019,Final_Report_2019_20.pdf,NWL
21-Jan-20,NE LANTAU,2,8.8,WINTER,STANDARD36826,P,2020-01-21,2020,1,2019-20,2019,Final_Report_2019_20.pdf,NEL
21-Jan-20,NE LANTAU,3,12.29,WINTER,STANDARD36826,P,2020-01-21,2020,1,2019-20,2019,Final_Report_2019_20.pdf,NEL
21-Jan-20,NE LANTAU,2,6.3,WINTER,STANDARD36826,S,2020-01-21,2020,1,2019-20,2019,Final_Report_2019_20.pdf,NEL
21-Jan-20,NE LANTAU,3,5.31,WINTER,STANDARD36826,S,2020-01-21,2020,1,2019-20,2019,Final_Report_2019_20.pdf,NEL
22-Jan-20,SE LANTAU,1,7.22,WINTER,STANDARD36826,P,2020-01-22,2020,1,2019-20,2019,Final_Report_2019_20.pdf,SEL
22-Jan-20,SE LANTAU,2,7.27,WINTER,STANDARD36826,P,2020-01-22,2020,1,2019-20,2019,Final_Report_2019_20.pdf,SEL
22-Jan-20,SE LANTAU,1,2.16,WINTER,STANDARD36826,S,2020-01-22,2020,1,2019-20,2019,Final_Report_2019_20.pdf,SEL
22-Jan-20,SE LANTAU,2,0.71,WINTER,STANDARD36826,S,2020-01-22,2020,1,2019-20,2019,Final_Report_2019_20.pdf,SEL
22-Jan-20,SW LANTAU,1,13.92,WINTER,STANDARD36826,P,2020-01-22,2020,1,2019-20,2019,Final_Report_2019_20.pdf,SWL
22-Jan-20,SW LANTAU,2,8.22,WINTER,STANDARD36826,P,2020-01-22,2020,1,2019-20,2019,Final_Report_2019_20.pdf,SWL
22-Jan-20,SW LANTAU,1,5.31,WINTER,STANDARD36826,S,2020-01-22,2020,1,2019-20,2019,Final_Report_2019_20.pdf,SWL
22-Jan-20,SW LANTAU,2,3.5,WINTER,STANDARD36826,S,2020-01-22,2020,1,2019-20,2019,Final_Report_2019_20.pdf,SWL
3-Feb-20,NW LANTAU,2,23.61,WINTER,STANDARD36826,P,2020-02-03,2020,2,2019-20,2019,Final_Report_2019_20.pdf,NWL
3-Feb-20,NW LANTAU,3,11.66,WINTER,STANDARD36826,P,2020-02-03,2020,2,2019-20,2019,Final_Report_2019_20.pdf,NWL
3-Feb-20,NW LANTAU,2,8.43,WINTER,STANDARD36826,S,2020-02-03,2020,2,2019-20,2019,Final_Report_2019_20.pdf,NWL
3-Feb-20,NW LANTAU,3,2.5,WINTER,STANDARD36826,S,2020-02-03,2020,2,2019-20,2019,Final_Report_2019_20.pdf,NWL
3-Feb-20,DEEP BAY,2,6.35,WINTER,STANDARD36826,P,2020-02-03,2020,2,2019-20,2019,Final_Report_2019_20.pdf,DB
3-Feb-20,DEEP BAY,3,3.32,WINTER,STANDARD36826,P,2020-02-03,2020,2,2019-20,2019,Final_Report_2019_20.pdf,DB
3-Feb-20,DEEP BAY,2,9.93,WINTER,STANDARD36826,S,2020-02-03,2020,2,2019-20,2019,Final_Report_2019_20.pdf,DB
3-Feb-20,NE LANTAU,2,3.86,WINTER,STANDARD36826,P,2020-02-03,2020,2,2019-20,2019,Final_Report_2019_20.pdf,NEL
3-Feb-20,NE LANTAU,3,10.56,WINTER,STANDARD36826,P,2020-02-03,2020,2,2019-20,2019,Final_Report_2019_20.pdf,NEL
3-Feb-20,NE LANTAU,2,7.0,WINTER,STANDARD36826,S,2020-02-03,2020,2,2019-20,2019,Final_Report_2019_20.pdf,NEL
3-Feb-20,NE LANTAU,3,4.98,WINTER,STANDARD36826,S,2020-02-03,2020,2,2019-20,2019,Final_Report_2019_20.pdf,NEL
5-Feb-20,SW LANTAU,2,4.4,WINTER,STANDARD36826,P,2020-02-05,2020,2,2019-20,2019,Final_Report_2019_20.pdf,SWL
5-Feb-20,SW LANTAU,3,10.43,WINTER,STANDARD36826,P,2020-02-05,2020,2,2019-20,2019,Final_Report_2019_20.pdf,SWL
5-Feb-20,SW LANTAU,2,3.0,WINTER,STANDARD36826,S,2020-02-05,2020,2,2019-20,2019,Final_Report_2019_20.pdf,SWL
5-Feb-20,SW LANTAU,3,5.22,WINTER,STANDARD36826,S,2020-02-05,2020,2,2019-20,2019,Final_Report_2019_20.pdf,SWL
7-Feb-20,SE LANTAU,2,14.2,WINTER,STANDARD36826,P,2020-02-07,2020,2,2019-20,2019,Final_Report_2019_20.pdf,SEL
7-Feb-20,SE LANTAU,3,15.41,WINTER,STANDARD36826,P,2020-02-07,2020,2,2019-20,2019,Final_Report_2019_20.pdf,SEL
7-Feb-20,SE LANTAU,2,4.08,WINTER,STANDARD36826,S,2020-02-07,2020,2,2019-20,2019,Final_Report_2019_20.pdf,SEL
7-Feb-20,SE LANTAU,3,4.02,WINTER,STANDARD36826,S,2020-02-07,2020,2,2019-20,2019,Final_Report_2019_20.pdf,SEL
7-Feb-20,SW LANTAU,2,12.2,WINTER,STANDARD36826,P,2020-02-07,2020,2,2019-20,2019,Final_Report_2019_20.pdf,SWL
7-Feb-20,SW LANTAU,3,7.61,WINTER,STANDARD36826,P,2020-02-07,2020,2,2019-20,2019,Final_Report_2019_20.pdf,SWL
7-Feb-20,SW LANTAU,2,2.41,WINTER,STANDARD36826,S,2020-02-07,2020,2,2019-20,2019,Final_Report_2019_20.pdf,SWL
7-Feb-20,SW LANTAU,3,3.41,WINTER,STANDARD36826,S,2020-02-07,2020,2,2019-20,2019,Final_Report_2019_20.pdf,SWL
10-Feb-20,W LANTAU,2,9.15,WINTER,STANDARD36826,S,2020-02-10,2020,2,2019-20,2019,Final_Report_2019_20.pdf,WL
10-Feb-20,SW LANTAU,2,14.39,WINTER,STANDARD36826,P,2020-02-10,2020,2,2019-20,2019,Final_Report_2019_20.pdf,SWL
10-Feb-20,SW LANTAU,3,0.76,WINTER,STANDARD36826,P,2020-02-10,2020,2,2019-20,2019,Final_Report_2019_20.pdf,SWL
10-Feb-20,SW LANTAU,2,4.18,WINTER,STANDARD36826,S,2020-02-10,2020,2,2019-20,2019,Final_Report_2019_20.pdf,SWL
11-Feb-20,LAMMA,1,3.34,WINTER,STANDARD36826,P,2020-02-11,2020,2,2019-20,2019,Final_Report_2019_20.pdf,LM
11-Feb-20,LAMMA,2,17.96,WINTER,STANDARD36826,P,2020-02-11,2020,2,2019-20,2019,Final_Report_2019_20.pdf,LM
11-Feb-20,LAMMA,3,19.54,WINTER,STANDARD36826,P,2020-02-11,2020,2,2019-20,2019,Final_Report_2019_20.pdf,LM
11-Feb-20,LAMMA,1,2.46,WINTER,STANDARD36826,S,2020-02-11,2020,2,2019-20,2019,Final_Report_2019_20.pdf,LM
11-Feb-20,LAMMA,2,4.9,WINTER,STANDARD36826,S,2020-02-11,2020,2,2019-20,2019,Final_Report_2019_20.pdf,LM
11-Feb-20,LAMMA,3,2.3,WINTER,STANDARD36826,S,2020-02-11,2020,2,2019-20,2019,Final_Report_2019_20.pdf,LM
11-Feb-20,SE LANTAU,2,10.3,WINTER,STANDARD36826,P,2020-02-11,2020,2,2019-20,2019,Final_Report_2019_20.pdf,SEL
11-Feb-20,SE LANTAU,3,13.18,WINTER,STANDARD36826,P,2020-02-11,2020,2,2019-20,2019,Final_Report_2019_20.pdf,SEL
11-Feb-20,SE LANTAU,2,7.61,WINTER,STANDARD36826,S,2020-02-11,2020,2,2019-20,2019,Final_Report_2019_20.pdf,SEL
11-Feb-20,SE LANTAU,3,1.88,WINTER,STANDARD36826,S,2020-02-11,2020,2,2019-20,2019,Final_Report_2019_20.pdf,SEL
12-Feb-20,SW LANTAU,1,1.74,WINTER,STANDARD36826,P,2020-02-12,2020,2,2019-20,2019,Final_Report_2019_20.pdf,SWL
12-Feb-20,SW LANTAU,2,14.17,WINTER,STANDARD36826,P,2020-02-12,2020,2,2019-20,2019,Final_Report_2019_20.pdf,SWL
12-Feb-20,SW LANTAU,2,4.25,WINTER,STANDARD36826,S,2020-02-12,2020,2,2019-20,2019,Final_Report_2019_20.pdf,SWL
21-Feb-20,W LANTAU,2,5.88,WINTER,STANDARD36826,P,2020-02-21,2020,2,2019-20,2019,Final_Report_2019_20.pdf,WL
21-Feb-20,W LANTAU,3,5.2,WINTER,STANDARD36826,P,2020-02-21,2020,2,2019-20,2019,Final_Report_2019_20.pdf,WL
21-Feb-20,W LANTAU,2,6.62,WINTER,STANDARD36826,S,2020-02-21,2020,2,2019-20,2019,Final_Report_2019_20.pdf,WL
21-Feb-20,W LANTAU,3,3.6,WINTER,STANDARD36826,S,2020-02-21,2020,2,2019-20,2019,Final_Report_2019_20.pdf,WL
21-Feb-20,SW LANTAU,3,22.22,WINTER,STANDARD36826,P,2020-02-21,2020,2,2019-20,2019,Final_Report_2019_20.pdf,SWL
21-Feb-20,SW LANTAU,4,2.47,WINTER,STANDARD36826,P,2020-02-21,2020,2,2019-20,2019,Final_Report_2019_20.pdf,SWL
21-Feb-20,SW LANTAU,3,6.41,WINTER,STANDARD36826,S,2020-02-21,2020,2,2019-20,2019,Final_Report_2019_20.pdf,SWL
21-Feb-20,SW LANTAU,4,4.65,WINTER,STANDARD36826,S,2020-02-21,2020,2,2019-20,2019,Final_Report_2019_20.pdf,SWL
21-Feb-20,SE LANTAU,2,4.35,WINTER,STANDARD36826,P,2020-02-21,2020,2,2019-20,2019,Final_Report_2019_20.pdf,SEL
21-Feb-20,SE LANTAU,3,6.74,WINTER,STANDARD36826,P,2020-02-21,2020,2,2019-20,2019,Final_Report_2019_20.pdf,SEL
21-Feb-20,SE LANTAU,3,2.04,WINTER,STANDARD36826,S,2020-02-21,2020,2,2019-20,2019,Final_Report_2019_20.pdf,SEL
24-Feb-20,W LANTAU,2,4.41,WINTER,STANDARD36826,P,2020-02-24,2020,2,2019-20,2019,Final_Report_2019_20.pdf,WL
24-Feb-20,W LANTAU,3,5.12,WINTER,STANDARD36826,P,2020-02-24,2020,2,2019-20,2019,Final_Report_2019_20.pdf,WL
24-Feb-20,W LANTAU,2,8.09,WINTER,STANDARD36826,S,2020-02-24,2020,2,2019-20,2019,Final_Report_2019_20.pdf,WL
24-Feb-20,W LANTAU,3,3.46,WINTER,STANDARD36826,S,2020-02-24,2020,2,2019-20,2019,Final_Report_2019_20.pdf,WL
24-Feb-20,SW LANTAU,3,9.64,WINTER,STANDARD36826,S,2020-02-24,2020,2,2019-20,2019,Final_Report_2019_20.pdf,SWL
25-Feb-20,LAMMA,1,20.92,WINTER,STANDARD36826,P,2020-02-25,2020,2,2019-20,2019,Final_Report_2019_20.pdf,LM
25-Feb-20,LAMMA,2,31.93,WINTER,STANDARD36826,P,2020-02-25,2020,2,2019-20,2019,Final_Report_2019_20.pdf,LM
25-Feb-20,LAMMA,1,2.07,WINTER,STANDARD36826,S,2020-02-25,2020,2,2019-20,2019,Final_Report_2019_20.pdf,LM
25-Feb-20,LAMMA,2,10.57,WINTER,STANDARD36826,S,2020-02-25,2020,2,2019-20,2019,Final_Report_2019_20.pdf,LM
25-Feb-20,SE LANTAU,2,11.42,WINTER,STANDARD36826,P,2020-02-25,2020,2,2019-20,2019,Final_Report_2019_20.pdf,SEL
25-Feb-20,SE LANTAU,2,7.62,WINTER,STANDARD36826,S,2020-02-25,2020,2,2019-20,2019,Final_Report_2019_20.pdf,SEL
2-Mar-20,SE LANTAU,2,3.96,SPRING,STANDARD36826,P,2020-03-02,2020,3,2019-20,2019,Final_Report_2019_20.pdf,SEL
2-Mar-20,SE LANTAU,3,11.78,SPRING,STANDARD36826,P,2020-03-02,2020,3,2019-20,2019,Final_Report_2019_20.pdf,SEL
2-Mar-20,SE LANTAU,4,1.11,SPRING,STANDARD36826,P,2020-03-02,2020,3,2019-20,2019,Final_Report_2019_20.pdf,SEL
2-Mar-20,SE LANTAU,2,2.08,SPRING,STANDARD36826,S,2020-03-02,2020,3,2019-20,2019,Final_Report_2019_20.pdf,SEL
2-Mar-20,SE LANTAU,3,2.9,SPRING,STANDARD36826,S,2020-03-02,2020,3,2019-20,2019,Final_Report_2019_20.pdf,SEL
2-Mar-20,SE LANTAU,4,1.75,SPRING,STANDARD36826,S,2020-03-02,2020,3,2019-20,2019,Final_Report_2019_20.pdf,SEL
2-Mar-20,SW LANTAU,2,1.4,SPRING,STANDARD36826,P,2020-03-02,2020,3,2019-20,2019,Final_Report_2019_20.pdf,SWL
2-Mar-20,SW LANTAU,3,25.14,SPRING,STANDARD36826,P,2020-03-02,2020,3,2019-20,2019,Final_Report_2019_20.pdf,SWL
2-Mar-20,SW LANTAU,4,4.4,SPRING,STANDARD36826,P,2020-03-02,2020,3,2019-20,2019,Final_Report_2019_20.pdf,SWL
2-Mar-20,SW LANTAU,3,10.19,SPRING,STANDARD36826,S,2020-03-02,2020,3,2019-20,2019,Final_Report_2019_20.pdf,SWL
2-Mar-20,SW LANTAU,4,3.17,SPRING,STANDARD36826,S,2020-03-02,2020,3,2019-20,2019,Final_Report_2019_20.pdf,SWL
3-Mar-20,W LANTAU,2,4.39,SPRING,STANDARD36826,P,2020-03-03,2020,3,2019-20,2019,Final_Report_2019_20.pdf,WL
3-Mar-20,W LANTAU,3,4.7,SPRING,STANDARD36826,P,2020-03-03,2020,3,2019-20,2019,Final_Report_2019_20.pdf,WL
3-Mar-20,W LANTAU,2,4.06,SPRING,STANDARD36826,S,2020-03-03,2020,3,2019-20,2019,Final_Report_2019_20.pdf,WL
3-Mar-20,W LANTAU,3,5.7,SPRING,STANDARD36826,S,2020-03-03,2020,3,2019-20,2019,Final_Report_2019_20.pdf,WL
6-Mar-20,SW LANTAU,2,2.58,SPRING,STANDARD36826,P,2020-03-06,2020,3,2019-20,2019,Final_Report_2019_20.pdf,SWL
6-Mar-20,SW LANTAU,3,14.71,SPRING,STANDARD36826,P,2020-03-06,2020,3,2019-20,2019,Final_Report_2019_20.pdf,SWL
6-Mar-20,SW LANTAU,2,3.05,SPRING,STANDARD36826,S,2020-03-06,2020,3,2019-20,2019,Final_Report_2019_20.pdf,SWL
6-Mar-20,SW LANTAU,3,9.04,SPRING,STANDARD36826,S,2020-03-06,2020,3,2019-20,2019,Final_Report_2019_20.pdf,SWL
10-Mar-20,SW LANTAU,2,1.8,SPRING,STANDARD36826,P,2020-03-10,2020,3,2019-20,2019,Final_Report_2019_20.pdf,SWL
10-Mar-20,SW LANTAU,3,21.76,SPRING,STANDARD36826,P,2020-03-10,2020,3,2019-20,2019,Final_Report_2019_20.pdf,SWL
10-Mar-20,SW LANTAU,2,2.0,SPRING,STANDARD36826,S,2020-03-10,2020,3,2019-20,2019,Final_Report_2019_20.pdf,SWL
10-Mar-20,SW LANTAU,3,11.54,SPRING,STANDARD36826,S,2020-03-10,2020,3,2019-20,2019,Final_Report_2019_20.pdf,SWL
10-Mar-20,SE LANTAU,2,10.48,SPRING,STANDARD36826,P,2020-03-10,2020,3,2019-20,2019,Final_Report_2019_20.pdf,SEL
10-Mar-20,SE LANTAU,3,20.64,SPRING,STANDARD36826,P,2020-03-10,2020,3,2019-20,2019,Final_Report_2019_20.pdf,SEL
10-Mar-20,SE LANTAU,4,0.76,SPRING,STANDARD36826,P,2020-03-10,2020,3,2019-20,2019,Final_Report_2019_20.pdf,SEL
10-Mar-20,SE LANTAU,2,9.7,SPRING,STANDARD36826,S,2020-03-10,2020,3,2019-20,2019,Final_Report_2019_20.pdf,SEL
10-Mar-20,SE LANTAU,3,4.35,SPRING,STANDARD36826,S,2020-03-10,2020,3,2019-20,2019,Final_Report_2019_20.pdf,SEL
11-Mar-20,W LANTAU,2,10.25,SPRING,STANDARD36826,S,2020-03-11,2020,3,2019-20,2019,Final_Report_2019_20.pdf,WL
11-Mar-20,W LANTAU,3,0.8,SPRING,STANDARD36826,S,2020-03-11,2020,3,2019-20,2019,Final_Report_2019_20.pdf,WL
11-Mar-20,NW LANTAU,2,6.23,SPRING,STANDARD36826,P,2020-03-11,2020,3,2019-20,2019,Final_Report_2019_20.pdf,NWL
11-Mar-20,NW LANTAU,3,10.13,SPRING,STANDARD36826,P,2020-03-11,2020,3,2019-20,2019,Final_Report_2019_20.pdf,NWL
11-Mar-20,NW LANTAU,2,3.04,SPRING,STANDARD36826,S,2020-03-11,2020,3,2019-20,2019,Final_Report_2019_20.pdf,NWL
11-Mar-20,NW LANTAU,3,2.5,SPRING,STANDARD36826,S,2020-03-11,2020,3,2019-20,2019,Final_Report_2019_20.pdf,NWL
13-Mar-20,LAMMA,1,11.29,SPRING,STANDARD36826,P,2020-03-13,2020,3,2019-20,2019,Final_Report_2019_20.pdf,LM
13-Mar-20,LAMMA,2,65.96,SPRING,STANDARD36826,P,2020-03-13,2020,3,2019-20,2019,Final_Report_2019_20.pdf,LM
13-Mar-20,LAMMA,3,4.3,SPRING,STANDARD36826,P,2020-03-13,2020,3,2019-20,2019,Final_Report_2019_20.pdf,LM
13-Mar-20,LAMMA,1,3.96,SPRING,STANDARD36826,S,2020-03-13,2020,3,2019-20,2019,Final_Report_2019_20.pdf,LM
13-Mar-20,LAMMA,2,19.64,SPRING,STANDARD36826,S,2020-03-13,2020,3,2019-20,2019,Final_Report_2019_20.pdf,LM
18-Mar-20,DEEP BAY,1,4.75,SPRING,STANDARD36826,P,2020-03-18,2020,3,2019-20,2019,Final_Report_2019_20.pdf,DB
18-Mar-20,DEEP BAY,2,3.68,SPRING,STANDARD36826,P,2020-03-18,2020,3,2019-20,2019,Final_Report_2019_20.pdf,DB
18-Mar-20,DEEP BAY,3,1.3,SPRING,STANDARD36826,P,2020-03-18,2020,3,2019-20,2019,Final_Report_2019_20.pdf,DB
18-Mar-20,DEEP BAY,1,6.09,SPRING,STANDARD36826,S,2020-03-18,2020,3,2019-20,2019,Final_Report_2019_20.pdf,DB
18-Mar-20,DEEP BAY,2,0.68,SPRING,STANDARD36826,S,2020-03-18,2020,3,2019-20,2019,Final_Report_2019_20.pdf,DB
19-Mar-20,LAMMA,2,28.43,SPRING,STANDARD36826,P,2020-03-19,2020,3,2019-20,2019,Final_Report_2019_20.pdf,LM
19-Mar-20,LAMMA,3,0.8,SPRING,STANDARD36826,P,2020-03-19,2020,3,2019-20,2019,Final_Report_2019_20.pdf,LM
19-Mar-20,LAMMA,2,9.67,SPRING,STANDARD36826,S,2020-03-19,2020,3,2019-20,2019,Final_Report_2019_20.pdf,LM
19-Mar-20,PO TOI,2,19.0,SPRING,STANDARD36826,P,2020-03-19,2020,3,2019-20,2019,Final_Report_2019_20.pdf,PT
19-Mar-20,PO TOI,3,24.7,SPRING,STANDARD36826,P,2020-03-19,2020,3,2019-20,2019,Final_Report_2019_20.pdf,PT
19-Mar-20,PO TOI,1,1.8,SPRING,STANDARD36826,P,2020-03-19,2020,3,2019-20,2019,Final_Report_2019_20.pdf,PT
19-Mar-20,PO TOI,2,7.3,SPRING,STANDARD36826,S,2020-03-19,2020,3,2019-20,2019,Final_Report_2019_20.pdf,PT
19-Mar-20,PO TOI,3,6.3,SPRING,STANDARD36826,S,2020-03-19,2020,3,2019-20,2019,Final_Report_2019_20.pdf,PT
23-Mar-20,SE LANTAU,1,18.98,SPRING,STANDARD36826,P,2020-03-23,2020,3,2019-20,2019,Final_Report_2019_20.pdf,SEL
23-Mar-20,SE LANTAU,2,7.12,SPRING,STANDARD36826,P,2020-03-23,2020,3,2019-20,2019,Final_Report_2019_20.pdf,SEL
23-Mar-20,SE LANTAU,1,7.9,SPRING,STANDARD36826,S,2020-03-23,2020,3,2019-20,2019,Final_Report_2019_20.pdf,SEL
23-Mar-20,SE LANTAU,2,3.12,SPRING,STANDARD36826,S,2020-03-23,2020,3,2019-20,2019,Final_Report_2019_20.pdf,SEL
23-Mar-20,SW LANTAU,0,5.18,SPRING,STANDARD36826,P,2020-03-23,2020,3,2019-20,2019,Final_Report_2019_20.pdf,SWL
23-Mar-20,SW LANTAU,1,3.03,SPRING,STANDARD36826,P,2020-03-23,2020,3,2019-20,2019,Final_Report_2019_20.pdf,SWL
23-Mar-20,SW LANTAU,2,9.61,SPRING,STANDARD36826,P,2020-03-23,2020,3,2019-20,2019,Final_Report_2019_20.pdf,SWL
23-Mar-20,SW LANTAU,0,1.95,SPRING,STANDARD36826,S,2020-03-23,2020,3,2019-20,2019,Final_Report_2019_20.pdf,SWL
23-Mar-20,SW LANTAU,1,5.15,SPRING,STANDARD36826,S,2020-03-23,2020,3,2019-20,2019,Final_Report_2019_20.pdf,SWL
23-Mar-20,SW LANTAU,2,2.06,SPRING,STANDARD36826,S,2020-03-23,2020,3,2019-20,2019,Final_Report_2019_20.pdf,SWL
1-Apr-20,SW LANTAU,1,4.88,SPRING,STANDARD36826,P,2020-04-01,2020,4,2020-21,2020,Final_Report_2020-21.pdf,SWL
1-Apr-20,SW LANTAU,2,11.26,SPRING,STANDARD36826,P,2020-04-01,2020,4,2020-21,2020,Final_Report_2020-21.pdf,SWL
1-Apr-20,SW LANTAU,3,1.84,SPRING,STANDARD36826,P,2020-04-01,2020,4,2020-21,2020,Final_Report_2020-21.pdf,SWL
1-Apr-20,SW LANTAU,1,4.17,SPRING,STANDARD36826,S,2020-04-01,2020,4,2020-21,2020,Final_Report_2020-21.pdf,SWL
1-Apr-20,SW LANTAU,2,9.67,SPRING,STANDARD36826,S,2020-04-01,2020,4,2020-21,2020,Final_Report_2020-21.pdf,SWL
9-Apr-20,SE LANTAU,1,1.67,SPRING,STANDARD36826,P,2020-04-09,2020,4,2020-21,2020,Final_Report_2020-21.pdf,SEL
9-Apr-20,SE LANTAU,2,3.15,SPRING,STANDARD36826,P,2020-04-09,2020,4,2020-21,2020,Final_Report_2020-21.pdf,SEL
9-Apr-20,SE LANTAU,3,25.58,SPRING,STANDARD36826,P,2020-04-09,2020,4,2020-21,2020,Final_Report_2020-21.pdf,SEL
9-Apr-20,SE LANTAU,2,3.0,SPRING,STANDARD36826,S,2020-04-09,2020,4,2020-21,2020,Final_Report_2020-21.pdf,SEL
9-Apr-20,SE LANTAU,3,3.72,SPRING,STANDARD36826,S,2020-04-09,2020,4,2020-21,2020,Final_Report_2020-21.pdf,SEL
9-Apr-20,SW LANTAU,2,3.0,SPRING,STANDARD36826,P,2020-04-09,2020,4,2020-21,2020,Final_Report_2020-21.pdf,SWL
9-Apr-20,SW LANTAU,3,19.79,SPRING,STANDARD36826,P,2020-04-09,2020,4,2020-21,2020,Final_Report_2020-21.pdf,SWL
9-Apr-20,SW LANTAU,4,0.87,SPRING,STANDARD36826,P,2020-04-09,2020,4,2020-21,2020,Final_Report_2020-21.pdf,SWL
9-Apr-20,SW LANTAU,2,0.8,SPRING,STANDARD36826,S,2020-04-09,2020,4,2020-21,2020,Final_Report_2020-21.pdf,SWL
9-Apr-20,SW LANTAU,3,5.44,SPRING,STANDARD36826,S,2020-04-09,2020,4,2020-21,2020,Final_Report_2020-21.pdf,SWL
9-Apr-20,SW LANTAU,4,1.33,SPRING,STANDARD36826,S,2020-04-09,2020,4,2020-21,2020,Final_Report_2020-21.pdf,SWL
14-Apr-20,NE LANTAU,2,10.65,SPRING,STANDARD36826,P,2020-04-14,2020,4,2020-21,2020,Final_Report_2020-21.pdf,NEL
14-Apr-20,NE LANTAU,1,1.88,SPRING,STANDARD36826,S,2020-04-14,2020,4,2020-21,2020,Final_Report_2020-21.pdf,NEL
14-Apr-20,NE LANTAU,2,3.97,SPRING,STANDARD36826,S,2020-04-14,2020,4,2020-21,2020,Final_Report_2020-21.pdf,NEL
14-Apr-20,DEEP BAY,2,9.87,SPRING,STANDARD36826,P,2020-04-14,2020,4,2020-21,2020,Final_Report_2020-21.pdf,DB
14-Apr-20,DEEP BAY,1,2.02,SPRING,STANDARD36826,S,2020-04-14,2020,4,2020-21,2020,Final_Report_2020-21.pdf,DB
14-Apr-20,DEEP BAY,2,7.91,SPRING,STANDARD36826,S,2020-04-14,2020,4,2020-21,2020,Final_Report_2020-21.pdf,DB
16-Apr-20,LAMMA,1,18.15,SPRING,STANDARD36826,P,2020-04-16,2020,4,2020-21,2020,Final_Report_2020-21.pdf,LM
16-Apr-20,LAMMA,2,3.61,SPRING,STANDARD36826,P,2020-04-16,2020,4,2020-21,2020,Final_Report_2020-21.pdf,LM
16-Apr-20,LAMMA,1,3.2,SPRING,STANDARD36826,S,2020-04-16,2020,4,2020-21,2020,Final_Report_2020-21.pdf,LM
16-Apr-20,LAMMA,2,5.34,SPRING,STANDARD36826,S,2020-04-16,2020,4,2020-21,2020,Final_Report_2020-21.pdf,LM
16-Apr-20,PO TOI,1,22.27,SPRING,STANDARD36826,P,2020-04-16,2020,4,2020-21,2020,Final_Report_2020-21.pdf,PT
16-Apr-20,PO TOI,2,42.37,SPRING,STANDARD36826,P,2020-04-16,2020,4,2020-21,2020,Final_Report_2020-21.pdf,PT
16-Apr-20,PO TOI,3,3.8,SPRING,STANDARD36826,P,2020-04-16,2020,4,2020-21,2020,Final_Report_2020-21.pdf,PT
16-Apr-20,PO TOI,1,2.02,SPRING,STANDARD36826,S,2020-04-16,2020,4,2020-21,2020,Final_Report_2020-21.pdf,PT
16-Apr-20,PO TOI,2,9.04,SPRING,STANDARD36826,S,2020-04-16,2020,4,2020-21,2020,Final_Report_2020-21.pdf,PT
17-Apr-20,SE LANTAU,2,25.95,SPRING,STANDARD36826,P,2020-04-17,2020,4,2020-21,2020,Final_Report_2020-21.pdf,SEL
17-Apr-20,SE LANTAU,3,1.34,SPRING,STANDARD36826,P,2020-04-17,2020,4,2020-21,2020,Final_Report_2020-21.pdf,SEL
17-Apr-20,SE LANTAU,2,9.85,SPRING,STANDARD36826,S,2020-04-17,2020,4,2020-21,2020,Final_Report_2020-21.pdf,SEL
20-Apr-20,LAMMA,1,24.47,SPRING,STANDARD36826,P,2020-04-20,2020,4,2020-21,2020,Final_Report_2020-21.pdf,LM
20-Apr-20,LAMMA,2,15.0,SPRING,STANDARD36826,P,2020-04-20,2020,4,2020-21,2020,Final_Report_2020-21.pdf,LM
20-Apr-20,LAMMA,1,5.23,SPRING,STANDARD36826,S,2020-04-20,2020,4,2020-21,2020,Final_Report_2020-21.pdf,LM
20-Apr-20,LAMMA,2,4.1,SPRING,STANDARD36826,S,2020-04-20,2020,4,2020-21,2020,Final_Report_2020-21.pdf,LM
20-Apr-20,SE LANTAU,1,2.35,SPRING,STANDARD36826,P,2020-04-20,2020,4,2020-21,2020,Final_Report_2020-21.pdf,SEL
20-Apr-20,SE LANTAU,2,27.32,SPRING,STANDARD36826,P,2020-04-20,2020,4,2020-21,2020,Final_Report_2020-21.pdf,SEL
20-Apr-20,SE LANTAU,1,2.1,SPRING,STANDARD36826,S,2020-04-20,2020,4,2020-21,2020,Final_Report_2020-21.pdf,SEL
20-Apr-20,SE LANTAU,2,4.55,SPRING,STANDARD36826,S,2020-04-20,2020,4,2020-21,2020,Final_Report_2020-21.pdf,SEL
21-Apr-20,W LANTAU,2,0.95,SPRING,STANDARD36826,P,2020-04-21,2020,4,2020-21,2020,Final_Report_2020-21.pdf,WL
21-Apr-20,W LANTAU,3,5.07,SPRING,STANDARD36826,P,2020-04-21,2020,4,2020-21,2020,Final_Report_2020-21.pdf,WL
21-Apr-20,W LANTAU,2,2.92,SPRING,STANDARD36826,S,2020-04-21,2020,4,2020-21,2020,Final_Report_2020-21.pdf,WL
21-Apr-20,W LANTAU,3,7.23,SPRING,STANDARD36826,S,2020-04-21,2020,4,2020-21,2020,Final_Report_2020-21.pdf,WL
27-Apr-20,W LANTAU,1,4.31,SPRING,STANDARD36826,S,2020-04-27,2020,4,2020-21,2020,Final_Report_2020-21.pdf,WL
27-Apr-20,W LANTAU,2,5.53,SPRING,STANDARD36826,S,2020-04-27,2020,4,2020-21,2020,Final_Report_2020-21.pdf,WL
27-Apr-20,SW LANTAU,2,8.79,SPRING,STANDARD36826,P,2020-04-27,2020,4,2020-21,2020,Final_Report_2020-21.pdf,SWL
27-Apr-20,SW LANTAU,3,19.43,SPRING,STANDARD36826,P,2020-04-27,2020,4,2020-21,2020,Final_Report_2020-21.pdf,SWL
27-Apr-20,SW LANTAU,2,4.35,SPRING,STANDARD36826,S,2020-04-27,2020,4,2020-21,2020,Final_Report_2020-21.pdf,SWL
27-Apr-20,SW LANTAU,3,7.5,SPRING,STANDARD36826,S,2020-04-27,2020,4,2020-21,2020,Final_Report_2020-21.pdf,SWL
27-Apr-20,SE LANTAU,2,2.2,SPRING,STANDARD36826,P,2020-04-27,2020,4,2020-21,2020,Final_Report_2020-21.pdf,SEL
27-Apr-20,SE LANTAU,3,13.85,SPRING,STANDARD36826,P,2020-04-27,2020,4,2020-21,2020,Final_Report_2020-21.pdf,SEL
27-Apr-20,SE LANTAU,3,7.05,SPRING,STANDARD36826,S,2020-04-27,2020,4,2020-21,2020,Final_Report_2020-21.pdf,SEL
28-Apr-20,NW LANTAU,1,2.0,SPRING,STANDARD36826,P,2020-04-28,2020,4,2020-21,2020,Final_Report_2020-21.pdf,NWL
28-Apr-20,NW LANTAU,2,15.0,SPRING,STANDARD36826,P,2020-04-28,2020,4,2020-21,2020,Final_Report_2020-21.pdf,NWL
28-Apr-20,NW LANTAU,3,7.7,SPRING,STANDARD36826,P,2020-04-28,2020,4,2020-21,2020,Final_Report_2020-21.pdf,NWL
28-Apr-20,NW LANTAU,1,2.5,SPRING,STANDARD36826,S,2020-04-28,2020,4,2020-21,2020,Final_Report_2020-21.pdf,NWL
28-Apr-20,NW LANTAU,2,4.3,SPRING,STANDARD36826,S,2020-04-28,2020,4,2020-21,2020,Final_Report_2020-21.pdf,NWL
28-Apr-20,NW LANTAU,3,2.6,SPRING,STANDARD36826,S,2020-04-28,2020,4,2020-21,2020,Final_Report_2020-21.pdf,NWL
28-Apr-20,W LANTAU,2,3.71,SPRING,STANDARD36826,P,2020-04-28,2020,4,2020-21,2020,Final_Report_2020-21.pdf,WL
28-Apr-20,W LANTAU,3,7.51,SPRING,STANDARD36826,P,2020-04-28,2020,4,2020-21,2020,Final_Report_2020-21.pdf,WL
28-Apr-20,W LANTAU,4,5.9,SPRING,STANDARD36826,P,2020-04-28,2020,4,2020-21,2020,Final_Report_2020-21.pdf,WL
28-Apr-20,W LANTAU,2,3.54,SPRING,STANDARD36826,S,2020-04-28,2020,4,2020-21,2020,Final_Report_2020-21.pdf,WL
28-Apr-20,W LANTAU,3,4.56,SPRING,STANDARD36826,S,2020-04-28,2020,4,2020-21,2020,Final_Report_2020-21.pdf,WL
28-Apr-20,W LANTAU,4,2.29,SPRING,STANDARD36826,S,2020-04-28,2020,4,2020-21,2020,Final_Report_2020-21.pdf,WL
4-May-20,LAMMA,1,10.66,SPRING,STANDARD36826,P,2020-05-04,2020,5,2020-21,2020,Final_Report_2020-21.pdf,LM
4-May-20,LAMMA,2,28.48,SPRING,STANDARD36826,P,2020-05-04,2020,5,2020-21,2020,Final_Report_2020-21.pdf,LM
4-May-20,LAMMA,3,31.7,SPRING,STANDARD36826,P,2020-05-04,2020,5,2020-21,2020,Final_Report_2020-21.pdf,LM
4-May-20,LAMMA,1,4.86,SPRING,STANDARD36826,S,2020-05-04,2020,5,2020-21,2020,Final_Report_2020-21.pdf,LM
4-May-20,LAMMA,2,3.02,SPRING,STANDARD36826,S,2020-05-04,2020,5,2020-21,2020,Final_Report_2020-21.pdf,LM
4-May-20,LAMMA,3,16.58,SPRING,STANDARD36826,S,2020-05-04,2020,5,2020-21,2020,Final_Report_2020-21.pdf,LM
6-May-20,SW LANTAU,2,6.6,SPRING,STANDARD36826,P,2020-05-06,2020,5,2020-21,2020,Final_Report_2020-21.pdf,SWL
6-May-20,SW LANTAU,3,5.89,SPRING,STANDARD36826,P,2020-05-06,2020,5,2020-21,2020,Final_Report_2020-21.pdf,SWL
6-May-20,SW LANTAU,2,3.56,SPRING,STANDARD36826,S,2020-05-06,2020,5,2020-21,2020,Final_Report_2020-21.pdf,SWL
6-May-20,SW LANTAU,3,1.11,SPRING,STANDARD36826,S,2020-05-06,2020,5,2020-21,2020,Final_Report_2020-21.pdf,SWL
8-May-20,SE LANTAU,1,4.4,SPRING,STANDARD36826,P,2020-05-08,2020,5,2020-21,2020,Final_Report_2020-21.pdf,SEL
8-May-20,SE LANTAU,2,20.29,SPRING,STANDARD36826,P,2020-05-08,2020,5,2020-21,2020,Final_Report_2020-21.pdf,SEL
8-May-20,SE LANTAU,3,4.0,SPRING,STANDARD36826,P,2020-05-08,2020,5,2020-21,2020,Final_Report_2020-21.pdf,SEL
8-May-20,SE LANTAU,1,1.0,SPRING,STANDARD36826,S,2020-05-08,2020,5,2020-21,2020,Final_Report_2020-21.pdf,SEL
8-May-20,SE LANTAU,2,4.81,SPRING,STANDARD36826,S,2020-05-08,2020,5,2020-21,2020,Final_Report_2020-21.pdf,SEL
8-May-20,SE LANTAU,3,2.1,SPRING,STANDARD36826,S,2020-05-08,2020,5,2020-21,2020,Final_Report_2020-21.pdf,SEL
8-May-20,SW LANTAU,1,1.73,SPRING,STANDARD36826,P,2020-05-08,2020,5,2020-21,2020,Final_Report_2020-21.pdf,SWL
8-May-20,SW LANTAU,2,17.96,SPRING,STANDARD36826,P,2020-05-08,2020,5,2020-21,2020,Final_Report_2020-21.pdf,SWL
8-May-20,SW LANTAU,3,2.95,SPRING,STANDARD36826,P,2020-05-08,2020,5,2020-21,2020,Final_Report_2020-21.pdf,SWL
8-May-20,SW LANTAU,2,5.26,SPRING,STANDARD36826,S,2020-05-08,2020,5,2020-21,2020,Final_Report_2020-21.pdf,SWL
8-May-20,SW LANTAU,3,2.4,SPRING,STANDARD36826,S,2020-05-08,2020,5,2020-21,2020,Final_Report_2020-21.pdf,SWL
11-May-20,PO TOI,1,23.52,SPRING,STANDARD36826,P,2020-05-11,2020,5,2020-21,2020,Final_Report_2020-21.pdf,PT
11-May-20,PO TOI,2,61.58,SPRING,STANDARD36826,P,2020-05-11,2020,5,2020-21,2020,Final_Report_2020-21.pdf,PT
11-May-20,PO TOI,2,10.1,SPRING,STANDARD36826,S,2020-05-11,2020,5,2020-21,2020,Final_Report_2020-21.pdf,PT
12-May-20,DEEP BAY,2,5.17,SPRING,STANDARD36826,P,2020-05-12,2020,5,2020-21,2020,Final_Report_2020-21.pdf,DB
12-May-20,DEEP BAY,3,5.1,SPRING,STANDARD36826,P,2020-05-12,2020,5,2020-21,2020,Final_Report_2020-21.pdf,DB
12-May-20,DEEP BAY,2,6.83,SPRING,STANDARD36826,S,2020-05-12,2020,5,2020-21,2020,Final_Report_2020-21.pdf,DB
12-May-20,DEEP BAY,3,3.1,SPRING,STANDARD36826,S,2020-05-12,2020,5,2020-21,2020,Final_Report_2020-21.pdf,DB
12-May-20,NE LANTAU,2,16.14,SPRING,STANDARD36826,P,2020-05-12,2020,5,2020-21,2020,Final_Report_2020-21.pdf,NEL
12-May-20,NE LANTAU,2,6.16,SPRING,STANDARD36826,S,2020-05-12,2020,5,2020-21,2020,Final_Report_2020-21.pdf,NEL
13-May-20,W LANTAU,1,8.65,SPRING,STANDARD36826,P,2020-05-13,2020,5,2020-21,2020,Final_Report_2020-21.pdf,WL
13-May-20,W LANTAU,2,7.3,SPRING,STANDARD36826,P,2020-05-13,2020,5,2020-21,2020,Final_Report_2020-21.pdf,WL
13-May-20,W LANTAU,3,5.75,SPRING,STANDARD36826,P,2020-05-13,2020,5,2020-21,2020,Final_Report_2020-21.pdf,WL
13-May-20,W LANTAU,4,1.48,SPRING,STANDARD36826,P,2020-05-13,2020,5,2020-21,2020,Final_Report_2020-21.pdf,WL
13-May-20,W LANTAU,1,5.22,SPRING,STANDARD36826,S,2020-05-13,2020,5,2020-21,2020,Final_Report_2020-21.pdf,WL
13-May-20,W LANTAU,2,2.08,SPRING,STANDARD36826,S,2020-05-13,2020,5,2020-21,2020,Final_Report_2020-21.pdf,WL
13-May-20,W LANTAU,3,3.13,SPRING,STANDARD36826,S,2020-05-13,2020,5,2020-21,2020,Final_Report_2020-21.pdf,WL
13-May-20,W LANTAU,4,1.28,SPRING,STANDARD36826,S,2020-05-13,2020,5,2020-21,2020,Final_Report_2020-21.pdf,WL
13-May-20,SW LANTAU,3,12.87,SPRING,STANDARD36826,P,2020-05-13,2020,5,2020-21,2020,Final_Report_2020-21.pdf,SWL
13-May-20,SW LANTAU,4,1.3,SPRING,STANDARD36826,P,2020-05-13,2020,5,2020-21,2020,Final_Report_2020-21.pdf,SWL
13-May-20,SW LANTAU,2,0.97,SPRING,STANDARD36826,S,2020-05-13,2020,5,2020-21,2020,Final_Report_2020-21.pdf,SWL
13-May-20,SW LANTAU,3,2.81,SPRING,STANDARD36826,S,2020-05-13,2020,5,2020-21,2020,Final_Report_2020-21.pdf,SWL
13-May-20,SW LANTAU,4,9.35,SPRING,STANDARD36826,S,2020-05-13,2020,5,2020-21,2020,Final_Report_2020-21.pdf,SWL
20-May-20,SE LANTAU,2,2.0,SPRING,STANDARD36826,P,2020-05-20,2020,5,2020-21,2020,Final_Report_2020-21.pdf,SEL
20-May-20,SE LANTAU,3,7.71,SPRING,STANDARD36826,P,2020-05-20,2020,5,2020-21,2020,Final_Report_2020-21.pdf,SEL
20-May-20,SE LANTAU,2,6.43,SPRING,STANDARD36826,S,2020-05-20,2020,5,2020-21,2020,Final_Report_2020-21.pdf,SEL
20-May-20,SE LANTAU,3,1.59,SPRING,STANDARD36826,S,2020-05-20,2020,5,2020-21,2020,Final_Report_2020-21.pdf,SEL
20-May-20,SE LANTAU,4,3.27,SPRING,STANDARD36826,S,2020-05-20,2020,5,2020-21,2020,Final_Report_2020-21.pdf,SEL
28-May-20,LAMMA,2,24.42,SPRING,STANDARD36826,P,2020-05-28,2020,5,2020-21,2020,Final_Report_2020-21.pdf,LM
28-May-20,LAMMA,3,14.4,SPRING,STANDARD36826,P,2020-05-28,2020,5,2020-21,2020,Final_Report_2020-21.pdf,LM
28-May-20,LAMMA,2,7.23,SPRING,STANDARD36826,S,2020-05-28,2020,5,2020-21,2020,Final_Report_2020-21.pdf,LM
28-May-20,LAMMA,3,2.0,SPRING,STANDARD36826,S,2020-05-28,2020,5,2020-21,2020,Final_Report_2020-21.pdf,LM
28-May-20,SE LANTAU,2,25.83,SPRING,STANDARD36826,P,2020-05-28,2020,5,2020-21,2020,Final_Report_2020-21.pdf,SEL
28-May-20,SE LANTAU,3,4.55,SPRING,STANDARD36826,P,2020-05-28,2020,5,2020-21,2020,Final_Report_2020-21.pdf,SEL
28-May-20,SE LANTAU,1,1.35,SPRING,STANDARD36826,S,2020-05-28,2020,5,2020-21,2020,Final_Report_2020-21.pdf,SEL
28-May-20,SE LANTAU,2,4.67,SPRING,STANDARD36826,S,2020-05-28,2020,5,2020-21,2020,Final_Report_2020-21.pdf,SEL
2-Jun-20,SW LANTAU,2,13.49,SUMMER,STANDARD36826,P,2020-06-02,2020,6,2020-21,2020,Final_Report_2020-21.pdf,SWL
2-Jun-20,SW LANTAU,3,1.32,SUMMER,STANDARD36826,P,2020-06-02,2020,6,2020-21,2020,Final_Report_2020-21.pdf,SWL
2-Jun-20,SW LANTAU,2,5.03,SUMMER,STANDARD36826,S,2020-06-02,2020,6,2020-21,2020,Final_Report_2020-21.pdf,SWL
2-Jun-20,SW LANTAU,3,2.22,SUMMER,STANDARD36826,S,2020-06-02,2020,6,2020-21,2020,Final_Report_2020-21.pdf,SWL
3-Jun-20,SE LANTAU,2,3.92,SUMMER,STANDARD36826,P,2020-06-03,2020,6,2020-21,2020,Final_Report_2020-21.pdf,SEL
3-Jun-20,SE LANTAU,3,21.87,SUMMER,STANDARD36826,P,2020-06-03,2020,6,2020-21,2020,Final_Report_2020-21.pdf,SEL
3-Jun-20,SE LANTAU,3,11.1,SUMMER,STANDARD36826,S,2020-06-03,2020,6,2020-21,2020,Final_Report_2020-21.pdf,SEL
3-Jun-20,SW LANTAU,2,3.37,SUMMER,STANDARD36826,P,2020-06-03,2020,6,2020-21,2020,Final_Report_2020-21.pdf,SWL
3-Jun-20,SW LANTAU,3,12.28,SUMMER,STANDARD36826,P,2020-06-03,2020,6,2020-21,2020,Final_Report_2020-21.pdf,SWL
3-Jun-20,SW LANTAU,2,3.3,SUMMER,STANDARD36826,S,2020-06-03,2020,6,2020-21,2020,Final_Report_2020-21.pdf,SWL
3-Jun-20,SW LANTAU,3,8.55,SUMMER,STANDARD36826,S,2020-06-03,2020,6,2020-21,2020,Final_Report_2020-21.pdf,SWL
9-Jun-20,NE LANTAU,2,35.73,SUMMER,STANDARD36826,P,2020-06-09,2020,6,2020-21,2020,Final_Report_2020-21.pdf,NEL
9-Jun-20,NE LANTAU,2,11.47,SUMMER,STANDARD36826,S,2020-06-09,2020,6,2020-21,2020,Final_Report_2020-21.pdf,NEL
9-Jun-20,NE LANTAU,3,0.8,SUMMER,STANDARD36826,S,2020-06-09,2020,6,2020-21,2020,Final_Report_2020-21.pdf,NEL
10-Jun-20,NW LANTAU,2,9.69,SUMMER,STANDARD36826,P,2020-06-10,2020,6,2020-21,2020,Final_Report_2020-21.pdf,NWL
10-Jun-20,NW LANTAU,3,14.8,SUMMER,STANDARD36826,P,2020-06-10,2020,6,2020-21,2020,Final_Report_2020-21.pdf,NWL
10-Jun-20,NW LANTAU,2,4.41,SUMMER,STANDARD36826,S,2020-06-10,2020,6,2020-21,2020,Final_Report_2020-21.pdf,NWL
10-Jun-20,NW LANTAU,3,6.8,SUMMER,STANDARD36826,S,2020-06-10,2020,6,2020-21,2020,Final_Report_2020-21.pdf,NWL
10-Jun-20,W LANTAU,2,2.15,SUMMER,STANDARD36826,P,2020-06-10,2020,6,2020-21,2020,Final_Report_2020-21.pdf,WL
10-Jun-20,W LANTAU,3,14.69,SUMMER,STANDARD36826,P,2020-06-10,2020,6,2020-21,2020,Final_Report_2020-21.pdf,WL
10-Jun-20,W LANTAU,2,1.1,SUMMER,STANDARD36826,S,2020-06-10,2020,6,2020-21,2020,Final_Report_2020-21.pdf,WL
10-Jun-20,W LANTAU,3,8.33,SUMMER,STANDARD36826,S,2020-06-10,2020,6,2020-21,2020,Final_Report_2020-21.pdf,WL
16-Jun-20,DEEP BAY,2,1.7,SUMMER,STANDARD36826,P,2020-06-16,2020,6,2020-21,2020,Final_Report_2020-21.pdf,DB
16-Jun-20,DEEP BAY,3,8.33,SUMMER,STANDARD36826,P,2020-06-16,2020,6,2020-21,2020,Final_Report_2020-21.pdf,DB
16-Jun-20,DEEP BAY,2,1.2,SUMMER,STANDARD36826,S,2020-06-16,2020,6,2020-21,2020,Final_Report_2020-21.pdf,DB
16-Jun-20,DEEP BAY,3,8.14,SUMMER,STANDARD36826,S,2020-06-16,2020,6,2020-21,2020,Final_Report_2020-21.pdf,DB
16-Jun-20,NE LANTAU,2,7.03,SUMMER,STANDARD36826,P,2020-06-16,2020,6,2020-21,2020,Final_Report_2020-21.pdf,NEL
16-Jun-20,NE LANTAU,2,10.77,SUMMER,STANDARD36826,S,2020-06-16,2020,6,2020-21,2020,Final_Report_2020-21.pdf,NEL
17-Jun-20,SE LANTAU,3,3.19,SUMMER,STANDARD36826,P,2020-06-17,2020,6,2020-21,2020,Final_Report_2020-21.pdf,SEL
17-Jun-20,SW LANTAU,2,2.4,SUMMER,STANDARD36826,P,2020-06-17,2020,6,2020-21,2020,Final_Report_2020-21.pdf,SWL
17-Jun-20,SW LANTAU,3,20.44,SUMMER,STANDARD36826,P,2020-06-17,2020,6,2020-21,2020,Final_Report_2020-21.pdf,SWL
17-Jun-20,SW LANTAU,2,0.95,SUMMER,STANDARD36826,S,2020-06-17,2020,6,2020-21,2020,Final_Report_2020-21.pdf,SWL
17-Jun-20,SW LANTAU,3,8.01,SUMMER,STANDARD36826,S,2020-06-17,2020,6,2020-21,2020,Final_Report_2020-21.pdf,SWL
17-Jun-20,W LANTAU,2,1.85,SUMMER,STANDARD36826,S,2020-06-17,2020,6,2020-21,2020,Final_Report_2020-21.pdf,WL
17-Jun-20,W LANTAU,3,7.09,SUMMER,STANDARD36826,S,2020-06-17,2020,6,2020-21,2020,Final_Report_2020-21.pdf,WL
22-Jun-20,SE LANTAU,2,14.83,SUMMER,STANDARD36826,P,2020-06-22,2020,6,2020-21,2020,Final_Report_2020-21.pdf,SEL
22-Jun-20,SE LANTAU,3,11.0,SUMMER,STANDARD36826,P,2020-06-22,2020,6,2020-21,2020,Final_Report_2020-21.pdf,SEL
22-Jun-20,SE LANTAU,2,3.3,SUMMER,STANDARD36826,S,2020-06-22,2020,6,2020-21,2020,Final_Report_2020-21.pdf,SEL
22-Jun-20,SE LANTAU,3,3.67,SUMMER,STANDARD36826,S,2020-06-22,2020,6,2020-21,2020,Final_Report_2020-21.pdf,SEL
23-Jun-20,W LANTAU,3,9.5,SUMMER,STANDARD36826,S,2020-06-23,2020,6,2020-21,2020,Final_Report_2020-21.pdf,WL
23-Jun-20,SW LANTAU,2,16.9,SUMMER,STANDARD36826,P,2020-06-23,2020,6,2020-21,2020,Final_Report_2020-21.pdf,SWL
23-Jun-20,SW LANTAU,3,8.25,SUMMER,STANDARD36826,P,2020-06-23,2020,6,2020-21,2020,Final_Report_2020-21.pdf,SWL
23-Jun-20,SW LANTAU,2,3.24,SUMMER,STANDARD36826,S,2020-06-23,2020,6,2020-21,2020,Final_Report_2020-21.pdf,SWL
23-Jun-20,SW LANTAU,3,7.85,SUMMER,STANDARD36826,S,2020-06-23,2020,6,2020-21,2020,Final_Report_2020-21.pdf,SWL
23-Jun-20,SE LANTAU,2,14.31,SUMMER,STANDARD36826,P,2020-06-23,2020,6,2020-21,2020,Final_Report_2020-21.pdf,SEL
23-Jun-20,SE LANTAU,2,2.99,SUMMER,STANDARD36826,S,2020-06-23,2020,6,2020-21,2020,Final_Report_2020-21.pdf,SEL
29-Jun-20,PO TOI,0,8.17,SUMMER,STANDARD36826,P,2020-06-29,2020,6,2020-21,2020,Final_Report_2020-21.pdf,PT
29-Jun-20,PO TOI,1,35.59,SUMMER,STANDARD36826,P,2020-06-29,2020,6,2020-21,2020,Final_Report_2020-21.pdf,PT
29-Jun-20,PO TOI,2,43.49,SUMMER,STANDARD36826,P,2020-06-29,2020,6,2020-21,2020,Final_Report_2020-21.pdf,PT
29-Jun-20,PO TOI,0,2.05,SUMMER,STANDARD36826,S,2020-06-29,2020,6,2020-21,2020,Final_Report_2020-21.pdf,PT
29-Jun-20,PO TOI,1,4.3,SUMMER,STANDARD36826,S,2020-06-29,2020,6,2020-21,2020,Final_Report_2020-21.pdf,PT
29-Jun-20,PO TOI,2,5.1,SUMMER,STANDARD36826,S,2020-06-29,2020,6,2020-21,2020,Final_Report_2020-21.pdf,PT
6-Jul-20,SW LANTAU,2,12.66,SUMMER,STANDARD36826,P,2020-07-06,2020,7,2020-21,2020,Final_Report_2020-21.pdf,SWL
6-Jul-20,SW LANTAU,3,7.64,SUMMER,STANDARD36826,P,2020-07-06,2020,7,2020-21,2020,Final_Report_2020-21.pdf,SWL
6-Jul-20,SW LANTAU,2,7.07,SUMMER,STANDARD36826,S,2020-07-06,2020,7,2020-21,2020,Final_Report_2020-21.pdf,SWL
6-Jul-20,SW LANTAU,3,6.08,SUMMER,STANDARD36826,S,2020-07-06,2020,7,2020-21,2020,Final_Report_2020-21.pdf,SWL
7-Jul-20,DEEP BAY,2,5.39,SUMMER,STANDARD36826,P,2020-07-07,2020,7,2020-21,2020,Final_Report_2020-21.pdf,DB
7-Jul-20,DEEP BAY,3,4.2,SUMMER,STANDARD36826,P,2020-07-07,2020,7,2020-21,2020,Final_Report_2020-21.pdf,DB
7-Jul-20,DEEP BAY,2,6.81,SUMMER,STANDARD36826,S,2020-07-07,2020,7,2020-21,2020,Final_Report_2020-21.pdf,DB
7-Jul-20,DEEP BAY,3,2.9,SUMMER,STANDARD36826,S,2020-07-07,2020,7,2020-21,2020,Final_Report_2020-21.pdf,DB
7-Jul-20,NE LANTAU,2,17.82,SUMMER,STANDARD36826,P,2020-07-07,2020,7,2020-21,2020,Final_Report_2020-21.pdf,NEL
7-Jul-20,NE LANTAU,2,8.58,SUMMER,STANDARD36826,S,2020-07-07,2020,7,2020-21,2020,Final_Report_2020-21.pdf,NEL
8-Jul-20,SE LANTAU,2,1.65,SUMMER,STANDARD36826,P,2020-07-08,2020,7,2020-21,2020,Final_Report_2020-21.pdf,SEL
8-Jul-20,SE LANTAU,3,24.28,SUMMER,STANDARD36826,P,2020-07-08,2020,7,2020-21,2020,Final_Report_2020-21.pdf,SEL
8-Jul-20,SE LANTAU,4,1.4,SUMMER,STANDARD36826,P,2020-07-08,2020,7,2020-21,2020,Final_Report_2020-21.pdf,SEL
8-Jul-20,SE LANTAU,3,11.25,SUMMER,STANDARD36826,S,2020-07-08,2020,7,2020-21,2020,Final_Report_2020-21.pdf,SEL
8-Jul-20,SW LANTAU,2,2.02,SUMMER,STANDARD36826,P,2020-07-08,2020,7,2020-21,2020,Final_Report_2020-21.pdf,SWL
8-Jul-20,SW LANTAU,3,13.0,SUMMER,STANDARD36826,P,2020-07-08,2020,7,2020-21,2020,Final_Report_2020-21.pdf,SWL
8-Jul-20,SW LANTAU,2,1.16,SUMMER,STANDARD36826,S,2020-07-08,2020,7,2020-21,2020,Final_Report_2020-21.pdf,SWL
8-Jul-20,SW LANTAU,3,2.37,SUMMER,STANDARD36826,S,2020-07-08,2020,7,2020-21,2020,Final_Report_2020-21.pdf,SWL
8-Jul-20,SW LANTAU,4,1.73,SUMMER,STANDARD36826,S,2020-07-08,2020,7,2020-21,2020,Final_Report_2020-21.pdf,SWL
13-Jul-20,SW LANTAU,2,1.53,SUMMER,STANDARD36826,P,2020-07-13,2020,7,2020-21,2020,Final_Report_2020-21.pdf,SWL
13-Jul-20,SW LANTAU,2,10.08,SUMMER,STANDARD36826,S,2020-07-13,2020,7,2020-21,2020,Final_Report_2020-21.pdf,SWL
14-Jul-20,SAI KUNG,0,9.37,SUMMER,STANDARD36826,P,2020-07-14,2020,7,2020-21,2020,Final_Report_2020-21.pdf,SK
14-Jul-20,SAI KUNG,1,14.48,SUMMER,STANDARD36826,P,2020-07-14,2020,7,2020-21,2020,Final_Report_2020-21.pdf,SK
14-Jul-20,SAI KUNG,2,6.8,SUMMER,STANDARD36826,P,2020-07-14,2020,7,2020-21,2020,Final_Report_2020-21.pdf,SK
14-Jul-20,SAI KUNG,3,27.1,SUMMER,STANDARD36826,P,2020-07-14,2020,7,2020-21,2020,Final_Report_2020-21.pdf,SK
14-Jul-20,SAI KUNG,0,1.97,SUMMER,STANDARD36826,S,2020-07-14,2020,7,2020-21,2020,Final_Report_2020-21.pdf,SK
14-Jul-20,SAI KUNG,2,10.1,SUMMER,STANDARD36826,S,2020-07-14,2020,7,2020-21,2020,Final_Report_2020-21.pdf,SK
14-Jul-20,SAI KUNG,3,3.3,SUMMER,STANDARD36826,S,2020-07-14,2020,7,2020-21,2020,Final_Report_2020-21.pdf,SK
20-Jul-20,W LANTAU,2,3.93,SUMMER,STANDARD36826,P,2020-07-20,2020,7,2020-21,2020,Final_Report_2020-21.pdf,WL
20-Jul-20,W LANTAU,3,3.82,SUMMER,STANDARD36826,P,2020-07-20,2020,7,2020-21,2020,Final_Report_2020-21.pdf,WL
20-Jul-20,W LANTAU,2,2.77,SUMMER,STANDARD36826,S,2020-07-20,2020,7,2020-21,2020,Final_Report_2020-21.pdf,WL
20-Jul-20,W LANTAU,3,4.54,SUMMER,STANDARD36826,S,2020-07-20,2020,7,2020-21,2020,Final_Report_2020-21.pdf,WL
21-Jul-20,PO TOI,1,5.5,SUMMER,STANDARD36826,P,2020-07-21,2020,7,2020-21,2020,Final_Report_2020-21.pdf,PT
21-Jul-20,PO TOI,2,65.6,SUMMER,STANDARD36826,P,2020-07-21,2020,7,2020-21,2020,Final_Report_2020-21.pdf,PT
21-Jul-20,PO TOI,3,11.9,SUMMER,STANDARD36826,P,2020-07-21,2020,7,2020-21,2020,Final_Report_2020-21.pdf,PT
21-Jul-20,PO TOI,1,1.8,SUMMER,STANDARD36826,S,2020-07-21,2020,7,2020-21,2020,Final_Report_2020-21.pdf,PT
21-Jul-20,PO TOI,2,8.7,SUMMER,STANDARD36826,S,2020-07-21,2020,7,2020-21,2020,Final_Report_2020-21.pdf,PT
21-Jul-20,PO TOI,3,2.0,SUMMER,STANDARD36826,S,2020-07-21,2020,7,2020-21,2020,Final_Report_2020-21.pdf,PT
23-Jul-20,NINEPINS,1,35.24,SUMMER,STANDARD36826,P,2020-07-23,2020,7,2020-21,2020,Final_Report_2020-21.pdf,NP
23-Jul-20,NINEPINS,2,35.26,SUMMER,STANDARD36826,P,2020-07-23,2020,7,2020-21,2020,Final_Report_2020-21.pdf,NP
23-Jul-20,NINEPINS,1,2.2,SUMMER,STANDARD36826,S,2020-07-23,2020,7,2020-21,2020,Final_Report_2020-21.pdf,NP
23-Jul-20,NINEPINS,2,6.0,SUMMER,STANDARD36826,S,2020-07-23,2020,7,2020-21,2020,Final_Report_2020-21.pdf,NP
27-Jul-20,SE LANTAU,1,18.46,SUMMER,STANDARD36826,P,2020-07-27,2020,7,2020-21,2020,Final_Report_2020-21.pdf,SEL
27-Jul-20,SE LANTAU,2,11.95,SUMMER,STANDARD36826,P,2020-07-27,2020,7,2020-21,2020,Final_Report_2020-21.pdf,SEL
27-Jul-20,SE LANTAU,1,6.29,SUMMER,STANDARD36826,S,2020-07-27,2020,7,2020-21,2020,Final_Report_2020-21.pdf,SEL
27-Jul-20,SE LANTAU,2,1.0,SUMMER,STANDARD36826,S,2020-07-27,2020,7,2020-21,2020,Final_Report_2020-21.pdf,SEL
27-Jul-20,SW LANTAU,1,5.59,SUMMER,STANDARD36826,P,2020-07-27,2020,7,2020-21,2020,Final_Report_2020-21.pdf,SWL
27-Jul-20,SW LANTAU,2,12.43,SUMMER,STANDARD36826,P,2020-07-27,2020,7,2020-21,2020,Final_Report_2020-21.pdf,SWL
27-Jul-20,SW LANTAU,3,3.5,SUMMER,STANDARD36826,P,2020-07-27,2020,7,2020-21,2020,Final_Report_2020-21.pdf,SWL
27-Jul-20,SW LANTAU,2,5.05,SUMMER,STANDARD36826,S,2020-07-27,2020,7,2020-21,2020,Final_Report_2020-21.pdf,SWL
27-Jul-20,SW LANTAU,3,6.03,SUMMER,STANDARD36826,S,2020-07-27,2020,7,2020-21,2020,Final_Report_2020-21.pdf,SWL
28-Jul-20,NINEPINS,1,12.9,SUMMER,STANDARD36826,P,2020-07-28,2020,7,2020-21,2020,Final_Report_2020-21.pdf,NP
28-Jul-20,NINEPINS,2,32.1,SUMMER,STANDARD36826,P,2020-07-28,2020,7,2020-21,2020,Final_Report_2020-21.pdf,NP
28-Jul-20,NINEPINS,2,2.0,SUMMER,STANDARD36826,S,2020-07-28,2020,7,2020-21,2020,Final_Report_2020-21.pdf,NP
28-Jul-20,PO TOI,2,28.24,SUMMER,STANDARD36826,P,2020-07-28,2020,7,2020-21,2020,Final_Report_2020-21.pdf,PT
28-Jul-20,PO TOI,2,4.5,SUMMER,STANDARD36826,S,2020-07-28,2020,7,2020-21,2020,Final_Report_2020-21.pdf,PT
29-Jul-20,NW LANTAU,1,15.68,SUMMER,STANDARD36826,P,2020-07-29,2020,7,2020-21,2020,Final_Report_2020-21.pdf,NWL
29-Jul-20,NW LANTAU,2,7.44,SUMMER,STANDARD36826,P,2020-07-29,2020,7,2020-21,2020,Final_Report_2020-21.pdf,NWL
29-Jul-20,NW LANTAU,1,7.38,SUMMER,STANDARD36826,S,2020-07-29,2020,7,2020-21,2020,Final_Report_2020-21.pdf,NWL
29-Jul-20,NW LANTAU,2,4.0,SUMMER,STANDARD36826,S,2020-07-29,2020,7,2020-21,2020,Final_Report_2020-21.pdf,NWL
29-Jul-20,W LANTAU,1,6.09,SUMMER,STANDARD36826,P,2020-07-29,2020,7,2020-21,2020,Final_Report_2020-21.pdf,WL
29-Jul-20,W LANTAU,2,8.69,SUMMER,STANDARD36826,P,2020-07-29,2020,7,2020-21,2020,Final_Report_2020-21.pdf,WL
29-Jul-20,W LANTAU,1,4.17,SUMMER,STANDARD36826,S,2020-07-29,2020,7,2020-21,2020,Final_Report_2020-21.pdf,WL
29-Jul-20,W LANTAU,2,4.95,SUMMER,STANDARD36826,S,2020-07-29,2020,7,2020-21,2020,Final_Report_2020-21.pdf,WL
6-Aug-20,SW LANTAU,2,5.81,SUMMER,STANDARD36826,P,2020-08-06,2020,8,2020-21,2020,Final_Report_2020-21.pdf,SWL
6-Aug-20,SW LANTAU,3,12.34,SUMMER,STANDARD36826,P,2020-08-06,2020,8,2020-21,2020,Final_Report_2020-21.pdf,SWL
6-Aug-20,SW LANTAU,2,2.32,SUMMER,STANDARD36826,S,2020-08-06,2020,8,2020-21,2020,Final_Report_2020-21.pdf,SWL
6-Aug-20,SW LANTAU,3,7.07,SUMMER,STANDARD36826,S,2020-08-06,2020,8,2020-21,2020,Final_Report_2020-21.pdf,SWL
7-Aug-20,SW LANTAU,2,7.94,SUMMER,STANDARD36826,P,2020-08-07,2020,8,2020-21,2020,Final_Report_2020-21.pdf,SWL
7-Aug-20,SW LANTAU,3,18.21,SUMMER,STANDARD36826,P,2020-08-07,2020,8,2020-21,2020,Final_Report_2020-21.pdf,SWL
7-Aug-20,SW LANTAU,2,1.1,SUMMER,STANDARD36826,S,2020-08-07,2020,8,2020-21,2020,Final_Report_2020-21.pdf,SWL
7-Aug-20,SW LANTAU,3,6.87,SUMMER,STANDARD36826,S,2020-08-07,2020,8,2020-21,2020,Final_Report_2020-21.pdf,SWL
7-Aug-20,SE LANTAU,2,26.57,SUMMER,STANDARD36826,P,2020-08-07,2020,8,2020-21,2020,Final_Report_2020-21.pdf,SEL
7-Aug-20,SE LANTAU,2,11.73,SUMMER,STANDARD36826,S,2020-08-07,2020,8,2020-21,2020,Final_Report_2020-21.pdf,SEL
10-Aug-20,SW LANTAU,1,3.27,SUMMER,STANDARD36826,P,2020-08-10,2020,8,2020-21,2020,Final_Report_2020-21.pdf,SWL
10-Aug-20,SW LANTAU,2,15.13,SUMMER,STANDARD36826,P,2020-08-10,2020,8,2020-21,2020,Final_Report_2020-21.pdf,SWL
10-Aug-20,SW LANTAU,1,1.26,SUMMER,STANDARD36826,S,2020-08-10,2020,8,2020-21,2020,Final_Report_2020-21.pdf,SWL
10-Aug-20,SW LANTAU,2,11.74,SUMMER,STANDARD36826,S,2020-08-10,2020,8,2020-21,2020,Final_Report_2020-21.pdf,SWL
11-Aug-20,NINEPINS,2,42.6,SUMMER,STANDARD36826,P,2020-08-11,2020,8,2020-21,2020,Final_Report_2020-21.pdf,NP
11-Aug-20,NINEPINS,3,7.3,SUMMER,STANDARD36826,P,2020-08-11,2020,8,2020-21,2020,Final_Report_2020-21.pdf,NP
11-Aug-20,NINEPINS,2,2.2,SUMMER,STANDARD36826,S,2020-08-11,2020,8,2020-21,2020,Final_Report_2020-21.pdf,NP
11-Aug-20,PO TOI,1,1.1,SUMMER,STANDARD36826,P,2020-08-11,2020,8,2020-21,2020,Final_Report_2020-21.pdf,PT
11-Aug-20,PO TOI,2,30.3,SUMMER,STANDARD36826,P,2020-08-11,2020,8,2020-21,2020,Final_Report_2020-21.pdf,PT
11-Aug-20,PO TOI,3,3.5,SUMMER,STANDARD36826,P,2020-08-11,2020,8,2020-21,2020,Final_Report_2020-21.pdf,PT
11-Aug-20,PO TOI,1,1.5,SUMMER,STANDARD36826,S,2020-08-11,2020,8,2020-21,2020,Final_Report_2020-21.pdf,PT
11-Aug-20,PO TOI,3,1.9,SUMMER,STANDARD36826,S,2020-08-11,2020,8,2020-21,2020,Final_Report_2020-21.pdf,PT
14-Aug-20,DEEP BAY,1,0.82,SUMMER,STANDARD36826,P,2020-08-14,2020,8,2020-21,2020,Final_Report_2020-21.pdf,DB
14-Aug-20,DEEP BAY,2,3.42,SUMMER,STANDARD36826,P,2020-08-14,2020,8,2020-21,2020,Final_Report_2020-21.pdf,DB
14-Aug-20,DEEP BAY,3,6.62,SUMMER,STANDARD36826,P,2020-08-14,2020,8,2020-21,2020,Final_Report_2020-21.pdf,DB
14-Aug-20,DEEP BAY,1,1.38,SUMMER,STANDARD36826,S,2020-08-14,2020,8,2020-21,2020,Final_Report_2020-21.pdf,DB
14-Aug-20,DEEP BAY,2,1.08,SUMMER,STANDARD36826,S,2020-08-14,2020,8,2020-21,2020,Final_Report_2020-21.pdf,DB
14-Aug-20,DEEP BAY,3,3.08,SUMMER,STANDARD36826,S,2020-08-14,2020,8,2020-21,2020,Final_Report_2020-21.pdf,DB
14-Aug-20,NE LANTAU,2,13.66,SUMMER,STANDARD36826,P,2020-08-14,2020,8,2020-21,2020,Final_Report_2020-21.pdf,NEL
14-Aug-20,NE LANTAU,2,4.64,SUMMER,STANDARD36826,S,2020-08-14,2020,8,2020-21,2020,Final_Report_2020-21.pdf,NEL
17-Aug-20,NW LANTAU,2,21.22,SUMMER,STANDARD36826,P,2020-08-17,2020,8,2020-21,2020,Final_Report_2020-21.pdf,NWL
17-Aug-20,NW LANTAU,3,2.5,SUMMER,STANDARD36826,P,2020-08-17,2020,8,2020-21,2020,Final_Report_2020-21.pdf,NWL
17-Aug-20,NW LANTAU,2,11.08,SUMMER,STANDARD36826,S,2020-08-17,2020,8,2020-21,2020,Final_Report_2020-21.pdf,NWL
17-Aug-20,W LANTAU,2,14.81,SUMMER,STANDARD36826,P,2020-08-17,2020,8,2020-21,2020,Final_Report_2020-21.pdf,WL
17-Aug-20,W LANTAU,3,4.27,SUMMER,STANDARD36826,P,2020-08-17,2020,8,2020-21,2020,Final_Report_2020-21.pdf,WL
17-Aug-20,W LANTAU,2,9.02,SUMMER,STANDARD36826,S,2020-08-17,2020,8,2020-21,2020,Final_Report_2020-21.pdf,WL
17-Aug-20,W LANTAU,3,2.21,SUMMER,STANDARD36826,S,2020-08-17,2020,8,2020-21,2020,Final_Report_2020-21.pdf,WL
24-Aug-20,NINEPINS,2,24.1,SUMMER,STANDARD36826,P,2020-08-24,2020,8,2020-21,2020,Final_Report_2020-21.pdf,NP
24-Aug-20,NINEPINS,3,0.8,SUMMER,STANDARD36826,P,2020-08-24,2020,8,2020-21,2020,Final_Report_2020-21.pdf,NP
24-Aug-20,PO TOI,2,13.8,SUMMER,STANDARD36826,P,2020-08-24,2020,8,2020-21,2020,Final_Report_2020-21.pdf,PT
24-Aug-20,PO TOI,3,32.5,SUMMER,STANDARD36826,P,2020-08-24,2020,8,2020-21,2020,Final_Report_2020-21.pdf,PT
24-Aug-20,PO TOI,2,12.4,SUMMER,STANDARD36826,S,2020-08-24,2020,8,2020-21,2020,Final_Report_2020-21.pdf,PT
24-Aug-20,PO TOI,3,4.4,SUMMER,STANDARD36826,S,2020-08-24,2020,8,2020-21,2020,Final_Report_2020-21.pdf,PT
31-Aug-20,SAI KUNG,2,40.45,SUMMER,STANDARD36826,P,2020-08-31,2020,8,2020-21,2020,Final_Report_2020-21.pdf,SK
31-Aug-20,SAI KUNG,2,7.08,SUMMER,STANDARD36826,S,2020-08-31,2020,8,2020-21,2020,Final_Report_2020-21.pdf,SK
1-Sep-20,NINEPINS,1,15.2,AUTUMN,STANDARD36826,P,2020-09-01,2020,9,2020-21,2020,Final_Report_2020-21.pdf,NP
1-Sep-20,NINEPINS,2,32.57,AUTUMN,STANDARD36826,P,2020-09-01,2020,9,2020-21,2020,Final_Report_2020-21.pdf,NP
1-Sep-20,NINEPINS,3,12.76,AUTUMN,STANDARD36826,P,2020-09-01,2020,9,2020-21,2020,Final_Report_2020-21.pdf,NP
1-Sep-20,NINEPINS,2,6.95,AUTUMN,STANDARD36826,S,2020-09-01,2020,9,2020-21,2020,Final_Report_2020-21.pdf,NP
1-Sep-20,NINEPINS,3,2.1,AUTUMN,STANDARD36826,S,2020-09-01,2020,9,2020-21,2020,Final_Report_2020-21.pdf,NP
1-Sep-20,PO TOI,2,5.2,AUTUMN,STANDARD36826,P,2020-09-01,2020,9,2020-21,2020,Final_Report_2020-21.pdf,PT
3-Sep-20,NINEPINS,1,12.49,AUTUMN,STANDARD36826,P,2020-09-03,2020,9,2020-21,2020,Final_Report_2020-21.pdf,NP
3-Sep-20,NINEPINS,2,21.54,AUTUMN,STANDARD36826,P,2020-09-03,2020,9,2020-21,2020,Final_Report_2020-21.pdf,NP
3-Sep-20,NINEPINS,3,13.5,AUTUMN,STANDARD36826,P,2020-09-03,2020,9,2020-21,2020,Final_Report_2020-21.pdf,NP
3-Sep-20,NINEPINS,2,4.67,AUTUMN,STANDARD36826,S,2020-09-03,2020,9,2020-21,2020,Final_Report_2020-21.pdf,NP
3-Sep-20,PO TOI,1,2.3,AUTUMN,STANDARD36826,P,2020-09-03,2020,9,2020-21,2020,Final_Report_2020-21.pdf,PT
3-Sep-20,PO TOI,2,32.4,AUTUMN,STANDARD36826,P,2020-09-03,2020,9,2020-21,2020,Final_Report_2020-21.pdf,PT
3-Sep-20,PO TOI,1,0.4,AUTUMN,STANDARD36826,S,2020-09-03,2020,9,2020-21,2020,Final_Report_2020-21.pdf,PT
3-Sep-20,PO TOI,2,2.9,AUTUMN,STANDARD36826,S,2020-09-03,2020,9,2020-21,2020,Final_Report_2020-21.pdf,PT
4-Sep-20,LAMMA,1,16.04,AUTUMN,STANDARD36826,P,2020-09-04,2020,9,2020-21,2020,Final_Report_2020-21.pdf,LM
4-Sep-20,LAMMA,2,52.4,AUTUMN,STANDARD36826,P,2020-09-04,2020,9,2020-21,2020,Final_Report_2020-21.pdf,LM
4-Sep-20,LAMMA,3,8.8,AUTUMN,STANDARD36826,P,2020-09-04,2020,9,2020-21,2020,Final_Report_2020-21.pdf,LM
4-Sep-20,LAMMA,1,4.26,AUTUMN,STANDARD36826,S,2020-09-04,2020,9,2020-21,2020,Final_Report_2020-21.pdf,LM
4-Sep-20,LAMMA,2,13.2,AUTUMN,STANDARD36826,S,2020-09-04,2020,9,2020-21,2020,Final_Report_2020-21.pdf,LM
4-Sep-20,LAMMA,3,5.0,AUTUMN,STANDARD36826,S,2020-09-04,2020,9,2020-21,2020,Final_Report_2020-21.pdf,LM
7-Sep-20,SE LANTAU,2,30.25,AUTUMN,STANDARD36826,P,2020-09-07,2020,9,2020-21,2020,Final_Report_2020-21.pdf,SEL
7-Sep-20,SE LANTAU,2,6.85,AUTUMN,STANDARD36826,S,2020-09-07,2020,9,2020-21,2020,Final_Report_2020-21.pdf,SEL
7-Sep-20,SW LANTAU,2,25.9,AUTUMN,STANDARD36826,P,2020-09-07,2020,9,2020-21,2020,Final_Report_2020-21.pdf,SWL
7-Sep-20,SW LANTAU,3,0.96,AUTUMN,STANDARD36826,P,2020-09-07,2020,9,2020-21,2020,Final_Report_2020-21.pdf,SWL
7-Sep-20,SW LANTAU,2,8.3,AUTUMN,STANDARD36826,S,2020-09-07,2020,9,2020-21,2020,Final_Report_2020-21.pdf,SWL
7-Sep-20,SW LANTAU,3,2.14,AUTUMN,STANDARD36826,S,2020-09-07,2020,9,2020-21,2020,Final_Report_2020-21.pdf,SWL
8-Sep-20,SW LANTAU,1,11.69,AUTUMN,STANDARD36826,P,2020-09-08,2020,9,2020-21,2020,Final_Report_2020-21.pdf,SWL
8-Sep-20,SW LANTAU,2,9.16,AUTUMN,STANDARD36826,P,2020-09-08,2020,9,2020-21,2020,Final_Report_2020-21.pdf,SWL
8-Sep-20,SW LANTAU,1,4.56,AUTUMN,STANDARD36826,S,2020-09-08,2020,9,2020-21,2020,Final_Report_2020-21.pdf,SWL
8-Sep-20,SW LANTAU,2,8.57,AUTUMN,STANDARD36826,S,2020-09-08,2020,9,2020-21,2020,Final_Report_2020-21.pdf,SWL
15-Sep-20,W LANTAU,2,7.21,AUTUMN,STANDARD36826,P,2020-09-15,2020,9,2020-21,2020,Final_Report_2020-21.pdf,WL
15-Sep-20,W LANTAU,3,0.78,AUTUMN,STANDARD36826,P,2020-09-15,2020,9,2020-21,2020,Final_Report_2020-21.pdf,WL
15-Sep-20,W LANTAU,2,8.67,AUTUMN,STANDARD36826,S,2020-09-15,2020,9,2020-21,2020,Final_Report_2020-21.pdf,WL
16-Sep-20,W LANTAU,2,7.04,AUTUMN,STANDARD36826,P,2020-09-16,2020,9,2020-21,2020,Final_Report_2020-21.pdf,WL
16-Sep-20,W LANTAU,3,5.87,AUTUMN,STANDARD36826,P,2020-09-16,2020,9,2020-21,2020,Final_Report_2020-21.pdf,WL
16-Sep-20,W LANTAU,2,4.6,AUTUMN,STANDARD36826,S,2020-09-16,2020,9,2020-21,2020,Final_Report_2020-21.pdf,WL
16-Sep-20,W LANTAU,3,5.85,AUTUMN,STANDARD36826,S,2020-09-16,2020,9,2020-21,2020,Final_Report_2020-21.pdf,WL
16-Sep-20,NW LANTAU,2,16.8,AUTUMN,STANDARD36826,P,2020-09-16,2020,9,2020-21,2020,Final_Report_2020-21.pdf,NWL
16-Sep-20,NW LANTAU,3,9.1,AUTUMN,STANDARD36826,P,2020-09-16,2020,9,2020-21,2020,Final_Report_2020-21.pdf,NWL
16-Sep-20,NW LANTAU,2,8.7,AUTUMN,STANDARD36826,S,2020-09-16,2020,9,2020-21,2020,Final_Report_2020-21.pdf,NWL
23-Sep-20,DEEP BAY,1,5.21,AUTUMN,STANDARD36826,P,2020-09-23,2020,9,2020-21,2020,Final_Report_2020-21.pdf,DB
23-Sep-20,DEEP BAY,2,4.7,AUTUMN,STANDARD36826,P,2020-09-23,2020,9,2020-21,2020,Final_Report_2020-21.pdf,DB
23-Sep-20,DEEP BAY,0,3.2,AUTUMN,STANDARD36826,S,2020-09-23,2020,9,2020-21,2020,Final_Report_2020-21.pdf,DB
23-Sep-20,DEEP BAY,1,5.09,AUTUMN,STANDARD36826,S,2020-09-23,2020,9,2020-21,2020,Final_Report_2020-21.pdf,DB
23-Sep-20,DEEP BAY,2,2.0,AUTUMN,STANDARD36826,S,2020-09-23,2020,9,2020-21,2020,Final_Report_2020-21.pdf,DB
23-Sep-20,NE LANTAU,2,9.19,AUTUMN,STANDARD36826,P,2020-09-23,2020,9,2020-21,2020,Final_Report_2020-21.pdf,NEL
23-Sep-20,NE LANTAU,3,4.69,AUTUMN,STANDARD36826,P,2020-09-23,2020,9,2020-21,2020,Final_Report_2020-21.pdf,NEL
23-Sep-20,NE LANTAU,2,6.7,AUTUMN,STANDARD36826,S,2020-09-23,2020,9,2020-21,2020,Final_Report_2020-21.pdf,NEL
23-Sep-20,NE LANTAU,3,2.02,AUTUMN,STANDARD36826,S,2020-09-23,2020,9,2020-21,2020,Final_Report_2020-21.pdf,NEL
24-Sep-20,SE LANTAU,1,12.38,AUTUMN,STANDARD36826,P,2020-09-24,2020,9,2020-21,2020,Final_Report_2020-21.pdf,SEL
24-Sep-20,SE LANTAU,2,12.41,AUTUMN,STANDARD36826,P,2020-09-24,2020,9,2020-21,2020,Final_Report_2020-21.pdf,SEL
24-Sep-20,SE LANTAU,1,8.21,AUTUMN,STANDARD36826,S,2020-09-24,2020,9,2020-21,2020,Final_Report_2020-21.pdf,SEL
24-Sep-20,SE LANTAU,2,2.2,AUTUMN,STANDARD36826,S,2020-09-24,2020,9,2020-21,2020,Final_Report_2020-21.pdf,SEL
5-Oct-20,SW LANTAU,3,7.59,AUTUMN,STANDARD36826,P,2020-10-05,2020,10,2020-21,2020,Final_Report_2020-21.pdf,SWL
5-Oct-20,SW LANTAU,4,7.52,AUTUMN,STANDARD36826,P,2020-10-05,2020,10,2020-21,2020,Final_Report_2020-21.pdf,SWL
5-Oct-20,SW LANTAU,3,5.63,AUTUMN,STANDARD36826,S,2020-10-05,2020,10,2020-21,2020,Final_Report_2020-21.pdf,SWL
5-Oct-20,SW LANTAU,4,1.96,AUTUMN,STANDARD36826,S,2020-10-05,2020,10,2020-21,2020,Final_Report_2020-21.pdf,SWL
8-Oct-20,SE LANTAU,2,8.91,AUTUMN,STANDARD36826,P,2020-10-08,2020,10,2020-21,2020,Final_Report_2020-21.pdf,SEL
8-Oct-20,SE LANTAU,3,17.11,AUTUMN,STANDARD36826,P,2020-10-08,2020,10,2020-21,2020,Final_Report_2020-21.pdf,SEL
8-Oct-20,SE LANTAU,2,1.4,AUTUMN,STANDARD36826,S,2020-10-08,2020,10,2020-21,2020,Final_Report_2020-21.pdf,SEL
8-Oct-20,SE LANTAU,3,6.18,AUTUMN,STANDARD36826,S,2020-10-08,2020,10,2020-21,2020,Final_Report_2020-21.pdf,SEL
12-Oct-20,DEEP BAY,2,9.72,AUTUMN,STANDARD36826,P,2020-10-12,2020,10,2020-21,2020,Final_Report_2020-21.pdf,DB
12-Oct-20,DEEP BAY,2,6.48,AUTUMN,STANDARD36826,S,2020-10-12,2020,10,2020-21,2020,Final_Report_2020-21.pdf,DB
12-Oct-20,NE LANTAU,2,17.53,AUTUMN,STANDARD36826,P,2020-10-12,2020,10,2020-21,2020,Final_Report_2020-21.pdf,NEL
12-Oct-20,NE LANTAU,2,10.27,AUTUMN,STANDARD36826,S,2020-10-12,2020,10,2020-21,2020,Final_Report_2020-21.pdf,NEL
20-Oct-20,W LANTAU,2,1.4,AUTUMN,STANDARD36826,P,2020-10-20,2020,10,2020-21,2020,Final_Report_2020-21.pdf,WL
20-Oct-20,W LANTAU,3,10.2,AUTUMN,STANDARD36826,P,2020-10-20,2020,10,2020-21,2020,Final_Report_2020-21.pdf,WL
20-Oct-20,W LANTAU,4,1.45,AUTUMN,STANDARD36826,P,2020-10-20,2020,10,2020-21,2020,Final_Report_2020-21.pdf,WL
20-Oct-20,W LANTAU,2,5.46,AUTUMN,STANDARD36826,S,2020-10-20,2020,10,2020-21,2020,Final_Report_2020-21.pdf,WL
20-Oct-20,W LANTAU,3,13.49,AUTUMN,STANDARD36826,S,2020-10-20,2020,10,2020-21,2020,Final_Report_2020-21.pdf,WL
20-Oct-20,W LANTAU,4,1.1,AUTUMN,STANDARD36826,S,2020-10-20,2020,10,2020-21,2020,Final_Report_2020-21.pdf,WL
20-Oct-20,NW LANTAU,3,21.02,AUTUMN,STANDARD36826,P,2020-10-20,2020,10,2020-21,2020,Final_Report_2020-21.pdf,NWL
20-Oct-20,NW LANTAU,3,9.88,AUTUMN,STANDARD36826,S,2020-10-20,2020,10,2020-21,2020,Final_Report_2020-21.pdf,NWL
21-Oct-20,SE LANTAU,3,15.13,AUTUMN,STANDARD36826,P,2020-10-21,2020,10,2020-21,2020,Final_Report_2020-21.pdf,SEL
21-Oct-20,SE LANTAU,4,12.54,AUTUMN,STANDARD36826,P,2020-10-21,2020,10,2020-21,2020,Final_Report_2020-21.pdf,SEL
21-Oct-20,SE LANTAU,2,1.9,AUTUMN,STANDARD36826,S,2020-10-21,2020,10,2020-21,2020,Final_Report_2020-21.pdf,SEL
21-Oct-20,SE LANTAU,3,3.3,AUTUMN,STANDARD36826,S,2020-10-21,2020,10,2020-21,2020,Final_Report_2020-21.pdf,SEL
21-Oct-20,SE LANTAU,4,1.93,AUTUMN,STANDARD36826,S,2020-10-21,2020,10,2020-21,2020,Final_Report_2020-21.pdf,SEL
21-Oct-20,SW LANTAU,3,18.66,AUTUMN,STANDARD36826,P,2020-10-21,2020,10,2020-21,2020,Final_Report_2020-21.pdf,SWL
21-Oct-20,SW LANTAU,4,0.7,AUTUMN,STANDARD36826,P,2020-10-21,2020,10,2020-21,2020,Final_Report_2020-21.pdf,SWL
21-Oct-20,SW LANTAU,2,0.6,AUTUMN,STANDARD36826,S,2020-10-21,2020,10,2020-21,2020,Final_Report_2020-21.pdf,SWL
21-Oct-20,SW LANTAU,3,7.88,AUTUMN,STANDARD36826,S,2020-10-21,2020,10,2020-21,2020,Final_Report_2020-21.pdf,SWL
21-Oct-20,SW LANTAU,4,2.5,AUTUMN,STANDARD36826,S,2020-10-21,2020,10,2020-21,2020,Final_Report_2020-21.pdf,SWL
22-Oct-20,W LANTAU,3,5.34,AUTUMN,STANDARD36826,P,2020-10-22,2020,10,2020-21,2020,Final_Report_2020-21.pdf,WL
22-Oct-20,W LANTAU,3,4.48,AUTUMN,STANDARD36826,S,2020-10-22,2020,10,2020-21,2020,Final_Report_2020-21.pdf,WL
22-Oct-20,W LANTAU,4,1.89,AUTUMN,STANDARD36826,S,2020-10-22,2020,10,2020-21,2020,Final_Report_2020-21.pdf,WL
22-Oct-20,SW LANTAU,3,6.32,AUTUMN,STANDARD36826,P,2020-10-22,2020,10,2020-21,2020,Final_Report_2020-21.pdf,SWL
22-Oct-20,SW LANTAU,4,1.94,AUTUMN,STANDARD36826,P,2020-10-22,2020,10,2020-21,2020,Final_Report_2020-21.pdf,SWL
22-Oct-20,SW LANTAU,2,1.0,AUTUMN,STANDARD36826,S,2020-10-22,2020,10,2020-21,2020,Final_Report_2020-21.pdf,SWL
22-Oct-20,SW LANTAU,3,10.54,AUTUMN,STANDARD36826,S,2020-10-22,2020,10,2020-21,2020,Final_Report_2020-21.pdf,SWL
27-Oct-20,SE LANTAU,3,12.87,AUTUMN,STANDARD36826,P,2020-10-27,2020,10,2020-21,2020,Final_Report_2020-21.pdf,SEL
27-Oct-20,SE LANTAU,2,2.89,AUTUMN,STANDARD36826,S,2020-10-27,2020,10,2020-21,2020,Final_Report_2020-21.pdf,SEL
27-Oct-20,SE LANTAU,3,7.84,AUTUMN,STANDARD36826,S,2020-10-27,2020,10,2020-21,2020,Final_Report_2020-21.pdf,SEL
27-Oct-20,SW LANTAU,2,1.35,AUTUMN,STANDARD36826,P,2020-10-27,2020,10,2020-21,2020,Final_Report_2020-21.pdf,SWL
27-Oct-20,SW LANTAU,3,24.62,AUTUMN,STANDARD36826,P,2020-10-27,2020,10,2020-21,2020,Final_Report_2020-21.pdf,SWL
27-Oct-20,SW LANTAU,3,10.64,AUTUMN,STANDARD36826,S,2020-10-27,2020,10,2020-21,2020,Final_Report_2020-21.pdf,SWL
28-Oct-20,NW LANTAU,2,24.35,AUTUMN,STANDARD36826,P,2020-10-28,2020,10,2020-21,2020,Final_Report_2020-21.pdf,NWL
28-Oct-20,NW LANTAU,3,2.36,AUTUMN,STANDARD36826,P,2020-10-28,2020,10,2020-21,2020,Final_Report_2020-21.pdf,NWL
28-Oct-20,NW LANTAU,2,15.09,AUTUMN,STANDARD36826,S,2020-10-28,2020,10,2020-21,2020,Final_Report_2020-21.pdf,NWL
28-Oct-20,W LANTAU,2,13.1,AUTUMN,STANDARD36826,P,2020-10-28,2020,10,2020-21,2020,Final_Report_2020-21.pdf,WL
28-Oct-20,W LANTAU,3,1.54,AUTUMN,STANDARD36826,P,2020-10-28,2020,10,2020-21,2020,Final_Report_2020-21.pdf,WL
28-Oct-20,W LANTAU,2,9.07,AUTUMN,STANDARD36826,S,2020-10-28,2020,10,2020-21,2020,Final_Report_2020-21.pdf,WL
28-Oct-20,W LANTAU,3,2.08,AUTUMN,STANDARD36826,S,2020-10-28,2020,10,2020-21,2020,Final_Report_2020-21.pdf,WL
2-Nov-20,SE LANTAU,1,3.6,AUTUMN,STANDARD36826,P,2020-11-02,2020,11,2020-21,2020,Final_Report_2020-21.pdf,SEL
2-Nov-20,SE LANTAU,2,25.37,AUTUMN,STANDARD36826,P,2020-11-02,2020,11,2020-21,2020,Final_Report_2020-21.pdf,SEL
2-Nov-20,SE LANTAU,3,2.2,AUTUMN,STANDARD36826,P,2020-11-02,2020,11,2020-21,2020,Final_Report_2020-21.pdf,SEL
2-Nov-20,SE LANTAU,2,5.47,AUTUMN,STANDARD36826,S,2020-11-02,2020,11,2020-21,2020,Final_Report_2020-21.pdf,SEL
2-Nov-20,SE LANTAU,3,0.43,AUTUMN,STANDARD36826,S,2020-11-02,2020,11,2020-21,2020,Final_Report_2020-21.pdf,SEL
2-Nov-20,SW LANTAU,2,22.71,AUTUMN,STANDARD36826,P,2020-11-02,2020,11,2020-21,2020,Final_Report_2020-21.pdf,SWL
2-Nov-20,SW LANTAU,3,2.4,AUTUMN,STANDARD36826,P,2020-11-02,2020,11,2020-21,2020,Final_Report_2020-21.pdf,SWL
2-Nov-20,SW LANTAU,2,4.88,AUTUMN,STANDARD36826,S,2020-11-02,2020,11,2020-21,2020,Final_Report_2020-21.pdf,SWL
2-Nov-20,SW LANTAU,3,2.1,AUTUMN,STANDARD36826,S,2020-11-02,2020,11,2020-21,2020,Final_Report_2020-21.pdf,SWL
3-Nov-20,W LANTAU,2,1.82,AUTUMN,STANDARD36826,P,2020-11-03,2020,11,2020-21,2020,Final_Report_2020-21.pdf,WL
3-Nov-20,W LANTAU,3,19.63,AUTUMN,STANDARD36826,P,2020-11-03,2020,11,2020-21,2020,Final_Report_2020-21.pdf,WL
3-Nov-20,W LANTAU,2,3.18,AUTUMN,STANDARD36826,S,2020-11-03,2020,11,2020-21,2020,Final_Report_2020-21.pdf,WL
3-Nov-20,W LANTAU,3,8.39,AUTUMN,STANDARD36826,S,2020-11-03,2020,11,2020-21,2020,Final_Report_2020-21.pdf,WL
3-Nov-20,SW LANTAU,2,21.37,AUTUMN,STANDARD36826,P,2020-11-03,2020,11,2020-21,2020,Final_Report_2020-21.pdf,SWL
3-Nov-20,SW LANTAU,2,13.23,AUTUMN,STANDARD36826,S,2020-11-03,2020,11,2020-21,2020,Final_Report_2020-21.pdf,SWL
9-Nov-20,DEEP BAY,2,5.07,AUTUMN,STANDARD36826,P,2020-11-09,2020,11,2020-21,2020,Final_Report_2020-21.pdf,DB
9-Nov-20,DEEP BAY,3,3.32,AUTUMN,STANDARD36826,P,2020-11-09,2020,11,2020-21,2020,Final_Report_2020-21.pdf,DB
9-Nov-20,DEEP BAY,2,10.21,AUTUMN,STANDARD36826,S,2020-11-09,2020,11,2020-21,2020,Final_Report_2020-21.pdf,DB
9-Nov-20,NE LANTAU,2,14.13,AUTUMN,STANDARD36826,P,2020-11-09,2020,11,2020-21,2020,Final_Report_2020-21.pdf,NEL
9-Nov-20,NE LANTAU,2,9.67,AUTUMN,STANDARD36826,S,2020-11-09,2020,11,2020-21,2020,Final_Report_2020-21.pdf,NEL
11-Nov-20,W LANTAU,2,3.9,AUTUMN,STANDARD36826,P,2020-11-11,2020,11,2020-21,2020,Final_Report_2020-21.pdf,WL
11-Nov-20,W LANTAU,3,5.79,AUTUMN,STANDARD36826,P,2020-11-11,2020,11,2020-21,2020,Final_Report_2020-21.pdf,WL
11-Nov-20,W LANTAU,2,15.0,AUTUMN,STANDARD36826,S,2020-11-11,2020,11,2020-21,2020,Final_Report_2020-21.pdf,WL
11-Nov-20,W LANTAU,3,6.05,AUTUMN,STANDARD36826,S,2020-11-11,2020,11,2020-21,2020,Final_Report_2020-21.pdf,WL
11-Nov-20,NW LANTAU,1,3.0,AUTUMN,STANDARD36826,P,2020-11-11,2020,11,2020-21,2020,Final_Report_2020-21.pdf,NWL
11-Nov-20,NW LANTAU,2,25.68,AUTUMN,STANDARD36826,P,2020-11-11,2020,11,2020-21,2020,Final_Report_2020-21.pdf,NWL
11-Nov-20,NW LANTAU,2,11.62,AUTUMN,STANDARD36826,S,2020-11-11,2020,11,2020-21,2020,Final_Report_2020-21.pdf,NWL
12-Nov-20,SE LANTAU,2,17.45,AUTUMN,STANDARD36826,P,2020-11-12,2020,11,2020-21,2020,Final_Report_2020-21.pdf,SEL
12-Nov-20,SE LANTAU,3,9.85,AUTUMN,STANDARD36826,P,2020-11-12,2020,11,2020-21,2020,Final_Report_2020-21.pdf,SEL
12-Nov-20,SE LANTAU,2,5.72,AUTUMN,STANDARD36826,S,2020-11-12,2020,11,2020-21,2020,Final_Report_2020-21.pdf,SEL
12-Nov-20,SE LANTAU,3,4.28,AUTUMN,STANDARD36826,S,2020-11-12,2020,11,2020-21,2020,Final_Report_2020-21.pdf,SEL
12-Nov-20,SW LANTAU,2,9.6,AUTUMN,STANDARD36826,P,2020-11-12,2020,11,2020-21,2020,Final_Report_2020-21.pdf,SWL
12-Nov-20,SW LANTAU,3,15.06,AUTUMN,STANDARD36826,P,2020-11-12,2020,11,2020-21,2020,Final_Report_2020-21.pdf,SWL
12-Nov-20,SW LANTAU,2,2.8,AUTUMN,STANDARD36826,S,2020-11-12,2020,11,2020-21,2020,Final_Report_2020-21.pdf,SWL
12-Nov-20,SW LANTAU,3,9.44,AUTUMN,STANDARD36826,S,2020-11-12,2020,11,2020-21,2020,Final_Report_2020-21.pdf,SWL
16-Nov-20,W LANTAU,2,14.59,AUTUMN,STANDARD36826,P,2020-11-16,2020,11,2020-21,2020,Final_Report_2020-21.pdf,WL
16-Nov-20,W LANTAU,3,5.83,AUTUMN,STANDARD36826,P,2020-11-16,2020,11,2020-21,2020,Final_Report_2020-21.pdf,WL
16-Nov-20,W LANTAU,2,9.27,AUTUMN,STANDARD36826,S,2020-11-16,2020,11,2020-21,2020,Final_Report_2020-21.pdf,WL
16-Nov-20,W LANTAU,3,1.35,AUTUMN,STANDARD36826,S,2020-11-16,2020,11,2020-21,2020,Final_Report_2020-21.pdf,WL
16-Nov-20,SW LANTAU,2,3.56,AUTUMN,STANDARD36826,P,2020-11-16,2020,11,2020-21,2020,Final_Report_2020-21.pdf,SWL
16-Nov-20,SW LANTAU,3,19.4,AUTUMN,STANDARD36826,P,2020-11-16,2020,11,2020-21,2020,Final_Report_2020-21.pdf,SWL
16-Nov-20,SW LANTAU,3,11.84,AUTUMN,STANDARD36826,S,2020-11-16,2020,11,2020-21,2020,Final_Report_2020-21.pdf,SWL
19-Nov-20,PO TOI,1,25.32,AUTUMN,STANDARD36826,P,2020-11-19,2020,11,2020-21,2020,Final_Report_2020-21.pdf,PT
19-Nov-20,PO TOI,2,52.33,AUTUMN,STANDARD36826,P,2020-11-19,2020,11,2020-21,2020,Final_Report_2020-21.pdf,PT
19-Nov-20,PO TOI,1,2.6,AUTUMN,STANDARD36826,S,2020-11-19,2020,11,2020-21,2020,Final_Report_2020-21.pdf,PT
19-Nov-20,PO TOI,2,11.05,AUTUMN,STANDARD36826,S,2020-11-19,2020,11,2020-21,2020,Final_Report_2020-21.pdf,PT
24-Nov-20,NW LANTAU,2,15.22,AUTUMN,STANDARD36826,P,2020-11-24,2020,11,2020-21,2020,Final_Report_2020-21.pdf,NWL
24-Nov-20,NW LANTAU,3,8.78,AUTUMN,STANDARD36826,P,2020-11-24,2020,11,2020-21,2020,Final_Report_2020-21.pdf,NWL
24-Nov-20,NW LANTAU,2,6.92,AUTUMN,STANDARD36826,S,2020-11-24,2020,11,2020-21,2020,Final_Report_2020-21.pdf,NWL
24-Nov-20,NW LANTAU,3,3.98,AUTUMN,STANDARD36826,S,2020-11-24,2020,11,2020-21,2020,Final_Report_2020-21.pdf,NWL
24-Nov-20,W LANTAU,2,15.42,AUTUMN,STANDARD36826,P,2020-11-24,2020,11,2020-21,2020,Final_Report_2020-21.pdf,WL
24-Nov-20,W LANTAU,2,8.02,AUTUMN,STANDARD36826,S,2020-11-24,2020,11,2020-21,2020,Final_Report_2020-21.pdf,WL
24-Nov-20,W LANTAU,3,1.24,AUTUMN,STANDARD36826,S,2020-11-24,2020,11,2020-21,2020,Final_Report_2020-21.pdf,WL
26-Nov-20,SE LANTAU,1,1.2,AUTUMN,STANDARD36826,P,2020-11-26,2020,11,2020-21,2020,Final_Report_2020-21.pdf,SEL
26-Nov-20,SE LANTAU,2,28.96,AUTUMN,STANDARD36826,P,2020-11-26,2020,11,2020-21,2020,Final_Report_2020-21.pdf,SEL
26-Nov-20,SE LANTAU,1,0.9,AUTUMN,STANDARD36826,S,2020-11-26,2020,11,2020-21,2020,Final_Report_2020-21.pdf,SEL
26-Nov-20,SE LANTAU,2,7.14,AUTUMN,STANDARD36826,S,2020-11-26,2020,11,2020-21,2020,Final_Report_2020-21.pdf,SEL
26-Nov-20,SW LANTAU,2,20.73,AUTUMN,STANDARD36826,P,2020-11-26,2020,11,2020-21,2020,Final_Report_2020-21.pdf,SWL
26-Nov-20,SW LANTAU,3,3.34,AUTUMN,STANDARD36826,P,2020-11-26,2020,11,2020-21,2020,Final_Report_2020-21.pdf,SWL
26-Nov-20,SW LANTAU,2,6.82,AUTUMN,STANDARD36826,S,2020-11-26,2020,11,2020-21,2020,Final_Report_2020-21.pdf,SWL
26-Nov-20,SW LANTAU,3,2.01,AUTUMN,STANDARD36826,S,2020-11-26,2020,11,2020-21,2020,Final_Report_2020-21.pdf,SWL
30-Nov-20,NW LANTAU,2,1.07,AUTUMN,STANDARD36826,P,2020-11-30,2020,11,2020-21,2020,Final_Report_2020-21.pdf,NWL
30-Nov-20,NW LANTAU,3,26.69,AUTUMN,STANDARD36826,P,2020-11-30,2020,11,2020-21,2020,Final_Report_2020-21.pdf,NWL
30-Nov-20,NW LANTAU,3,9.74,AUTUMN,STANDARD36826,S,2020-11-30,2020,11,2020-21,2020,Final_Report_2020-21.pdf,NWL
30-Nov-20,W LANTAU,3,17.86,AUTUMN,STANDARD36826,P,2020-11-30,2020,11,2020-21,2020,Final_Report_2020-21.pdf,WL
30-Nov-20,W LANTAU,3,10.44,AUTUMN,STANDARD36826,S,2020-11-30,2020,11,2020-21,2020,Final_Report_2020-21.pdf,WL
2-Dec-20,W LANTAU,2,0.43,WINTER,STANDARD36826,P,2020-12-02,2020,12,2020-21,2020,Final_Report_2020-21.pdf,WL
2-Dec-20,W LANTAU,3,20.25,WINTER,STANDARD36826,P,2020-12-02,2020,12,2020-21,2020,Final_Report_2020-21.pdf,WL
2-Dec-20,W LANTAU,4,1.36,WINTER,STANDARD36826,P,2020-12-02,2020,12,2020-21,2020,Final_Report_2020-21.pdf,WL
2-Dec-20,W LANTAU,2,2.36,WINTER,STANDARD36826,S,2020-12-02,2020,12,2020-21,2020,Final_Report_2020-21.pdf,WL
2-Dec-20,W LANTAU,3,7.85,WINTER,STANDARD36826,S,2020-12-02,2020,12,2020-21,2020,Final_Report_2020-21.pdf,WL
2-Dec-20,W LANTAU,4,1.33,WINTER,STANDARD36826,S,2020-12-02,2020,12,2020-21,2020,Final_Report_2020-21.pdf,WL
2-Dec-20,SW LANTAU,2,6.6,WINTER,STANDARD36826,P,2020-12-02,2020,12,2020-21,2020,Final_Report_2020-21.pdf,SWL
2-Dec-20,SW LANTAU,3,12.62,WINTER,STANDARD36826,P,2020-12-02,2020,12,2020-21,2020,Final_Report_2020-21.pdf,SWL
2-Dec-20,SW LANTAU,2,2.48,WINTER,STANDARD36826,S,2020-12-02,2020,12,2020-21,2020,Final_Report_2020-21.pdf,SWL
2-Dec-20,SW LANTAU,3,5.9,WINTER,STANDARD36826,S,2020-12-02,2020,12,2020-21,2020,Final_Report_2020-21.pdf,SWL
3-Dec-20,DEEP BAY,3,9.24,WINTER,STANDARD36826,P,2020-12-03,2020,12,2020-21,2020,Final_Report_2020-21.pdf,DB
3-Dec-20,DEEP BAY,3,6.16,WINTER,STANDARD36826,S,2020-12-03,2020,12,2020-21,2020,Final_Report_2020-21.pdf,DB
3-Dec-20,NE LANTAU,2,0.7,WINTER,STANDARD36826,P,2020-12-03,2020,12,2020-21,2020,Final_Report_2020-21.pdf,NEL
3-Dec-20,NE LANTAU,3,12.42,WINTER,STANDARD36826,P,2020-12-03,2020,12,2020-21,2020,Final_Report_2020-21.pdf,NEL
3-Dec-20,NE LANTAU,2,2.0,WINTER,STANDARD36826,S,2020-12-03,2020,12,2020-21,2020,Final_Report_2020-21.pdf,NEL
3-Dec-20,NE LANTAU,3,4.98,WINTER,STANDARD36826,S,2020-12-03,2020,12,2020-21,2020,Final_Report_2020-21.pdf,NEL
9-Dec-20,LAMMA,2,33.5,WINTER,STANDARD36826,P,2020-12-09,2020,12,2020-21,2020,Final_Report_2020-21.pdf,LM
9-Dec-20,LAMMA,3,46.85,WINTER,STANDARD36826,P,2020-12-09,2020,12,2020-21,2020,Final_Report_2020-21.pdf,LM
9-Dec-20,LAMMA,2,8.7,WINTER,STANDARD36826,S,2020-12-09,2020,12,2020-21,2020,Final_Report_2020-21.pdf,LM
9-Dec-20,LAMMA,3,10.95,WINTER,STANDARD36826,S,2020-12-09,2020,12,2020-21,2020,Final_Report_2020-21.pdf,LM
10-Dec-20,DEEP BAY,1,0.6,WINTER,STANDARD36826,P,2020-12-10,2020,12,2020-21,2020,Final_Report_2020-21.pdf,DB
10-Dec-20,DEEP BAY,2,8.84,WINTER,STANDARD36826,P,2020-12-10,2020,12,2020-21,2020,Final_Report_2020-21.pdf,DB
10-Dec-20,DEEP BAY,1,4.3,WINTER,STANDARD36826,S,2020-12-10,2020,12,2020-21,2020,Final_Report_2020-21.pdf,DB
10-Dec-20,DEEP BAY,2,5.86,WINTER,STANDARD36826,S,2020-12-10,2020,12,2020-21,2020,Final_Report_2020-21.pdf,DB
10-Dec-20,NE LANTAU,2,10.36,WINTER,STANDARD36826,P,2020-12-10,2020,12,2020-21,2020,Final_Report_2020-21.pdf,NEL
10-Dec-20,NE LANTAU,2,4.24,WINTER,STANDARD36826,S,2020-12-10,2020,12,2020-21,2020,Final_Report_2020-21.pdf,NEL
11-Dec-20,W LANTAU,1,2.94,WINTER,STANDARD36826,P,2020-12-11,2020,12,2020-21,2020,Final_Report_2020-21.pdf,WL
11-Dec-20,W LANTAU,2,18.57,WINTER,STANDARD36826,P,2020-12-11,2020,12,2020-21,2020,Final_Report_2020-21.pdf,WL
11-Dec-20,W LANTAU,2,10.39,WINTER,STANDARD36826,S,2020-12-11,2020,12,2020-21,2020,Final_Report_2020-21.pdf,WL
11-Dec-20,SW LANTAU,2,17.62,WINTER,STANDARD36826,P,2020-12-11,2020,12,2020-21,2020,Final_Report_2020-21.pdf,SWL
11-Dec-20,SW LANTAU,3,2.89,WINTER,STANDARD36826,P,2020-12-11,2020,12,2020-21,2020,Final_Report_2020-21.pdf,SWL
11-Dec-20,SW LANTAU,2,6.7,WINTER,STANDARD36826,S,2020-12-11,2020,12,2020-21,2020,Final_Report_2020-21.pdf,SWL
14-Dec-20,NW LANTAU,2,7.97,WINTER,STANDARD36826,P,2020-12-14,2020,12,2020-21,2020,Final_Report_2020-21.pdf,NWL
14-Dec-20,NW LANTAU,3,23.47,WINTER,STANDARD36826,P,2020-12-14,2020,12,2020-21,2020,Final_Report_2020-21.pdf,NWL
14-Dec-20,NW LANTAU,2,7.74,WINTER,STANDARD36826,S,2020-12-14,2020,12,2020-21,2020,Final_Report_2020-21.pdf,NWL
14-Dec-20,NW LANTAU,3,2.32,WINTER,STANDARD36826,S,2020-12-14,2020,12,2020-21,2020,Final_Report_2020-21.pdf,NWL
14-Dec-20,W LANTAU,2,4.51,WINTER,STANDARD36826,P,2020-12-14,2020,12,2020-21,2020,Final_Report_2020-21.pdf,WL
14-Dec-20,W LANTAU,3,12.04,WINTER,STANDARD36826,P,2020-12-14,2020,12,2020-21,2020,Final_Report_2020-21.pdf,WL
14-Dec-20,W LANTAU,2,4.18,WINTER,STANDARD36826,S,2020-12-14,2020,12,2020-21,2020,Final_Report_2020-21.pdf,WL
14-Dec-20,W LANTAU,3,4.84,WINTER,STANDARD36826,S,2020-12-14,2020,12,2020-21,2020,Final_Report_2020-21.pdf,WL
14-Dec-20,SW LANTAU,2,2.1,WINTER,STANDARD36826,S,2020-12-14,2020,12,2020-21,2020,Final_Report_2020-21.pdf,SWL
14-Dec-20,SW LANTAU,3,7.15,WINTER,STANDARD36826,S,2020-12-14,2020,12,2020-21,2020,Final_Report_2020-21.pdf,SWL
4-Jan-21,W LANTAU,2,20.58,WINTER,STANDARD36826,P,2021-01-04,2021,1,2020-21,2020,Final_Report_2020-21.pdf,WL
4-Jan-21,W LANTAU,3,1.79,WINTER,STANDARD36826,P,2021-01-04,2021,1,2020-21,2020,Final_Report_2020-21.pdf,WL
4-Jan-21,W LANTAU,2,10.13,WINTER,STANDARD36826,S,2021-01-04,2021,1,2020-21,2020,Final_Report_2020-21.pdf,WL
4-Jan-21,SW LANTAU,2,12.76,WINTER,STANDARD36826,P,2021-01-04,2021,1,2020-21,2020,Final_Report_2020-21.pdf,SWL
4-Jan-21,SW LANTAU,2,5.25,WINTER,STANDARD36826,S,2021-01-04,2021,1,2020-21,2020,Final_Report_2020-21.pdf,SWL
5-Jan-21,LAMMA,1,19.35,WINTER,STANDARD36826,P,2021-01-05,2021,1,2020-21,2020,Final_Report_2020-21.pdf,LM
5-Jan-21,LAMMA,2,55.3,WINTER,STANDARD36826,P,2021-01-05,2021,1,2020-21,2020,Final_Report_2020-21.pdf,LM
5-Jan-21,LAMMA,1,6.44,WINTER,STANDARD36826,S,2021-01-05,2021,1,2020-21,2020,Final_Report_2020-21.pdf,LM
5-Jan-21,LAMMA,2,22.21,WINTER,STANDARD36826,S,2021-01-05,2021,1,2020-21,2020,Final_Report_2020-21.pdf,LM
6-Jan-21,SE LANTAU,2,20.61,WINTER,STANDARD36826,P,2021-01-06,2021,1,2020-21,2020,Final_Report_2020-21.pdf,SEL
6-Jan-21,SE LANTAU,3,9.55,WINTER,STANDARD36826,P,2021-01-06,2021,1,2020-21,2020,Final_Report_2020-21.pdf,SEL
6-Jan-21,SE LANTAU,2,3.3,WINTER,STANDARD36826,S,2021-01-06,2021,1,2020-21,2020,Final_Report_2020-21.pdf,SEL
6-Jan-21,SE LANTAU,3,3.94,WINTER,STANDARD36826,S,2021-01-06,2021,1,2020-21,2020,Final_Report_2020-21.pdf,SEL
6-Jan-21,SW LANTAU,2,20.23,WINTER,STANDARD36826,P,2021-01-06,2021,1,2020-21,2020,Final_Report_2020-21.pdf,SWL
6-Jan-21,SW LANTAU,3,6.1,WINTER,STANDARD36826,P,2021-01-06,2021,1,2020-21,2020,Final_Report_2020-21.pdf,SWL
6-Jan-21,SW LANTAU,2,5.94,WINTER,STANDARD36826,S,2021-01-06,2021,1,2020-21,2020,Final_Report_2020-21.pdf,SWL
6-Jan-21,SW LANTAU,3,4.7,WINTER,STANDARD36826,S,2021-01-06,2021,1,2020-21,2020,Final_Report_2020-21.pdf,SWL
13-Jan-21,NW LANTAU,1,1.94,WINTER,STANDARD36826,P,2021-01-13,2021,1,2020-21,2020,Final_Report_2020-21.pdf,NWL
13-Jan-21,NW LANTAU,2,22.02,WINTER,STANDARD36826,P,2021-01-13,2021,1,2020-21,2020,Final_Report_2020-21.pdf,NWL
13-Jan-21,NW LANTAU,3,0.6,WINTER,STANDARD36826,P,2021-01-13,2021,1,2020-21,2020,Final_Report_2020-21.pdf,NWL
13-Jan-21,NW LANTAU,2,9.75,WINTER,STANDARD36826,S,2021-01-13,2021,1,2020-21,2020,Final_Report_2020-21.pdf,NWL
13-Jan-21,W LANTAU,2,18.14,WINTER,STANDARD36826,P,2021-01-13,2021,1,2020-21,2020,Final_Report_2020-21.pdf,WL
13-Jan-21,W LANTAU,1,1.3,WINTER,STANDARD36826,S,2021-01-13,2021,1,2020-21,2020,Final_Report_2020-21.pdf,WL
13-Jan-21,W LANTAU,2,10.44,WINTER,STANDARD36826,S,2021-01-13,2021,1,2020-21,2020,Final_Report_2020-21.pdf,WL
14-Jan-21,SE LANTAU,1,12.15,WINTER,STANDARD36826,P,2021-01-14,2021,1,2020-21,2020,Final_Report_2020-21.pdf,SEL
14-Jan-21,SE LANTAU,2,14.99,WINTER,STANDARD36826,P,2021-01-14,2021,1,2020-21,2020,Final_Report_2020-21.pdf,SEL
14-Jan-21,SE LANTAU,1,2.16,WINTER,STANDARD36826,S,2021-01-14,2021,1,2020-21,2020,Final_Report_2020-21.pdf,SEL
14-Jan-21,SE LANTAU,2,8.18,WINTER,STANDARD36826,S,2021-01-14,2021,1,2020-21,2020,Final_Report_2020-21.pdf,SEL
14-Jan-21,SW LANTAU,1,7.76,WINTER,STANDARD36826,P,2021-01-14,2021,1,2020-21,2020,Final_Report_2020-21.pdf,SWL
14-Jan-21,SW LANTAU,2,9.56,WINTER,STANDARD36826,P,2021-01-14,2021,1,2020-21,2020,Final_Report_2020-21.pdf,SWL
14-Jan-21,SW LANTAU,1,3.54,WINTER,STANDARD36826,S,2021-01-14,2021,1,2020-21,2020,Final_Report_2020-21.pdf,SWL
14-Jan-21,SW LANTAU,2,5.52,WINTER,STANDARD36826,S,2021-01-14,2021,1,2020-21,2020,Final_Report_2020-21.pdf,SWL
15-Jan-21,LAMMA,2,5.5,WINTER,STANDARD36826,P,2021-01-15,2021,1,2020-21,2020,Final_Report_2020-21.pdf,LM
15-Jan-21,LAMMA,3,25.59,WINTER,STANDARD36826,P,2021-01-15,2021,1,2020-21,2020,Final_Report_2020-21.pdf,LM
15-Jan-21,LAMMA,2,3.01,WINTER,STANDARD36826,S,2021-01-15,2021,1,2020-21,2020,Final_Report_2020-21.pdf,LM
15-Jan-21,LAMMA,3,6.3,WINTER,STANDARD36826,S,2021-01-15,2021,1,2020-21,2020,Final_Report_2020-21.pdf,LM
15-Jan-21,PO TOI,1,1.6,WINTER,STANDARD36826,P,2021-01-15,2021,1,2020-21,2020,Final_Report_2020-21.pdf,PT
15-Jan-21,PO TOI,2,31.91,WINTER,STANDARD36826,P,2021-01-15,2021,1,2020-21,2020,Final_Report_2020-21.pdf,PT
15-Jan-21,PO TOI,3,2.93,WINTER,STANDARD36826,P,2021-01-15,2021,1,2020-21,2020,Final_Report_2020-21.pdf,PT
15-Jan-21,PO TOI,1,1.1,WINTER,STANDARD36826,S,2021-01-15,2021,1,2020-21,2020,Final_Report_2020-21.pdf,PT
15-Jan-21,PO TOI,2,9.06,WINTER,STANDARD36826,S,2021-01-15,2021,1,2020-21,2020,Final_Report_2020-21.pdf,PT
25-Jan-21,DEEP BAY,1,3.08,WINTER,STANDARD36826,P,2021-01-25,2021,1,2020-21,2020,Final_Report_2020-21.pdf,DB
25-Jan-21,DEEP BAY,2,7.79,WINTER,STANDARD36826,P,2021-01-25,2021,1,2020-21,2020,Final_Report_2020-21.pdf,DB
25-Jan-21,DEEP BAY,2,9.33,WINTER,STANDARD36826,S,2021-01-25,2021,1,2020-21,2020,Final_Report_2020-21.pdf,DB
25-Jan-21,NE LANTAU,2,5.6,WINTER,STANDARD36826,P,2021-01-25,2021,1,2020-21,2020,Final_Report_2020-21.pdf,NEL
25-Jan-21,NE LANTAU,2,7.6,WINTER,STANDARD36826,S,2021-01-25,2021,1,2020-21,2020,Final_Report_2020-21.pdf,NEL
27-Jan-21,W LANTAU,2,10.01,WINTER,STANDARD36826,P,2021-01-27,2021,1,2020-21,2020,Final_Report_2020-21.pdf,WL
27-Jan-21,W LANTAU,3,4.83,WINTER,STANDARD36826,P,2021-01-27,2021,1,2020-21,2020,Final_Report_2020-21.pdf,WL
27-Jan-21,W LANTAU,2,7.7,WINTER,STANDARD36826,S,2021-01-27,2021,1,2020-21,2020,Final_Report_2020-21.pdf,WL
27-Jan-21,W LANTAU,3,1.27,WINTER,STANDARD36826,S,2021-01-27,2021,1,2020-21,2020,Final_Report_2020-21.pdf,WL
1-Feb-21,W LANTAU,1,17.42,WINTER,STANDARD36826,P,2021-02-01,2021,2,2020-21,2020,Final_Report_2020-21.pdf,WL
1-Feb-21,W LANTAU,2,4.47,WINTER,STANDARD36826,P,2021-02-01,2021,2,2020-21,2020,Final_Report_2020-21.pdf,WL
1-Feb-21,W LANTAU,1,10.82,WINTER,STANDARD36826,S,2021-02-01,2021,2,2020-21,2020,Final_Report_2020-21.pdf,WL
1-Feb-21,W LANTAU,2,1.0,WINTER,STANDARD36826,S,2021-02-01,2021,2,2020-21,2020,Final_Report_2020-21.pdf,WL
1-Feb-21,SW LANTAU,1,9.17,WINTER,STANDARD36826,P,2021-02-01,2021,2,2020-21,2020,Final_Report_2020-21.pdf,SWL
1-Feb-21,SW LANTAU,2,10.91,WINTER,STANDARD36826,P,2021-02-01,2021,2,2020-21,2020,Final_Report_2020-21.pdf,SWL
1-Feb-21,SW LANTAU,1,6.63,WINTER,STANDARD36826,S,2021-02-01,2021,2,2020-21,2020,Final_Report_2020-21.pdf,SWL
1-Feb-21,SW LANTAU,2,3.48,WINTER,STANDARD36826,S,2021-02-01,2021,2,2020-21,2020,Final_Report_2020-21.pdf,SWL
4-Feb-21,SE LANTAU,2,15.97,WINTER,STANDARD36826,P,2021-02-04,2021,2,2020-21,2020,Final_Report_2020-21.pdf,SEL
4-Feb-21,SE LANTAU,3,12.05,WINTER,STANDARD36826,P,2021-02-04,2021,2,2020-21,2020,Final_Report_2020-21.pdf,SEL
4-Feb-21,SE LANTAU,2,3.1,WINTER,STANDARD36826,S,2021-02-04,2021,2,2020-21,2020,Final_Report_2020-21.pdf,SEL
4-Feb-21,SE LANTAU,3,3.98,WINTER,STANDARD36826,S,2021-02-04,2021,2,2020-21,2020,Final_Report_2020-21.pdf,SEL
4-Feb-21,SW LANTAU,2,2.95,WINTER,STANDARD36826,P,2021-02-04,2021,2,2020-21,2020,Final_Report_2020-21.pdf,SWL
4-Feb-21,SW LANTAU,3,23.78,WINTER,STANDARD36826,P,2021-02-04,2021,2,2020-21,2020,Final_Report_2020-21.pdf,SWL
4-Feb-21,SW LANTAU,3,9.17,WINTER,STANDARD36826,S,2021-02-04,2021,2,2020-21,2020,Final_Report_2020-21.pdf,SWL
5-Feb-21,LAMMA,2,5.91,WINTER,STANDARD36826,P,2021-02-05,2021,2,2020-21,2020,Final_Report_2020-21.pdf,LM
5-Feb-21,LAMMA,3,27.53,WINTER,STANDARD36826,P,2021-02-05,2021,2,2020-21,2020,Final_Report_2020-21.pdf,LM
5-Feb-21,LAMMA,4,0.8,WINTER,STANDARD36826,P,2021-02-05,2021,2,2020-21,2020,Final_Report_2020-21.pdf,LM
5-Feb-21,LAMMA,2,7.56,WINTER,STANDARD36826,S,2021-02-05,2021,2,2020-21,2020,Final_Report_2020-21.pdf,LM
5-Feb-21,LAMMA,3,2.8,WINTER,STANDARD36826,S,2021-02-05,2021,2,2020-21,2020,Final_Report_2020-21.pdf,LM
5-Feb-21,SE LANTAU,2,12.1,WINTER,STANDARD36826,P,2021-02-05,2021,2,2020-21,2020,Final_Report_2020-21.pdf,SEL
5-Feb-21,SE LANTAU,3,9.2,WINTER,STANDARD36826,P,2021-02-05,2021,2,2020-21,2020,Final_Report_2020-21.pdf,SEL
5-Feb-21,SE LANTAU,2,5.3,WINTER,STANDARD36826,S,2021-02-05,2021,2,2020-21,2020,Final_Report_2020-21.pdf,SEL
5-Feb-21,SE LANTAU,3,4.0,WINTER,STANDARD36826,S,2021-02-05,2021,2,2020-21,2020,Final_Report_2020-21.pdf,SEL
5-Feb-21,SW LANTAU,3,6.45,WINTER,STANDARD36826,P,2021-02-05,2021,2,2020-21,2020,Final_Report_2020-21.pdf,SWL
5-Feb-21,SW LANTAU,3,1.86,WINTER,STANDARD36826,S,2021-02-05,2021,2,2020-21,2020,Final_Report_2020-21.pdf,SWL
8-Feb-21,DEEP BAY,1,4.91,WINTER,STANDARD36826,P,2021-02-08,2021,2,2020-21,2020,Final_Report_2020-21.pdf,DB
8-Feb-21,DEEP BAY,2,5.24,WINTER,STANDARD36826,P,2021-02-08,2021,2,2020-21,2020,Final_Report_2020-21.pdf,DB
8-Feb-21,DEEP BAY,1,6.35,WINTER,STANDARD36826,S,2021-02-08,2021,2,2020-21,2020,Final_Report_2020-21.pdf,DB
8-Feb-21,NE LANTAU,3,9.97,WINTER,STANDARD36826,P,2021-02-08,2021,2,2020-21,2020,Final_Report_2020-21.pdf,NEL
8-Feb-21,NE LANTAU,3,4.23,WINTER,STANDARD36826,S,2021-02-08,2021,2,2020-21,2020,Final_Report_2020-21.pdf,NEL
11-Feb-21,SE LANTAU,2,12.5,WINTER,STANDARD36826,P,2021-02-11,2021,2,2020-21,2020,Final_Report_2020-21.pdf,SEL
11-Feb-21,SE LANTAU,3,17.97,WINTER,STANDARD36826,P,2021-02-11,2021,2,2020-21,2020,Final_Report_2020-21.pdf,SEL
11-Feb-21,SE LANTAU,2,3.2,WINTER,STANDARD36826,S,2021-02-11,2021,2,2020-21,2020,Final_Report_2020-21.pdf,SEL
11-Feb-21,SE LANTAU,3,4.03,WINTER,STANDARD36826,S,2021-02-11,2021,2,2020-21,2020,Final_Report_2020-21.pdf,SEL
11-Feb-21,SW LANTAU,2,16.7,WINTER,STANDARD36826,P,2021-02-11,2021,2,2020-21,2020,Final_Report_2020-21.pdf,SWL
11-Feb-21,SW LANTAU,3,0.7,WINTER,STANDARD36826,P,2021-02-11,2021,2,2020-21,2020,Final_Report_2020-21.pdf,SWL
11-Feb-21,SW LANTAU,2,8.3,WINTER,STANDARD36826,S,2021-02-11,2021,2,2020-21,2020,Final_Report_2020-21.pdf,SWL
11-Feb-21,SW LANTAU,3,3.0,WINTER,STANDARD36826,S,2021-02-11,2021,2,2020-21,2020,Final_Report_2020-21.pdf,SWL
19-Feb-21,W LANTAU,1,0.2,WINTER,STANDARD36826,P,2021-02-19,2021,2,2020-21,2020,Final_Report_2020-21.pdf,WL
19-Feb-21,W LANTAU,2,16.18,WINTER,STANDARD36826,P,2021-02-19,2021,2,2020-21,2020,Final_Report_2020-21.pdf,WL
19-Feb-21,W LANTAU,2,8.56,WINTER,STANDARD36826,S,2021-02-19,2021,2,2020-21,2020,Final_Report_2020-21.pdf,WL
19-Feb-21,SW LANTAU,2,14.71,WINTER,STANDARD36826,P,2021-02-19,2021,2,2020-21,2020,Final_Report_2020-21.pdf,SWL
19-Feb-21,SW LANTAU,2,13.18,WINTER,STANDARD36826,S,2021-02-19,2021,2,2020-21,2020,Final_Report_2020-21.pdf,SWL
22-Feb-21,LAMMA,1,36.62,WINTER,STANDARD36826,P,2021-02-22,2021,2,2020-21,2020,Final_Report_2020-21.pdf,LM
22-Feb-21,LAMMA,2,44.44,WINTER,STANDARD36826,P,2021-02-22,2021,2,2020-21,2020,Final_Report_2020-21.pdf,LM
22-Feb-21,LAMMA,1,9.01,WINTER,STANDARD36826,S,2021-02-22,2021,2,2020-21,2020,Final_Report_2020-21.pdf,LM
22-Feb-21,LAMMA,2,12.68,WINTER,STANDARD36826,S,2021-02-22,2021,2,2020-21,2020,Final_Report_2020-21.pdf,LM
23-Feb-21,W LANTAU,2,3.93,WINTER,STANDARD36826,P,2021-02-23,2021,2,2020-21,2020,Final_Report_2020-21.pdf,WL
23-Feb-21,W LANTAU,3,6.05,WINTER,STANDARD36826,P,2021-02-23,2021,2,2020-21,2020,Final_Report_2020-21.pdf,WL
23-Feb-21,W LANTAU,2,3.27,WINTER,STANDARD36826,S,2021-02-23,2021,2,2020-21,2020,Final_Report_2020-21.pdf,WL
23-Feb-21,W LANTAU,3,6.18,WINTER,STANDARD36826,S,2021-02-23,2021,2,2020-21,2020,Final_Report_2020-21.pdf,WL
1-Mar-21,SE LANTAU,1,4.53,SPRING,STANDARD36826,P,2021-03-01,2021,3,2020-21,2020,Final_Report_2020-21.pdf,SEL
1-Mar-21,SE LANTAU,2,22.04,SPRING,STANDARD36826,P,2021-03-01,2021,3,2020-21,2020,Final_Report_2020-21.pdf,SEL
1-Mar-21,SE LANTAU,3,3.7,SPRING,STANDARD36826,P,2021-03-01,2021,3,2020-21,2020,Final_Report_2020-21.pdf,SEL
1-Mar-21,SE LANTAU,1,0.5,SPRING,STANDARD36826,S,2021-03-01,2021,3,2020-21,2020,Final_Report_2020-21.pdf,SEL
1-Mar-21,SE LANTAU,2,4.33,SPRING,STANDARD36826,S,2021-03-01,2021,3,2020-21,2020,Final_Report_2020-21.pdf,SEL
1-Mar-21,SE LANTAU,3,2.2,SPRING,STANDARD36826,S,2021-03-01,2021,3,2020-21,2020,Final_Report_2020-21.pdf,SEL
1-Mar-21,SW LANTAU,1,1.8,SPRING,STANDARD36826,P,2021-03-01,2021,3,2020-21,2020,Final_Report_2020-21.pdf,SWL
1-Mar-21,SW LANTAU,2,23.8,SPRING,STANDARD36826,P,2021-03-01,2021,3,2020-21,2020,Final_Report_2020-21.pdf,SWL
1-Mar-21,SW LANTAU,3,1.1,SPRING,STANDARD36826,P,2021-03-01,2021,3,2020-21,2020,Final_Report_2020-21.pdf,SWL
1-Mar-21,SW LANTAU,1,0.3,SPRING,STANDARD36826,S,2021-03-01,2021,3,2020-21,2020,Final_Report_2020-21.pdf,SWL
1-Mar-21,SW LANTAU,2,6.52,SPRING,STANDARD36826,S,2021-03-01,2021,3,2020-21,2020,Final_Report_2020-21.pdf,SWL
5-Mar-21,W LANTAU,2,15.73,SPRING,STANDARD36826,P,2021-03-05,2021,3,2020-21,2020,Final_Report_2020-21.pdf,WL
5-Mar-21,W LANTAU,3,5.55,SPRING,STANDARD36826,P,2021-03-05,2021,3,2020-21,2020,Final_Report_2020-21.pdf,WL
5-Mar-21,W LANTAU,2,12.24,SPRING,STANDARD36826,S,2021-03-05,2021,3,2020-21,2020,Final_Report_2020-21.pdf,WL
5-Mar-21,W LANTAU,3,1.24,SPRING,STANDARD36826,S,2021-03-05,2021,3,2020-21,2020,Final_Report_2020-21.pdf,WL
5-Mar-21,SW LANTAU,2,9.25,SPRING,STANDARD36826,P,2021-03-05,2021,3,2020-21,2020,Final_Report_2020-21.pdf,SWL
5-Mar-21,SW LANTAU,3,1.7,SPRING,STANDARD36826,P,2021-03-05,2021,3,2020-21,2020,Final_Report_2020-21.pdf,SWL
5-Mar-21,SW LANTAU,2,4.95,SPRING,STANDARD36826,S,2021-03-05,2021,3,2020-21,2020,Final_Report_2020-21.pdf,SWL
8-Mar-21,DEEP BAY,2,9.83,SPRING,STANDARD36826,P,2021-03-08,2021,3,2020-21,2020,Final_Report_2020-21.pdf,DB
8-Mar-21,DEEP BAY,1,2.39,SPRING,STANDARD36826,S,2021-03-08,2021,3,2020-21,2020,Final_Report_2020-21.pdf,DB
8-Mar-21,DEEP BAY,2,6.98,SPRING,STANDARD36826,S,2021-03-08,2021,3,2020-21,2020,Final_Report_2020-21.pdf,DB
8-Mar-21,NE LANTAU,3,7.85,SPRING,STANDARD36826,P,2021-03-08,2021,3,2020-21,2020,Final_Report_2020-21.pdf,NEL
8-Mar-21,NE LANTAU,2,5.58,SPRING,STANDARD36826,S,2021-03-08,2021,3,2020-21,2020,Final_Report_2020-21.pdf,NEL
8-Mar-21,NE LANTAU,3,1.87,SPRING,STANDARD36826,S,2021-03-08,2021,3,2020-21,2020,Final_Report_2020-21.pdf,NEL
9-Mar-21,NW LANTAU,2,21.35,SPRING,STANDARD36826,P,2021-03-09,2021,3,2020-21,2020,Final_Report_2020-21.pdf,NWL
9-Mar-21,NW LANTAU,3,4.1,SPRING,STANDARD36826,P,2021-03-09,2021,3,2020-21,2020,Final_Report_2020-21.pdf,NWL
9-Mar-21,NW LANTAU,2,10.35,SPRING,STANDARD36826,S,2021-03-09,2021,3,2020-21,2020,Final_Report_2020-21.pdf,NWL
9-Mar-21,W LANTAU,1,1.6,SPRING,STANDARD36826,P,2021-03-09,2021,3,2020-21,2020,Final_Report_2020-21.pdf,WL
9-Mar-21,W LANTAU,2,17.55,SPRING,STANDARD36826,P,2021-03-09,2021,3,2020-21,2020,Final_Report_2020-21.pdf,WL
9-Mar-21,W LANTAU,1,1.4,SPRING,STANDARD36826,S,2021-03-09,2021,3,2020-21,2020,Final_Report_2020-21.pdf,WL
9-Mar-21,W LANTAU,2,10.68,SPRING,STANDARD36826,S,2021-03-09,2021,3,2020-21,2020,Final_Report_2020-21.pdf,WL
9-Mar-21,SW LANTAU,2,9.82,SPRING,STANDARD36826,S,2021-03-09,2021,3,2020-21,2020,Final_Report_2020-21.pdf,SWL
19-Mar-21,SE LANTAU,2,5.62,SPRING,STANDARD36826,P,2021-03-19,2021,3,2020-21,2020,Final_Report_2020-21.pdf,SEL
19-Mar-21,SE LANTAU,3,21.73,SPRING,STANDARD36826,P,2021-03-19,2021,3,2020-21,2020,Final_Report_2020-21.pdf,SEL
19-Mar-21,SE LANTAU,2,3.95,SPRING,STANDARD36826,S,2021-03-19,2021,3,2020-21,2020,Final_Report_2020-21.pdf,SEL
19-Mar-21,SE LANTAU,3,5.44,SPRING,STANDARD36826,S,2021-03-19,2021,3,2020-21,2020,Final_Report_2020-21.pdf,SEL
19-Mar-21,SW LANTAU,2,7.5,SPRING,STANDARD36826,P,2021-03-19,2021,3,2020-21,2020,Final_Report_2020-21.pdf,SWL
19-Mar-21,SW LANTAU,3,10.91,SPRING,STANDARD36826,P,2021-03-19,2021,3,2020-21,2020,Final_Report_2020-21.pdf,SWL
19-Mar-21,SW LANTAU,2,8.61,SPRING,STANDARD36826,S,2021-03-19,2021,3,2020-21,2020,Final_Report_2020-21.pdf,SWL
19-Mar-21,SW LANTAU,3,1.95,SPRING,STANDARD36826,S,2021-03-19,2021,3,2020-21,2020,Final_Report_2020-21.pdf,SWL
24-Mar-21,LAMMA,2,29.31,SPRING,STANDARD36826,P,2021-03-24,2021,3,2020-21,2020,Final_Report_2020-21.pdf,LM
24-Mar-21,LAMMA,3,5.21,SPRING,STANDARD36826,P,2021-03-24,2021,3,2020-21,2020,Final_Report_2020-21.pdf,LM
24-Mar-21,LAMMA,2,8.7,SPRING,STANDARD36826,S,2021-03-24,2021,3,2020-21,2020,Final_Report_2020-21.pdf,LM
24-Mar-21,SE LANTAU,2,29.85,SPRING,STANDARD36826,P,2021-03-24,2021,3,2020-21,2020,Final_Report_2020-21.pdf,SEL
24-Mar-21,SE LANTAU,2,5.85,SPRING,STANDARD36826,S,2021-03-24,2021,3,2020-21,2020,Final_Report_2020-21.pdf,SEL
24-Mar-21,SW LANTAU,1,6.08,SPRING,STANDARD36826,P,2021-03-24,2021,3,2020-21,2020,Final_Report_2020-21.pdf,SWL
25-Mar-21,W LANTAU,2,7.94,SPRING,STANDARD36826,P,2021-03-25,2021,3,2020-21,2020,Final_Report_2020-21.pdf,WL
25-Mar-21,W LANTAU,3,8.5,SPRING,STANDARD36826,P,2021-03-25,2021,3,2020-21,2020,Final_Report_2020-21.pdf,WL
25-Mar-21,W LANTAU,4,1.0,SPRING,STANDARD36826,P,2021-03-25,2021,3,2020-21,2020,Final_Report_2020-21.pdf,WL
25-Mar-21,W LANTAU,2,4.18,SPRING,STANDARD36826,S,2021-03-25,2021,3,2020-21,2020,Final_Report_2020-21.pdf,WL
25-Mar-21,W LANTAU,3,5.48,SPRING,STANDARD36826,S,2021-03-25,2021,3,2020-21,2020,Final_Report_2020-21.pdf,WL
25-Mar-21,W LANTAU,4,1.0,SPRING,STANDARD36826,S,2021-03-25,2021,3,2020-21,2020,Final_Report_2020-21.pdf,WL
29-Mar-21,LAMMA,0,2.21,SPRING,STANDARD36826,P,2021-03-29,2021,3,2020-21,2020,Final_Report_2020-21.pdf,LM
29-Mar-21,LAMMA,1,19.21,SPRING,STANDARD36826,P,2021-03-29,2021,3,2020-21,2020,Final_Report_2020-21.pdf,LM
29-Mar-21,LAMMA,2,56.53,SPRING,STANDARD36826,P,2021-03-29,2021,3,2020-21,2020,Final_Report_2020-21.pdf,LM
29-Mar-21,LAMMA,3,5.3,SPRING,STANDARD36826,P,2021-03-29,2021,3,2020-21,2020,Final_Report_2020-21.pdf,LM
29-Mar-21,LAMMA,0,0.64,SPRING,STANDARD36826,S,2021-03-29,2021,3,2020-21,2020,Final_Report_2020-21.pdf,LM
29-Mar-21,LAMMA,1,3.55,SPRING,STANDARD36826,S,2021-03-29,2021,3,2020-21,2020,Final_Report_2020-21.pdf,LM
29-Mar-21,LAMMA,2,15.6,SPRING,STANDARD36826,S,2021-03-29,2021,3,2020-21,2020,Final_Report_2020-21.pdf,LM
1-Apr-21,SE LANTAU,1,3.3,SPRING,STANDARD36826,P,2021-04-01,2021,4,2021-22,2021,Final_Report_2021_22.pdf,SEL
1-Apr-21,SE LANTAU,2,25.65,SPRING,STANDARD36826,P,2021-04-01,2021,4,2021-22,2021,Final_Report_2021_22.pdf,SEL
1-Apr-21,SE LANTAU,3,0.87,SPRING,STANDARD36826,P,2021-04-01,2021,4,2021-22,2021,Final_Report_2021_22.pdf,SEL
1-Apr-21,SE LANTAU,2,6.78,SPRING,STANDARD36826,S,2021-04-01,2021,4,2021-22,2021,Final_Report_2021_22.pdf,SEL
1-Apr-21,SW LANTAU,1,2.48,SPRING,STANDARD36826,P,2021-04-01,2021,4,2021-22,2021,Final_Report_2021_22.pdf,SWL
1-Apr-21,SW LANTAU,2,27.16,SPRING,STANDARD36826,P,2021-04-01,2021,4,2021-22,2021,Final_Report_2021_22.pdf,SWL
1-Apr-21,SW LANTAU,1,2.15,SPRING,STANDARD36826,S,2021-04-01,2021,4,2021-22,2021,Final_Report_2021_22.pdf,SWL
1-Apr-21,SW LANTAU,2,7.18,SPRING,STANDARD36826,S,2021-04-01,2021,4,2021-22,2021,Final_Report_2021_22.pdf,SWL
7-Apr-21,W LANTAU,2,10.12,SPRING,STANDARD36826,P,2021-04-07,2021,4,2021-22,2021,Final_Report_2021_22.pdf,WL
7-Apr-21,W LANTAU,3,10.04,SPRING,STANDARD36826,P,2021-04-07,2021,4,2021-22,2021,Final_Report_2021_22.pdf,WL
7-Apr-21,W LANTAU,4,0.88,SPRING,STANDARD36826,P,2021-04-07,2021,4,2021-22,2021,Final_Report_2021_22.pdf,WL
7-Apr-21,W LANTAU,2,5.57,SPRING,STANDARD36826,S,2021-04-07,2021,4,2021-22,2021,Final_Report_2021_22.pdf,WL
7-Apr-21,W LANTAU,3,4.89,SPRING,STANDARD36826,S,2021-04-07,2021,4,2021-22,2021,Final_Report_2021_22.pdf,WL
7-Apr-21,W LANTAU,4,0.93,SPRING,STANDARD36826,S,2021-04-07,2021,4,2021-22,2021,Final_Report_2021_22.pdf,WL
7-Apr-21,SW LANTAU,3,19.97,SPRING,STANDARD36826,P,2021-04-07,2021,4,2021-22,2021,Final_Report_2021_22.pdf,SWL
7-Apr-21,SW LANTAU,2,1.4,SPRING,STANDARD36826,S,2021-04-07,2021,4,2021-22,2021,Final_Report_2021_22.pdf,SWL
7-Apr-21,SW LANTAU,3,11.58,SPRING,STANDARD36826,S,2021-04-07,2021,4,2021-22,2021,Final_Report_2021_22.pdf,SWL
7-Apr-21,SW LANTAU,4,1.25,SPRING,STANDARD36826,S,2021-04-07,2021,4,2021-22,2021,Final_Report_2021_22.pdf,SWL
13-Apr-21,LAMMA,1,16.45,SPRING,STANDARD36826,P,2021-04-13,2021,4,2021-22,2021,Final_Report_2021_22.pdf,LM
13-Apr-21,LAMMA,2,18.35,SPRING,STANDARD36826,P,2021-04-13,2021,4,2021-22,2021,Final_Report_2021_22.pdf,LM
13-Apr-21,LAMMA,1,6.9,SPRING,STANDARD36826,S,2021-04-13,2021,4,2021-22,2021,Final_Report_2021_22.pdf,LM
13-Apr-21,LAMMA,2,2.7,SPRING,STANDARD36826,S,2021-04-13,2021,4,2021-22,2021,Final_Report_2021_22.pdf,LM
13-Apr-21,PO TOI,2,47.54,SPRING,STANDARD36826,P,2021-04-13,2021,4,2021-22,2021,Final_Report_2021_22.pdf,PT
13-Apr-21,PO TOI,2,14.96,SPRING,STANDARD36826,S,2021-04-13,2021,4,2021-22,2021,Final_Report_2021_22.pdf,PT
14-Apr-21,E LANTAU,2,5.21,SPRING,STANDARD36826,P,2021-04-14,2021,4,2021-22,2021,Final_Report_2021_22.pdf,EL
14-Apr-21,E LANTAU,3,36.01,SPRING,STANDARD36826,P,2021-04-14,2021,4,2021-22,2021,Final_Report_2021_22.pdf,EL
14-Apr-21,E LANTAU,2,11.69,SPRING,STANDARD36826,S,2021-04-14,2021,4,2021-22,2021,Final_Report_2021_22.pdf,EL
14-Apr-21,E LANTAU,3,13.29,SPRING,STANDARD36826,S,2021-04-14,2021,4,2021-22,2021,Final_Report_2021_22.pdf,EL
14-Apr-21,LAMMA,2,2.26,SPRING,STANDARD36826,P,2021-04-14,2021,4,2021-22,2021,Final_Report_2021_22.pdf,LM
14-Apr-21,LAMMA,3,17.48,SPRING,STANDARD36826,P,2021-04-14,2021,4,2021-22,2021,Final_Report_2021_22.pdf,LM
14-Apr-21,LAMMA,4,10.7,SPRING,STANDARD36826,P,2021-04-14,2021,4,2021-22,2021,Final_Report_2021_22.pdf,LM
14-Apr-21,LAMMA,2,5.32,SPRING,STANDARD36826,S,2021-04-14,2021,4,2021-22,2021,Final_Report_2021_22.pdf,LM
14-Apr-21,LAMMA,3,5.94,SPRING,STANDARD36826,S,2021-04-14,2021,4,2021-22,2021,Final_Report_2021_22.pdf,LM
14-Apr-21,LAMMA,4,1.86,SPRING,STANDARD36826,S,2021-04-14,2021,4,2021-22,2021,Final_Report_2021_22.pdf,LM
22-Apr-21,W LANTAU,2,8.04,SPRING,STANDARD36826,P,2021-04-22,2021,4,2021-22,2021,Final_Report_2021_22.pdf,WL
22-Apr-21,W LANTAU,3,4.69,SPRING,STANDARD36826,P,2021-04-22,2021,4,2021-22,2021,Final_Report_2021_22.pdf,WL
22-Apr-21,W LANTAU,2,6.78,SPRING,STANDARD36826,S,2021-04-22,2021,4,2021-22,2021,Final_Report_2021_22.pdf,WL
22-Apr-21,W LANTAU,3,1.95,SPRING,STANDARD36826,S,2021-04-22,2021,4,2021-22,2021,Final_Report_2021_22.pdf,WL
23-Apr-21,SE LANTAU,1,1.04,SPRING,STANDARD36826,P,2021-04-23,2021,4,2021-22,2021,Final_Report_2021_22.pdf,SEL
23-Apr-21,SE LANTAU,2,25.29,SPRING,STANDARD36826,P,2021-04-23,2021,4,2021-22,2021,Final_Report_2021_22.pdf,SEL
23-Apr-21,SE LANTAU,2,10.29,SPRING,STANDARD36826,S,2021-04-23,2021,4,2021-22,2021,Final_Report_2021_22.pdf,SEL
23-Apr-21,SW LANTAU,2,18.15,SPRING,STANDARD36826,P,2021-04-23,2021,4,2021-22,2021,Final_Report_2021_22.pdf,SWL
23-Apr-21,SW LANTAU,3,4.5,SPRING,STANDARD36826,P,2021-04-23,2021,4,2021-22,2021,Final_Report_2021_22.pdf,SWL
23-Apr-21,SW LANTAU,2,12.15,SPRING,STANDARD36826,S,2021-04-23,2021,4,2021-22,2021,Final_Report_2021_22.pdf,SWL
23-Apr-21,SW LANTAU,3,1.2,SPRING,STANDARD36826,S,2021-04-23,2021,4,2021-22,2021,Final_Report_2021_22.pdf,SWL
28-Apr-21,NW LANTAU,2,22.24,SPRING,STANDARD36826,P,2021-04-28,2021,4,2021-22,2021,Final_Report_2021_22.pdf,NWL
28-Apr-21,NW LANTAU,3,9.91,SPRING,STANDARD36826,P,2021-04-28,2021,4,2021-22,2021,Final_Report_2021_22.pdf,NWL
28-Apr-21,NW LANTAU,2,11.25,SPRING,STANDARD36826,S,2021-04-28,2021,4,2021-22,2021,Final_Report_2021_22.pdf,NWL
28-Apr-21,W LANTAU,2,14.36,SPRING,STANDARD36826,P,2021-04-28,2021,4,2021-22,2021,Final_Report_2021_22.pdf,WL
28-Apr-21,W LANTAU,3,3.6,SPRING,STANDARD36826,P,2021-04-28,2021,4,2021-22,2021,Final_Report_2021_22.pdf,WL
28-Apr-21,W LANTAU,2,8.34,SPRING,STANDARD36826,S,2021-04-28,2021,4,2021-22,2021,Final_Report_2021_22.pdf,WL
28-Apr-21,W LANTAU,3,2.2,SPRING,STANDARD36826,S,2021-04-28,2021,4,2021-22,2021,Final_Report_2021_22.pdf,WL
28-Apr-21,SW LANTAU,2,9.71,SPRING,STANDARD36826,S,2021-04-28,2021,4,2021-22,2021,Final_Report_2021_22.pdf,SWL
29-Apr-21,DEEP BAY,1,2.52,SPRING,STANDARD36826,P,2021-04-29,2021,4,2021-22,2021,Final_Report_2021_22.pdf,DB
29-Apr-21,DEEP BAY,2,7.44,SPRING,STANDARD36826,P,2021-04-29,2021,4,2021-22,2021,Final_Report_2021_22.pdf,DB
29-Apr-21,DEEP BAY,1,5.33,SPRING,STANDARD36826,S,2021-04-29,2021,4,2021-22,2021,Final_Report_2021_22.pdf,DB
29-Apr-21,DEEP BAY,2,0.81,SPRING,STANDARD36826,S,2021-04-29,2021,4,2021-22,2021,Final_Report_2021_22.pdf,DB
29-Apr-21,NE LANTAU,2,22.75,SPRING,STANDARD36826,P,2021-04-29,2021,4,2021-22,2021,Final_Report_2021_22.pdf,NEL
29-Apr-21,NE LANTAU,3,4.08,SPRING,STANDARD36826,P,2021-04-29,2021,4,2021-22,2021,Final_Report_2021_22.pdf,NEL
29-Apr-21,NE LANTAU,2,11.5,SPRING,STANDARD36826,S,2021-04-29,2021,4,2021-22,2021,Final_Report_2021_22.pdf,NEL
29-Apr-21,NE LANTAU,3,1.07,SPRING,STANDARD36826,S,2021-04-29,2021,4,2021-22,2021,Final_Report_2021_22.pdf,NEL
6-May-21,W LANTAU,2,1.15,SPRING,STANDARD36826,P,2021-05-06,2021,5,2021-22,2021,Final_Report_2021_22.pdf,WL
6-May-21,W LANTAU,3,16.79,SPRING,STANDARD36826,P,2021-05-06,2021,5,2021-22,2021,Final_Report_2021_22.pdf,WL
6-May-21,W LANTAU,4,2.41,SPRING,STANDARD36826,P,2021-05-06,2021,5,2021-22,2021,Final_Report_2021_22.pdf,WL
6-May-21,W LANTAU,2,2.16,SPRING,STANDARD36826,S,2021-05-06,2021,5,2021-22,2021,Final_Report_2021_22.pdf,WL
6-May-21,W LANTAU,3,7.61,SPRING,STANDARD36826,S,2021-05-06,2021,5,2021-22,2021,Final_Report_2021_22.pdf,WL
6-May-21,W LANTAU,4,0.89,SPRING,STANDARD36826,S,2021-05-06,2021,5,2021-22,2021,Final_Report_2021_22.pdf,WL
6-May-21,SW LANTAU,3,23.27,SPRING,STANDARD36826,P,2021-05-06,2021,5,2021-22,2021,Final_Report_2021_22.pdf,SWL
6-May-21,SW LANTAU,4,1.62,SPRING,STANDARD36826,P,2021-05-06,2021,5,2021-22,2021,Final_Report_2021_22.pdf,SWL
6-May-21,SW LANTAU,3,9.27,SPRING,STANDARD36826,S,2021-05-06,2021,5,2021-22,2021,Final_Report_2021_22.pdf,SWL
6-May-21,SW LANTAU,4,1.4,SPRING,STANDARD36826,S,2021-05-06,2021,5,2021-22,2021,Final_Report_2021_22.pdf,SWL
7-May-21,SE LANTAU,1,15.92,SPRING,STANDARD36826,P,2021-05-07,2021,5,2021-22,2021,Final_Report_2021_22.pdf,SEL
7-May-21,SE LANTAU,2,11.06,SPRING,STANDARD36826,P,2021-05-07,2021,5,2021-22,2021,Final_Report_2021_22.pdf,SEL
7-May-21,SE LANTAU,1,4.12,SPRING,STANDARD36826,S,2021-05-07,2021,5,2021-22,2021,Final_Report_2021_22.pdf,SEL
7-May-21,SE LANTAU,2,6.4,SPRING,STANDARD36826,S,2021-05-07,2021,5,2021-22,2021,Final_Report_2021_22.pdf,SEL
7-May-21,SW LANTAU,1,8.62,SPRING,STANDARD36826,P,2021-05-07,2021,5,2021-22,2021,Final_Report_2021_22.pdf,SWL
7-May-21,SW LANTAU,2,12.61,SPRING,STANDARD36826,P,2021-05-07,2021,5,2021-22,2021,Final_Report_2021_22.pdf,SWL
7-May-21,SW LANTAU,1,4.03,SPRING,STANDARD36826,S,2021-05-07,2021,5,2021-22,2021,Final_Report_2021_22.pdf,SWL
7-May-21,SW LANTAU,2,8.31,SPRING,STANDARD36826,S,2021-05-07,2021,5,2021-22,2021,Final_Report_2021_22.pdf,SWL
11-May-21,W LANTAU,2,3.48,SPRING,STANDARD36826,P,2021-05-11,2021,5,2021-22,2021,Final_Report_2021_22.pdf,WL
11-May-21,W LANTAU,3,13.48,SPRING,STANDARD36826,P,2021-05-11,2021,5,2021-22,2021,Final_Report_2021_22.pdf,WL
11-May-21,W LANTAU,2,1.89,SPRING,STANDARD36826,S,2021-05-11,2021,5,2021-22,2021,Final_Report_2021_22.pdf,WL
11-May-21,W LANTAU,3,7.33,SPRING,STANDARD36826,S,2021-05-11,2021,5,2021-22,2021,Final_Report_2021_22.pdf,WL
11-May-21,W LANTAU,4,1.3,SPRING,STANDARD36826,S,2021-05-11,2021,5,2021-22,2021,Final_Report_2021_22.pdf,WL
11-May-21,SW LANTAU,2,9.51,SPRING,STANDARD36826,S,2021-05-11,2021,5,2021-22,2021,Final_Report_2021_22.pdf,SWL
12-May-21,SE LANTAU,2,12.26,SPRING,STANDARD36826,P,2021-05-12,2021,5,2021-22,2021,Final_Report_2021_22.pdf,SEL
12-May-21,SE LANTAU,3,17.03,SPRING,STANDARD36826,P,2021-05-12,2021,5,2021-22,2021,Final_Report_2021_22.pdf,SEL
12-May-21,SE LANTAU,2,3.6,SPRING,STANDARD36826,S,2021-05-12,2021,5,2021-22,2021,Final_Report_2021_22.pdf,SEL
12-May-21,SE LANTAU,3,4.31,SPRING,STANDARD36826,S,2021-05-12,2021,5,2021-22,2021,Final_Report_2021_22.pdf,SEL
12-May-21,SW LANTAU,2,9.21,SPRING,STANDARD36826,P,2021-05-12,2021,5,2021-22,2021,Final_Report_2021_22.pdf,SWL
12-May-21,SW LANTAU,3,13.06,SPRING,STANDARD36826,P,2021-05-12,2021,5,2021-22,2021,Final_Report_2021_22.pdf,SWL
12-May-21,SW LANTAU,2,3.3,SPRING,STANDARD36826,S,2021-05-12,2021,5,2021-22,2021,Final_Report_2021_22.pdf,SWL
12-May-21,SW LANTAU,3,6.23,SPRING,STANDARD36826,S,2021-05-12,2021,5,2021-22,2021,Final_Report_2021_22.pdf,SWL
13-May-21,E LANTAU,2,16.21,SPRING,STANDARD36826,P,2021-05-13,2021,5,2021-22,2021,Final_Report_2021_22.pdf,EL
13-May-21,E LANTAU,3,18.29,SPRING,STANDARD36826,P,2021-05-13,2021,5,2021-22,2021,Final_Report_2021_22.pdf,EL
13-May-21,E LANTAU,2,11.18,SPRING,STANDARD36826,S,2021-05-13,2021,5,2021-22,2021,Final_Report_2021_22.pdf,EL
13-May-21,E LANTAU,3,10.35,SPRING,STANDARD36826,S,2021-05-13,2021,5,2021-22,2021,Final_Report_2021_22.pdf,EL
13-May-21,LAMMA,2,24.06,SPRING,STANDARD36826,P,2021-05-13,2021,5,2021-22,2021,Final_Report_2021_22.pdf,LM
13-May-21,LAMMA,3,10.49,SPRING,STANDARD36826,P,2021-05-13,2021,5,2021-22,2021,Final_Report_2021_22.pdf,LM
13-May-21,LAMMA,2,6.89,SPRING,STANDARD36826,S,2021-05-13,2021,5,2021-22,2021,Final_Report_2021_22.pdf,LM
13-May-21,LAMMA,3,4.26,SPRING,STANDARD36826,S,2021-05-13,2021,5,2021-22,2021,Final_Report_2021_22.pdf,LM
18-May-21,LAMMA,2,13.1,SPRING,STANDARD36826,P,2021-05-18,2021,5,2021-22,2021,Final_Report_2021_22.pdf,LM
18-May-21,LAMMA,3,52.55,SPRING,STANDARD36826,P,2021-05-18,2021,5,2021-22,2021,Final_Report_2021_22.pdf,LM
18-May-21,LAMMA,4,6.2,SPRING,STANDARD36826,P,2021-05-18,2021,5,2021-22,2021,Final_Report_2021_22.pdf,LM
18-May-21,LAMMA,2,11.87,SPRING,STANDARD36826,S,2021-05-18,2021,5,2021-22,2021,Final_Report_2021_22.pdf,LM
18-May-21,LAMMA,3,22.28,SPRING,STANDARD36826,S,2021-05-18,2021,5,2021-22,2021,Final_Report_2021_22.pdf,LM
20-May-21,NW LANTAU,2,1.96,SPRING,STANDARD138716,P,2021-05-20,2021,5,2021-22,2021,Final_Report_2021_22.pdf,NWL
20-May-21,NW LANTAU,3,23.66,SPRING,STANDARD138716,P,2021-05-20,2021,5,2021-22,2021,Final_Report_2021_22.pdf,NWL
20-May-21,NW LANTAU,2,2.34,SPRING,STANDARD138716,S,2021-05-20,2021,5,2021-22,2021,Final_Report_2021_22.pdf,NWL
20-May-21,NW LANTAU,3,7.74,SPRING,STANDARD138716,S,2021-05-20,2021,5,2021-22,2021,Final_Report_2021_22.pdf,NWL
20-May-21,W LANTAU,3,10.91,SPRING,STANDARD138716,P,2021-05-20,2021,5,2021-22,2021,Final_Report_2021_22.pdf,WL
20-May-21,W LANTAU,3,9.8,SPRING,STANDARD138716,S,2021-05-20,2021,5,2021-22,2021,Final_Report_2021_22.pdf,WL
20-May-21,SW LANTAU,2,6.74,SPRING,STANDARD138716,S,2021-05-20,2021,5,2021-22,2021,Final_Report_2021_22.pdf,SWL
20-May-21,SW LANTAU,3,2.8,SPRING,STANDARD138716,S,2021-05-20,2021,5,2021-22,2021,Final_Report_2021_22.pdf,SWL
24-May-21,PO TOI,1,24.55,SPRING,STANDARD138716,P,2021-05-24,2021,5,2021-22,2021,Final_Report_2021_22.pdf,PT
24-May-21,PO TOI,2,50.36,SPRING,STANDARD138716,P,2021-05-24,2021,5,2021-22,2021,Final_Report_2021_22.pdf,PT
24-May-21,PO TOI,3,16.27,SPRING,STANDARD138716,P,2021-05-24,2021,5,2021-22,2021,Final_Report_2021_22.pdf,PT
24-May-21,PO TOI,2,6.54,SPRING,STANDARD138716,S,2021-05-24,2021,5,2021-22,2021,Final_Report_2021_22.pdf,PT
24-May-21,PO TOI,3,3.2,SPRING,STANDARD138716,S,2021-05-24,2021,5,2021-22,2021,Final_Report_2021_22.pdf,PT
25-May-21,DEEP BAY,1,0.9,SPRING,STANDARD36826,P,2021-05-25,2021,5,2021-22,2021,Final_Report_2021_22.pdf,DB
25-May-21,DEEP BAY,2,7.2,SPRING,STANDARD36826,P,2021-05-25,2021,5,2021-22,2021,Final_Report_2021_22.pdf,DB
25-May-21,DEEP BAY,1,2.77,SPRING,STANDARD36826,S,2021-05-25,2021,5,2021-22,2021,Final_Report_2021_22.pdf,DB
25-May-21,DEEP BAY,2,7.63,SPRING,STANDARD36826,S,2021-05-25,2021,5,2021-22,2021,Final_Report_2021_22.pdf,DB
25-May-21,NE LANTAU,1,4.9,SPRING,STANDARD36826,P,2021-05-25,2021,5,2021-22,2021,Final_Report_2021_22.pdf,NEL
25-May-21,NE LANTAU,2,16.15,SPRING,STANDARD36826,P,2021-05-25,2021,5,2021-22,2021,Final_Report_2021_22.pdf,NEL
25-May-21,NE LANTAU,1,6.7,SPRING,STANDARD36826,S,2021-05-25,2021,5,2021-22,2021,Final_Report_2021_22.pdf,NEL
25-May-21,NE LANTAU,2,5.25,SPRING,STANDARD36826,S,2021-05-25,2021,5,2021-22,2021,Final_Report_2021_22.pdf,NEL
3-Jun-21,SW LANTAU,2,19.83,SUMMER,STANDARD138716,P,2021-06-03,2021,6,2021-22,2021,Final_Report_2021_22.pdf,SWL
3-Jun-21,SW LANTAU,2,11.37,SUMMER,STANDARD138716,S,2021-06-03,2021,6,2021-22,2021,Final_Report_2021_22.pdf,SWL
3-Jun-21,SE LANTAU,2,41.23,SUMMER,STANDARD138716,P,2021-06-03,2021,6,2021-22,2021,Final_Report_2021_22.pdf,SEL
3-Jun-21,SE LANTAU,2,10.37,SUMMER,STANDARD138716,S,2021-06-03,2021,6,2021-22,2021,Final_Report_2021_22.pdf,SEL
9-Jun-21,W LANTAU,2,13.69,SUMMER,STANDARD138716,P,2021-06-09,2021,6,2021-22,2021,Final_Report_2021_22.pdf,WL
9-Jun-21,W LANTAU,3,7.63,SUMMER,STANDARD138716,P,2021-06-09,2021,6,2021-22,2021,Final_Report_2021_22.pdf,WL
9-Jun-21,W LANTAU,2,7.26,SUMMER,STANDARD138716,S,2021-06-09,2021,6,2021-22,2021,Final_Report_2021_22.pdf,WL
9-Jun-21,W LANTAU,3,4.54,SUMMER,STANDARD138716,S,2021-06-09,2021,6,2021-22,2021,Final_Report_2021_22.pdf,WL
9-Jun-21,SW LANTAU,1,1.2,SUMMER,STANDARD138716,P,2021-06-09,2021,6,2021-22,2021,Final_Report_2021_22.pdf,SWL
9-Jun-21,SW LANTAU,2,16.89,SUMMER,STANDARD138716,P,2021-06-09,2021,6,2021-22,2021,Final_Report_2021_22.pdf,SWL
9-Jun-21,SW LANTAU,3,12.04,SUMMER,STANDARD138716,P,2021-06-09,2021,6,2021-22,2021,Final_Report_2021_22.pdf,SWL
9-Jun-21,SW LANTAU,1,2.1,SUMMER,STANDARD138716,S,2021-06-09,2021,6,2021-22,2021,Final_Report_2021_22.pdf,SWL
9-Jun-21,SW LANTAU,2,5.74,SUMMER,STANDARD138716,S,2021-06-09,2021,6,2021-22,2021,Final_Report_2021_22.pdf,SWL
9-Jun-21,SW LANTAU,3,2.4,SUMMER,STANDARD138716,S,2021-06-09,2021,6,2021-22,2021,Final_Report_2021_22.pdf,SWL
10-Jun-21,SE LANTAU,2,13.81,SUMMER,STANDARD138716,P,2021-06-10,2021,6,2021-22,2021,Final_Report_2021_22.pdf,SEL
10-Jun-21,SE LANTAU,3,17.61,SUMMER,STANDARD138716,P,2021-06-10,2021,6,2021-22,2021,Final_Report_2021_22.pdf,SEL
10-Jun-21,SE LANTAU,2,3.0,SUMMER,STANDARD138716,S,2021-06-10,2021,6,2021-22,2021,Final_Report_2021_22.pdf,SEL
10-Jun-21,SE LANTAU,3,3.78,SUMMER,STANDARD138716,S,2021-06-10,2021,6,2021-22,2021,Final_Report_2021_22.pdf,SEL
10-Jun-21,SW LANTAU,2,2.06,SUMMER,STANDARD138716,P,2021-06-10,2021,6,2021-22,2021,Final_Report_2021_22.pdf,SWL
10-Jun-21,SW LANTAU,3,13.54,SUMMER,STANDARD138716,P,2021-06-10,2021,6,2021-22,2021,Final_Report_2021_22.pdf,SWL
10-Jun-21,SW LANTAU,4,5.58,SUMMER,STANDARD138716,P,2021-06-10,2021,6,2021-22,2021,Final_Report_2021_22.pdf,SWL
10-Jun-21,SW LANTAU,2,4.39,SUMMER,STANDARD138716,S,2021-06-10,2021,6,2021-22,2021,Final_Report_2021_22.pdf,SWL
10-Jun-21,SW LANTAU,3,7.13,SUMMER,STANDARD138716,S,2021-06-10,2021,6,2021-22,2021,Final_Report_2021_22.pdf,SWL
10-Jun-21,SW LANTAU,4,2.1,SUMMER,STANDARD138716,S,2021-06-10,2021,6,2021-22,2021,Final_Report_2021_22.pdf,SWL
16-Jun-21,NW LANTAU,2,2.8,SUMMER,STANDARD138716,P,2021-06-16,2021,6,2021-22,2021,Final_Report_2021_22.pdf,NWL
16-Jun-21,NW LANTAU,3,32.96,SUMMER,STANDARD138716,P,2021-06-16,2021,6,2021-22,2021,Final_Report_2021_22.pdf,NWL
16-Jun-21,NW LANTAU,3,11.74,SUMMER,STANDARD138716,S,2021-06-16,2021,6,2021-22,2021,Final_Report_2021_22.pdf,NWL
16-Jun-21,DEEP BAY,3,9.37,SUMMER,STANDARD138716,P,2021-06-16,2021,6,2021-22,2021,Final_Report_2021_22.pdf,DB
16-Jun-21,DEEP BAY,3,6.43,SUMMER,STANDARD138716,S,2021-06-16,2021,6,2021-22,2021,Final_Report_2021_22.pdf,DB
16-Jun-21,NE LANTAU,2,13.79,SUMMER,STANDARD138716,P,2021-06-16,2021,6,2021-22,2021,Final_Report_2021_22.pdf,NEL
16-Jun-21,NE LANTAU,3,7.21,SUMMER,STANDARD138716,P,2021-06-16,2021,6,2021-22,2021,Final_Report_2021_22.pdf,NEL
16-Jun-21,NE LANTAU,2,10.5,SUMMER,STANDARD138716,S,2021-06-16,2021,6,2021-22,2021,Final_Report_2021_22.pdf,NEL
22-Jun-21,NE LANTAU,2,19.83,SUMMER,STANDARD36826,P,2021-06-22,2021,6,2021-22,2021,Final_Report_2021_22.pdf,NEL
22-Jun-21,NE LANTAU,2,11.07,SUMMER,STANDARD36826,S,2021-06-22,2021,6,2021-22,2021,Final_Report_2021_22.pdf,NEL
22-Jun-21,NW LANTAU,1,8.8,SUMMER,STANDARD36826,P,2021-06-22,2021,6,2021-22,2021,Final_Report_2021_22.pdf,NWL
22-Jun-21,NW LANTAU,2,28.31,SUMMER,STANDARD36826,P,2021-06-22,2021,6,2021-22,2021,Final_Report_2021_22.pdf,NWL
22-Jun-21,NW LANTAU,3,7.42,SUMMER,STANDARD36826,P,2021-06-22,2021,6,2021-22,2021,Final_Report_2021_22.pdf,NWL
22-Jun-21,NW LANTAU,1,1.1,SUMMER,STANDARD36826,S,2021-06-22,2021,6,2021-22,2021,Final_Report_2021_22.pdf,NWL
22-Jun-21,NW LANTAU,2,9.55,SUMMER,STANDARD36826,S,2021-06-22,2021,6,2021-22,2021,Final_Report_2021_22.pdf,NWL
22-Jun-21,NW LANTAU,3,1.22,SUMMER,STANDARD36826,S,2021-06-22,2021,6,2021-22,2021,Final_Report_2021_22.pdf,NWL
2-Jul-21,E LANTAU,2,36.21,SUMMER,STANDARD138716,P,2021-07-02,2021,7,2021-22,2021,Final_Report_2021_22.pdf,EL
2-Jul-21,E LANTAU,3,30.47,SUMMER,STANDARD138716,P,2021-07-02,2021,7,2021-22,2021,Final_Report_2021_22.pdf,EL
2-Jul-21,E LANTAU,2,21.52,SUMMER,STANDARD138716,S,2021-07-02,2021,7,2021-22,2021,Final_Report_2021_22.pdf,EL
2-Jul-21,E LANTAU,3,13.8,SUMMER,STANDARD138716,S,2021-07-02,2021,7,2021-22,2021,Final_Report_2021_22.pdf,EL
5-Jul-21,NINEPINS,3,6.54,SUMMER,STANDARD138716,P,2021-07-05,2021,7,2021-22,2021,Final_Report_2021_22.pdf,NP
5-Jul-21,NINEPINS,4,1.99,SUMMER,STANDARD138716,P,2021-07-05,2021,7,2021-22,2021,Final_Report_2021_22.pdf,NP
5-Jul-21,NINEPINS,3,7.29,SUMMER,STANDARD138716,S,2021-07-05,2021,7,2021-22,2021,Final_Report_2021_22.pdf,NP
5-Jul-21,NINEPINS,4,1.38,SUMMER,STANDARD138716,S,2021-07-05,2021,7,2021-22,2021,Final_Report_2021_22.pdf,NP
5-Jul-21,PO TOI,3,8.53,SUMMER,STANDARD138716,P,2021-07-05,2021,7,2021-22,2021,Final_Report_2021_22.pdf,PT
5-Jul-21,PO TOI,4,0.6,SUMMER,STANDARD138716,P,2021-07-05,2021,7,2021-22,2021,Final_Report_2021_22.pdf,PT
5-Jul-21,PO TOI,2,0.52,SUMMER,STANDARD138716,S,2021-07-05,2021,7,2021-22,2021,Final_Report_2021_22.pdf,PT
5-Jul-21,PO TOI,3,12.15,SUMMER,STANDARD138716,S,2021-07-05,2021,7,2021-22,2021,Final_Report_2021_22.pdf,PT
5-Jul-21,LAMMA,2,1.7,SUMMER,STANDARD138716,P,2021-07-05,2021,7,2021-22,2021,Final_Report_2021_22.pdf,LM
5-Jul-21,LAMMA,3,42.2,SUMMER,STANDARD138716,P,2021-07-05,2021,7,2021-22,2021,Final_Report_2021_22.pdf,LM
5-Jul-21,LAMMA,2,2.7,SUMMER,STANDARD138716,S,2021-07-05,2021,7,2021-22,2021,Final_Report_2021_22.pdf,LM
5-Jul-21,LAMMA,3,8.2,SUMMER,STANDARD138716,S,2021-07-05,2021,7,2021-22,2021,Final_Report_2021_22.pdf,LM
7-Jul-21,W LANTAU,2,2.28,SUMMER,STANDARD138716,P,2021-07-07,2021,7,2021-22,2021,Final_Report_2021_22.pdf,WL
7-Jul-21,W LANTAU,3,17.2,SUMMER,STANDARD138716,P,2021-07-07,2021,7,2021-22,2021,Final_Report_2021_22.pdf,WL
7-Jul-21,W LANTAU,4,1.52,SUMMER,STANDARD138716,P,2021-07-07,2021,7,2021-22,2021,Final_Report_2021_22.pdf,WL
7-Jul-21,W LANTAU,2,8.55,SUMMER,STANDARD138716,S,2021-07-07,2021,7,2021-22,2021,Final_Report_2021_22.pdf,WL
7-Jul-21,W LANTAU,3,9.94,SUMMER,STANDARD138716,S,2021-07-07,2021,7,2021-22,2021,Final_Report_2021_22.pdf,WL
7-Jul-21,W LANTAU,4,2.49,SUMMER,STANDARD138716,S,2021-07-07,2021,7,2021-22,2021,Final_Report_2021_22.pdf,WL
7-Jul-21,NW LANTAU,2,3.27,SUMMER,STANDARD138716,P,2021-07-07,2021,7,2021-22,2021,Final_Report_2021_22.pdf,NWL
7-Jul-21,NW LANTAU,3,10.68,SUMMER,STANDARD138716,P,2021-07-07,2021,7,2021-22,2021,Final_Report_2021_22.pdf,NWL
7-Jul-21,NW LANTAU,2,5.1,SUMMER,STANDARD138716,S,2021-07-07,2021,7,2021-22,2021,Final_Report_2021_22.pdf,NWL
7-Jul-21,NW LANTAU,3,5.85,SUMMER,STANDARD138716,S,2021-07-07,2021,7,2021-22,2021,Final_Report_2021_22.pdf,NWL
8-Jul-21,W LANTAU,2,6.13,SUMMER,STANDARD138716,S,2021-07-08,2021,7,2021-22,2021,Final_Report_2021_22.pdf,WL
8-Jul-21,W LANTAU,3,3.87,SUMMER,STANDARD138716,S,2021-07-08,2021,7,2021-22,2021,Final_Report_2021_22.pdf,WL
12-Jul-21,NINEPINS,1,5.53,SUMMER,STANDARD138716,P,2021-07-12,2021,7,2021-22,2021,Final_Report_2021_22.pdf,NP
12-Jul-21,NINEPINS,2,49.82,SUMMER,STANDARD138716,P,2021-07-12,2021,7,2021-22,2021,Final_Report_2021_22.pdf,NP
12-Jul-21,NINEPINS,3,4.9,SUMMER,STANDARD138716,P,2021-07-12,2021,7,2021-22,2021,Final_Report_2021_22.pdf,NP
12-Jul-21,NINEPINS,2,2.85,SUMMER,STANDARD138716,S,2021-07-12,2021,7,2021-22,2021,Final_Report_2021_22.pdf,NP
12-Jul-21,NINEPINS,3,3.9,SUMMER,STANDARD138716,S,2021-07-12,2021,7,2021-22,2021,Final_Report_2021_22.pdf,NP
12-Jul-21,PO TOI,1,2.67,SUMMER,STANDARD138716,P,2021-07-12,2021,7,2021-22,2021,Final_Report_2021_22.pdf,PT
12-Jul-21,PO TOI,2,17.59,SUMMER,STANDARD138716,P,2021-07-12,2021,7,2021-22,2021,Final_Report_2021_22.pdf,PT
12-Jul-21,PO TOI,3,8.2,SUMMER,STANDARD138716,P,2021-07-12,2021,7,2021-22,2021,Final_Report_2021_22.pdf,PT
15-Jul-21,W LANTAU,1,5.78,SUMMER,STANDARD138716,S,2021-07-15,2021,7,2021-22,2021,Final_Report_2021_22.pdf,WL
15-Jul-21,W LANTAU,2,2.65,SUMMER,STANDARD138716,S,2021-07-15,2021,7,2021-22,2021,Final_Report_2021_22.pdf,WL
15-Jul-21,W LANTAU,3,1.28,SUMMER,STANDARD138716,S,2021-07-15,2021,7,2021-22,2021,Final_Report_2021_22.pdf,WL
22-Jul-21,SW LANTAU,1,13.65,SUMMER,STANDARD138716,P,2021-07-22,2021,7,2021-22,2021,Final_Report_2021_22.pdf,SWL
22-Jul-21,SW LANTAU,2,12.9,SUMMER,STANDARD138716,P,2021-07-22,2021,7,2021-22,2021,Final_Report_2021_22.pdf,SWL
22-Jul-21,SW LANTAU,1,8.27,SUMMER,STANDARD138716,S,2021-07-22,2021,7,2021-22,2021,Final_Report_2021_22.pdf,SWL
22-Jul-21,SW LANTAU,2,2.08,SUMMER,STANDARD138716,S,2021-07-22,2021,7,2021-22,2021,Final_Report_2021_22.pdf,SWL
22-Jul-21,SE LANTAU,2,30.92,SUMMER,STANDARD138716,P,2021-07-22,2021,7,2021-22,2021,Final_Report_2021_22.pdf,SEL
22-Jul-21,SE LANTAU,2,5.38,SUMMER,STANDARD138716,S,2021-07-22,2021,7,2021-22,2021,Final_Report_2021_22.pdf,SEL
22-Jul-21,SE LANTAU,3,0.9,SUMMER,STANDARD138716,S,2021-07-22,2021,7,2021-22,2021,Final_Report_2021_22.pdf,SEL
26-Jul-21,W LANTAU,0,3.14,SUMMER,STANDARD138716,P,2021-07-26,2021,7,2021-22,2021,Final_Report_2021_22.pdf,WL
26-Jul-21,W LANTAU,1,8.43,SUMMER,STANDARD138716,P,2021-07-26,2021,7,2021-22,2021,Final_Report_2021_22.pdf,WL
26-Jul-21,W LANTAU,2,8.66,SUMMER,STANDARD138716,P,2021-07-26,2021,7,2021-22,2021,Final_Report_2021_22.pdf,WL
26-Jul-21,W LANTAU,1,6.15,SUMMER,STANDARD138716,S,2021-07-26,2021,7,2021-22,2021,Final_Report_2021_22.pdf,WL
26-Jul-21,W LANTAU,2,3.92,SUMMER,STANDARD138716,S,2021-07-26,2021,7,2021-22,2021,Final_Report_2021_22.pdf,WL
26-Jul-21,SW LANTAU,2,11.43,SUMMER,STANDARD138716,P,2021-07-26,2021,7,2021-22,2021,Final_Report_2021_22.pdf,SWL
26-Jul-21,SW LANTAU,3,1.24,SUMMER,STANDARD138716,P,2021-07-26,2021,7,2021-22,2021,Final_Report_2021_22.pdf,SWL
26-Jul-21,SW LANTAU,2,7.85,SUMMER,STANDARD138716,S,2021-07-26,2021,7,2021-22,2021,Final_Report_2021_22.pdf,SWL
26-Jul-21,SW LANTAU,3,2.98,SUMMER,STANDARD138716,S,2021-07-26,2021,7,2021-22,2021,Final_Report_2021_22.pdf,SWL
28-Jul-21,NW LANTAU,1,3.38,SUMMER,STANDARD138716,P,2021-07-28,2021,7,2021-22,2021,Final_Report_2021_22.pdf,NWL
28-Jul-21,NW LANTAU,2,22.93,SUMMER,STANDARD138716,P,2021-07-28,2021,7,2021-22,2021,Final_Report_2021_22.pdf,NWL
28-Jul-21,NW LANTAU,1,2.52,SUMMER,STANDARD138716,S,2021-07-28,2021,7,2021-22,2021,Final_Report_2021_22.pdf,NWL
28-Jul-21,NW LANTAU,2,5.27,SUMMER,STANDARD138716,S,2021-07-28,2021,7,2021-22,2021,Final_Report_2021_22.pdf,NWL
28-Jul-21,DEEP BAY,1,3.59,SUMMER,STANDARD138716,P,2021-07-28,2021,7,2021-22,2021,Final_Report_2021_22.pdf,DB
28-Jul-21,DEEP BAY,2,5.76,SUMMER,STANDARD138716,P,2021-07-28,2021,7,2021-22,2021,Final_Report_2021_22.pdf,DB
28-Jul-21,DEEP BAY,1,1.6,SUMMER,STANDARD138716,S,2021-07-28,2021,7,2021-22,2021,Final_Report_2021_22.pdf,DB
28-Jul-21,DEEP BAY,2,4.95,SUMMER,STANDARD138716,S,2021-07-28,2021,7,2021-22,2021,Final_Report_2021_22.pdf,DB
28-Jul-21,NE LANTAU,2,20.25,SUMMER,STANDARD138716,P,2021-07-28,2021,7,2021-22,2021,Final_Report_2021_22.pdf,NEL
28-Jul-21,NE LANTAU,3,3.8,SUMMER,STANDARD138716,P,2021-07-28,2021,7,2021-22,2021,Final_Report_2021_22.pdf,NEL
28-Jul-21,NE LANTAU,2,8.53,SUMMER,STANDARD138716,S,2021-07-28,2021,7,2021-22,2021,Final_Report_2021_22.pdf,NEL
28-Jul-21,NE LANTAU,3,3.92,SUMMER,STANDARD138716,S,2021-07-28,2021,7,2021-22,2021,Final_Report_2021_22.pdf,NEL
2-Aug-21,W LANTAU,1,9.43,SUMMER,STANDARD138716,P,2021-08-02,2021,8,2021-22,2021,Final_Report_2021_22.pdf,WL
2-Aug-21,W LANTAU,2,11.09,SUMMER,STANDARD138716,P,2021-08-02,2021,8,2021-22,2021,Final_Report_2021_22.pdf,WL
2-Aug-21,W LANTAU,1,5.62,SUMMER,STANDARD138716,S,2021-08-02,2021,8,2021-22,2021,Final_Report_2021_22.pdf,WL
2-Aug-21,W LANTAU,2,5.97,SUMMER,STANDARD138716,S,2021-08-02,2021,8,2021-22,2021,Final_Report_2021_22.pdf,WL
2-Aug-21,SW LANTAU,1,8.74,SUMMER,STANDARD138716,P,2021-08-02,2021,8,2021-22,2021,Final_Report_2021_22.pdf,SWL
2-Aug-21,SW LANTAU,2,16.69,SUMMER,STANDARD138716,P,2021-08-02,2021,8,2021-22,2021,Final_Report_2021_22.pdf,SWL
2-Aug-21,SW LANTAU,3,4.8,SUMMER,STANDARD138716,P,2021-08-02,2021,8,2021-22,2021,Final_Report_2021_22.pdf,SWL
2-Aug-21,SW LANTAU,1,2.36,SUMMER,STANDARD138716,S,2021-08-02,2021,8,2021-22,2021,Final_Report_2021_22.pdf,SWL
2-Aug-21,SW LANTAU,2,9.52,SUMMER,STANDARD138716,S,2021-08-02,2021,8,2021-22,2021,Final_Report_2021_22.pdf,SWL
6-Aug-21,NW LANTAU,2,22.8,SUMMER,STANDARD138716,P,2021-08-06,2021,8,2021-22,2021,Final_Report_2021_22.pdf,NWL
6-Aug-21,NW LANTAU,3,14.06,SUMMER,STANDARD138716,P,2021-08-06,2021,8,2021-22,2021,Final_Report_2021_22.pdf,NWL
6-Aug-21,NW LANTAU,2,6.9,SUMMER,STANDARD138716,S,2021-08-06,2021,8,2021-22,2021,Final_Report_2021_22.pdf,NWL
6-Aug-21,NW LANTAU,3,3.64,SUMMER,STANDARD138716,S,2021-08-06,2021,8,2021-22,2021,Final_Report_2021_22.pdf,NWL
6-Aug-21,DEEP BAY,2,6.96,SUMMER,STANDARD138716,P,2021-08-06,2021,8,2021-22,2021,Final_Report_2021_22.pdf,DB
6-Aug-21,DEEP BAY,3,1.6,SUMMER,STANDARD138716,P,2021-08-06,2021,8,2021-22,2021,Final_Report_2021_22.pdf,DB
6-Aug-21,DEEP BAY,2,4.74,SUMMER,STANDARD138716,S,2021-08-06,2021,8,2021-22,2021,Final_Report_2021_22.pdf,DB
6-Aug-21,DEEP BAY,3,2.0,SUMMER,STANDARD138716,S,2021-08-06,2021,8,2021-22,2021,Final_Report_2021_22.pdf,DB
6-Aug-21,NE LANTAU,2,14.53,SUMMER,STANDARD138716,P,2021-08-06,2021,8,2021-22,2021,Final_Report_2021_22.pdf,NEL
6-Aug-21,NE LANTAU,3,2.76,SUMMER,STANDARD138716,P,2021-08-06,2021,8,2021-22,2021,Final_Report_2021_22.pdf,NEL
6-Aug-21,NE LANTAU,2,9.3,SUMMER,STANDARD138716,S,2021-08-06,2021,8,2021-22,2021,Final_Report_2021_22.pdf,NEL
6-Aug-21,NE LANTAU,3,1.51,SUMMER,STANDARD138716,S,2021-08-06,2021,8,2021-22,2021,Final_Report_2021_22.pdf,NEL
10-Aug-21,W LANTAU,2,6.09,SUMMER,STANDARD36826,S,2021-08-10,2021,8,2021-22,2021,Final_Report_2021_22.pdf,WL
10-Aug-21,W LANTAU,3,4.97,SUMMER,STANDARD36826,S,2021-08-10,2021,8,2021-22,2021,Final_Report_2021_22.pdf,WL
19-Aug-21,E LANTAU,1,0.8,SUMMER,STANDARD138716,P,2021-08-19,2021,8,2021-22,2021,Final_Report_2021_22.pdf,EL
19-Aug-21,E LANTAU,2,26.51,SUMMER,STANDARD138716,P,2021-08-19,2021,8,2021-22,2021,Final_Report_2021_22.pdf,EL
19-Aug-21,E LANTAU,3,8.53,SUMMER,STANDARD138716,P,2021-08-19,2021,8,2021-22,2021,Final_Report_2021_22.pdf,EL
19-Aug-21,E LANTAU,1,1.7,SUMMER,STANDARD138716,S,2021-08-19,2021,8,2021-22,2021,Final_Report_2021_22.pdf,EL
19-Aug-21,E LANTAU,2,16.06,SUMMER,STANDARD138716,S,2021-08-19,2021,8,2021-22,2021,Final_Report_2021_22.pdf,EL
19-Aug-21,E LANTAU,3,1.3,SUMMER,STANDARD138716,S,2021-08-19,2021,8,2021-22,2021,Final_Report_2021_22.pdf,EL
19-Aug-21,SE LANTAU,2,24.38,SUMMER,STANDARD138716,P,2021-08-19,2021,8,2021-22,2021,Final_Report_2021_22.pdf,SEL
19-Aug-21,SE LANTAU,3,2.31,SUMMER,STANDARD138716,P,2021-08-19,2021,8,2021-22,2021,Final_Report_2021_22.pdf,SEL
19-Aug-21,SE LANTAU,2,10.21,SUMMER,STANDARD138716,S,2021-08-19,2021,8,2021-22,2021,Final_Report_2021_22.pdf,SEL
19-Aug-21,SW LANTAU,2,2.19,SUMMER,STANDARD138716,P,2021-08-19,2021,8,2021-22,2021,Final_Report_2021_22.pdf,SWL
19-Aug-21,SW LANTAU,3,4.32,SUMMER,STANDARD138716,P,2021-08-19,2021,8,2021-22,2021,Final_Report_2021_22.pdf,SWL
20-Aug-21,PO TOI,1,18.79,SUMMER,STANDARD138716,P,2021-08-20,2021,8,2021-22,2021,Final_Report_2021_22.pdf,PT
20-Aug-21,PO TOI,2,53.42,SUMMER,STANDARD138716,P,2021-08-20,2021,8,2021-22,2021,Final_Report_2021_22.pdf,PT
20-Aug-21,PO TOI,3,5.6,SUMMER,STANDARD138716,P,2021-08-20,2021,8,2021-22,2021,Final_Report_2021_22.pdf,PT
20-Aug-21,PO TOI,1,1.8,SUMMER,STANDARD138716,S,2021-08-20,2021,8,2021-22,2021,Final_Report_2021_22.pdf,PT
20-Aug-21,PO TOI,2,9.93,SUMMER,STANDARD138716,S,2021-08-20,2021,8,2021-22,2021,Final_Report_2021_22.pdf,PT
20-Aug-21,PO TOI,3,3.5,SUMMER,STANDARD138716,S,2021-08-20,2021,8,2021-22,2021,Final_Report_2021_22.pdf,PT
23-Aug-21,NINEPINS,1,17.69,SUMMER,STANDARD138716,P,2021-08-23,2021,8,2021-22,2021,Final_Report_2021_22.pdf,NP
23-Aug-21,NINEPINS,2,66.72,SUMMER,STANDARD138716,P,2021-08-23,2021,8,2021-22,2021,Final_Report_2021_22.pdf,NP
23-Aug-21,NINEPINS,2,7.1,SUMMER,STANDARD138716,S,2021-08-23,2021,8,2021-22,2021,Final_Report_2021_22.pdf,NP
25-Aug-21,W LANTAU,2,7.73,SUMMER,STANDARD138716,S,2021-08-25,2021,8,2021-22,2021,Final_Report_2021_22.pdf,WL
25-Aug-21,W LANTAU,3,2.77,SUMMER,STANDARD138716,S,2021-08-25,2021,8,2021-22,2021,Final_Report_2021_22.pdf,WL
25-Aug-21,SW LANTAU,1,7.22,SUMMER,STANDARD138716,P,2021-08-25,2021,8,2021-22,2021,Final_Report_2021_22.pdf,SWL
25-Aug-21,SW LANTAU,2,15.96,SUMMER,STANDARD138716,P,2021-08-25,2021,8,2021-22,2021,Final_Report_2021_22.pdf,SWL
25-Aug-21,SW LANTAU,1,3.28,SUMMER,STANDARD138716,S,2021-08-25,2021,8,2021-22,2021,Final_Report_2021_22.pdf,SWL
25-Aug-21,SW LANTAU,2,11.79,SUMMER,STANDARD138716,S,2021-08-25,2021,8,2021-22,2021,Final_Report_2021_22.pdf,SWL
25-Aug-21,SE LANTAU,1,15.97,SUMMER,STANDARD138716,P,2021-08-25,2021,8,2021-22,2021,Final_Report_2021_22.pdf,SEL
25-Aug-21,SE LANTAU,2,13.07,SUMMER,STANDARD138716,P,2021-08-25,2021,8,2021-22,2021,Final_Report_2021_22.pdf,SEL
25-Aug-21,SE LANTAU,3,0.4,SUMMER,STANDARD138716,P,2021-08-25,2021,8,2021-22,2021,Final_Report_2021_22.pdf,SEL
25-Aug-21,SE LANTAU,2,5.86,SUMMER,STANDARD138716,S,2021-08-25,2021,8,2021-22,2021,Final_Report_2021_22.pdf,SEL
30-Aug-21,W LANTAU,2,18.86,SUMMER,STANDARD138716,P,2021-08-30,2021,8,2021-22,2021,Final_Report_2021_22.pdf,WL
30-Aug-21,W LANTAU,3,2.88,SUMMER,STANDARD138716,P,2021-08-30,2021,8,2021-22,2021,Final_Report_2021_22.pdf,WL
30-Aug-21,W LANTAU,2,9.53,SUMMER,STANDARD138716,S,2021-08-30,2021,8,2021-22,2021,Final_Report_2021_22.pdf,WL
30-Aug-21,W LANTAU,3,2.03,SUMMER,STANDARD138716,S,2021-08-30,2021,8,2021-22,2021,Final_Report_2021_22.pdf,WL
30-Aug-21,SW LANTAU,2,5.4,SUMMER,STANDARD138716,P,2021-08-30,2021,8,2021-22,2021,Final_Report_2021_22.pdf,SWL
30-Aug-21,SW LANTAU,3,20.96,SUMMER,STANDARD138716,P,2021-08-30,2021,8,2021-22,2021,Final_Report_2021_22.pdf,SWL
30-Aug-21,SW LANTAU,4,2.1,SUMMER,STANDARD138716,P,2021-08-30,2021,8,2021-22,2021,Final_Report_2021_22.pdf,SWL
30-Aug-21,SW LANTAU,3,10.57,SUMMER,STANDARD138716,S,2021-08-30,2021,8,2021-22,2021,Final_Report_2021_22.pdf,SWL
30-Aug-21,SE LANTAU,2,2.74,SUMMER,STANDARD138716,P,2021-08-30,2021,8,2021-22,2021,Final_Report_2021_22.pdf,SEL
30-Aug-21,SE LANTAU,3,4.85,SUMMER,STANDARD138716,P,2021-08-30,2021,8,2021-22,2021,Final_Report_2021_22.pdf,SEL
30-Aug-21,SE LANTAU,2,6.21,SUMMER,STANDARD138716,S,2021-08-30,2021,8,2021-22,2021,Final_Report_2021_22.pdf,SEL
1-Sep-21,NW LANTAU,1,5.02,AUTUMN,STANDARD138716,P,2021-09-01,2021,9,2021-22,2021,Final_Report_2021_22.pdf,NWL
1-Sep-21,NW LANTAU,2,20.12,AUTUMN,STANDARD138716,P,2021-09-01,2021,9,2021-22,2021,Final_Report_2021_22.pdf,NWL
1-Sep-21,NW LANTAU,3,1.7,AUTUMN,STANDARD138716,P,2021-09-01,2021,9,2021-22,2021,Final_Report_2021_22.pdf,NWL
1-Sep-21,NW LANTAU,1,2.22,AUTUMN,STANDARD138716,S,2021-09-01,2021,9,2021-22,2021,Final_Report_2021_22.pdf,NWL
1-Sep-21,NW LANTAU,2,4.44,AUTUMN,STANDARD138716,S,2021-09-01,2021,9,2021-22,2021,Final_Report_2021_22.pdf,NWL
1-Sep-21,DEEP BAY,2,8.44,AUTUMN,STANDARD138716,P,2021-09-01,2021,9,2021-22,2021,Final_Report_2021_22.pdf,DB
1-Sep-21,DEEP BAY,2,7.06,AUTUMN,STANDARD138716,S,2021-09-01,2021,9,2021-22,2021,Final_Report_2021_22.pdf,DB
1-Sep-21,NE LANTAU,1,2.93,AUTUMN,STANDARD138716,P,2021-09-01,2021,9,2021-22,2021,Final_Report_2021_22.pdf,NEL
1-Sep-21,NE LANTAU,2,18.41,AUTUMN,STANDARD138716,P,2021-09-01,2021,9,2021-22,2021,Final_Report_2021_22.pdf,NEL
1-Sep-21,NE LANTAU,3,3.49,AUTUMN,STANDARD138716,P,2021-09-01,2021,9,2021-22,2021,Final_Report_2021_22.pdf,NEL
1-Sep-21,NE LANTAU,1,1.81,AUTUMN,STANDARD138716,S,2021-09-01,2021,9,2021-22,2021,Final_Report_2021_22.pdf,NEL
1-Sep-21,NE LANTAU,2,6.3,AUTUMN,STANDARD138716,S,2021-09-01,2021,9,2021-22,2021,Final_Report_2021_22.pdf,NEL
1-Sep-21,NE LANTAU,3,1.86,AUTUMN,STANDARD138716,S,2021-09-01,2021,9,2021-22,2021,Final_Report_2021_22.pdf,NEL
3-Sep-21,PO TOI,0,2.93,AUTUMN,STANDARD138716,P,2021-09-03,2021,9,2021-22,2021,Final_Report_2021_22.pdf,PT
3-Sep-21,PO TOI,1,19.95,AUTUMN,STANDARD138716,P,2021-09-03,2021,9,2021-22,2021,Final_Report_2021_22.pdf,PT
3-Sep-21,PO TOI,2,52.07,AUTUMN,STANDARD138716,P,2021-09-03,2021,9,2021-22,2021,Final_Report_2021_22.pdf,PT
3-Sep-21,PO TOI,3,1.9,AUTUMN,STANDARD138716,P,2021-09-03,2021,9,2021-22,2021,Final_Report_2021_22.pdf,PT
3-Sep-21,PO TOI,1,2.43,AUTUMN,STANDARD138716,S,2021-09-03,2021,9,2021-22,2021,Final_Report_2021_22.pdf,PT
3-Sep-21,PO TOI,2,5.53,AUTUMN,STANDARD138716,S,2021-09-03,2021,9,2021-22,2021,Final_Report_2021_22.pdf,PT
3-Sep-21,NINEPINS,1,3.4,AUTUMN,STANDARD138716,P,2021-09-03,2021,9,2021-22,2021,Final_Report_2021_22.pdf,NP
3-Sep-21,NINEPINS,2,15.5,AUTUMN,STANDARD138716,P,2021-09-03,2021,9,2021-22,2021,Final_Report_2021_22.pdf,NP
6-Sep-21,E LANTAU,1,4.63,AUTUMN,STANDARD138716,P,2021-09-06,2021,9,2021-22,2021,Final_Report_2021_22.pdf,EL
6-Sep-21,E LANTAU,2,33.88,AUTUMN,STANDARD138716,P,2021-09-06,2021,9,2021-22,2021,Final_Report_2021_22.pdf,EL
6-Sep-21,E LANTAU,3,1.3,AUTUMN,STANDARD138716,P,2021-09-06,2021,9,2021-22,2021,Final_Report_2021_22.pdf,EL
6-Sep-21,E LANTAU,1,1.4,AUTUMN,STANDARD138716,S,2021-09-06,2021,9,2021-22,2021,Final_Report_2021_22.pdf,EL
6-Sep-21,E LANTAU,2,25.29,AUTUMN,STANDARD138716,S,2021-09-06,2021,9,2021-22,2021,Final_Report_2021_22.pdf,EL
6-Sep-21,E LANTAU,3,2.1,AUTUMN,STANDARD138716,S,2021-09-06,2021,9,2021-22,2021,Final_Report_2021_22.pdf,EL
6-Sep-21,SE LANTAU,1,9.8,AUTUMN,STANDARD138716,P,2021-09-06,2021,9,2021-22,2021,Final_Report_2021_22.pdf,SEL
6-Sep-21,SE LANTAU,2,12.43,AUTUMN,STANDARD138716,P,2021-09-06,2021,9,2021-22,2021,Final_Report_2021_22.pdf,SEL
6-Sep-21,SE LANTAU,1,6.07,AUTUMN,STANDARD138716,S,2021-09-06,2021,9,2021-22,2021,Final_Report_2021_22.pdf,SEL
6-Sep-21,SE LANTAU,2,3.9,AUTUMN,STANDARD138716,S,2021-09-06,2021,9,2021-22,2021,Final_Report_2021_22.pdf,SEL
9-Sep-21,W LANTAU,1,9.89,AUTUMN,STANDARD36826,S,2021-09-09,2021,9,2021-22,2021,Final_Report_2021_22.pdf,WL
9-Sep-21,W LANTAU,2,1.21,AUTUMN,STANDARD36826,S,2021-09-09,2021,9,2021-22,2021,Final_Report_2021_22.pdf,WL
14-Sep-21,W LANTAU,1,10.2,AUTUMN,STANDARD138716,S,2021-09-14,2021,9,2021-22,2021,Final_Report_2021_22.pdf,WL
15-Sep-21,LAMMA,1,2.86,AUTUMN,STANDARD138716,P,2021-09-15,2021,9,2021-22,2021,Final_Report_2021_22.pdf,LM
15-Sep-21,LAMMA,2,17.36,AUTUMN,STANDARD138716,P,2021-09-15,2021,9,2021-22,2021,Final_Report_2021_22.pdf,LM
15-Sep-21,LAMMA,3,7.0,AUTUMN,STANDARD138716,P,2021-09-15,2021,9,2021-22,2021,Final_Report_2021_22.pdf,LM
15-Sep-21,LAMMA,1,1.68,AUTUMN,STANDARD138716,S,2021-09-15,2021,9,2021-22,2021,Final_Report_2021_22.pdf,LM
15-Sep-21,LAMMA,2,6.71,AUTUMN,STANDARD138716,S,2021-09-15,2021,9,2021-22,2021,Final_Report_2021_22.pdf,LM
15-Sep-21,LAMMA,3,1.9,AUTUMN,STANDARD138716,S,2021-09-15,2021,9,2021-22,2021,Final_Report_2021_22.pdf,LM
15-Sep-21,PO TOI,2,2.7,AUTUMN,STANDARD138716,P,2021-09-15,2021,9,2021-22,2021,Final_Report_2021_22.pdf,PT
15-Sep-21,PO TOI,3,34.01,AUTUMN,STANDARD138716,P,2021-09-15,2021,9,2021-22,2021,Final_Report_2021_22.pdf,PT
15-Sep-21,PO TOI,4,4.4,AUTUMN,STANDARD138716,P,2021-09-15,2021,9,2021-22,2021,Final_Report_2021_22.pdf,PT
15-Sep-21,PO TOI,3,7.39,AUTUMN,STANDARD138716,S,2021-09-15,2021,9,2021-22,2021,Final_Report_2021_22.pdf,PT
15-Sep-21,NINEPINS,2,4.5,AUTUMN,STANDARD138716,P,2021-09-15,2021,9,2021-22,2021,Final_Report_2021_22.pdf,NP
15-Sep-21,NINEPINS,3,6.4,AUTUMN,STANDARD138716,P,2021-09-15,2021,9,2021-22,2021,Final_Report_2021_22.pdf,NP
15-Sep-21,NINEPINS,3,1.01,AUTUMN,STANDARD138716,S,2021-09-15,2021,9,2021-22,2021,Final_Report_2021_22.pdf,NP
17-Sep-21,W LANTAU,1,7.04,AUTUMN,STANDARD138716,P,2021-09-17,2021,9,2021-22,2021,Final_Report_2021_22.pdf,WL
17-Sep-21,W LANTAU,2,13.63,AUTUMN,STANDARD138716,P,2021-09-17,2021,9,2021-22,2021,Final_Report_2021_22.pdf,WL
17-Sep-21,W LANTAU,1,1.02,AUTUMN,STANDARD138716,S,2021-09-17,2021,9,2021-22,2021,Final_Report_2021_22.pdf,WL
17-Sep-21,W LANTAU,2,8.3,AUTUMN,STANDARD138716,S,2021-09-17,2021,9,2021-22,2021,Final_Report_2021_22.pdf,WL
17-Sep-21,SW LANTAU,1,1.21,AUTUMN,STANDARD138716,P,2021-09-17,2021,9,2021-22,2021,Final_Report_2021_22.pdf,SWL
17-Sep-21,SW LANTAU,2,16.37,AUTUMN,STANDARD138716,P,2021-09-17,2021,9,2021-22,2021,Final_Report_2021_22.pdf,SWL
17-Sep-21,SW LANTAU,1,3.22,AUTUMN,STANDARD138716,S,2021-09-17,2021,9,2021-22,2021,Final_Report_2021_22.pdf,SWL
17-Sep-21,SW LANTAU,2,9.2,AUTUMN,STANDARD138716,S,2021-09-17,2021,9,2021-22,2021,Final_Report_2021_22.pdf,SWL
17-Sep-21,SW LANTAU,3,2.7,AUTUMN,STANDARD138716,S,2021-09-17,2021,9,2021-22,2021,Final_Report_2021_22.pdf,SWL
17-Sep-21,SE LANTAU,1,6.23,AUTUMN,STANDARD138716,S,2021-09-17,2021,9,2021-22,2021,Final_Report_2021_22.pdf,SEL
17-Sep-21,SE LANTAU,2,0.74,AUTUMN,STANDARD138716,S,2021-09-17,2021,9,2021-22,2021,Final_Report_2021_22.pdf,SEL
4-Oct-21,NW LANTAU,2,9.3,AUTUMN,STANDARD138716,P,2021-10-04,2021,10,2021-22,2021,Final_Report_2021_22.pdf,NWL
4-Oct-21,NW LANTAU,3,26.5,AUTUMN,STANDARD138716,P,2021-10-04,2021,10,2021-22,2021,Final_Report_2021_22.pdf,NWL
4-Oct-21,NW LANTAU,2,2.6,AUTUMN,STANDARD138716,S,2021-10-04,2021,10,2021-22,2021,Final_Report_2021_22.pdf,NWL
4-Oct-21,NW LANTAU,3,7.0,AUTUMN,STANDARD138716,S,2021-10-04,2021,10,2021-22,2021,Final_Report_2021_22.pdf,NWL
4-Oct-21,DEEP BAY,2,6.52,AUTUMN,STANDARD138716,P,2021-10-04,2021,10,2021-22,2021,Final_Report_2021_22.pdf,DB
4-Oct-21,DEEP BAY,3,3.48,AUTUMN,STANDARD138716,P,2021-10-04,2021,10,2021-22,2021,Final_Report_2021_22.pdf,DB
4-Oct-21,DEEP BAY,2,4.91,AUTUMN,STANDARD138716,S,2021-10-04,2021,10,2021-22,2021,Final_Report_2021_22.pdf,DB
4-Oct-21,DEEP BAY,3,0.39,AUTUMN,STANDARD138716,S,2021-10-04,2021,10,2021-22,2021,Final_Report_2021_22.pdf,DB
4-Oct-21,NE LANTAU,2,10.36,AUTUMN,STANDARD138716,P,2021-10-04,2021,10,2021-22,2021,Final_Report_2021_22.pdf,NEL
4-Oct-21,NE LANTAU,3,10.12,AUTUMN,STANDARD138716,P,2021-10-04,2021,10,2021-22,2021,Final_Report_2021_22.pdf,NEL
4-Oct-21,NE LANTAU,2,8.54,AUTUMN,STANDARD138716,S,2021-10-04,2021,10,2021-22,2021,Final_Report_2021_22.pdf,NEL
4-Oct-21,NE LANTAU,3,1.08,AUTUMN,STANDARD138716,S,2021-10-04,2021,10,2021-22,2021,Final_Report_2021_22.pdf,NEL
5-Oct-21,W LANTAU,2,5.52,AUTUMN,STANDARD36826,S,2021-10-05,2021,10,2021-22,2021,Final_Report_2021_22.pdf,WL
5-Oct-21,W LANTAU,3,5.27,AUTUMN,STANDARD36826,S,2021-10-05,2021,10,2021-22,2021,Final_Report_2021_22.pdf,WL
6-Oct-21,W LANTAU,2,10.4,AUTUMN,STANDARD138716,P,2021-10-06,2021,10,2021-22,2021,Final_Report_2021_22.pdf,WL
6-Oct-21,W LANTAU,3,8.27,AUTUMN,STANDARD138716,P,2021-10-06,2021,10,2021-22,2021,Final_Report_2021_22.pdf,WL
6-Oct-21,W LANTAU,4,0.73,AUTUMN,STANDARD138716,P,2021-10-06,2021,10,2021-22,2021,Final_Report_2021_22.pdf,WL
6-Oct-21,W LANTAU,2,5.72,AUTUMN,STANDARD138716,S,2021-10-06,2021,10,2021-22,2021,Final_Report_2021_22.pdf,WL
6-Oct-21,W LANTAU,3,15.9,AUTUMN,STANDARD138716,S,2021-10-06,2021,10,2021-22,2021,Final_Report_2021_22.pdf,WL
6-Oct-21,W LANTAU,4,1.04,AUTUMN,STANDARD138716,S,2021-10-06,2021,10,2021-22,2021,Final_Report_2021_22.pdf,WL
6-Oct-21,NW LANTAU,2,8.02,AUTUMN,STANDARD138716,P,2021-10-06,2021,10,2021-22,2021,Final_Report_2021_22.pdf,NWL
6-Oct-21,NW LANTAU,3,7.6,AUTUMN,STANDARD138716,P,2021-10-06,2021,10,2021-22,2021,Final_Report_2021_22.pdf,NWL
6-Oct-21,NW LANTAU,2,4.48,AUTUMN,STANDARD138716,S,2021-10-06,2021,10,2021-22,2021,Final_Report_2021_22.pdf,NWL
6-Oct-21,NW LANTAU,3,2.3,AUTUMN,STANDARD138716,S,2021-10-06,2021,10,2021-22,2021,Final_Report_2021_22.pdf,NWL
18-Oct-21,W LANTAU,2,3.42,AUTUMN,STANDARD138716,P,2021-10-18,2021,10,2021-22,2021,Final_Report_2021_22.pdf,WL
18-Oct-21,W LANTAU,3,16.73,AUTUMN,STANDARD138716,P,2021-10-18,2021,10,2021-22,2021,Final_Report_2021_22.pdf,WL
18-Oct-21,W LANTAU,2,2.16,AUTUMN,STANDARD138716,S,2021-10-18,2021,10,2021-22,2021,Final_Report_2021_22.pdf,WL
18-Oct-21,W LANTAU,3,8.87,AUTUMN,STANDARD138716,S,2021-10-18,2021,10,2021-22,2021,Final_Report_2021_22.pdf,WL
18-Oct-21,SW LANTAU,2,26.65,AUTUMN,STANDARD138716,P,2021-10-18,2021,10,2021-22,2021,Final_Report_2021_22.pdf,SWL
18-Oct-21,SW LANTAU,3,1.84,AUTUMN,STANDARD138716,P,2021-10-18,2021,10,2021-22,2021,Final_Report_2021_22.pdf,SWL
18-Oct-21,SW LANTAU,2,10.04,AUTUMN,STANDARD138716,S,2021-10-18,2021,10,2021-22,2021,Final_Report_2021_22.pdf,SWL
19-Oct-21,W LANTAU,1,5.62,AUTUMN,STANDARD138716,P,2021-10-19,2021,10,2021-22,2021,Final_Report_2021_22.pdf,WL
19-Oct-21,W LANTAU,2,16.03,AUTUMN,STANDARD138716,P,2021-10-19,2021,10,2021-22,2021,Final_Report_2021_22.pdf,WL
19-Oct-21,W LANTAU,1,2.3,AUTUMN,STANDARD138716,S,2021-10-19,2021,10,2021-22,2021,Final_Report_2021_22.pdf,WL
19-Oct-21,W LANTAU,2,9.3,AUTUMN,STANDARD138716,S,2021-10-19,2021,10,2021-22,2021,Final_Report_2021_22.pdf,WL
19-Oct-21,SW LANTAU,3,4.47,AUTUMN,STANDARD138716,P,2021-10-19,2021,10,2021-22,2021,Final_Report_2021_22.pdf,SWL
19-Oct-21,SW LANTAU,1,4.39,AUTUMN,STANDARD138716,S,2021-10-19,2021,10,2021-22,2021,Final_Report_2021_22.pdf,SWL
19-Oct-21,SW LANTAU,2,4.34,AUTUMN,STANDARD138716,S,2021-10-19,2021,10,2021-22,2021,Final_Report_2021_22.pdf,SWL
19-Oct-21,SE LANTAU,2,9.86,AUTUMN,STANDARD138716,P,2021-10-19,2021,10,2021-22,2021,Final_Report_2021_22.pdf,SEL
19-Oct-21,SE LANTAU,3,12.05,AUTUMN,STANDARD138716,P,2021-10-19,2021,10,2021-22,2021,Final_Report_2021_22.pdf,SEL
19-Oct-21,SE LANTAU,2,3.89,AUTUMN,STANDARD138716,S,2021-10-19,2021,10,2021-22,2021,Final_Report_2021_22.pdf,SEL
19-Oct-21,SE LANTAU,3,2.0,AUTUMN,STANDARD138716,S,2021-10-19,2021,10,2021-22,2021,Final_Report_2021_22.pdf,SEL
21-Oct-21,NW LANTAU,2,5.86,AUTUMN,STANDARD138716,P,2021-10-21,2021,10,2021-22,2021,Final_Report_2021_22.pdf,NWL
21-Oct-21,NW LANTAU,2,2.11,AUTUMN,STANDARD138716,S,2021-10-21,2021,10,2021-22,2021,Final_Report_2021_22.pdf,NWL
21-Oct-21,NE LANTAU,2,4.01,AUTUMN,STANDARD138716,P,2021-10-21,2021,10,2021-22,2021,Final_Report_2021_22.pdf,NEL
21-Oct-21,NE LANTAU,3,8.11,AUTUMN,STANDARD138716,P,2021-10-21,2021,10,2021-22,2021,Final_Report_2021_22.pdf,NEL
21-Oct-21,NE LANTAU,2,8.38,AUTUMN,STANDARD138716,S,2021-10-21,2021,10,2021-22,2021,Final_Report_2021_22.pdf,NEL
21-Oct-21,NE LANTAU,3,2.2,AUTUMN,STANDARD138716,S,2021-10-21,2021,10,2021-22,2021,Final_Report_2021_22.pdf,NEL
21-Oct-21,E LANTAU,2,11.84,AUTUMN,STANDARD138716,P,2021-10-21,2021,10,2021-22,2021,Final_Report_2021_22.pdf,EL
21-Oct-21,E LANTAU,3,25.6,AUTUMN,STANDARD138716,P,2021-10-21,2021,10,2021-22,2021,Final_Report_2021_22.pdf,EL
21-Oct-21,E LANTAU,4,1.7,AUTUMN,STANDARD138716,P,2021-10-21,2021,10,2021-22,2021,Final_Report_2021_22.pdf,EL
21-Oct-21,E LANTAU,2,10.01,AUTUMN,STANDARD138716,S,2021-10-21,2021,10,2021-22,2021,Final_Report_2021_22.pdf,EL
21-Oct-21,E LANTAU,3,15.65,AUTUMN,STANDARD138716,S,2021-10-21,2021,10,2021-22,2021,Final_Report_2021_22.pdf,EL
25-Oct-21,LAMMA,2,17.19,AUTUMN,STANDARD138716,P,2021-10-25,2021,10,2021-22,2021,Final_Report_2021_22.pdf,LM
25-Oct-21,LAMMA,3,29.79,AUTUMN,STANDARD138716,P,2021-10-25,2021,10,2021-22,2021,Final_Report_2021_22.pdf,LM
25-Oct-21,LAMMA,2,2.82,AUTUMN,STANDARD138716,S,2021-10-25,2021,10,2021-22,2021,Final_Report_2021_22.pdf,LM
25-Oct-21,LAMMA,3,6.5,AUTUMN,STANDARD138716,S,2021-10-25,2021,10,2021-22,2021,Final_Report_2021_22.pdf,LM
25-Oct-21,SE LANTAU,2,23.71,AUTUMN,STANDARD138716,P,2021-10-25,2021,10,2021-22,2021,Final_Report_2021_22.pdf,SEL
25-Oct-21,SE LANTAU,2,14.11,AUTUMN,STANDARD138716,S,2021-10-25,2021,10,2021-22,2021,Final_Report_2021_22.pdf,SEL
25-Oct-21,SW LANTAU,2,6.77,AUTUMN,STANDARD138716,P,2021-10-25,2021,10,2021-22,2021,Final_Report_2021_22.pdf,SWL
2-Nov-21,NW LANTAU,2,12.59,AUTUMN,STANDARD36826,P,2021-11-02,2021,11,2021-22,2021,Final_Report_2021_22.pdf,NWL
2-Nov-21,NW LANTAU,3,14.61,AUTUMN,STANDARD36826,P,2021-11-02,2021,11,2021-22,2021,Final_Report_2021_22.pdf,NWL
2-Nov-21,NW LANTAU,2,4.8,AUTUMN,STANDARD36826,S,2021-11-02,2021,11,2021-22,2021,Final_Report_2021_22.pdf,NWL
2-Nov-21,NW LANTAU,3,2.4,AUTUMN,STANDARD36826,S,2021-11-02,2021,11,2021-22,2021,Final_Report_2021_22.pdf,NWL
2-Nov-21,DEEP BAY,2,5.23,AUTUMN,STANDARD36826,P,2021-11-02,2021,11,2021-22,2021,Final_Report_2021_22.pdf,DB
2-Nov-21,DEEP BAY,3,3.11,AUTUMN,STANDARD36826,P,2021-11-02,2021,11,2021-22,2021,Final_Report_2021_22.pdf,DB
2-Nov-21,DEEP BAY,2,10.16,AUTUMN,STANDARD36826,S,2021-11-02,2021,11,2021-22,2021,Final_Report_2021_22.pdf,DB
2-Nov-21,NE LANTAU,2,9.47,AUTUMN,STANDARD36826,P,2021-11-02,2021,11,2021-22,2021,Final_Report_2021_22.pdf,NEL
2-Nov-21,NE LANTAU,2,11.63,AUTUMN,STANDARD36826,S,2021-11-02,2021,11,2021-22,2021,Final_Report_2021_22.pdf,NEL
3-Nov-21,W LANTAU,2,7.32,AUTUMN,STANDARD138716,S,2021-11-03,2021,11,2021-22,2021,Final_Report_2021_22.pdf,WL
3-Nov-21,W LANTAU,3,2.24,AUTUMN,STANDARD138716,S,2021-11-03,2021,11,2021-22,2021,Final_Report_2021_22.pdf,WL
4-Nov-21,W LANTAU,2,19.27,AUTUMN,STANDARD138716,P,2021-11-04,2021,11,2021-22,2021,Final_Report_2021_22.pdf,WL
4-Nov-21,W LANTAU,3,1.2,AUTUMN,STANDARD138716,P,2021-11-04,2021,11,2021-22,2021,Final_Report_2021_22.pdf,WL
4-Nov-21,W LANTAU,1,1.61,AUTUMN,STANDARD138716,S,2021-11-04,2021,11,2021-22,2021,Final_Report_2021_22.pdf,WL
4-Nov-21,W LANTAU,2,18.89,AUTUMN,STANDARD138716,S,2021-11-04,2021,11,2021-22,2021,Final_Report_2021_22.pdf,WL
4-Nov-21,NW LANTAU,2,13.21,AUTUMN,STANDARD138716,P,2021-11-04,2021,11,2021-22,2021,Final_Report_2021_22.pdf,NWL
4-Nov-21,NW LANTAU,2,4.83,AUTUMN,STANDARD138716,S,2021-11-04,2021,11,2021-22,2021,Final_Report_2021_22.pdf,NWL
12-Nov-21,W LANTAU,2,5.78,AUTUMN,STANDARD138716,S,2021-11-12,2021,11,2021-22,2021,Final_Report_2021_22.pdf,WL
12-Nov-21,W LANTAU,3,3.62,AUTUMN,STANDARD138716,S,2021-11-12,2021,11,2021-22,2021,Final_Report_2021_22.pdf,WL
15-Nov-21,W LANTAU,2,20.46,AUTUMN,STANDARD36826,P,2021-11-15,2021,11,2021-22,2021,Final_Report_2021_22.pdf,WL
15-Nov-21,W LANTAU,2,10.19,AUTUMN,STANDARD36826,S,2021-11-15,2021,11,2021-22,2021,Final_Report_2021_22.pdf,WL
15-Nov-21,SW LANTAU,2,6.55,AUTUMN,STANDARD36826,P,2021-11-15,2021,11,2021-22,2021,Final_Report_2021_22.pdf,SWL
15-Nov-21,SW LANTAU,3,11.9,AUTUMN,STANDARD36826,P,2021-11-15,2021,11,2021-22,2021,Final_Report_2021_22.pdf,SWL
15-Nov-21,SW LANTAU,2,7.85,AUTUMN,STANDARD36826,S,2021-11-15,2021,11,2021-22,2021,Final_Report_2021_22.pdf,SWL
15-Nov-21,SW LANTAU,3,3.2,AUTUMN,STANDARD36826,S,2021-11-15,2021,11,2021-22,2021,Final_Report_2021_22.pdf,SWL
18-Nov-21,W LANTAU,2,4.01,AUTUMN,STANDARD138716,S,2021-11-18,2021,11,2021-22,2021,Final_Report_2021_22.pdf,WL
18-Nov-21,W LANTAU,3,5.83,AUTUMN,STANDARD138716,S,2021-11-18,2021,11,2021-22,2021,Final_Report_2021_22.pdf,WL
18-Nov-21,SW LANTAU,2,12.83,AUTUMN,STANDARD138716,P,2021-11-18,2021,11,2021-22,2021,Final_Report_2021_22.pdf,SWL
18-Nov-21,SW LANTAU,3,17.14,AUTUMN,STANDARD138716,P,2021-11-18,2021,11,2021-22,2021,Final_Report_2021_22.pdf,SWL
18-Nov-21,SW LANTAU,2,7.91,AUTUMN,STANDARD138716,S,2021-11-18,2021,11,2021-22,2021,Final_Report_2021_22.pdf,SWL
18-Nov-21,SW LANTAU,3,4.35,AUTUMN,STANDARD138716,S,2021-11-18,2021,11,2021-22,2021,Final_Report_2021_22.pdf,SWL
18-Nov-21,SE LANTAU,2,29.78,AUTUMN,STANDARD138716,P,2021-11-18,2021,11,2021-22,2021,Final_Report_2021_22.pdf,SEL
18-Nov-21,SE LANTAU,2,6.07,AUTUMN,STANDARD138716,S,2021-11-18,2021,11,2021-22,2021,Final_Report_2021_22.pdf,SEL
23-Nov-21,NW LANTAU,2,12.8,AUTUMN,STANDARD36826,P,2021-11-23,2021,11,2021-22,2021,Final_Report_2021_22.pdf,NWL
23-Nov-21,NW LANTAU,3,22.2,AUTUMN,STANDARD36826,P,2021-11-23,2021,11,2021-22,2021,Final_Report_2021_22.pdf,NWL
23-Nov-21,NW LANTAU,4,1.5,AUTUMN,STANDARD36826,P,2021-11-23,2021,11,2021-22,2021,Final_Report_2021_22.pdf,NWL
23-Nov-21,NW LANTAU,2,10.3,AUTUMN,STANDARD36826,S,2021-11-23,2021,11,2021-22,2021,Final_Report_2021_22.pdf,NWL
23-Nov-21,NW LANTAU,3,3.0,AUTUMN,STANDARD36826,S,2021-11-23,2021,11,2021-22,2021,Final_Report_2021_22.pdf,NWL
23-Nov-21,NE LANTAU,2,20.93,AUTUMN,STANDARD36826,P,2021-11-23,2021,11,2021-22,2021,Final_Report_2021_22.pdf,NEL
23-Nov-21,NE LANTAU,3,4.55,AUTUMN,STANDARD36826,P,2021-11-23,2021,11,2021-22,2021,Final_Report_2021_22.pdf,NEL
23-Nov-21,NE LANTAU,2,8.03,AUTUMN,STANDARD36826,S,2021-11-23,2021,11,2021-22,2021,Final_Report_2021_22.pdf,NEL
23-Nov-21,NE LANTAU,3,1.79,AUTUMN,STANDARD36826,S,2021-11-23,2021,11,2021-22,2021,Final_Report_2021_22.pdf,NEL
24-Nov-21,W LANTAU,2,1.48,AUTUMN,STANDARD36826,S,2021-11-24,2021,11,2021-22,2021,Final_Report_2021_22.pdf,WL
24-Nov-21,W LANTAU,3,9.05,AUTUMN,STANDARD36826,S,2021-11-24,2021,11,2021-22,2021,Final_Report_2021_22.pdf,WL
24-Nov-21,SW LANTAU,2,21.06,AUTUMN,STANDARD36826,P,2021-11-24,2021,11,2021-22,2021,Final_Report_2021_22.pdf,SWL
24-Nov-21,SW LANTAU,3,1.91,AUTUMN,STANDARD36826,P,2021-11-24,2021,11,2021-22,2021,Final_Report_2021_22.pdf,SWL
24-Nov-21,SW LANTAU,2,11.47,AUTUMN,STANDARD36826,S,2021-11-24,2021,11,2021-22,2021,Final_Report_2021_22.pdf,SWL
24-Nov-21,SW LANTAU,3,2.55,AUTUMN,STANDARD36826,S,2021-11-24,2021,11,2021-22,2021,Final_Report_2021_22.pdf,SWL
24-Nov-21,SE LANTAU,2,19.56,AUTUMN,STANDARD36826,P,2021-11-24,2021,11,2021-22,2021,Final_Report_2021_22.pdf,SEL
24-Nov-21,SE LANTAU,2,8.8,AUTUMN,STANDARD36826,S,2021-11-24,2021,11,2021-22,2021,Final_Report_2021_22.pdf,SEL
25-Nov-21,E LANTAU,2,28.92,AUTUMN,STANDARD36826,P,2021-11-25,2021,11,2021-22,2021,Final_Report_2021_22.pdf,EL
25-Nov-21,E LANTAU,3,5.6,AUTUMN,STANDARD36826,P,2021-11-25,2021,11,2021-22,2021,Final_Report_2021_22.pdf,EL
25-Nov-21,E LANTAU,2,17.88,AUTUMN,STANDARD36826,S,2021-11-25,2021,11,2021-22,2021,Final_Report_2021_22.pdf,EL
25-Nov-21,E LANTAU,3,1.6,AUTUMN,STANDARD36826,S,2021-11-25,2021,11,2021-22,2021,Final_Report_2021_22.pdf,EL
25-Nov-21,LAMMA,2,29.51,AUTUMN,STANDARD36826,P,2021-11-25,2021,11,2021-22,2021,Final_Report_2021_22.pdf,LM
25-Nov-21,LAMMA,3,6.98,AUTUMN,STANDARD36826,P,2021-11-25,2021,11,2021-22,2021,Final_Report_2021_22.pdf,LM
25-Nov-21,LAMMA,2,6.28,AUTUMN,STANDARD36826,S,2021-11-25,2021,11,2021-22,2021,Final_Report_2021_22.pdf,LM
25-Nov-21,LAMMA,3,2.33,AUTUMN,STANDARD36826,S,2021-11-25,2021,11,2021-22,2021,Final_Report_2021_22.pdf,LM
1-Dec-21,W LANTAU,3,4.15,WINTER,STANDARD138716,S,2021-12-01,2021,12,2021-22,2021,Final_Report_2021_22.pdf,WL
1-Dec-21,W LANTAU,4,5.82,WINTER,STANDARD138716,S,2021-12-01,2021,12,2021-22,2021,Final_Report_2021_22.pdf,WL
1-Dec-21,SW LANTAU,2,18.71,WINTER,STANDARD138716,P,2021-12-01,2021,12,2021-22,2021,Final_Report_2021_22.pdf,SWL
1-Dec-21,SW LANTAU,3,11.44,WINTER,STANDARD138716,P,2021-12-01,2021,12,2021-22,2021,Final_Report_2021_22.pdf,SWL
1-Dec-21,SW LANTAU,2,4.39,WINTER,STANDARD138716,S,2021-12-01,2021,12,2021-22,2021,Final_Report_2021_22.pdf,SWL
1-Dec-21,SW LANTAU,3,7.56,WINTER,STANDARD138716,S,2021-12-01,2021,12,2021-22,2021,Final_Report_2021_22.pdf,SWL
1-Dec-21,SE LANTAU,2,30.18,WINTER,STANDARD138716,P,2021-12-01,2021,12,2021-22,2021,Final_Report_2021_22.pdf,SEL
1-Dec-21,SE LANTAU,2,6.02,WINTER,STANDARD138716,S,2021-12-01,2021,12,2021-22,2021,Final_Report_2021_22.pdf,SEL
6-Dec-21,LAMMA,1,2.2,WINTER,STANDARD138716,P,2021-12-06,2021,12,2021-22,2021,Final_Report_2021_22.pdf,LM
6-Dec-21,LAMMA,2,42.59,WINTER,STANDARD138716,P,2021-12-06,2021,12,2021-22,2021,Final_Report_2021_22.pdf,LM
6-Dec-21,LAMMA,3,43.6,WINTER,STANDARD138716,P,2021-12-06,2021,12,2021-22,2021,Final_Report_2021_22.pdf,LM
6-Dec-21,LAMMA,1,1.1,WINTER,STANDARD138716,S,2021-12-06,2021,12,2021-22,2021,Final_Report_2021_22.pdf,LM
6-Dec-21,LAMMA,2,17.71,WINTER,STANDARD138716,S,2021-12-06,2021,12,2021-22,2021,Final_Report_2021_22.pdf,LM
6-Dec-21,LAMMA,3,12.5,WINTER,STANDARD138716,S,2021-12-06,2021,12,2021-22,2021,Final_Report_2021_22.pdf,LM
7-Dec-21,E LANTAU,2,26.63,WINTER,STANDARD36826,P,2021-12-07,2021,12,2021-22,2021,Final_Report_2021_22.pdf,EL
7-Dec-21,E LANTAU,3,14.35,WINTER,STANDARD36826,P,2021-12-07,2021,12,2021-22,2021,Final_Report_2021_22.pdf,EL
7-Dec-21,E LANTAU,2,19.22,WINTER,STANDARD36826,S,2021-12-07,2021,12,2021-22,2021,Final_Report_2021_22.pdf,EL
7-Dec-21,E LANTAU,3,3.9,WINTER,STANDARD36826,S,2021-12-07,2021,12,2021-22,2021,Final_Report_2021_22.pdf,EL
7-Dec-21,SE LANTAU,2,1.33,WINTER,STANDARD36826,P,2021-12-07,2021,12,2021-22,2021,Final_Report_2021_22.pdf,SEL
7-Dec-21,SE LANTAU,3,6.32,WINTER,STANDARD36826,P,2021-12-07,2021,12,2021-22,2021,Final_Report_2021_22.pdf,SEL
7-Dec-21,SE LANTAU,2,4.01,WINTER,STANDARD36826,S,2021-12-07,2021,12,2021-22,2021,Final_Report_2021_22.pdf,SEL
7-Dec-21,SE LANTAU,3,3.54,WINTER,STANDARD36826,S,2021-12-07,2021,12,2021-22,2021,Final_Report_2021_22.pdf,SEL
9-Dec-21,W LANTAU,2,10.71,WINTER,STANDARD138716,P,2021-12-09,2021,12,2021-22,2021,Final_Report_2021_22.pdf,WL
9-Dec-21,W LANTAU,3,7.92,WINTER,STANDARD138716,P,2021-12-09,2021,12,2021-22,2021,Final_Report_2021_22.pdf,WL
9-Dec-21,W LANTAU,2,7.38,WINTER,STANDARD138716,S,2021-12-09,2021,12,2021-22,2021,Final_Report_2021_22.pdf,WL
9-Dec-21,W LANTAU,3,2.81,WINTER,STANDARD138716,S,2021-12-09,2021,12,2021-22,2021,Final_Report_2021_22.pdf,WL
9-Dec-21,SW LANTAU,2,19.62,WINTER,STANDARD138716,P,2021-12-09,2021,12,2021-22,2021,Final_Report_2021_22.pdf,SWL
9-Dec-21,SW LANTAU,2,12.88,WINTER,STANDARD138716,S,2021-12-09,2021,12,2021-22,2021,Final_Report_2021_22.pdf,SWL
9-Dec-21,SE LANTAU,2,7.57,WINTER,STANDARD138716,S,2021-12-09,2021,12,2021-22,2021,Final_Report_2021_22.pdf,SEL
10-Dec-21,NW LANTAU,2,14.27,WINTER,STANDARD138716,P,2021-12-10,2021,12,2021-22,2021,Final_Report_2021_22.pdf,NWL
10-Dec-21,NW LANTAU,3,10.85,WINTER,STANDARD138716,P,2021-12-10,2021,12,2021-22,2021,Final_Report_2021_22.pdf,NWL
10-Dec-21,NW LANTAU,2,4.62,WINTER,STANDARD138716,S,2021-12-10,2021,12,2021-22,2021,Final_Report_2021_22.pdf,NWL
10-Dec-21,NW LANTAU,3,3.1,WINTER,STANDARD138716,S,2021-12-10,2021,12,2021-22,2021,Final_Report_2021_22.pdf,NWL
10-Dec-21,DEEP BAY,2,8.6,WINTER,STANDARD138716,P,2021-12-10,2021,12,2021-22,2021,Final_Report_2021_22.pdf,DB
10-Dec-21,DEEP BAY,3,0.6,WINTER,STANDARD138716,P,2021-12-10,2021,12,2021-22,2021,Final_Report_2021_22.pdf,DB
10-Dec-21,DEEP BAY,2,6.5,WINTER,STANDARD138716,S,2021-12-10,2021,12,2021-22,2021,Final_Report_2021_22.pdf,DB
10-Dec-21,NE LANTAU,2,10.2,WINTER,STANDARD138716,P,2021-12-10,2021,12,2021-22,2021,Final_Report_2021_22.pdf,NEL
10-Dec-21,NE LANTAU,3,10.04,WINTER,STANDARD138716,P,2021-12-10,2021,12,2021-22,2021,Final_Report_2021_22.pdf,NEL
10-Dec-21,NE LANTAU,2,8.7,WINTER,STANDARD138716,S,2021-12-10,2021,12,2021-22,2021,Final_Report_2021_22.pdf,NEL
10-Dec-21,NE LANTAU,3,1.76,WINTER,STANDARD138716,S,2021-12-10,2021,12,2021-22,2021,Final_Report_2021_22.pdf,NEL
16-Dec-21,LAMMA,2,36.2,WINTER,STANDARD138716,P,2021-12-16,2021,12,2021-22,2021,Final_Report_2021_22.pdf,LM
16-Dec-21,LAMMA,3,52.64,WINTER,STANDARD138716,P,2021-12-16,2021,12,2021-22,2021,Final_Report_2021_22.pdf,LM
16-Dec-21,LAMMA,2,13.1,WINTER,STANDARD138716,S,2021-12-16,2021,12,2021-22,2021,Final_Report_2021_22.pdf,LM
16-Dec-21,LAMMA,3,12.06,WINTER,STANDARD138716,S,2021-12-16,2021,12,2021-22,2021,Final_Report_2021_22.pdf,LM
5-Jan-22,SE LANTAU,2,14.63,WINTER,STANDARD36826,P,2022-01-05,2022,1,2021-22,2021,Final_Report_2021_22.pdf,SEL
5-Jan-22,SE LANTAU,3,15.78,WINTER,STANDARD36826,P,2022-01-05,2022,1,2021-22,2021,Final_Report_2021_22.pdf,SEL
5-Jan-22,SE LANTAU,2,3.0,WINTER,STANDARD36826,S,2022-01-05,2022,1,2021-22,2021,Final_Report_2021_22.pdf,SEL
5-Jan-22,SE LANTAU,3,4.09,WINTER,STANDARD36826,S,2022-01-05,2022,1,2021-22,2021,Final_Report_2021_22.pdf,SEL
5-Jan-22,SW LANTAU,2,28.11,WINTER,STANDARD36826,P,2022-01-05,2022,1,2021-22,2021,Final_Report_2021_22.pdf,SWL
5-Jan-22,SW LANTAU,2,10.01,WINTER,STANDARD36826,S,2022-01-05,2022,1,2021-22,2021,Final_Report_2021_22.pdf,SWL
6-Jan-22,NE LANTAU,2,12.0,WINTER,STANDARD36826,S,2022-01-06,2022,1,2021-22,2021,Final_Report_2021_22.pdf,NEL
6-Jan-22,NW LANTAU,2,6.01,WINTER,STANDARD36826,S,2022-01-06,2022,1,2021-22,2021,Final_Report_2021_22.pdf,NWL
6-Jan-22,NW LANTAU,3,3.04,WINTER,STANDARD36826,S,2022-01-06,2022,1,2021-22,2021,Final_Report_2021_22.pdf,NWL
6-Jan-22,W LANTAU,2,8.33,WINTER,STANDARD36826,P,2022-01-06,2022,1,2021-22,2021,Final_Report_2021_22.pdf,WL
6-Jan-22,W LANTAU,3,3.86,WINTER,STANDARD36826,P,2022-01-06,2022,1,2021-22,2021,Final_Report_2021_22.pdf,WL
6-Jan-22,W LANTAU,2,7.83,WINTER,STANDARD36826,S,2022-01-06,2022,1,2021-22,2021,Final_Report_2021_22.pdf,WL
6-Jan-22,W LANTAU,3,2.89,WINTER,STANDARD36826,S,2022-01-06,2022,1,2021-22,2021,Final_Report_2021_22.pdf,WL
6-Jan-22,SW LANTAU,2,9.43,WINTER,STANDARD36826,P,2022-01-06,2022,1,2021-22,2021,Final_Report_2021_22.pdf,SWL
6-Jan-22,SW LANTAU,3,15.3,WINTER,STANDARD36826,P,2022-01-06,2022,1,2021-22,2021,Final_Report_2021_22.pdf,SWL
6-Jan-22,SW LANTAU,2,7.97,WINTER,STANDARD36826,S,2022-01-06,2022,1,2021-22,2021,Final_Report_2021_22.pdf,SWL
6-Jan-22,SW LANTAU,3,5.4,WINTER,STANDARD36826,S,2022-01-06,2022,1,2021-22,2021,Final_Report_2021_22.pdf,SWL
10-Jan-22,NW LANTAU,2,35.47,WINTER,STANDARD36826,P,2022-01-10,2022,1,2021-22,2021,Final_Report_2021_22.pdf,NWL
10-Jan-22,NW LANTAU,2,10.83,WINTER,STANDARD36826,S,2022-01-10,2022,1,2021-22,2021,Final_Report_2021_22.pdf,NWL
10-Jan-22,DEEP BAY,2,9.87,WINTER,STANDARD36826,P,2022-01-10,2022,1,2021-22,2021,Final_Report_2021_22.pdf,DB
10-Jan-22,DEEP BAY,2,6.63,WINTER,STANDARD36826,S,2022-01-10,2022,1,2021-22,2021,Final_Report_2021_22.pdf,DB
10-Jan-22,NE LANTAU,2,18.25,WINTER,STANDARD36826,P,2022-01-10,2022,1,2021-22,2021,Final_Report_2021_22.pdf,NEL
10-Jan-22,NE LANTAU,2,10.15,WINTER,STANDARD36826,S,2022-01-10,2022,1,2021-22,2021,Final_Report_2021_22.pdf,NEL
17-Jan-22,LAMMA,2,19.9,WINTER,STANDARD36826,P,2022-01-17,2022,1,2021-22,2021,Final_Report_2021_22.pdf,LM
17-Jan-22,LAMMA,3,20.05,WINTER,STANDARD36826,P,2022-01-17,2022,1,2021-22,2021,Final_Report_2021_22.pdf,LM
17-Jan-22,LAMMA,2,6.35,WINTER,STANDARD36826,S,2022-01-17,2022,1,2021-22,2021,Final_Report_2021_22.pdf,LM
17-Jan-22,LAMMA,3,1.0,WINTER,STANDARD36826,S,2022-01-17,2022,1,2021-22,2021,Final_Report_2021_22.pdf,LM
17-Jan-22,E LANTAU,1,2.23,WINTER,STANDARD36826,P,2022-01-17,2022,1,2021-22,2021,Final_Report_2021_22.pdf,EL
17-Jan-22,E LANTAU,2,21.85,WINTER,STANDARD36826,P,2022-01-17,2022,1,2021-22,2021,Final_Report_2021_22.pdf,EL
17-Jan-22,E LANTAU,3,10.7,WINTER,STANDARD36826,P,2022-01-17,2022,1,2021-22,2021,Final_Report_2021_22.pdf,EL
17-Jan-22,E LANTAU,2,15.92,WINTER,STANDARD36826,S,2022-01-17,2022,1,2021-22,2021,Final_Report_2021_22.pdf,EL
17-Jan-22,E LANTAU,3,4.6,WINTER,STANDARD36826,S,2022-01-17,2022,1,2021-22,2021,Final_Report_2021_22.pdf,EL
18-Jan-22,SE LANTAU,1,9.9,WINTER,STANDARD36826,P,2022-01-18,2022,1,2021-22,2021,Final_Report_2021_22.pdf,SEL
18-Jan-22,SE LANTAU,2,17.82,WINTER,STANDARD36826,P,2022-01-18,2022,1,2021-22,2021,Final_Report_2021_22.pdf,SEL
18-Jan-22,SE LANTAU,1,2.9,WINTER,STANDARD36826,S,2022-01-18,2022,1,2021-22,2021,Final_Report_2021_22.pdf,SEL
18-Jan-22,SE LANTAU,2,6.78,WINTER,STANDARD36826,S,2022-01-18,2022,1,2021-22,2021,Final_Report_2021_22.pdf,SEL
18-Jan-22,SW LANTAU,2,9.65,WINTER,STANDARD36826,P,2022-01-18,2022,1,2021-22,2021,Final_Report_2021_22.pdf,SWL
18-Jan-22,SW LANTAU,3,14.01,WINTER,STANDARD36826,P,2022-01-18,2022,1,2021-22,2021,Final_Report_2021_22.pdf,SWL
18-Jan-22,SW LANTAU,2,8.02,WINTER,STANDARD36826,S,2022-01-18,2022,1,2021-22,2021,Final_Report_2021_22.pdf,SWL
18-Jan-22,SW LANTAU,3,7.02,WINTER,STANDARD36826,S,2022-01-18,2022,1,2021-22,2021,Final_Report_2021_22.pdf,SWL
19-Jan-22,LAMMA,1,4.61,WINTER,STANDARD36826,P,2022-01-19,2022,1,2021-22,2021,Final_Report_2021_22.pdf,LM
19-Jan-22,LAMMA,2,37.57,WINTER,STANDARD36826,P,2022-01-19,2022,1,2021-22,2021,Final_Report_2021_22.pdf,LM
19-Jan-22,LAMMA,3,3.42,WINTER,STANDARD36826,P,2022-01-19,2022,1,2021-22,2021,Final_Report_2021_22.pdf,LM
19-Jan-22,LAMMA,2,14.26,WINTER,STANDARD36826,S,2022-01-19,2022,1,2021-22,2021,Final_Report_2021_22.pdf,LM
19-Jan-22,LAMMA,3,2.1,WINTER,STANDARD36826,S,2022-01-19,2022,1,2021-22,2021,Final_Report_2021_22.pdf,LM
19-Jan-22,SE LANTAU,2,20.25,WINTER,STANDARD36826,P,2022-01-19,2022,1,2021-22,2021,Final_Report_2021_22.pdf,SEL
19-Jan-22,SE LANTAU,3,3.8,WINTER,STANDARD36826,P,2022-01-19,2022,1,2021-22,2021,Final_Report_2021_22.pdf,SEL
19-Jan-22,SE LANTAU,2,6.65,WINTER,STANDARD36826,S,2022-01-19,2022,1,2021-22,2021,Final_Report_2021_22.pdf,SEL
19-Jan-22,SE LANTAU,3,0.4,WINTER,STANDARD36826,S,2022-01-19,2022,1,2021-22,2021,Final_Report_2021_22.pdf,SEL
20-Jan-22,W LANTAU,2,8.03,WINTER,STANDARD36826,P,2022-01-20,2022,1,2021-22,2021,Final_Report_2021_22.pdf,WL
20-Jan-22,W LANTAU,3,12.04,WINTER,STANDARD36826,P,2022-01-20,2022,1,2021-22,2021,Final_Report_2021_22.pdf,WL
20-Jan-22,W LANTAU,2,7.91,WINTER,STANDARD36826,S,2022-01-20,2022,1,2021-22,2021,Final_Report_2021_22.pdf,WL
20-Jan-22,W LANTAU,3,14.76,WINTER,STANDARD36826,S,2022-01-20,2022,1,2021-22,2021,Final_Report_2021_22.pdf,WL
20-Jan-22,NW LANTAU,2,20.56,WINTER,STANDARD36826,P,2022-01-20,2022,1,2021-22,2021,Final_Report_2021_22.pdf,NWL
20-Jan-22,NW LANTAU,3,1.12,WINTER,STANDARD36826,P,2022-01-20,2022,1,2021-22,2021,Final_Report_2021_22.pdf,NWL
20-Jan-22,NW LANTAU,2,10.12,WINTER,STANDARD36826,S,2022-01-20,2022,1,2021-22,2021,Final_Report_2021_22.pdf,NWL
20-Jan-22,NE LANTAU,2,5.33,WINTER,STANDARD36826,P,2022-01-20,2022,1,2021-22,2021,Final_Report_2021_22.pdf,NEL
20-Jan-22,NE LANTAU,2,8.97,WINTER,STANDARD36826,S,2022-01-20,2022,1,2021-22,2021,Final_Report_2021_22.pdf,NEL
24-Jan-22,SE LANTAU,1,11.75,WINTER,STANDARD36826,P,2022-01-24,2022,1,2021-22,2021,Final_Report_2021_22.pdf,SEL
24-Jan-22,SE LANTAU,2,7.73,WINTER,STANDARD36826,P,2022-01-24,2022,1,2021-22,2021,Final_Report_2021_22.pdf,SEL
24-Jan-22,SE LANTAU,1,2.24,WINTER,STANDARD36826,S,2022-01-24,2022,1,2021-22,2021,Final_Report_2021_22.pdf,SEL
24-Jan-22,SE LANTAU,2,7.21,WINTER,STANDARD36826,S,2022-01-24,2022,1,2021-22,2021,Final_Report_2021_22.pdf,SEL
24-Jan-22,SW LANTAU,1,14.05,WINTER,STANDARD36826,P,2022-01-24,2022,1,2021-22,2021,Final_Report_2021_22.pdf,SWL
24-Jan-22,SW LANTAU,2,15.22,WINTER,STANDARD36826,P,2022-01-24,2022,1,2021-22,2021,Final_Report_2021_22.pdf,SWL
24-Jan-22,SW LANTAU,1,2.0,WINTER,STANDARD36826,S,2022-01-24,2022,1,2021-22,2021,Final_Report_2021_22.pdf,SWL
24-Jan-22,SW LANTAU,2,9.69,WINTER,STANDARD36826,S,2022-01-24,2022,1,2021-22,2021,Final_Report_2021_22.pdf,SWL
14-Feb-22,W LANTAU,3,21.12,WINTER,STANDARD36826,P,2022-02-14,2022,2,2021-22,2021,Final_Report_2021_22.pdf,WL
14-Feb-22,W LANTAU,2,2.66,WINTER,STANDARD36826,S,2022-02-14,2022,2,2021-22,2021,Final_Report_2021_22.pdf,WL
14-Feb-22,W LANTAU,3,7.12,WINTER,STANDARD36826,S,2022-02-14,2022,2,2021-22,2021,Final_Report_2021_22.pdf,WL
14-Feb-22,SW LANTAU,2,12.91,WINTER,STANDARD36826,P,2022-02-14,2022,2,2021-22,2021,Final_Report_2021_22.pdf,SWL
14-Feb-22,SW LANTAU,3,4.24,WINTER,STANDARD36826,P,2022-02-14,2022,2,2021-22,2021,Final_Report_2021_22.pdf,SWL
14-Feb-22,SW LANTAU,2,8.82,WINTER,STANDARD36826,S,2022-02-14,2022,2,2021-22,2021,Final_Report_2021_22.pdf,SWL
14-Feb-22,SW LANTAU,3,2.51,WINTER,STANDARD36826,S,2022-02-14,2022,2,2021-22,2021,Final_Report_2021_22.pdf,SWL
14-Feb-22,SE LANTAU,2,6.93,WINTER,STANDARD36826,S,2022-02-14,2022,2,2021-22,2021,Final_Report_2021_22.pdf,SEL
15-Feb-22,E LANTAU,2,35.9,WINTER,STANDARD36826,P,2022-02-15,2022,2,2021-22,2021,Final_Report_2021_22.pdf,EL
15-Feb-22,E LANTAU,3,3.2,WINTER,STANDARD36826,P,2022-02-15,2022,2,2021-22,2021,Final_Report_2021_22.pdf,EL
15-Feb-22,E LANTAU,2,22.7,WINTER,STANDARD36826,S,2022-02-15,2022,2,2021-22,2021,Final_Report_2021_22.pdf,EL
15-Feb-22,LAMMA,2,24.91,WINTER,STANDARD36826,P,2022-02-15,2022,2,2021-22,2021,Final_Report_2021_22.pdf,LM
15-Feb-22,LAMMA,3,5.21,WINTER,STANDARD36826,P,2022-02-15,2022,2,2021-22,2021,Final_Report_2021_22.pdf,LM
15-Feb-22,LAMMA,2,8.18,WINTER,STANDARD36826,S,2022-02-15,2022,2,2021-22,2021,Final_Report_2021_22.pdf,LM
15-Feb-22,LAMMA,3,4.3,WINTER,STANDARD36826,S,2022-02-15,2022,2,2021-22,2021,Final_Report_2021_22.pdf,LM
16-Feb-22,NW LANTAU,2,5.69,WINTER,STANDARD36826,P,2022-02-16,2022,2,2021-22,2021,Final_Report_2021_22.pdf,NWL
16-Feb-22,NW LANTAU,3,44.81,WINTER,STANDARD36826,P,2022-02-16,2022,2,2021-22,2021,Final_Report_2021_22.pdf,NWL
16-Feb-22,NW LANTAU,2,2.43,WINTER,STANDARD36826,S,2022-02-16,2022,2,2021-22,2021,Final_Report_2021_22.pdf,NWL
16-Feb-22,NW LANTAU,3,5.17,WINTER,STANDARD36826,S,2022-02-16,2022,2,2021-22,2021,Final_Report_2021_22.pdf,NWL
16-Feb-22,DEEP BAY,2,7.93,WINTER,STANDARD36826,P,2022-02-16,2022,2,2021-22,2021,Final_Report_2021_22.pdf,DB
16-Feb-22,DEEP BAY,2,6.77,WINTER,STANDARD36826,S,2022-02-16,2022,2,2021-22,2021,Final_Report_2021_22.pdf,DB
16-Feb-22,NE LANTAU,2,5.0,WINTER,STANDARD36826,P,2022-02-16,2022,2,2021-22,2021,Final_Report_2021_22.pdf,NEL
16-Feb-22,NE LANTAU,3,13.51,WINTER,STANDARD36826,P,2022-02-16,2022,2,2021-22,2021,Final_Report_2021_22.pdf,NEL
16-Feb-22,NE LANTAU,2,6.4,WINTER,STANDARD36826,S,2022-02-16,2022,2,2021-22,2021,Final_Report_2021_22.pdf,NEL
16-Feb-22,NE LANTAU,3,3.99,WINTER,STANDARD36826,S,2022-02-16,2022,2,2021-22,2021,Final_Report_2021_22.pdf,NEL
28-Feb-22,W LANTAU,2,19.25,SPRING,STANDARD36826,P,2022-02-28,2022,2,2021-22,2021,Final_Report_2021_22.pdf,WL
28-Feb-22,W LANTAU,3,1.49,SPRING,STANDARD36826,P,2022-02-28,2022,2,2021-22,2021,Final_Report_2021_22.pdf,WL
28-Feb-22,W LANTAU,2,9.57,SPRING,STANDARD36826,S,2022-02-28,2022,2,2021-22,2021,Final_Report_2021_22.pdf,WL
28-Feb-22,W LANTAU,3,1.05,SPRING,STANDARD36826,S,2022-02-28,2022,2,2021-22,2021,Final_Report_2021_22.pdf,WL
28-Feb-22,SW LANTAU,3,21.7,SPRING,STANDARD36826,P,2022-02-28,2022,2,2021-22,2021,Final_Report_2021_22.pdf,SWL
28-Feb-22,SW LANTAU,4,3.07,SPRING,STANDARD36826,P,2022-02-28,2022,2,2021-22,2021,Final_Report_2021_22.pdf,SWL
28-Feb-22,SW LANTAU,2,3.56,SPRING,STANDARD36826,S,2022-02-28,2022,2,2021-22,2021,Final_Report_2021_22.pdf,SWL
28-Feb-22,SW LANTAU,3,5.46,SPRING,STANDARD36826,S,2022-02-28,2022,2,2021-22,2021,Final_Report_2021_22.pdf,SWL
28-Feb-22,SW LANTAU,4,5.27,SPRING,STANDARD36826,S,2022-02-28,2022,2,2021-22,2021,Final_Report_2021_22.pdf,SWL
1-Mar-22,LAMMA,1,33.08,SPRING,STANDARD36826,P,2022-03-01,2022,3,2021-22,2021,Final_Report_2021_22.pdf,LM
1-Mar-22,LAMMA,2,53.57,SPRING,STANDARD36826,P,2022-03-01,2022,3,2021-22,2021,Final_Report_2021_22.pdf,LM
1-Mar-22,LAMMA,1,8.67,SPRING,STANDARD36826,S,2022-03-01,2022,3,2021-22,2021,Final_Report_2021_22.pdf,LM
1-Mar-22,LAMMA,2,16.78,SPRING,STANDARD36826,S,2022-03-01,2022,3,2021-22,2021,Final_Report_2021_22.pdf,LM
2-Mar-22,SE LANTAU,0,6.42,SPRING,STANDARD36826,P,2022-03-02,2022,3,2021-22,2021,Final_Report_2021_22.pdf,SEL
2-Mar-22,SE LANTAU,1,19.7,SPRING,STANDARD36826,P,2022-03-02,2022,3,2021-22,2021,Final_Report_2021_22.pdf,SEL
2-Mar-22,SE LANTAU,2,1.42,SPRING,STANDARD36826,P,2022-03-02,2022,3,2021-22,2021,Final_Report_2021_22.pdf,SEL
2-Mar-22,SE LANTAU,0,2.2,SPRING,STANDARD36826,S,2022-03-02,2022,3,2021-22,2021,Final_Report_2021_22.pdf,SEL
2-Mar-22,SE LANTAU,1,7.41,SPRING,STANDARD36826,S,2022-03-02,2022,3,2021-22,2021,Final_Report_2021_22.pdf,SEL
2-Mar-22,SE LANTAU,2,0.54,SPRING,STANDARD36826,S,2022-03-02,2022,3,2021-22,2021,Final_Report_2021_22.pdf,SEL
2-Mar-22,SW LANTAU,1,6.31,SPRING,STANDARD36826,P,2022-03-02,2022,3,2021-22,2021,Final_Report_2021_22.pdf,SWL
2-Mar-22,SW LANTAU,2,15.29,SPRING,STANDARD36826,P,2022-03-02,2022,3,2021-22,2021,Final_Report_2021_22.pdf,SWL
2-Mar-22,SW LANTAU,3,1.98,SPRING,STANDARD36826,P,2022-03-02,2022,3,2021-22,2021,Final_Report_2021_22.pdf,SWL
2-Mar-22,SW LANTAU,1,2.17,SPRING,STANDARD36826,S,2022-03-02,2022,3,2021-22,2021,Final_Report_2021_22.pdf,SWL
2-Mar-22,SW LANTAU,2,7.37,SPRING,STANDARD36826,S,2022-03-02,2022,3,2021-22,2021,Final_Report_2021_22.pdf,SWL
2-Mar-22,SW LANTAU,3,3.47,SPRING,STANDARD36826,S,2022-03-02,2022,3,2021-22,2021,Final_Report_2021_22.pdf,SWL
3-Mar-22,W LANTAU,1,0.39,SPRING,STANDARD36826,P,2022-03-03,2022,3,2021-22,2021,Final_Report_2021_22.pdf,WL
3-Mar-22,W LANTAU,2,15.74,SPRING,STANDARD36826,P,2022-03-03,2022,3,2021-22,2021,Final_Report_2021_22.pdf,WL
3-Mar-22,W LANTAU,3,3.2,SPRING,STANDARD36826,P,2022-03-03,2022,3,2021-22,2021,Final_Report_2021_22.pdf,WL
3-Mar-22,W LANTAU,4,1.15,SPRING,STANDARD36826,P,2022-03-03,2022,3,2021-22,2021,Final_Report_2021_22.pdf,WL
3-Mar-22,W LANTAU,1,5.98,SPRING,STANDARD36826,S,2022-03-03,2022,3,2021-22,2021,Final_Report_2021_22.pdf,WL
3-Mar-22,W LANTAU,2,9.74,SPRING,STANDARD36826,S,2022-03-03,2022,3,2021-22,2021,Final_Report_2021_22.pdf,WL
3-Mar-22,W LANTAU,3,5.03,SPRING,STANDARD36826,S,2022-03-03,2022,3,2021-22,2021,Final_Report_2021_22.pdf,WL
3-Mar-22,W LANTAU,4,0.49,SPRING,STANDARD36826,S,2022-03-03,2022,3,2021-22,2021,Final_Report_2021_22.pdf,WL
3-Mar-22,NW LANTAU,3,14.15,SPRING,STANDARD36826,P,2022-03-03,2022,3,2021-22,2021,Final_Report_2021_22.pdf,NWL
3-Mar-22,NW LANTAU,4,5.6,SPRING,STANDARD36826,P,2022-03-03,2022,3,2021-22,2021,Final_Report_2021_22.pdf,NWL
3-Mar-22,NW LANTAU,2,1.94,SPRING,STANDARD36826,S,2022-03-03,2022,3,2021-22,2021,Final_Report_2021_22.pdf,NWL
3-Mar-22,NW LANTAU,3,6.31,SPRING,STANDARD36826,S,2022-03-03,2022,3,2021-22,2021,Final_Report_2021_22.pdf,NWL
3-Mar-22,NW LANTAU,4,2.1,SPRING,STANDARD36826,S,2022-03-03,2022,3,2021-22,2021,Final_Report_2021_22.pdf,NWL
3-Mar-22,NE LANTAU,3,3.77,SPRING,STANDARD36826,P,2022-03-03,2022,3,2021-22,2021,Final_Report_2021_22.pdf,NEL
3-Mar-22,NE LANTAU,2,1.99,SPRING,STANDARD36826,S,2022-03-03,2022,3,2021-22,2021,Final_Report_2021_22.pdf,NEL
3-Mar-22,NE LANTAU,3,7.64,SPRING,STANDARD36826,S,2022-03-03,2022,3,2021-22,2021,Final_Report_2021_22.pdf,NEL
4-Mar-22,LAMMA,2,57.37,SPRING,STANDARD36826,P,2022-03-04,2022,3,2021-22,2021,Final_Report_2021_22.pdf,LM
4-Mar-22,LAMMA,3,27.11,SPRING,STANDARD36826,P,2022-03-04,2022,3,2021-22,2021,Final_Report_2021_22.pdf,LM
4-Mar-22,LAMMA,2,20.59,SPRING,STANDARD36826,S,2022-03-04,2022,3,2021-22,2021,Final_Report_2021_22.pdf,LM
4-Mar-22,LAMMA,3,6.8,SPRING,STANDARD36826,S,2022-03-04,2022,3,2021-22,2021,Final_Report_2021_22.pdf,LM
9-Mar-22,NW LANTAU,2,30.79,SPRING,STANDARD36826,P,2022-03-09,2022,3,2021-22,2021,Final_Report_2021_22.pdf,NWL
9-Mar-22,NW LANTAU,3,5.05,SPRING,STANDARD36826,P,2022-03-09,2022,3,2021-22,2021,Final_Report_2021_22.pdf,NWL
9-Mar-22,NW LANTAU,2,10.56,SPRING,STANDARD36826,S,2022-03-09,2022,3,2021-22,2021,Final_Report_2021_22.pdf,NWL
9-Mar-22,DEEP BAY,2,8.93,SPRING,STANDARD36826,P,2022-03-09,2022,3,2021-22,2021,Final_Report_2021_22.pdf,DB
9-Mar-22,DEEP BAY,2,5.97,SPRING,STANDARD36826,S,2022-03-09,2022,3,2021-22,2021,Final_Report_2021_22.pdf,DB
9-Mar-22,NE LANTAU,1,3.5,SPRING,STANDARD36826,P,2022-03-09,2022,3,2021-22,2021,Final_Report_2021_22.pdf,NEL
9-Mar-22,NE LANTAU,2,26.01,SPRING,STANDARD36826,P,2022-03-09,2022,3,2021-22,2021,Final_Report_2021_22.pdf,NEL
9-Mar-22,NE LANTAU,3,1.6,SPRING,STANDARD36826,P,2022-03-09,2022,3,2021-22,2021,Final_Report_2021_22.pdf,NEL
9-Mar-22,NE LANTAU,2,8.57,SPRING,STANDARD36826,S,2022-03-09,2022,3,2021-22,2021,Final_Report_2021_22.pdf,NEL
9-Mar-22,NE LANTAU,3,1.32,SPRING,STANDARD36826,S,2022-03-09,2022,3,2021-22,2021,Final_Report_2021_22.pdf,NEL
10-Mar-22,W LANTAU,2,18.59,SPRING,STANDARD36826,P,2022-03-10,2022,3,2021-22,2021,Final_Report_2021_22.pdf,WL
10-Mar-22,W LANTAU,3,3.0,SPRING,STANDARD36826,P,2022-03-10,2022,3,2021-22,2021,Final_Report_2021_22.pdf,WL
10-Mar-22,W LANTAU,2,10.01,SPRING,STANDARD36826,S,2022-03-10,2022,3,2021-22,2021,Final_Report_2021_22.pdf,WL
10-Mar-22,W LANTAU,3,1.3,SPRING,STANDARD36826,S,2022-03-10,2022,3,2021-22,2021,Final_Report_2021_22.pdf,WL
10-Mar-22,SW LANTAU,2,1.27,SPRING,STANDARD36826,P,2022-03-10,2022,3,2021-22,2021,Final_Report_2021_22.pdf,SWL
10-Mar-22,SW LANTAU,3,23.9,SPRING,STANDARD36826,P,2022-03-10,2022,3,2021-22,2021,Final_Report_2021_22.pdf,SWL
10-Mar-22,SW LANTAU,2,3.15,SPRING,STANDARD36826,S,2022-03-10,2022,3,2021-22,2021,Final_Report_2021_22.pdf,SWL
10-Mar-22,SW LANTAU,3,10.18,SPRING,STANDARD36826,S,2022-03-10,2022,3,2021-22,2021,Final_Report_2021_22.pdf,SWL
10-Mar-22,SW LANTAU,4,1.1,SPRING,STANDARD36826,S,2022-03-10,2022,3,2021-22,2021,Final_Report_2021_22.pdf,SWL
