date_raw,stage_no,time_raw,herd_size,area,beaufort,psd_raw,effort_status,source_type,northing,easting,season,boat_assoc,primary_secondary,date,calendar_year,month,monitoring_period,monitoring_start_year,source_file,area_code,psd
11-Apr-12,10,1445,1,SW LANTAU,1.0,103,ON,HKCRP,807733,808151,SPRING,NONE,S,2012-04-11,2012,4,2012-13,2012,Final_Report_2012_13.pdf,SWL,103.0
11-Apr-12,11,1640,1,W LANTAU,3.0,89,ON,HKCRP,810084,801372,SPRING,NONE,S,2012-04-11,2012,4,2012-13,2012,Final_Report_2012_13.pdf,WL,89.0
12-Apr-12,1,1020,1,W LANTAU,1.0,190,ON,HKCRP,816313,803797,SPRING,NONE,P,2012-04-12,2012,4,2012-13,2012,Final_Report_2012_13.pdf,WL,190.0
12-Apr-12,2,1041,2,W LANTAU,1.0,507,ON,HKCRP,813978,803030,SPRING,NONE,S,2012-04-12,2012,4,2012-13,2012,Final_Report_2012_13.pdf,WL,507.0
12-Apr-12,3,1049,2,W LANTAU,2.0,12,ON,HKCRP,813558,802606,SPRING,NONE,P,2012-04-12,2012,4,2012-13,2012,Final_Report_2012_13.pdf,WL,12.0
12-Apr-12,4,1116,1,W LANTAU,2.0,7,ON,HKCRP,811468,801365,SPRING,NONE,P,2012-04-12,2012,4,2012-13,2012,Final_Report_2012_13.pdf,WL,7.0
12-Apr-12,5,1126,1,W LANTAU,2.0,94,ON,HKCRP,811002,801827,SPRING,NONE,S,2012-04-12,2012,4,2012-13,2012,Final_Report_2012_13.pdf,WL,94.0
12-Apr-12,6,1259,1,W LANTAU,2.0,530,ON,HKCRP,808435,800636,SPRING,NONE,P,2012-04-12,2012,4,2012-13,2012,Final_Report_2012_13.pdf,WL,530.0
12-Apr-12,7,1433,4,NW LANTAU,3.0,245,ON,HKCRP,822944,804667,SPRING,NONE,P,2012-04-12,2012,4,2012-13,2012,Final_Report_2012_13.pdf,NWL,245.0
12-Apr-12,8,1515,4,NW LANTAU,4.0,42,ON,HKCRP,829245,804690,SPRING,NONE,P,2012-04-12,2012,4,2012-13,2012,Final_Report_2012_13.pdf,NWL,42.0
12-Apr-12,9,1614,1,NW LANTAU,3.0,7,ON,HKCRP,821586,808352,SPRING,NONE,S,2012-04-12,2012,4,2012-13,2012,Final_Report_2012_13.pdf,NWL,7.0
12-Apr-12,10,1630,1,NW LANTAU,3.0,141,ON,HKCRP,824465,808440,SPRING,NONE,P,2012-04-12,2012,4,2012-13,2012,Final_Report_2012_13.pdf,NWL,141.0
26-Apr-12,5,1350,2,SW LANTAU,2.0,ND,OFF,HKCRP,807607,810523,SPRING,NONE,,2012-04-26,2012,4,2012-13,2012,Final_Report_2012_13.pdf,SWL,
26-Apr-12,9,1511,1,SW LANTAU,2.0,ND,OFF,HKCRP,803657,808577,SPRING,NONE,,2012-04-26,2012,4,2012-13,2012,Final_Report_2012_13.pdf,SWL,
27-Apr-12,1,1040,1,NW LANTAU,4.0,207,ON,HKCRP,820983,805322,SPRING,NONE,P,2012-04-27,2012,4,2012-13,2012,Final_Report_2012_13.pdf,NWL,207.0
4-May-12,1,1115,3,NW LANTAU,2.0,458,ON,HKCRP,825569,804641,SPRING,NONE,P,2012-05-04,2012,5,2012-13,2012,Final_Report_2012_13.pdf,NWL,458.0
4-May-12,2,1207,4,NW LANTAU,2.0,124,ON,HKCRP,825765,806382,SPRING,NONE,P,2012-05-04,2012,5,2012-13,2012,Final_Report_2012_13.pdf,NWL,124.0
15-May-12,1,1040,14,W LANTAU,1.0,458,ON,HKCRP,814089,803020,SPRING,NONE,S,2012-05-15,2012,5,2012-13,2012,Final_Report_2012_13.pdf,WL,458.0
15-May-12,2,1122,5,W LANTAU,1.0,39,ON,HKCRP,811468,801375,SPRING,NONE,P,2012-05-15,2012,5,2012-13,2012,Final_Report_2012_13.pdf,WL,39.0
15-May-12,3,1142,3,W LANTAU,2.0,170,ON,HKCRP,810006,801351,SPRING,HANG,S,2012-05-15,2012,5,2012-13,2012,Final_Report_2012_13.pdf,WL,170.0
15-May-12,4,1216,10,W LANTAU,2.0,199,ON,HKCRP,806672,801776,SPRING,NONE,S,2012-05-15,2012,5,2012-13,2012,Final_Report_2012_13.pdf,WL,199.0
15-May-12,5,1352,1,SW LANTAU,2.0,ND,OFF,HKCRP,802294,809348,SPRING,NONE,,2012-05-15,2012,5,2012-13,2012,Final_Report_2012_13.pdf,SWL,
16-May-12,1,1558,4,W LANTAU,2.0,ND,OFF,HELI,817047,802377,SPRING,NONE,,2012-05-16,2012,5,2012-13,2012,Final_Report_2012_13.pdf,WL,
18-May-12,1,1016,4,W LANTAU,1.0,ND,OFF,HKCRP,814386,803701,SPRING,NONE,,2012-05-18,2012,5,2012-13,2012,Final_Report_2012_13.pdf,WL,
18-May-12,2,1030,7,W LANTAU,1.0,ND,OFF,HKCRP,813414,802678,SPRING,NONE,,2012-05-18,2012,5,2012-13,2012,Final_Report_2012_13.pdf,WL,
18-May-12,3,1531,2,NE LANTAU,3.0,ND,OFF,HKCRP,821364,815934,SPRING,NONE,,2012-05-18,2012,5,2012-13,2012,Final_Report_2012_13.pdf,NEL,
24-May-12,1,0905,3,NW LANTAU,3.0,ND,OFF,HKCRP,817718,804604,SPRING,NONE,,2012-05-24,2012,5,2012-13,2012,Final_Report_2012_13.pdf,NWL,
24-May-12,2,0922,1,W LANTAU,4.0,189,ON,HKCRP,816955,803789,SPRING,NONE,P,2012-05-24,2012,5,2012-13,2012,Final_Report_2012_13.pdf,WL,189.0
24-May-12,3,0947,5,W LANTAU,4.0,ND,OFF,HKCRP,813989,803174,SPRING,HANG,,2012-05-24,2012,5,2012-13,2012,Final_Report_2012_13.pdf,WL,
24-May-12,4,1012,1,W LANTAU,4.0,ND,OFF,HKCRP,814100,803143,SPRING,NONE,,2012-05-24,2012,5,2012-13,2012,Final_Report_2012_13.pdf,WL,
24-May-12,5,1039,5,W LANTAU,4.0,ND,OFF,HKCRP,813624,802751,SPRING,NONE,,2012-05-24,2012,5,2012-13,2012,Final_Report_2012_13.pdf,WL,
24-May-12,6,1153,5,W LANTAU,3.0,139,ON,HKCRP,811469,801066,SPRING,NONE,P,2012-05-24,2012,5,2012-13,2012,Final_Report_2012_13.pdf,WL,139.0
24-May-12,7,1212,7,W LANTAU,2.0,85,ON,HKCRP,811079,801931,SPRING,NONE,S,2012-05-24,2012,5,2012-13,2012,Final_Report_2012_13.pdf,WL,85.0
24-May-12,8,1241,5,W LANTAU,3.0,215,ON,HKCRP,809113,799544,SPRING,NONE,S,2012-05-24,2012,5,2012-13,2012,Final_Report_2012_13.pdf,WL,215.0
24-May-12,9,1309,1,W LANTAU,4.0,109,ON,HKCRP,807736,801490,SPRING,NONE,S,2012-05-24,2012,5,2012-13,2012,Final_Report_2012_13.pdf,WL,109.0
24-May-12,10,1319,1,W LANTAU,4.0,32,ON,HKCRP,808423,801172,SPRING,NONE,S,2012-05-24,2012,5,2012-13,2012,Final_Report_2012_13.pdf,WL,32.0
24-May-12,11,1337,2,W LANTAU,3.0,1319,ON,HKCRP,809689,799628,SPRING,NONE,S,2012-05-24,2012,5,2012-13,2012,Final_Report_2012_13.pdf,WL,1319.0
24-May-12,12,1350,1,W LANTAU,3.0,143,ON,HKCRP,810472,800991,SPRING,NONE,P,2012-05-24,2012,5,2012-13,2012,Final_Report_2012_13.pdf,WL,143.0
24-May-12,13,1356,4,W LANTAU,2.0,157,ON,HKCRP,810472,801135,SPRING,NONE,P,2012-05-24,2012,5,2012-13,2012,Final_Report_2012_13.pdf,WL,157.0
24-May-12,14,1409,14,W LANTAU,2.0,107,ON,HKCRP,810792,801714,SPRING,GILL NET,S,2012-05-24,2012,5,2012-13,2012,Final_Report_2012_13.pdf,WL,107.0
24-May-12,15,1509,2,W LANTAU,3.0,138,ON,HKCRP,814487,803051,SPRING,NONE,P,2012-05-24,2012,5,2012-13,2012,Final_Report_2012_13.pdf,WL,138.0
30-May-12,1,1318,1,NE LANTAU,2.0,126,ON,HKCRP,822198,813257,SPRING,NONE,P,2012-05-30,2012,5,2012-13,2012,Final_Report_2012_13.pdf,NEL,126.0
30-May-12,2,1837,1,NW LANTAU,2.0,ND,OFF,HKCRP,826941,805190,SPRING,NONE,,2012-05-30,2012,5,2012-13,2012,Final_Report_2012_13.pdf,NWL,
30-May-12,3,2249,2,W LANTAU,1.0,ND,OFF,HKCRP,806373,801869,SPRING,NONE,,2012-05-30,2012,5,2012-13,2012,Final_Report_2012_13.pdf,WL,
31-May-12,1,558,3,W LANTAU,0.0,ND,OFF,HKCRP,806318,801765,SPRING,NONE,,2012-05-31,2012,5,2012-13,2012,Final_Report_2012_13.pdf,WL,
31-May-12,2,632,3,W LANTAU,1.0,474,ON,HKCRP,806475,800899,SPRING,NONE,P,2012-05-31,2012,5,2012-13,2012,Final_Report_2012_13.pdf,WL,474.0
31-May-12,3,642,2,W LANTAU,0.0,662,ON,HKCRP,806462,801621,SPRING,NONE,P,2012-05-31,2012,5,2012-13,2012,Final_Report_2012_13.pdf,WL,662.0
31-May-12,4,653,1,W LANTAU,0.0,681,ON,HKCRP,807448,801294,SPRING,NONE,P,2012-05-31,2012,5,2012-13,2012,Final_Report_2012_13.pdf,WL,681.0
31-May-12,5,710,7,W LANTAU,1.0,312,ON,HKCRP,808459,799914,SPRING,HANG,P,2012-05-31,2012,5,2012-13,2012,Final_Report_2012_13.pdf,WL,312.0
31-May-12,6,728,4,W LANTAU,1.0,37,ON,HKCRP,808767,800946,SPRING,NONE,S,2012-05-31,2012,5,2012-13,2012,Final_Report_2012_13.pdf,WL,37.0
31-May-12,7,740,2,W LANTAU,1.0,53,ON,HKCRP,809420,800844,SPRING,NONE,S,2012-05-31,2012,5,2012-13,2012,Final_Report_2012_13.pdf,WL,53.0
31-May-12,8,804,8,W LANTAU,2.0,63,ON,HKCRP,810482,801476,SPRING,NONE,P,2012-05-31,2012,5,2012-13,2012,Final_Report_2012_13.pdf,WL,63.0
31-May-12,9,826,8,W LANTAU,2.0,338,ON,HKCRP,811234,802024,SPRING,HANG,P,2012-05-31,2012,5,2012-13,2012,Final_Report_2012_13.pdf,WL,338.0
31-May-12,10,859,4,W LANTAU,2.0,18,ON,HKCRP,813569,802678,SPRING,NONE,P,2012-05-31,2012,5,2012-13,2012,Final_Report_2012_13.pdf,WL,18.0
31-May-12,11,915,2,W LANTAU,2.0,49,ON,HKCRP,814199,803102,SPRING,NONE,P,2012-05-31,2012,5,2012-13,2012,Final_Report_2012_13.pdf,WL,49.0
31-May-12,12,1041,8,NW LANTAU,3.0,176,ON,HKCRP,824338,805339,SPRING,NONE,P,2012-05-31,2012,5,2012-13,2012,Final_Report_2012_13.pdf,NWL,176.0
6-Jun-12,1,957,2,NW LANTAU,2.0,ND,OFF,HKCRP,817048,807220,SUMMER,NONE,,2012-06-06,2012,6,2012-13,2012,Final_Report_2012_13.pdf,NWL,
6-Jun-12,2,1006,1,NW LANTAU,2.0,ND,OFF,HKCRP,816608,805849,SUMMER,NONE,,2012-06-06,2012,6,2012-13,2012,Final_Report_2012_13.pdf,NWL,
6-Jun-12,3,1021,1,W LANTAU,2.0,132,ON,HKCRP,818184,803812,SUMMER,NONE,P,2012-06-06,2012,6,2012-13,2012,Final_Report_2012_13.pdf,WL,132.0
6-Jun-12,4,1051,1,W LANTAU,2.0,254,ON,HKCRP,815019,802836,SUMMER,NONE,S,2012-06-06,2012,6,2012-13,2012,Final_Report_2012_13.pdf,WL,254.0
6-Jun-12,5,1108,1,W LANTAU,2.0,207,ON,HKCRP,813558,802761,SUMMER,NONE,S,2012-06-06,2012,6,2012-13,2012,Final_Report_2012_13.pdf,WL,207.0
6-Jun-12,6,1134,10,W LANTAU,2.0,ND,OFF,HKCRP,811456,801684,SUMMER,NONE,,2012-06-06,2012,6,2012-13,2012,Final_Report_2012_13.pdf,WL,
6-Jun-12,7,1216,2,W LANTAU,3.0,495,ON,HKCRP,808582,799574,SUMMER,NONE,S,2012-06-06,2012,6,2012-13,2012,Final_Report_2012_13.pdf,WL,495.0
6-Jun-12,8,1301,1,W LANTAU,4.0,93,ON,HKCRP,806517,801714,SUMMER,NONE,P,2012-06-06,2012,6,2012-13,2012,Final_Report_2012_13.pdf,WL,93.0
6-Jun-12,9,1405,1,W LANTAU,2.0,100,ON,HKCRP,812566,800749,SUMMER,NONE,S,2012-06-06,2012,6,2012-13,2012,Final_Report_2012_13.pdf,WL,100.0
6-Jun-12,10,1418,1,W LANTAU,2.0,306,ON,HKCRP,813417,801348,SUMMER,NONE,S,2012-06-06,2012,6,2012-13,2012,Final_Report_2012_13.pdf,WL,306.0
6-Jun-12,11,1448,6,NW LANTAU,2.0,364,ON,HKCRP,815414,804630,SUMMER,NONE,P,2012-06-06,2012,6,2012-13,2012,Final_Report_2012_13.pdf,NWL,364.0
6-Jun-12,12,1539,1,NW LANTAU,2.0,167,ON,HKCRP,822535,804655,SUMMER,NONE,P,2012-06-06,2012,6,2012-13,2012,Final_Report_2012_13.pdf,NWL,167.0
7-Jun-12,1,1000,1,NW LANTAU,2.0,ND,OFF,HKCRP,816507,806302,SUMMER,NONE,,2012-06-07,2012,6,2012-13,2012,Final_Report_2012_13.pdf,NWL,
7-Jun-12,2,1052,4,NW LANTAU,1.0,202,ON,HKCRP,826996,805355,SUMMER,NONE,P,2012-06-07,2012,6,2012-13,2012,Final_Report_2012_13.pdf,NWL,202.0
7-Jun-12,3,1126,5,NW LANTAU,1.0,148,ON,HKCRP,828830,807428,SUMMER,NONE,P,2012-06-07,2012,6,2012-13,2012,Final_Report_2012_13.pdf,NWL,148.0
7-Jun-12,4,1144,1,NW LANTAU,1.0,178,ON,HKCRP,827446,807415,SUMMER,NONE,P,2012-06-07,2012,6,2012-13,2012,Final_Report_2012_13.pdf,NWL,178.0
7-Jun-12,5,1147,4,NW LANTAU,1.0,473,ON,HKCRP,826959,807311,SUMMER,NONE,P,2012-06-07,2012,6,2012-13,2012,Final_Report_2012_13.pdf,NWL,473.0
7-Jun-12,6,1213,2,NW LANTAU,3.0,25,ON,HKCRP,825464,807422,SUMMER,NONE,P,2012-06-07,2012,6,2012-13,2012,Final_Report_2012_13.pdf,NWL,25.0
8-Jun-12,1,1013,1,W LANTAU,2.0,779,ON,HKCRP,815182,804372,SUMMER,NONE,S,2012-06-08,2012,6,2012-13,2012,Final_Report_2012_13.pdf,WL,779.0
8-Jun-12,2,1022,1,W LANTAU,2.0,121,ON,HKCRP,814409,803556,SUMMER,NONE,S,2012-06-08,2012,6,2012-13,2012,Final_Report_2012_13.pdf,WL,121.0
8-Jun-12,3,1034,1,W LANTAU,1.0,178,ON,HKCRP,813436,802895,SUMMER,NONE,S,2012-06-08,2012,6,2012-13,2012,Final_Report_2012_13.pdf,WL,178.0
8-Jun-12,4,1052,5,W LANTAU,1.0,137,ON,HKCRP,810173,801176,SUMMER,NONE,S,2012-06-08,2012,6,2012-13,2012,Final_Report_2012_13.pdf,WL,137.0
8-Jun-12,5,1103,2,W LANTAU,2.0,353,ON,HKCRP,809144,800844,SUMMER,NONE,S,2012-06-08,2012,6,2012-13,2012,Final_Report_2012_13.pdf,WL,353.0
8-Jun-12,6,1130,1,SW LANTAU,2.0,664,ON,HKCRP,804400,802565,SUMMER,NONE,P,2012-06-08,2012,6,2012-13,2012,Final_Report_2012_13.pdf,SWL,664.0
14-Jun-12,1,1120,8,NW LANTAU,1.0,351,ON,HKCRP,829187,806307,SUMMER,NONE,P,2012-06-14,2012,6,2012-13,2012,Final_Report_2012_13.pdf,NWL,351.0
14-Jun-12,2,1214,7,NW LANTAU,2.0,21,ON,HKCRP,822217,808436,SUMMER,NONE,P,2012-06-14,2012,6,2012-13,2012,Final_Report_2012_13.pdf,NWL,21.0
14-Jun-12,3,1417,3,NE LANTAU,3.0,409,ON,HKCRP,820866,815305,SUMMER,NONE,P,2012-06-14,2012,6,2012-13,2012,Final_Report_2012_13.pdf,NEL,409.0
21-Jun-12,1,1019,2,W LANTAU,2.0,ND,OFF,HKCRP,818461,803988,SUMMER,HANG,,2012-06-21,2012,6,2012-13,2012,Final_Report_2012_13.pdf,WL,
21-Jun-12,2,1124,1,W LANTAU,3.0,193,ON,HKCRP,813052,801121,SUMMER,NONE,S,2012-06-21,2012,6,2012-13,2012,Final_Report_2012_13.pdf,WL,193.0
21-Jun-12,3,1148,7,W LANTAU,2.0,135,ON,HKCRP,811256,802065,SUMMER,NONE,S,2012-06-21,2012,6,2012-13,2012,Final_Report_2012_13.pdf,WL,135.0
28-Jun-12,1,1008,4,W LANTAU,2.0,ND,OFF,HKCRP,816542,805303,SUMMER,NONE,,2012-06-28,2012,6,2012-13,2012,Final_Report_2012_13.pdf,WL,
28-Jun-12,2,1028,6,W LANTAU,3.0,ND,OFF,HKCRP,816522,804519,SUMMER,NONE,,2012-06-28,2012,6,2012-13,2012,Final_Report_2012_13.pdf,WL,
28-Jun-12,3,1055,7,W LANTAU,2.0,81,ON,HKCRP,814033,802978,SUMMER,NONE,P,2012-06-28,2012,6,2012-13,2012,Final_Report_2012_13.pdf,WL,81.0
28-Jun-12,4,1115,2,W LANTAU,3.0,103,ON,HKCRP,811725,800375,SUMMER,NONE,S,2012-06-28,2012,6,2012-13,2012,Final_Report_2012_13.pdf,WL,103.0
28-Jun-12,5,1124,3,W LANTAU,3.0,105,ON,HKCRP,811468,801395,SUMMER,NONE,P,2012-06-28,2012,6,2012-13,2012,Final_Report_2012_13.pdf,WL,105.0
28-Jun-12,6,1139,3,W LANTAU,2.0,ND,OFF,HKCRP,809818,801299,SUMMER,NONE,,2012-06-28,2012,6,2012-13,2012,Final_Report_2012_13.pdf,WL,
28-Jun-12,7,1157,1,W LANTAU,3.0,ND,OFF,HKCRP,807817,799820,SUMMER,NONE,,2012-06-28,2012,6,2012-13,2012,Final_Report_2012_13.pdf,WL,
28-Jun-12,8,1201,4,W LANTAU,3.0,117,ON,HKCRP,807440,799912,SUMMER,NONE,S,2012-06-28,2012,6,2012-13,2012,Final_Report_2012_13.pdf,WL,117.0
28-Jun-12,9,1205,1,W LANTAU,2.0,104,ON,HKCRP,807450,800345,SUMMER,NONE,P,2012-06-28,2012,6,2012-13,2012,Final_Report_2012_13.pdf,WL,104.0
28-Jun-12,10,1219,4,W LANTAU,2.0,24,ON,HKCRP,806528,801735,SUMMER,NONE,S,2012-06-28,2012,6,2012-13,2012,Final_Report_2012_13.pdf,WL,24.0
28-Jun-12,11,1249,3,W LANTAU,2.0,114,ON,HKCRP,805465,801588,SUMMER,NONE,P,2012-06-28,2012,6,2012-13,2012,Final_Report_2012_13.pdf,WL,114.0
28-Jun-12,12,1301,2,W LANTAU,2.0,69,ON,HKCRP,805978,800383,SUMMER,NONE,S,2012-06-28,2012,6,2012-13,2012,Final_Report_2012_13.pdf,WL,69.0
28-Jun-12,13,1329,2,W LANTAU,2.0,62,ON,HKCRP,809597,801247,SUMMER,NONE,S,2012-06-28,2012,6,2012-13,2012,Final_Report_2012_13.pdf,WL,62.0
28-Jun-12,14,1426,2,NW LANTAU,3.0,ND,OFF,HKCRP,817129,805345,SUMMER,NONE,,2012-06-28,2012,6,2012-13,2012,Final_Report_2012_13.pdf,NWL,
28-Jun-12,15,1626,3,NW LANTAU,2.0,76,ON,HKCRP,820906,810762,SUMMER,NONE,S,2012-06-28,2012,6,2012-13,2012,Final_Report_2012_13.pdf,NWL,76.0
4-Jul-12,1,1015,5,W LANTAU,1.0,ND,OFF,THEO,806229,801992,SUMMER,NONE,,2012-07-04,2012,7,2012-13,2012,Final_Report_2012_13.pdf,WL,
4-Jul-12,2,1050,2,W LANTAU,1.0,ND,OFF,THEO,806317,802219,SUMMER,NONE,,2012-07-04,2012,7,2012-13,2012,Final_Report_2012_13.pdf,WL,
4-Jul-12,3,1109,1,W LANTAU,1.0,ND,OFF,THEO,806173,802002,SUMMER,NONE,,2012-07-04,2012,7,2012-13,2012,Final_Report_2012_13.pdf,WL,
4-Jul-12,4,1152,1,W LANTAU,1.0,ND,OFF,THEO,806140,802105,SUMMER,NONE,,2012-07-04,2012,7,2012-13,2012,Final_Report_2012_13.pdf,WL,
5-Jul-12,1,1023,6,NW LANTAU,2.0,ND,OFF,HKCRP,818206,804142,SUMMER,HANG,,2012-07-05,2012,7,2012-13,2012,Final_Report_2012_13.pdf,NWL,
5-Jul-12,2,1057,8,W LANTAU,2.0,204,ON,HKCRP,813524,803018,SUMMER,NONE,S,2012-07-05,2012,7,2012-13,2012,Final_Report_2012_13.pdf,WL,204.0
5-Jul-12,3,1118,3,W LANTAU,2.0,ND,OFF,HKCRP,812540,802223,SUMMER,NONE,,2012-07-05,2012,7,2012-13,2012,Final_Report_2012_13.pdf,WL,
5-Jul-12,4,1123,8,W LANTAU,2.0,ND,OFF,HKCRP,813117,801863,SUMMER,NONE,,2012-07-05,2012,7,2012-13,2012,Final_Report_2012_13.pdf,WL,
5-Jul-12,5,1153,2,W LANTAU,2.0,ND,OFF,HKCRP,809508,801133,SUMMER,NONE,,2012-07-05,2012,7,2012-13,2012,Final_Report_2012_13.pdf,WL,
5-Jul-12,6,1216,2,W LANTAU,2.0,205,ON,HKCRP,807427,801067,SUMMER,NONE,P,2012-07-05,2012,7,2012-13,2012,Final_Report_2012_13.pdf,WL,205.0
5-Jul-12,7,1314,3,W LANTAU,2.0,ND,OFF,HKCRP,808446,800801,SUMMER,NONE,,2012-07-05,2012,7,2012-13,2012,Final_Report_2012_13.pdf,WL,
5-Jul-12,8,1350,1,W LANTAU,2.0,42,ON,HKCRP,810725,801662,SUMMER,NONE,S,2012-07-05,2012,7,2012-13,2012,Final_Report_2012_13.pdf,WL,42.0
5-Jul-12,9,1434,1,W LANTAU,2.0,207,ON,HKCRP,814508,803515,SUMMER,NONE,P,2012-07-05,2012,7,2012-13,2012,Final_Report_2012_13.pdf,WL,207.0
5-Jul-12,10,1453,4,NW LANTAU,2.0,151,ON,HKCRP,815911,805312,SUMMER,NONE,P,2012-07-05,2012,7,2012-13,2012,Final_Report_2012_13.pdf,NWL,151.0
5-Jul-12,11,1612,1,NW LANTAU,2.0,755,ON,HKCRP,827793,805356,SUMMER,NONE,P,2012-07-05,2012,7,2012-13,2012,Final_Report_2012_13.pdf,NWL,755.0
5-Jul-12,12,1619,5,NW LANTAU,2.0,28,ON,HKCRP,827625,806458,SUMMER,NONE,S,2012-07-05,2012,7,2012-13,2012,Final_Report_2012_13.pdf,NWL,28.0
5-Jul-12,13,1629,2,NW LANTAU,2.0,460,ON,HKCRP,825929,807423,SUMMER,NONE,P,2012-07-05,2012,7,2012-13,2012,Final_Report_2012_13.pdf,NWL,460.0
6-Jul-12,1,1010,1,NW LANTAU,2.0,10,ON,HKCRP,815955,805343,SUMMER,NONE,P,2012-07-06,2012,7,2012-13,2012,Final_Report_2012_13.pdf,NWL,10.0
6-Jul-12,2,1022,2,NW LANTAU,2.0,36,ON,HKCRP,816985,805334,SUMMER,NONE,P,2012-07-06,2012,7,2012-13,2012,Final_Report_2012_13.pdf,NWL,36.0
6-Jul-12,3,1118,2,NW LANTAU,3.0,230,ON,HKCRP,829374,806966,SUMMER,NONE,S,2012-07-06,2012,7,2012-13,2012,Final_Report_2012_13.pdf,NWL,230.0
6-Jul-12,4,1153,4,NW LANTAU,2.0,600,ON,HKCRP,824775,808440,SUMMER,HANG,P,2012-07-06,2012,7,2012-13,2012,Final_Report_2012_13.pdf,NWL,600.0
9-Jul-12,1,1623,5,W LANTAU,3.0,ND,OFF,HELI,810969,801487,SUMMER,NONE,,2012-07-09,2012,7,2012-13,2012,Final_Report_2012_13.pdf,WL,
9-Jul-12,2,1627,2,W LANTAU,3.0,ND,OFF,HELI,813690,803266,SUMMER,NONE,,2012-07-09,2012,7,2012-13,2012,Final_Report_2012_13.pdf,WL,
10-Jul-12,1,1028,3,W LANTAU,3.0,165,ON,HKCRP,813436,802915,SUMMER,NONE,S,2012-07-10,2012,7,2012-13,2012,Final_Report_2012_13.pdf,WL,165.0
10-Jul-12,2,1047,2,W LANTAU,3.0,48,ON,HKCRP,813104,802533,SUMMER,NONE,S,2012-07-10,2012,7,2012-13,2012,Final_Report_2012_13.pdf,WL,48.0
10-Jul-12,3,1100,1,W LANTAU,3.0,241,ON,HKCRP,811699,801860,SUMMER,NONE,S,2012-07-10,2012,7,2012-13,2012,Final_Report_2012_13.pdf,WL,241.0
10-Jul-12,4,1128,1,W LANTAU,3.0,ND,OFF,HKCRP,811633,802025,SUMMER,NONE,,2012-07-10,2012,7,2012-13,2012,Final_Report_2012_13.pdf,WL,
10-Jul-12,5,1136,3,W LANTAU,3.0,ND,OFF,HKCRP,810737,801569,SUMMER,NONE,,2012-07-10,2012,7,2012-13,2012,Final_Report_2012_13.pdf,WL,
10-Jul-12,6,1158,3,W LANTAU,3.0,187,ON,HKCRP,808900,800926,SUMMER,NONE,S,2012-07-10,2012,7,2012-13,2012,Final_Report_2012_13.pdf,WL,187.0
10-Jul-12,7,1213,12,W LANTAU,3.0,ND,OFF,HKCRP,807548,801304,SUMMER,NONE,,2012-07-10,2012,7,2012-13,2012,Final_Report_2012_13.pdf,WL,
10-Jul-12,8,1350,1,SW LANTAU,2.0,286,ON,HKCRP,806753,805334,SUMMER,HANG,P,2012-07-10,2012,7,2012-13,2012,Final_Report_2012_13.pdf,SWL,286.0
10-Jul-12,9,1511,1,SW LANTAU,3.0,349,ON,HKCRP,804773,809930,SUMMER,NONE,S,2012-07-10,2012,7,2012-13,2012,Final_Report_2012_13.pdf,SWL,349.0
10-Jul-12,10,1601,6,SW LANTAU,2.0,109,ON,HKCRP,806789,804066,SUMMER,NONE,S,2012-07-10,2012,7,2012-13,2012,Final_Report_2012_13.pdf,SWL,109.0
10-Jul-12,11,1615,5,SW LANTAU,3.0,57,ON,HKCRP,806624,803323,SUMMER,NONE,S,2012-07-10,2012,7,2012-13,2012,Final_Report_2012_13.pdf,SWL,57.0
10-Jul-12,12,1625,3,SW LANTAU,3.0,ND,OFF,HKCRP,806349,802611,SUMMER,NONE,,2012-07-10,2012,7,2012-13,2012,Final_Report_2012_13.pdf,SWL,
10-Jul-12,13,1634,2,W LANTAU,3.0,ND,OFF,HKCRP,806461,801848,SUMMER,NONE,,2012-07-10,2012,7,2012-13,2012,Final_Report_2012_13.pdf,WL,
10-Jul-12,14,1652,1,W LANTAU,4.0,149,ON,HKCRP,808911,800957,SUMMER,NONE,S,2012-07-10,2012,7,2012-13,2012,Final_Report_2012_13.pdf,WL,149.0
10-Jul-12,15,1658,1,W LANTAU,3.0,73,ON,HKCRP,809652,801175,SUMMER,NONE,S,2012-07-10,2012,7,2012-13,2012,Final_Report_2012_13.pdf,WL,73.0
10-Jul-12,16,1706,4,W LANTAU,4.0,160,ON,HKCRP,810814,801600,SUMMER,NONE,S,2012-07-10,2012,7,2012-13,2012,Final_Report_2012_13.pdf,WL,160.0
10-Jul-12,17,1721,5,W LANTAU,4.0,100,ON,HKCRP,813436,802936,SUMMER,NONE,S,2012-07-10,2012,7,2012-13,2012,Final_Report_2012_13.pdf,WL,100.0
10-Jul-12,18,1731,4,W LANTAU,2.0,51,ON,HKCRP,814507,804330,SUMMER,NONE,S,2012-07-10,2012,7,2012-13,2012,Final_Report_2012_13.pdf,WL,51.0
11-Jul-12,1,1056,4,NW LANTAU,4.0,68,ON,HKCRP,827802,806396,SUMMER,NONE,P,2012-07-11,2012,7,2012-13,2012,Final_Report_2012_13.pdf,NWL,68.0
6-Aug-12,1,1116,4,NE LANTAU,2.0,204,ON,HKCRP,824118,818400,SUMMER,NONE,P,2012-08-06,2012,8,2012-13,2012,Final_Report_2012_13.pdf,NEL,204.0
6-Aug-12,2,1148,1,NE LANTAU,1.0,179,ON,HKCRP,824406,817978,SUMMER,NONE,S,2012-08-06,2012,8,2012-13,2012,Final_Report_2012_13.pdf,NEL,179.0
6-Aug-12,3,1214,3,NE LANTAU,3.0,ND,OFF,HKCRP,824464,816598,SUMMER,NONE,,2012-08-06,2012,8,2012-13,2012,Final_Report_2012_13.pdf,NEL,
6-Aug-12,4,1433,1,NW LANTAU,2.0,44,ON,HKCRP,826623,809031,SUMMER,NONE,S,2012-08-06,2012,8,2012-13,2012,Final_Report_2012_13.pdf,NWL,44.0
6-Aug-12,5,1450,1,NW LANTAU,2.0,185,ON,HKCRP,827034,808753,SUMMER,NONE,S,2012-08-06,2012,8,2012-13,2012,Final_Report_2012_13.pdf,NWL,185.0
6-Aug-12,6,1634,1,NW LANTAU,2.0,9,ON,HKCRP,827160,806395,SUMMER,NONE,P,2012-08-06,2012,8,2012-13,2012,Final_Report_2012_13.pdf,NWL,9.0
6-Aug-12,7,1641,1,NW LANTAU,2.0,ND,OFF,HKCRP,826572,807074,SUMMER,NONE,,2012-08-06,2012,8,2012-13,2012,Final_Report_2012_13.pdf,NWL,
7-Aug-12,1,914,2,W LANTAU,3.0,ND,OFF,THEO,806395,801951,SUMMER,NONE,,2012-08-07,2012,8,2012-13,2012,Final_Report_2012_13.pdf,WL,
7-Aug-12,2,1014,2,W LANTAU,3.0,ND,OFF,THEO,806473,801817,SUMMER,NONE,,2012-08-07,2012,8,2012-13,2012,Final_Report_2012_13.pdf,WL,
7-Aug-12,3,1033,15,W LANTAU,2.0,ND,OFF,THEO,806329,801796,SUMMER,NONE,,2012-08-07,2012,8,2012-13,2012,Final_Report_2012_13.pdf,WL,
8-Aug-12,1,1015,1,NW LANTAU,3.0,18,ON,HKCRP,821085,810103,SUMMER,NONE,S,2012-08-08,2012,8,2012-13,2012,Final_Report_2012_13.pdf,NWL,18.0
8-Aug-12,2,1551,3,NE LANTAU,2.0,34,ON,HKCRP,822626,816410,SUMMER,NONE,P,2012-08-08,2012,8,2012-13,2012,Final_Report_2012_13.pdf,NEL,34.0
8-Aug-12,3,1638,2,NE LANTAU,2.0,235,ON,HKCRP,823134,817492,SUMMER,NONE,S,2012-08-08,2012,8,2012-13,2012,Final_Report_2012_13.pdf,NEL,235.0
9-Aug-12,1,1036,5,W LANTAU,2.0,584,ON,HKCRP,814155,803040,SUMMER,NONE,S,2012-08-09,2012,8,2012-13,2012,Final_Report_2012_13.pdf,WL,584.0
9-Aug-12,2,1116,1,W LANTAU,1.0,51,ON,HKCRP,809929,801351,SUMMER,NONE,S,2012-08-09,2012,8,2012-13,2012,Final_Report_2012_13.pdf,WL,51.0
9-Aug-12,3,1210,1,W LANTAU,2.0,ND,OFF,HKCRP,812599,800501,SUMMER,NONE,,2012-08-09,2012,8,2012-13,2012,Final_Report_2012_13.pdf,WL,
9-Aug-12,4,1217,1,W LANTAU,2.0,ND,OFF,HKCRP,813110,800131,SUMMER,NONE,,2012-08-09,2012,8,2012-13,2012,Final_Report_2012_13.pdf,WL,
9-Aug-12,5,1307,4,W LANTAU,2.0,ND,OFF,HKCRP,814312,802041,SUMMER,NONE,,2012-08-09,2012,8,2012-13,2012,Final_Report_2012_13.pdf,WL,
15-Aug-12,1,956,3,NW LANTAU,1.0,ND,OFF,HKCRP,817048,807169,SUMMER,NONE,,2012-08-15,2012,8,2012-13,2012,Final_Report_2012_13.pdf,NWL,
15-Aug-12,2,1015,2,NW LANTAU,2.0,ND,OFF,HKCRP,818094,804564,SUMMER,NONE,,2012-08-15,2012,8,2012-13,2012,Final_Report_2012_13.pdf,NWL,
15-Aug-12,3,1021,3,W LANTAU,2.0,ND,OFF,HKCRP,817697,803800,SUMMER,NONE,,2012-08-15,2012,8,2012-13,2012,Final_Report_2012_13.pdf,WL,
15-Aug-12,4,1030,3,W LANTAU,2.0,ND,OFF,HKCRP,815781,803796,SUMMER,HANG,,2012-08-15,2012,8,2012-13,2012,Final_Report_2012_13.pdf,WL,
15-Aug-12,5,1040,2,W LANTAU,2.0,82,ON,HKCRP,815240,803362,SUMMER,NONE,P,2012-08-15,2012,8,2012-13,2012,Final_Report_2012_13.pdf,WL,82.0
15-Aug-12,6,1119,7,W LANTAU,2.0,ND,OFF,HKCRP,815491,804868,SUMMER,NONE,,2012-08-15,2012,8,2012-13,2012,Final_Report_2012_13.pdf,WL,
15-Aug-12,7,1350,5,NW LANTAU,3.0,ND,OFF,HKCRP,819530,806226,SUMMER,NONE,,2012-08-15,2012,8,2012-13,2012,Final_Report_2012_13.pdf,NWL,
15-Aug-12,8,1512,1,NW LANTAU,2.0,696,ON,HKCRP,827245,808455,SUMMER,NONE,P,2012-08-15,2012,8,2012-13,2012,Final_Report_2012_13.pdf,NWL,696.0
15-Aug-12,9,1527,1,NW LANTAU,2.0,55,ON,HKCRP,826215,808453,SUMMER,NONE,P,2012-08-15,2012,8,2012-13,2012,Final_Report_2012_13.pdf,NWL,55.0
15-Aug-12,10,1557,1,NW LANTAU,2.0,62,ON,HKCRP,820620,809875,SUMMER,NONE,S,2012-08-15,2012,8,2012-13,2012,Final_Report_2012_13.pdf,NWL,62.0
16-Aug-12,1,1033,2,W LANTAU,2.0,337,ON,HKCRP,812452,802037,SUMMER,NONE,P,2012-08-16,2012,8,2012-13,2012,Final_Report_2012_13.pdf,WL,337.0
16-Aug-12,2,1109,1,W LANTAU,3.0,6,ON,HKCRP,808434,801172,SUMMER,NONE,P,2012-08-16,2012,8,2012-13,2012,Final_Report_2012_13.pdf,WL,6.0
16-Aug-12,3,1119,8,W LANTAU,3.0,155,ON,HKCRP,806772,801653,SUMMER,NONE,S,2012-08-16,2012,8,2012-13,2012,Final_Report_2012_13.pdf,WL,155.0
16-Aug-12,4,1147,1,W LANTAU,3.0,ND,OFF,HKCRP,806454,800477,SUMMER,NONE,,2012-08-16,2012,8,2012-13,2012,Final_Report_2012_13.pdf,WL,
16-Aug-12,5,1159,8,W LANTAU,2.0,201,ON,HKCRP,805719,802001,SUMMER,NONE,S,2012-08-16,2012,8,2012-13,2012,Final_Report_2012_13.pdf,WL,201.0
16-Aug-12,6,1330,2,W LANTAU,3.0,239,ON,HKCRP,813548,802132,SUMMER,NONE,P,2012-08-16,2012,8,2012-13,2012,Final_Report_2012_13.pdf,WL,239.0
21-Aug-12,1,1025,1,W LANTAU,2.0,210,ON,HKCRP,813469,802688,SUMMER,NONE,S,2012-08-21,2012,8,2012-13,2012,Final_Report_2012_13.pdf,WL,210.0
21-Aug-12,2,1035,1,W LANTAU,2.0,44,ON,HKCRP,813148,802595,SUMMER,NONE,S,2012-08-21,2012,8,2012-13,2012,Final_Report_2012_13.pdf,WL,44.0
21-Aug-12,3,1053,1,W LANTAU,2.0,ND,OFF,HKCRP,810671,801239,SUMMER,NONE,,2012-08-21,2012,8,2012-13,2012,Final_Report_2012_13.pdf,WL,
21-Aug-12,4,1105,2,W LANTAU,2.0,152,ON,HKCRP,809409,800875,SUMMER,NONE,S,2012-08-21,2012,8,2012-13,2012,Final_Report_2012_13.pdf,WL,152.0
21-Aug-12,5,1327,1,SW LANTAU,2.0,95,ON,HKCRP,804233,808692,SUMMER,NONE,S,2012-08-21,2012,8,2012-13,2012,Final_Report_2012_13.pdf,SWL,95.0
29-Aug-12,1,1208,6,NE LANTAU,1.0,ND,OFF,HKCRP,821319,816264,SUMMER,NONE,,2012-08-29,2012,8,2012-13,2012,Final_Report_2012_13.pdf,NEL,
29-Aug-12,2,1431,1,NE LANTAU,2.0,187,ON,HKCRP,820458,814552,SUMMER,NONE,P,2012-08-29,2012,8,2012-13,2012,Final_Report_2012_13.pdf,NEL,187.0
29-Aug-12,3,1445,6,NE LANTAU,2.0,ND,OFF,HKCRP,820103,815016,SUMMER,HANG,,2012-08-29,2012,8,2012-13,2012,Final_Report_2012_13.pdf,NEL,
29-Aug-12,4,1644,7,NE LANTAU,2.0,ND,OFF,HKCRP,821617,816728,SUMMER,NONE,,2012-08-29,2012,8,2012-13,2012,Final_Report_2012_13.pdf,NEL,
30-Aug-12,1,1020,2,W LANTAU,2.0,148,ON,HKCRP,814143,803350,SUMMER,NONE,S,2012-08-30,2012,8,2012-13,2012,Final_Report_2012_13.pdf,WL,148.0
30-Aug-12,2,1031,1,W LANTAU,2.0,ND,OFF,HKCRP,812717,802326,SUMMER,NONE,,2012-08-30,2012,8,2012-13,2012,Final_Report_2012_13.pdf,WL,
30-Aug-12,3,1043,2,W LANTAU,2.0,74,ON,HKCRP,810416,801280,SUMMER,NONE,S,2012-08-30,2012,8,2012-13,2012,Final_Report_2012_13.pdf,WL,74.0
30-Aug-12,4,1047,5,W LANTAU,2.0,500,ON,HKCRP,810029,801114,SUMMER,NONE,S,2012-08-30,2012,8,2012-13,2012,Final_Report_2012_13.pdf,WL,500.0
30-Aug-12,5,1114,6,W LANTAU,2.0,ND,OFF,HKCRP,806228,802105,SUMMER,NONE,,2012-08-30,2012,8,2012-13,2012,Final_Report_2012_13.pdf,WL,
30-Aug-12,6,1135,5,SW LANTAU,1.0,244,ON,HKCRP,805151,803423,SUMMER,NONE,P,2012-08-30,2012,8,2012-13,2012,Final_Report_2012_13.pdf,SWL,244.0
30-Aug-12,7,1232,2,SW LANTAU,1.0,15,ON,HKCRP,807604,806378,SUMMER,HANG,S,2012-08-30,2012,8,2012-13,2012,Final_Report_2012_13.pdf,SWL,15.0
30-Aug-12,8,1304,2,SW LANTAU,2.0,311,ON,HKCRP,804390,807392,SUMMER,NONE,P,2012-08-30,2012,8,2012-13,2012,Final_Report_2012_13.pdf,SWL,311.0
30-Aug-12,9,1336,1,SW LANTAU,2.0,ND,OFF,HKCRP,804740,809961,SUMMER,NONE,,2012-08-30,2012,8,2012-13,2012,Final_Report_2012_13.pdf,SWL,
30-Aug-12,10,1344,1,SW LANTAU,2.0,58,ON,HKCRP,806048,809458,SUMMER,NONE,P,2012-08-30,2012,8,2012-13,2012,Final_Report_2012_13.pdf,SWL,58.0
30-Aug-12,11,1410,1,SW LANTAU,2.0,214,ON,HKCRP,805358,811158,SUMMER,NONE,P,2012-08-30,2012,8,2012-13,2012,Final_Report_2012_13.pdf,SWL,214.0
3-Sep-12,1,1551,2,W LANTAU,2.0,ND,OFF,HELI,810846,802054,AUTUMN,NONE,,2012-09-03,2012,9,2012-13,2012,Final_Report_2012_13.pdf,WL,
12-Sep-12,1,948,2,SW LANTAU,3.0,ND,OFF,THEO,806239,802116,AUTUMN,NONE,,2012-09-12,2012,9,2012-13,2012,Final_Report_2012_13.pdf,SWL,
12-Sep-12,2,1006,3,SW LANTAU,3.0,ND,OFF,THEO,806284,802188,AUTUMN,NONE,,2012-09-12,2012,9,2012-13,2012,Final_Report_2012_13.pdf,SWL,
13-Sep-12,1,1011,4,NW LANTAU,2.0,36,ON,HKCRP,821692,811124,AUTUMN,NONE,S,2012-09-13,2012,9,2012-13,2012,Final_Report_2012_13.pdf,NWL,36.0
13-Sep-12,2,1046,8,NW LANTAU,2.0,524,ON,HKCRP,824664,808450,AUTUMN,NONE,P,2012-09-13,2012,9,2012-13,2012,Final_Report_2012_13.pdf,NWL,524.0
13-Sep-12,3,1431,2,NW LANTAU,3.0,11,ON,HKCRP,823441,805358,AUTUMN,NONE,P,2012-09-13,2012,9,2012-13,2012,Final_Report_2012_13.pdf,NWL,11.0
13-Sep-12,4,1601,6,NE LANTAU,2.0,ND,OFF,HKCRP,820135,815314,AUTUMN,NONE,,2012-09-13,2012,9,2012-13,2012,Final_Report_2012_13.pdf,NEL,
13-Sep-12,5,1623,4,NE LANTAU,2.0,ND,OFF,HKCRP,820177,817375,AUTUMN,NONE,,2012-09-13,2012,9,2012-13,2012,Final_Report_2012_13.pdf,NEL,
13-Sep-12,6,1635,2,NE LANTAU,2.0,34,ON,HKCRP,821227,818973,AUTUMN,NONE,S,2012-09-13,2012,9,2012-13,2012,Final_Report_2012_13.pdf,NEL,34.0
13-Sep-12,7,1640,6,NE LANTAU,2.0,144,ON,HKCRP,821503,819365,AUTUMN,NONE,S,2012-09-13,2012,9,2012-13,2012,Final_Report_2012_13.pdf,NEL,144.0
13-Sep-12,8,1653,4,NE LANTAU,2.0,ND,OFF,HKCRP,821813,819623,AUTUMN,NONE,,2012-09-13,2012,9,2012-13,2012,Final_Report_2012_13.pdf,NEL,
19-Sep-12,4,1614,1,SW LANTAU,3.0,10,ON,HKCRP,806239,802539,AUTUMN,NONE,P,2012-09-19,2012,9,2012-13,2012,Final_Report_2012_13.pdf,SWL,10.0
20-Sep-12,1,1127,4,NW LANTAU,2.0,59,ON,HKCRP,827448,806375,AUTUMN,NONE,P,2012-09-20,2012,9,2012-13,2012,Final_Report_2012_13.pdf,NWL,59.0
20-Sep-12,2,1233,3,NW LANTAU,2.0,49,ON,HKCRP,820733,808423,AUTUMN,NONE,P,2012-09-20,2012,9,2012-13,2012,Final_Report_2012_13.pdf,NWL,49.0
20-Sep-12,3,1628,2,NE LANTAU,2.0,180,ON,HKCRP,821161,819045,AUTUMN,NONE,S,2012-09-20,2012,9,2012-13,2012,Final_Report_2012_13.pdf,NEL,180.0
24-Sep-12,1,1129,4,NW LANTAU,2.0,ND,OFF,HKCRP,826263,806538,AUTUMN,NONE,,2012-09-24,2012,9,2012-13,2012,Final_Report_2012_13.pdf,NWL,
25-Sep-12,1,1049,5,NW LANTAU,3.0,73,ON,HKCRP,824295,810510,AUTUMN,NONE,P,2012-09-25,2012,9,2012-13,2012,Final_Report_2012_13.pdf,NWL,73.0
27-Sep-12,1,1105,7,NW LANTAU,4.0,ND,OFF,HKCRP,825786,806691,AUTUMN,NONE,,2012-09-27,2012,9,2012-13,2012,Final_Report_2012_13.pdf,NWL,
27-Sep-12,2,1528,2,NW LANTAU,3.0,66,ON,HKCRP,817749,805336,AUTUMN,NONE,P,2012-09-27,2012,9,2012-13,2012,Final_Report_2012_13.pdf,NWL,66.0
27-Sep-12,3,1612,2,NW LANTAU,2.0,186,ON,HKCRP,825922,805353,AUTUMN,NONE,P,2012-09-27,2012,9,2012-13,2012,Final_Report_2012_13.pdf,NWL,186.0
28-Sep-12,1,1001,1,NE LANTAU,3.0,612,ON,HKCRP,820966,815305,AUTUMN,NONE,P,2012-09-28,2012,9,2012-13,2012,Final_Report_2012_13.pdf,NEL,612.0
28-Sep-12,2,1224,9,NW LANTAU,3.0,ND,OFF,HKCRP,823902,807409,AUTUMN,NONE,,2012-09-28,2012,9,2012-13,2012,Final_Report_2012_13.pdf,NWL,
28-Sep-12,3,1245,4,NW LANTAU,3.0,2,ON,HKCRP,822949,807706,AUTUMN,NONE,P,2012-09-28,2012,9,2012-13,2012,Final_Report_2012_13.pdf,NWL,2.0
28-Sep-12,4,1258,7,NW LANTAU,3.0,175,ON,HKCRP,823016,807458,AUTUMN,NONE,P,2012-09-28,2012,9,2012-13,2012,Final_Report_2012_13.pdf,NWL,175.0
28-Sep-12,5,1427,3,NE LANTAU,3.0,ND,OFF,HKCRP,821853,814534,AUTUMN,NONE,,2012-09-28,2012,9,2012-13,2012,Final_Report_2012_13.pdf,NEL,
3-Oct-12,1,1000,7,NW LANTAU,2.0,ND,OFF,HKCRP,816872,806736,AUTUMN,NONE,,2012-10-03,2012,10,2012-13,2012,Final_Report_2012_13.pdf,NWL,
3-Oct-12,2,1105,7,W LANTAU,2.0,28,ON,HKCRP,813558,802421,AUTUMN,NONE,P,2012-10-03,2012,10,2012-13,2012,Final_Report_2012_13.pdf,WL,28.0
3-Oct-12,3,1126,4,W LANTAU,2.0,390,ON,HKCRP,812886,801089,AUTUMN,NONE,S,2012-10-03,2012,10,2012-13,2012,Final_Report_2012_13.pdf,WL,390.0
3-Oct-12,4,1140,4,W LANTAU,2.0,163,ON,HKCRP,811924,800479,AUTUMN,NONE,S,2012-10-03,2012,10,2012-13,2012,Final_Report_2012_13.pdf,WL,163.0
3-Oct-12,5,1212,1,W LANTAU,2.0,104,ON,HKCRP,809444,800329,AUTUMN,NONE,P,2012-10-03,2012,10,2012-13,2012,Final_Report_2012_13.pdf,WL,104.0
3-Oct-12,6,1225,2,W LANTAU,3.0,134,ON,HKCRP,807939,799758,AUTUMN,NONE,S,2012-10-03,2012,10,2012-13,2012,Final_Report_2012_13.pdf,WL,134.0
3-Oct-12,7,1242,2,W LANTAU,2.0,185,ON,HKCRP,807449,801056,AUTUMN,NONE,P,2012-10-03,2012,10,2012-13,2012,Final_Report_2012_13.pdf,WL,185.0
3-Oct-12,8,1555,1,NW LANTAU,2.0,862,ON,HKCRP,824039,805380,AUTUMN,NONE,P,2012-10-03,2012,10,2012-13,2012,Final_Report_2012_13.pdf,NWL,862.0
3-Oct-12,9,1611,2,NW LANTAU,2.0,64,ON,HKCRP,825609,806536,AUTUMN,NONE,S,2012-10-03,2012,10,2012-13,2012,Final_Report_2012_13.pdf,NWL,64.0
3-Oct-12,10,1655,5,NW LANTAU,2.0,547,ON,HKCRP,820928,811122,AUTUMN,NONE,S,2012-10-03,2012,10,2012-13,2012,Final_Report_2012_13.pdf,NWL,547.0
4-Oct-12,1,1020,6,NW LANTAU,3.0,83,ON,HKCRP,817574,804655,AUTUMN,NONE,P,2012-10-04,2012,10,2012-13,2012,Final_Report_2012_13.pdf,NWL,83.0
4-Oct-12,2,1037,3,NW LANTAU,2.0,1153,ON,HKCRP,818736,804709,AUTUMN,NONE,P,2012-10-04,2012,10,2012-13,2012,Final_Report_2012_13.pdf,NWL,1153.0
4-Oct-12,3,1102,1,NW LANTAU,2.0,38,ON,HKCRP,823041,806212,AUTUMN,NONE,S,2012-10-04,2012,10,2012-13,2012,Final_Report_2012_13.pdf,NWL,38.0
4-Oct-12,4,1106,8,NW LANTAU,2.0,46,ON,HKCRP,824822,806854,AUTUMN,HANG,S,2012-10-04,2012,10,2012-13,2012,Final_Report_2012_13.pdf,NWL,46.0
4-Oct-12,5,1129,1,NW LANTAU,3.0,21,ON,HKCRP,826706,806384,AUTUMN,NONE,P,2012-10-04,2012,10,2012-13,2012,Final_Report_2012_13.pdf,NWL,21.0
4-Oct-12,6,1218,1,NW LANTAU,2.0,147,ON,HKCRP,823934,808449,AUTUMN,NONE,P,2012-10-04,2012,10,2012-13,2012,Final_Report_2012_13.pdf,NWL,147.0
4-Oct-12,7,1245,1,NW LANTAU,2.0,212,ON,HKCRP,823232,810508,AUTUMN,NONE,P,2012-10-04,2012,10,2012-13,2012,Final_Report_2012_13.pdf,NWL,212.0
4-Oct-12,8,1625,1,NE LANTAU,3.0,ND,OFF,HKCRP,822137,817367,AUTUMN,NONE,,2012-10-04,2012,10,2012-13,2012,Final_Report_2012_13.pdf,NEL,
4-Oct-12,9,1708,1,NE LANTAU,2.0,ND,OFF,HKCRP,820943,815676,AUTUMN,HANG,,2012-10-04,2012,10,2012-13,2012,Final_Report_2012_13.pdf,NEL,
15-Oct-12,1,1043,1,NW LANTAU,2.0,504,ON,HKCRP,823263,806048,AUTUMN,NONE,S,2012-10-15,2012,10,2012-13,2012,Final_Report_2012_13.pdf,NWL,504.0
15-Oct-12,2,1103,7,NW LANTAU,2.0,214,ON,HKCRP,828122,806953,AUTUMN,NONE,P,2012-10-15,2012,10,2012-13,2012,Final_Report_2012_13.pdf,NWL,214.0
15-Oct-12,3,1124,3,NW LANTAU,2.0,ND,OFF,HKCRP,828930,807439,AUTUMN,NONE,,2012-10-15,2012,10,2012-13,2012,Final_Report_2012_13.pdf,NWL,
15-Oct-12,4,1515,4,NE LANTAU,3.0,ND,OFF,HKCRP,820324,815315,AUTUMN,NONE,,2012-10-15,2012,10,2012-13,2012,Final_Report_2012_13.pdf,NEL,
15-Oct-12,5,1525,4,NE LANTAU,3.0,ND,OFF,HKCRP,820932,815501,AUTUMN,NONE,,2012-10-15,2012,10,2012-13,2012,Final_Report_2012_13.pdf,NEL,
16-Oct-12,1,1028,1,W LANTAU,2.0,120,ON,HKCRP,813347,802688,AUTUMN,NONE,S,2012-10-16,2012,10,2012-13,2012,Final_Report_2012_13.pdf,WL,120.0
9-Nov-12,1,1157,2,NW LANTAU,3.0,287,ON,HKCRP,826161,807526,AUTUMN,NONE,P,2012-11-09,2012,11,2012-13,2012,Final_Report_2012_13.pdf,NWL,287.0
9-Nov-12,2,1210,1,NW LANTAU,3.0,76,ON,HKCRP,826372,807527,AUTUMN,NONE,P,2012-11-09,2012,11,2012-13,2012,Final_Report_2012_13.pdf,NWL,76.0
9-Nov-12,3,1252,5,NW LANTAU,2.0,310,ON,HKCRP,828314,805450,AUTUMN,NONE,P,2012-11-09,2012,11,2012-13,2012,Final_Report_2012_13.pdf,NWL,310.0
9-Nov-12,4,1359,1,NW LANTAU,3.0,ND,OFF,HKCRP,825797,806691,AUTUMN,NONE,,2012-11-09,2012,11,2012-13,2012,Final_Report_2012_13.pdf,NWL,
9-Nov-12,5,1407,1,NW LANTAU,3.0,ND,OFF,HKCRP,825853,806599,AUTUMN,NONE,,2012-11-09,2012,11,2012-13,2012,Final_Report_2012_13.pdf,NWL,
21-Nov-12,1,1015,3,W LANTAU,4.0,72,ON,HKCRP,814044,803308,AUTUMN,NONE,S,2012-11-21,2012,11,2012-13,2012,Final_Report_2012_13.pdf,WL,72.0
21-Nov-12,2,1022,1,W LANTAU,4.0,237,ON,HKCRP,813536,802730,AUTUMN,NONE,S,2012-11-21,2012,11,2012-13,2012,Final_Report_2012_13.pdf,WL,237.0
21-Nov-12,3,1102,3,W LANTAU,3.0,173,ON,HKCRP,806351,801889,AUTUMN,NONE,S,2012-11-21,2012,11,2012-13,2012,Final_Report_2012_13.pdf,WL,173.0
21-Nov-12,4,1159,3,SW LANTAU,3.0,266,ON,HKCRP,807396,804985,AUTUMN,NONE,S,2012-11-21,2012,11,2012-13,2012,Final_Report_2012_13.pdf,SWL,266.0
21-Nov-12,5,1227,3,SW LANTAU,3.0,19,ON,HKCRP,803531,805307,AUTUMN,NONE,P,2012-11-21,2012,11,2012-13,2012,Final_Report_2012_13.pdf,SWL,19.0
26-Nov-12,1,1123,1,NE LANTAU,4.0,ND,OFF,HKCRP,823204,814793,AUTUMN,NONE,,2012-11-26,2012,11,2012-13,2012,Final_Report_2012_13.pdf,NEL,
27-Nov-12,1,1443,1,NW LANTAU,2.0,ND,OFF,HKCRP,822898,805480,AUTUMN,NONE,,2012-11-27,2012,11,2012-13,2012,Final_Report_2012_13.pdf,NWL,
27-Nov-12,2,1520,3,NW LANTAU,2.0,177,ON,HKCRP,828513,805481,AUTUMN,NONE,P,2012-11-27,2012,11,2012-13,2012,Final_Report_2012_13.pdf,NWL,177.0
27-Nov-12,3,1632,1,NW LANTAU,2.0,115,ON,HKCRP,822723,810487,AUTUMN,NONE,P,2012-11-27,2012,11,2012-13,2012,Final_Report_2012_13.pdf,NWL,115.0
12-Dec-12,1,1537,3,SW LANTAU,3.0,ND,OFF,HKCRP,802731,806708,WINTER,NONE,,2012-12-12,2012,12,2012-13,2012,Final_Report_2012_13.pdf,SWL,
12-Dec-12,2,1610,1,W LANTAU,3.0,ND,OFF,HKCRP,807947,801222,WINTER,NONE,,2012-12-12,2012,12,2012-13,2012,Final_Report_2012_13.pdf,WL,
12-Dec-12,3,1621,2,W LANTAU,3.0,29,ON,HKCRP,810725,801600,WINTER,NONE,S,2012-12-12,2012,12,2012-13,2012,Final_Report_2012_13.pdf,WL,29.0
12-Dec-12,1,1540,1,W LANTAU,1.0,ND,OFF,HELI,809974,800846,WINTER,NONE,,2012-12-12,2012,12,2012-13,2012,Final_Report_2012_13.pdf,WL,
17-Dec-12,1,1039,4,NW LANTAU,3.0,49,ON,HKCRP,823762,805451,WINTER,NONE,P,2012-12-17,2012,12,2012-13,2012,Final_Report_2012_13.pdf,NWL,49.0
17-Dec-12,2,1347,14,NW LANTAU,2.0,54,ON,HKCRP,828653,807521,WINTER,NONE,P,2012-12-17,2012,12,2012-13,2012,Final_Report_2012_13.pdf,NWL,54.0
20-Dec-12,1,1214,8,NE LANTAU,4.0,12,ON,HKCRP,820354,817530,WINTER,NONE,P,2012-12-20,2012,12,2012-13,2012,Final_Report_2012_13.pdf,NEL,12.0
21-Dec-12,1,928,2,W LANTAU,3.0,264,ON,HKCRP,813005,802461,WINTER,NONE,S,2012-12-21,2012,12,2012-13,2012,Final_Report_2012_13.pdf,WL,264.0
21-Dec-12,2,945,1,W LANTAU,3.0,92,ON,HKCRP,810450,801187,WINTER,NONE,S,2012-12-21,2012,12,2012-13,2012,Final_Report_2012_13.pdf,WL,92.0
21-Dec-12,3,950,1,W LANTAU,2.0,ND,OFF,HKCRP,809719,800958,WINTER,NONE,,2012-12-21,2012,12,2012-13,2012,Final_Report_2012_13.pdf,WL,
21-Dec-12,4,1019,1,SW LANTAU,3.0,4,ON,HKCRP,806811,803901,WINTER,NONE,S,2012-12-21,2012,12,2012-13,2012,Final_Report_2012_13.pdf,SWL,4.0
21-Dec-12,5,1122,2,SW LANTAU,2.0,24,ON,HKCRP,806231,806344,WINTER,NONE,P,2012-12-21,2012,12,2012-13,2012,Final_Report_2012_13.pdf,SWL,24.0
27-Dec-12,1,1333,1,SW LANTAU,4.0,97,ON,HKCRP,804507,804247,WINTER,NONE,P,2012-12-27,2012,12,2012-13,2012,Final_Report_2012_13.pdf,SWL,97.0
27-Dec-12,3,1556,1,W LANTAU,5.0,22,ON,HKCRP,808689,800915,WINTER,NONE,S,2012-12-27,2012,12,2012-13,2012,Final_Report_2012_13.pdf,WL,22.0
28-Dec-12,1,1148,2,DEEP BAY,3.0,ND,OFF,HKCRP,831102,806506,WINTER,NONE,,2012-12-28,2012,12,2012-13,2012,Final_Report_2012_13.pdf,DB,
28-Dec-12,2,1216,2,DEEP BAY,2.0,192,ON,HKCRP,830970,806289,WINTER,NONE,P,2012-12-28,2012,12,2012-13,2012,Final_Report_2012_13.pdf,DB,192.0
28-Dec-12,3,1322,2,DEEP BAY,3.0,252,ON,HKCRP,831712,806239,WINTER,NONE,S,2012-12-28,2012,12,2012-13,2012,Final_Report_2012_13.pdf,DB,252.0
28-Dec-12,4,1431,1,NW LANTAU,2.0,ND,OFF,HKCRP,825089,806474,WINTER,NONE,,2012-12-28,2012,12,2012-13,2012,Final_Report_2012_13.pdf,NWL,
3-Jan-13,1,1222,5,W LANTAU,2.0,101,ON,HKCRP,808068,801491,WINTER,NONE,S,2013-01-03,2013,1,2012-13,2012,Final_Report_2012_13.pdf,WL,101.0
3-Jan-13,2,1619,6,NW LANTAU,2.0,493,ON,HKCRP,823891,807512,WINTER,NONE,P,2013-01-03,2013,1,2012-13,2012,Final_Report_2012_13.pdf,NWL,493.0
3-Jan-13,3,1647,1,NW LANTAU,3.0,ND,OFF,HKCRP,823403,807964,WINTER,NONE,,2013-01-03,2013,1,2012-13,2012,Final_Report_2012_13.pdf,NWL,
9-Jan-13,1,1105,1,W LANTAU,3.0,86,ON,HKCRP,813558,802483,WINTER,NONE,P,2013-01-09,2013,1,2012-13,2012,Final_Report_2012_13.pdf,WL,86.0
9-Jan-13,2,1450,7,NE LANTAU,3.0,545,ON,HKCRP,823913,814557,WINTER,NONE,P,2013-01-09,2013,1,2012-13,2012,Final_Report_2012_13.pdf,NEL,545.0
14-Jan-13,6,1611,1,W LANTAU,2.0,62,ON,HKCRP,806306,801982,WINTER,NONE,S,2013-01-14,2013,1,2012-13,2012,Final_Report_2012_13.pdf,WL,62.0
15-Jan-13,1,1104,2,NW LANTAU,2.0,81,ON,HKCRP,826586,805385,WINTER,NONE,P,2013-01-15,2013,1,2012-13,2012,Final_Report_2012_13.pdf,NWL,81.0
15-Jan-13,2,1210,6,DEEP BAY,3.0,ND,OFF,HKCRP,832451,807425,WINTER,NONE,,2013-01-15,2013,1,2012-13,2012,Final_Report_2012_13.pdf,DB,
15-Jan-13,3,1344,3,NW LANTAU,2.0,0,ON,HKCRP,828985,807542,WINTER,NONE,P,2013-01-15,2013,1,2012-13,2012,Final_Report_2012_13.pdf,NWL,0.0
15-Jan-13,4,1524,2,NW LANTAU,2.0,55,ON,HKCRP,822876,811527,WINTER,NONE,P,2013-01-15,2013,1,2012-13,2012,Final_Report_2012_13.pdf,NWL,55.0
15-Jan-13,5,1557,3,NW LANTAU,1.0,ND,OFF,HKCRP,820701,814676,WINTER,NONE,,2013-01-15,2013,1,2012-13,2012,Final_Report_2012_13.pdf,NWL,
16-Jan-13,1,1413,1,W LANTAU,2.0,62,ON,HKCRP,813094,802224,WINTER,NONE,S,2013-01-16,2013,1,2012-13,2012,Final_Report_2012_13.pdf,WL,62.0
16-Jan-13,2,1617,1,NE LANTAU,2.0,119,ON,HKCRP,821474,816522,WINTER,NONE,P,2013-01-16,2013,1,2012-13,2012,Final_Report_2012_13.pdf,NEL,119.0
22-Jan-13,1,1443,8,NW LANTAU,1.0,273,ON,HKCRP,819986,805485,WINTER,NONE,P,2013-01-22,2013,1,2012-13,2012,Final_Report_2012_13.pdf,NWL,273.0
22-Jan-13,2,1508,1,NW LANTAU,2.0,293,ON,HKCRP,823895,805493,WINTER,NONE,P,2013-01-22,2013,1,2012-13,2012,Final_Report_2012_13.pdf,NWL,293.0
22-Jan-13,3,1527,1,NW LANTAU,2.0,134,ON,HKCRP,827372,805500,WINTER,NONE,P,2013-01-22,2013,1,2012-13,2012,Final_Report_2012_13.pdf,NWL,134.0
22-Jan-13,4,1618,6,NW LANTAU,1.0,513,ON,HKCRP,821743,807518,WINTER,NONE,P,2013-01-22,2013,1,2012-13,2012,Final_Report_2012_13.pdf,NWL,513.0
23-Jan-13,1,1100,5,NW LANTAU,2.0,149,ON,HKCRP,826276,805497,WINTER,GILL NET,P,2013-01-23,2013,1,2012-13,2012,Final_Report_2012_13.pdf,NWL,149.0
23-Jan-13,2,1144,2,NW LANTAU,2.0,275,ON,HKCRP,829939,806462,WINTER,NONE,S,2013-01-23,2013,1,2012-13,2012,Final_Report_2012_13.pdf,NWL,275.0
23-Jan-13,3,1341,4,NE LANTAU,2.0,131,ON,HKCRP,821710,813514,WINTER,NONE,P,2013-01-23,2013,1,2012-13,2012,Final_Report_2012_13.pdf,NEL,131.0
29-Jan-13,1,1023,1,W LANTAU,2.0,390,ON,HKCRP,817154,803810,WINTER,NONE,P,2013-01-29,2013,1,2012-13,2012,Final_Report_2012_13.pdf,WL,390.0
29-Jan-13,2,1045,5,W LANTAU,2.0,266,ON,HKCRP,814576,802876,WINTER,NONE,S,2013-01-29,2013,1,2012-13,2012,Final_Report_2012_13.pdf,WL,266.0
29-Jan-13,3,1059,7,W LANTAU,2.0,115,ON,HKCRP,813558,802658,WINTER,NONE,P,2013-01-29,2013,1,2012-13,2012,Final_Report_2012_13.pdf,WL,115.0
29-Jan-13,4,1128,3,W LANTAU,2.0,19,ON,HKCRP,811469,800859,WINTER,NONE,P,2013-01-29,2013,1,2012-13,2012,Final_Report_2012_13.pdf,WL,19.0
29-Jan-13,5,1145,4,W LANTAU,2.0,1776,ON,HKCRP,810626,801569,WINTER,NONE,S,2013-01-29,2013,1,2012-13,2012,Final_Report_2012_13.pdf,WL,1776.0
29-Jan-13,6,1157,1,W LANTAU,2.0,559,ON,HKCRP,809433,800112,WINTER,NONE,P,2013-01-29,2013,1,2012-13,2012,Final_Report_2012_13.pdf,WL,559.0
29-Jan-13,7,1212,4,W LANTAU,2.0,298,ON,HKCRP,807530,799685,WINTER,NONE,S,2013-01-29,2013,1,2012-13,2012,Final_Report_2012_13.pdf,WL,298.0
29-Jan-13,8,1253,1,W LANTAU,2.0,572,ON,HKCRP,806465,800198,WINTER,NONE,P,2013-01-29,2013,1,2012-13,2012,Final_Report_2012_13.pdf,WL,572.0
29-Jan-13,9,1309,1,W LANTAU,1.0,634,ON,HKCRP,807968,801470,WINTER,NONE,S,2013-01-29,2013,1,2012-13,2012,Final_Report_2012_13.pdf,WL,634.0
29-Jan-13,10,1317,6,W LANTAU,2.0,77,ON,HKCRP,808435,800749,WINTER,NONE,P,2013-01-29,2013,1,2012-13,2012,Final_Report_2012_13.pdf,WL,77.0
29-Jan-13,11,1341,3,W LANTAU,2.0,359,ON,HKCRP,809943,799773,WINTER,NONE,S,2013-01-29,2013,1,2012-13,2012,Final_Report_2012_13.pdf,WL,359.0
29-Jan-13,12,1401,1,W LANTAU,2.0,193,ON,HKCRP,810460,801373,WINTER,NONE,P,2013-01-29,2013,1,2012-13,2012,Final_Report_2012_13.pdf,WL,193.0
29-Jan-13,13,1446,3,W LANTAU,2.0,588,ON,HKCRP,814510,802794,WINTER,NONE,P,2013-01-29,2013,1,2012-13,2012,Final_Report_2012_13.pdf,WL,588.0
29-Jan-13,14,1545,3,NW LANTAU,2.0,920,ON,HKCRP,824406,804670,WINTER,NONE,P,2013-01-29,2013,1,2012-13,2012,Final_Report_2012_13.pdf,NWL,920.0
29-Jan-13,15,1553,4,NW LANTAU,2.0,649,ON,HKCRP,825102,805639,WINTER,NONE,S,2013-01-29,2013,1,2012-13,2012,Final_Report_2012_13.pdf,NWL,649.0
29-Jan-13,16,1558,8,NW LANTAU,2.0,143,ON,HKCRP,824812,806452,WINTER,NONE,P,2013-01-29,2013,1,2012-13,2012,Final_Report_2012_13.pdf,NWL,143.0
29-Jan-13,17,1625,1,NW LANTAU,2.0,334,ON,HKCRP,822188,806458,WINTER,NONE,P,2013-01-29,2013,1,2012-13,2012,Final_Report_2012_13.pdf,NWL,334.0
30-Jan-13,1,1056,1,NW LANTAU,3.0,60,ON,HKCRP,826254,805425,WINTER,NONE,P,2013-01-30,2013,1,2012-13,2012,Final_Report_2012_13.pdf,NWL,60.0
30-Jan-13,2,1110,3,NW LANTAU,3.0,142,ON,HKCRP,828269,805502,WINTER,NONE,P,2013-01-30,2013,1,2012-13,2012,Final_Report_2012_13.pdf,NWL,142.0
30-Jan-13,3,1450,2,NW LANTAU,3.0,192,ON,HKCRP,822144,812505,WINTER,NONE,P,2013-01-30,2013,1,2012-13,2012,Final_Report_2012_13.pdf,NWL,192.0
31-Jan-13,6,1522,2,W LANTAU,3.0,108,ON,HKCRP,809287,801164,WINTER,GILL NET,S,2013-01-31,2013,1,2012-13,2012,Final_Report_2012_13.pdf,WL,108.0
31-Jan-13,7,1533,5,W LANTAU,2.0,321,ON,HKCRP,809375,801277,WINTER,NONE,P,2013-01-31,2013,1,2012-13,2012,Final_Report_2012_13.pdf,WL,321.0
31-Jan-13,8,1557,8,W LANTAU,2.0,684,ON,HKCRP,810109,799887,WINTER,NONE,S,2013-01-31,2013,1,2012-13,2012,Final_Report_2012_13.pdf,WL,684.0
31-Jan-13,9,1636,3,W LANTAU,2.0,77,ON,HKCRP,811570,800488,WINTER,NONE,S,2013-01-31,2013,1,2012-13,2012,Final_Report_2012_13.pdf,WL,77.0
31-Jan-13,10,1654,2,W LANTAU,2.0,113,ON,HKCRP,812010,801593,WINTER,NONE,S,2013-01-31,2013,1,2012-13,2012,Final_Report_2012_13.pdf,WL,113.0
7-Feb-13,1,1057,1,NW LANTAU,5.0,ND,OFF,HKCRP,826296,806466,WINTER,NONE,,2013-02-07,2013,2,2012-13,2012,Final_Report_2012_13.pdf,NWL,
7-Feb-13,2,1405,2,NW LANTAU,4.0,68,ON,HKCRP,822644,811496,WINTER,NONE,P,2013-02-07,2013,2,2012-13,2012,Final_Report_2012_13.pdf,NWL,68.0
19-Feb-13,2,1329,3,SW LANTAU,2.0,245,ON,HKCRP,805006,804289,WINTER,NONE,P,2013-02-19,2013,2,2012-13,2012,Final_Report_2012_13.pdf,SWL,245.0
19-Feb-13,3,1339,1,SW LANTAU,2.0,103,ON,HKCRP,803555,804276,WINTER,NONE,P,2013-02-19,2013,2,2012-13,2012,Final_Report_2012_13.pdf,SWL,103.0
19-Feb-13,11,1632,2,SW LANTAU,1.0,ND,OFF,HKCRP,806205,802786,WINTER,NONE,,2013-02-19,2013,2,2012-13,2012,Final_Report_2012_13.pdf,SWL,
19-Feb-13,12,1639,1,W LANTAU,1.0,303,ON,HKCRP,806672,801828,WINTER,NONE,S,2013-02-19,2013,2,2012-13,2012,Final_Report_2012_13.pdf,WL,303.0
19-Feb-13,13,1642,3,W LANTAU,1.0,111,ON,HKCRP,807060,801674,WINTER,NONE,S,2013-02-19,2013,2,2012-13,2012,Final_Report_2012_13.pdf,WL,111.0
28-Feb-13,1,1457,2,NW LANTAU,5.0,147,ON,HKCRP,826870,807528,WINTER,NONE,P,2013-02-28,2013,2,2012-13,2012,Final_Report_2012_13.pdf,NWL,147.0
28-Feb-13,2,1513,1,NW LANTAU,5.0,201,ON,HKCRP,826839,806487,WINTER,NONE,S,2013-02-28,2013,2,2012-13,2012,Final_Report_2012_13.pdf,NWL,201.0
1-Mar-13,1,1259,1,W LANTAU,5.0,253,ON,HKCRP,816590,803777,SPRING,NONE,P,2013-03-01,2013,3,2012-13,2012,Final_Report_2012_13.pdf,WL,253.0
1-Mar-13,2,1330,9,W LANTAU,3.0,74,ON,HKCRP,814302,801825,SPRING,NONE,S,2013-03-01,2013,3,2012-13,2012,Final_Report_2012_13.pdf,WL,74.0
1-Mar-13,3,1512,11,W LANTAU,4.0,69,ON,HKCRP,811304,800251,SPRING,NONE,S,2013-03-01,2013,3,2012-13,2012,Final_Report_2012_13.pdf,WL,69.0
7-Mar-13,1,1201,6,W LANTAU,1.0,96,ON,HKCRP,808545,800956,SPRING,NONE,S,2013-03-07,2013,3,2012-13,2012,Final_Report_2012_13.pdf,WL,96.0
7-Mar-13,2,1226,1,W LANTAU,1.0,423,ON,HKCRP,807580,801603,SPRING,NONE,S,2013-03-07,2013,3,2012-13,2012,Final_Report_2012_13.pdf,WL,423.0
7-Mar-13,3,1239,4,W LANTAU,2.0,235,ON,HKCRP,807429,800200,SPRING,NONE,P,2013-03-07,2013,3,2012-13,2012,Final_Report_2012_13.pdf,WL,235.0
7-Mar-13,4,1301,4,W LANTAU,2.0,757,ON,HKCRP,806285,801693,SPRING,NONE,P,2013-03-07,2013,3,2012-13,2012,Final_Report_2012_13.pdf,WL,757.0
7-Mar-13,5,1356,1,W LANTAU,2.0,ND,OFF,HKCRP,806395,801900,SPRING,NONE,,2013-03-07,2013,3,2012-13,2012,Final_Report_2012_13.pdf,WL,
7-Mar-13,9,1623,10,W LANTAU,2.0,75,ON,HKCRP,808689,800956,SPRING,NONE,S,2013-03-07,2013,3,2012-13,2012,Final_Report_2012_13.pdf,WL,75.0
22-Mar-13,1,1036,5,W LANTAU,2.0,61,ON,HKCRP,810638,801270,SPRING,NONE,S,2013-03-22,2013,3,2012-13,2012,Final_Report_2012_13.pdf,WL,61.0
22-Mar-13,2,1056,2,W LANTAU,3.0,19,ON,HKCRP,807992,800924,SPRING,NONE,S,2013-03-22,2013,3,2012-13,2012,Final_Report_2012_13.pdf,WL,19.0
22-Mar-13,3,1533,1,NW LANTAU,2.0,582,ON,HKCRP,823517,806110,SPRING,NONE,S,2013-03-22,2013,3,2012-13,2012,Final_Report_2012_13.pdf,NWL,582.0
22-Mar-13,4,1624,1,NW LANTAU,3.0,ND,OFF,HKCRP,824343,808501,SPRING,NONE,,2013-03-22,2013,3,2012-13,2012,Final_Report_2012_13.pdf,NWL,
9-Apr-13,1,1523,1,W LANTAU,2.0,294,ON,HKCRP,811245,801787,SPRING,NONE,S,2013-04-09,2013,4,2013-14,2013,Final_Report_2013_14.pdf,WL,294.0
9-Apr-13,2,1531,3,W LANTAU,2.0,20,ON,HKCRP,812131,801747,SPRING,NONE,S,2013-04-09,2013,4,2013-14,2013,Final_Report_2013_14.pdf,WL,20.0
13-Apr-13,14,1643,4,W LANTAU,2.0,62,ON,HKCRP,811522,802066,SPRING,NONE,S,2013-04-13,2013,4,2013-14,2013,Final_Report_2013_14.pdf,WL,62.0
17-Apr-13,1,1529,2,NW LANTAU,1.0,106,ON,HKCRP,826637,807517,SPRING,NONE,P,2013-04-17,2013,4,2013-14,2013,Final_Report_2013_14.pdf,NWL,106.0
25-Apr-13,1,901,3,W LANTAU,2.0,ND,OFF,THEO,806251,801971,SPRING,NONE,,2013-04-25,2013,4,2013-14,2013,Final_Report_2013_14.pdf,WL,
25-Apr-13,2,936,1,W LANTAU,2.0,ND,OFF,THEO,806041,801796,SPRING,NONE,,2013-04-25,2013,4,2013-14,2013,Final_Report_2013_14.pdf,WL,
25-Apr-13,3,1120,3,SW LANTAU,4.0,ND,OFF,THEO,806284,802157,SPRING,NONE,,2013-04-25,2013,4,2013-14,2013,Final_Report_2013_14.pdf,SWL,
25-Apr-13,4,1149,1,W LANTAU,4.0,ND,OFF,THEO,806217,802054,SPRING,NONE,,2013-04-25,2013,4,2013-14,2013,Final_Report_2013_14.pdf,WL,
3-May-13,1,1212,3,NW LANTAU,3.0,69,ON,HKCRP,825355,806453,SPRING,NONE,P,2013-05-03,2013,5,2013-14,2013,Final_Report_2013_14.pdf,NWL,69.0
6-May-13,1,1047,1,W LANTAU,3.0,100,ON,HKCRP,807782,800717,SPRING,NONE,S,2013-05-06,2013,5,2013-14,2013,Final_Report_2013_14.pdf,WL,100.0
7-May-13,1,1204,3,NW LANTAU,2.0,32,ON,HKCRP,829031,806461,SPRING,NONE,P,2013-05-07,2013,5,2013-14,2013,Final_Report_2013_14.pdf,NWL,32.0
7-May-13,2,1311,5,W LANTAU,3.0,13,ON,HKCRP,818118,803770,SPRING,NONE,P,2013-05-07,2013,5,2013-14,2013,Final_Report_2013_14.pdf,WL,13.0
7-May-13,3,1401,1,W LANTAU,2.0,ND,OFF,HKCRP,813163,801162,SPRING,NONE,,2013-05-07,2013,5,2013-14,2013,Final_Report_2013_14.pdf,WL,
7-May-13,4,1522,1,W LANTAU,5.0,172,ON,HKCRP,809667,799566,SPRING,NONE,S,2013-05-07,2013,5,2013-14,2013,Final_Report_2013_14.pdf,WL,172.0
9-May-13,1,1012,1,W LANTAU,2.0,350,ON,HKCRP,815159,804712,SPRING,NONE,S,2013-05-09,2013,5,2013-14,2013,Final_Report_2013_14.pdf,WL,350.0
9-May-13,2,1024,1,W LANTAU,2.0,25,ON,HKCRP,813889,803174,SPRING,NONE,S,2013-05-09,2013,5,2013-14,2013,Final_Report_2013_14.pdf,WL,25.0
9-May-13,3,1034,1,W LANTAU,2.0,131,ON,HKCRP,812817,802275,SPRING,NONE,S,2013-05-09,2013,5,2013-14,2013,Final_Report_2013_14.pdf,WL,131.0
9-May-13,4,1046,5,W LANTAU,2.0,ND,OFF,HKCRP,811202,801570,SPRING,NONE,,2013-05-09,2013,5,2013-14,2013,Final_Report_2013_14.pdf,WL,
9-May-13,5,1109,2,SW LANTAU,2.0,ND,OFF,HKCRP,806228,802281,SPRING,NONE,,2013-05-09,2013,5,2013-14,2013,Final_Report_2013_14.pdf,SWL,
9-May-13,6,1114,4,SW LANTAU,2.0,252,ON,HKCRP,806205,802621,SPRING,NONE,P,2013-05-09,2013,5,2013-14,2013,Final_Report_2013_14.pdf,SWL,252.0
9-May-13,7,1357,1,SW LANTAU,1.0,268,ON,HKCRP,803345,809814,SPRING,NONE,P,2013-05-09,2013,5,2013-14,2013,Final_Report_2013_14.pdf,SWL,268.0
14-May-13,1,0927,1,W LANTAU,2.0,ND,OFF,THEO,806495,801859,SPRING,NONE,,2013-05-14,2013,5,2013-14,2013,Final_Report_2013_14.pdf,WL,
14-May-13,2,1311,10,SW LANTAU,3.0,ND,OFF,THEO,806140,802105,SPRING,NONE,,2013-05-14,2013,5,2013-14,2013,Final_Report_2013_14.pdf,SWL,
16-May-13,1,1050,2,NW LANTAU,2.0,ND,OFF,HKCRP,826915,806899,SPRING,NONE,,2013-05-16,2013,5,2013-14,2013,Final_Report_2013_14.pdf,NWL,
29-May-13,1,1019,1,W LANTAU,2.0,360,ON,HKCRP,817564,803780,SPRING,NONE,P,2013-05-29,2013,5,2013-14,2013,Final_Report_2013_14.pdf,WL,360.0
29-May-13,2,1044,6,W LANTAU,1.0,15,ON,HKCRP,815462,802765,SPRING,NONE,S,2013-05-29,2013,5,2013-14,2013,Final_Report_2013_14.pdf,WL,15.0
29-May-13,3,1154,2,W LANTAU,2.0,ND,OFF,HKCRP,809432,800710,SPRING,NONE,,2013-05-29,2013,5,2013-14,2013,Final_Report_2013_14.pdf,WL,
29-May-13,4,1233,5,W LANTAU,2.0,374,ON,HKCRP,805941,801734,SPRING,NONE,S,2013-05-29,2013,5,2013-14,2013,Final_Report_2013_14.pdf,WL,374.0
29-May-13,5,1258,2,W LANTAU,2.0,46,ON,HKCRP,805445,800835,SPRING,NONE,P,2013-05-29,2013,5,2013-14,2013,Final_Report_2013_14.pdf,WL,46.0
29-May-13,6,1322,4,W LANTAU,2.0,348,ON,HKCRP,806661,801663,SPRING,NONE,P,2013-05-29,2013,5,2013-14,2013,Final_Report_2013_14.pdf,WL,348.0
29-May-13,7,1343,1,W LANTAU,2.0,243,ON,HKCRP,807270,801613,SPRING,NONE,S,2013-05-29,2013,5,2013-14,2013,Final_Report_2013_14.pdf,WL,243.0
29-May-13,8,1412,2,W LANTAU,2.0,374,ON,HKCRP,809689,799566,SPRING,NONE,S,2013-05-29,2013,5,2013-14,2013,Final_Report_2013_14.pdf,WL,374.0
29-May-13,9,1518,1,W LANTAU,2.0,177,ON,HKCRP,814498,803392,SPRING,NONE,P,2013-05-29,2013,5,2013-14,2013,Final_Report_2013_14.pdf,WL,177.0
31-May-13,6,1439,1,SW LANTAU,2.0,532,ON,HKCRP,806812,809428,SPRING,NONE,P,2013-05-31,2013,5,2013-14,2013,Final_Report_2013_14.pdf,SWL,532.0
31-May-13,1,933,10,W LANTAU,2.0,ND,OFF,THEO,806384,801951,SPRING,NONE,,2013-05-31,2013,5,2013-14,2013,Final_Report_2013_14.pdf,WL,
31-May-13,2,1048,3,W LANTAU,2.0,ND,OFF,THEO,806373,801941,SPRING,NONE,,2013-05-31,2013,5,2013-14,2013,Final_Report_2013_14.pdf,WL,
31-May-13,3,1227,4,W LANTAU,3.0,ND,OFF,THEO,806428,801786,SPRING,PURSE SEINE,,2013-05-31,2013,5,2013-14,2013,Final_Report_2013_14.pdf,WL,
3-Jun-13,1,1607,3,W LANTAU,2.0,ND,OFF,HELI,806452,801291,SUMMER,NONE,,2013-06-03,2013,6,2013-14,2013,Final_Report_2013_14.pdf,WL,
6-Jun-13,1,1038,6,W LANTAU,1.0,308,ON,HKCRP,814143,803298,SUMMER,NONE,S,2013-06-06,2013,6,2013-14,2013,Final_Report_2013_14.pdf,WL,308.0
6-Jun-13,2,1052,5,W LANTAU,1.0,103,ON,HKCRP,813547,802761,SUMMER,NONE,S,2013-06-06,2013,6,2013-14,2013,Final_Report_2013_14.pdf,WL,103.0
6-Jun-13,3,1104,1,W LANTAU,2.0,ND,OFF,HKCRP,811678,801602,SUMMER,NONE,,2013-06-06,2013,6,2013-14,2013,Final_Report_2013_14.pdf,WL,
6-Jun-13,4,1106,3,W LANTAU,2.0,169,ON,HKCRP,811324,801436,SUMMER,NONE,S,2013-06-06,2013,6,2013-14,2013,Final_Report_2013_14.pdf,WL,169.0
6-Jun-13,5,1117,5,W LANTAU,2.0,219,ON,HKCRP,808967,800761,SUMMER,NONE,S,2013-06-06,2013,6,2013-14,2013,Final_Report_2013_14.pdf,WL,219.0
6-Jun-13,6,1135,1,W LANTAU,3.0,93,ON,HKCRP,806952,800509,SUMMER,NONE,S,2013-06-06,2013,6,2013-14,2013,Final_Report_2013_14.pdf,WL,93.0
6-Jun-13,7,1621,2,NW LANTAU,2.0,466,ON,HKCRP,825685,807288,SUMMER,NONE,S,2013-06-06,2013,6,2013-14,2013,Final_Report_2013_14.pdf,NWL,466.0
6-Jun-13,8,1628,2,NW LANTAU,3.0,50,ON,HKCRP,825937,809163,SUMMER,NONE,S,2013-06-06,2013,6,2013-14,2013,Final_Report_2013_14.pdf,NWL,50.0
6-Jun-13,9,1714,1,NW LANTAU,2.0,250,ON,HKCRP,821039,810834,SUMMER,NONE,S,2013-06-06,2013,6,2013-14,2013,Final_Report_2013_14.pdf,NWL,250.0
10-Jun-13,1,1342,3,NW LANTAU,2.0,404,ON,HKCRP,826281,808515,SUMMER,NONE,P,2013-06-10,2013,6,2013-14,2013,Final_Report_2013_14.pdf,NWL,404.0
10-Jun-13,2,1428,3,DEEP BAY,2.0,51,ON,HKCRP,831225,806156,SUMMER,NONE,S,2013-06-10,2013,6,2013-14,2013,Final_Report_2013_14.pdf,DB,51.0
11-Jun-13,1,1055,1,W LANTAU,5.0,72,ON,HKCRP,806473,801817,SUMMER,NONE,S,2013-06-11,2013,6,2013-14,2013,Final_Report_2013_14.pdf,WL,72.0
17-Jun-13,1,1351,1,W LANTAU,3.0,ND,OFF,HKCRP,807483,800489,SUMMER,NONE,,2013-06-17,2013,6,2013-14,2013,Final_Report_2013_14.pdf,WL,
17-Jun-13,2,1356,1,W LANTAU,3.0,26,ON,HKCRP,808612,800760,SUMMER,NONE,S,2013-06-17,2013,6,2013-14,2013,Final_Report_2013_14.pdf,WL,26.0
17-Jun-13,3,1410,7,W LANTAU,2.0,47,ON,HKCRP,810825,801631,SUMMER,NONE,S,2013-06-17,2013,6,2013-14,2013,Final_Report_2013_14.pdf,WL,47.0
17-Jun-13,4,1448,1,W LANTAU,2.0,325,ON,HKCRP,813347,802863,SUMMER,NONE,S,2013-06-17,2013,6,2013-14,2013,Final_Report_2013_14.pdf,WL,325.0
18-Jun-13,1,956,1,NW LANTAU,2.0,ND,OFF,HKCRP,817059,807251,SUMMER,NONE,,2013-06-18,2013,6,2013-14,2013,Final_Report_2013_14.pdf,NWL,
19-Jun-13,1,830,2,W LANTAU,1.0,ND,OFF,THEO,806384,801869,SUMMER,NONE,,2013-06-19,2013,6,2013-14,2013,Final_Report_2013_14.pdf,WL,
19-Jun-13,2,854,5,W LANTAU,1.0,ND,OFF,THEO,806340,801920,SUMMER,NONE,,2013-06-19,2013,6,2013-14,2013,Final_Report_2013_14.pdf,WL,
19-Jun-13,3,922,6,W LANTAU,1.0,ND,OFF,THEO,806118,802023,SUMMER,NONE,,2013-06-19,2013,6,2013-14,2013,Final_Report_2013_14.pdf,WL,
19-Jun-13,4,1022,4,W LANTAU,1.0,ND,OFF,THEO,806140,802126,SUMMER,NONE,,2013-06-19,2013,6,2013-14,2013,Final_Report_2013_14.pdf,WL,
19-Jun-13,5,1101,10,W LANTAU,1.0,ND,OFF,THEO,806373,801765,SUMMER,NONE,,2013-06-19,2013,6,2013-14,2013,Final_Report_2013_14.pdf,WL,
19-Jun-13,6,1223,5,W LANTAU,1.0,ND,OFF,THEO,806206,802105,SUMMER,NONE,,2013-06-19,2013,6,2013-14,2013,Final_Report_2013_14.pdf,WL,
19-Jun-13,7,1310,4,W LANTAU,1.0,ND,OFF,THEO,806406,801889,SUMMER,NONE,,2013-06-19,2013,6,2013-14,2013,Final_Report_2013_14.pdf,WL,
20-Jun-13,1,1307,1,SW LANTAU,2.0,254,ON,HKCRP,807532,809481,SUMMER,NONE,S,2013-06-20,2013,6,2013-14,2013,Final_Report_2013_14.pdf,SWL,254.0
20-Jun-13,2,1332,1,SW LANTAU,2.0,820,ON,HKCRP,803845,809021,SUMMER,NONE,P,2013-06-20,2013,6,2013-14,2013,Final_Report_2013_14.pdf,SWL,820.0
20-Jun-13,3,1546,2,SW LANTAU,2.0,ND,OFF,HKCRP,805605,803424,SUMMER,NONE,,2013-06-20,2013,6,2013-14,2013,Final_Report_2013_14.pdf,SWL,
20-Jun-13,4,1551,2,SW LANTAU,2.0,780,ON,HKCRP,806159,803405,SUMMER,NONE,P,2013-06-20,2013,6,2013-14,2013,Final_Report_2013_14.pdf,SWL,780.0
20-Jun-13,5,1600,6,W LANTAU,2.0,ND,OFF,HKCRP,806284,801961,SUMMER,NONE,,2013-06-20,2013,6,2013-14,2013,Final_Report_2013_14.pdf,WL,
20-Jun-13,6,1619,6,W LANTAU,2.0,269,ON,HKCRP,807204,801551,SUMMER,NONE,S,2013-06-20,2013,6,2013-14,2013,Final_Report_2013_14.pdf,WL,269.0
20-Jun-13,7,1635,2,W LANTAU,2.0,170,ON,HKCRP,808800,800946,SUMMER,NONE,S,2013-06-20,2013,6,2013-14,2013,Final_Report_2013_14.pdf,WL,170.0
20-Jun-13,8,1701,3,W LANTAU,2.0,217,ON,HKCRP,813126,802585,SUMMER,NONE,S,2013-06-20,2013,6,2013-14,2013,Final_Report_2013_14.pdf,WL,217.0
20-Jun-13,9,1713,1,W LANTAU,2.0,273,ON,HKCRP,814941,803300,SUMMER,NONE,S,2013-06-20,2013,6,2013-14,2013,Final_Report_2013_14.pdf,WL,273.0
21-Jun-13,1,1018,5,NW LANTAU,2.0,ND,OFF,HKCRP,818250,804028,SUMMER,NONE,,2013-06-21,2013,6,2013-14,2013,Final_Report_2013_14.pdf,NWL,
21-Jun-13,2,1030,5,W LANTAU,3.0,138,ON,HKCRP,818262,803791,SUMMER,NONE,P,2013-06-21,2013,6,2013-14,2013,Final_Report_2013_14.pdf,WL,138.0
21-Jun-13,3,1056,8,W LANTAU,3.0,ND,OFF,HKCRP,813789,803256,SUMMER,NONE,,2013-06-21,2013,6,2013-14,2013,Final_Report_2013_14.pdf,WL,
21-Jun-13,4,1107,7,W LANTAU,2.0,192,ON,HKCRP,813749,801493,SUMMER,NONE,P,2013-06-21,2013,6,2013-14,2013,Final_Report_2013_14.pdf,WL,192.0
21-Jun-13,5,1231,2,W LANTAU,2.0,209,ON,HKCRP,805545,800485,SUMMER,NONE,S,2013-06-21,2013,6,2013-14,2013,Final_Report_2013_14.pdf,WL,209.0
21-Jun-13,6,1253,1,W LANTAU,2.0,103,ON,HKCRP,806244,800053,SUMMER,NONE,S,2013-06-21,2013,6,2013-14,2013,Final_Report_2013_14.pdf,WL,103.0
21-Jun-13,7,1307,3,W LANTAU,2.0,607,ON,HKCRP,806475,800621,SUMMER,NONE,P,2013-06-21,2013,6,2013-14,2013,Final_Report_2013_14.pdf,WL,607.0
21-Jun-13,8,1326,3,W LANTAU,1.0,295,ON,HKCRP,808424,800739,SUMMER,NONE,S,2013-06-21,2013,6,2013-14,2013,Final_Report_2013_14.pdf,WL,295.0
21-Jun-13,9,1353,2,W LANTAU,2.0,8,ON,HKCRP,808438,799553,SUMMER,NONE,P,2013-06-21,2013,6,2013-14,2013,Final_Report_2013_14.pdf,WL,8.0
21-Jun-13,10,1404,3,W LANTAU,1.0,120,ON,HKCRP,808670,799533,SUMMER,NONE,S,2013-06-21,2013,6,2013-14,2013,Final_Report_2013_14.pdf,WL,120.0
21-Jun-13,11,1429,1,W LANTAU,2.0,139,ON,HKCRP,810460,801496,SUMMER,NONE,P,2013-06-21,2013,6,2013-14,2013,Final_Report_2013_14.pdf,WL,139.0
21-Jun-13,12,1459,2,W LANTAU,2.0,408,ON,HKCRP,813461,801431,SUMMER,NONE,S,2013-06-21,2013,6,2013-14,2013,Final_Report_2013_14.pdf,WL,408.0
21-Jun-13,13,1514,4,W LANTAU,2.0,552,ON,HKCRP,814499,802876,SUMMER,NONE,P,2013-06-21,2013,6,2013-14,2013,Final_Report_2013_14.pdf,WL,552.0
28-Jun-13,1,1637,1,NW LANTAU,4.0,187,ON,HKCRP,827026,806807,SUMMER,NONE,S,2013-06-28,2013,6,2013-14,2013,Final_Report_2013_14.pdf,NWL,187.0
5-Jul-13,1,1023,3,W LANTAU,2.0,ND,OFF,HKCRP,818227,804358,SUMMER,NONE,,2013-07-05,2013,7,2013-14,2013,Final_Report_2013_14.pdf,WL,
5-Jul-13,2,1453,1,W LANTAU,2.0,33,ON,HKCRP,808601,800977,SUMMER,NONE,S,2013-07-05,2013,7,2013-14,2013,Final_Report_2013_14.pdf,WL,33.0
5-Jul-13,3,1502,1,W LANTAU,2.0,53,ON,HKCRP,810117,801392,SUMMER,NONE,S,2013-07-05,2013,7,2013-14,2013,Final_Report_2013_14.pdf,WL,53.0
10-Jul-13,1,1441,2,W LANTAU,1.0,395,ON,HKCRP,806995,800942,SUMMER,NONE,S,2013-07-10,2013,7,2013-14,2013,Final_Report_2013_14.pdf,WL,395.0
10-Jul-13,2,1449,1,W LANTAU,1.0,209,ON,HKCRP,808002,801429,SUMMER,NONE,S,2013-07-10,2013,7,2013-14,2013,Final_Report_2013_14.pdf,WL,209.0
10-Jul-13,3,1541,2,W LANTAU,1.0,124,ON,HKCRP,814220,803927,SUMMER,NONE,S,2013-07-10,2013,7,2013-14,2013,Final_Report_2013_14.pdf,WL,124.0
10-Jul-13,4,1640,4,W LANTAU,2.0,ND,OFF,HKCRP,814575,803649,SUMMER,NONE,,2013-07-10,2013,7,2013-14,2013,Final_Report_2013_14.pdf,WL,
17-Jul-13,1,1602,4,SW LANTAU,2.0,48,ON,HKCRP,806295,802044,SUMMER,NONE,S,2013-07-17,2013,7,2013-14,2013,Final_Report_2013_14.pdf,SWL,48.0
18-Jul-13,1,1034,2,W LANTAU,2.0,0,ON,HKCRP,814277,803010,SUMMER,NONE,S,2013-07-18,2013,7,2013-14,2013,Final_Report_2013_14.pdf,WL,0.0
18-Jul-13,2,1050,2,W LANTAU,2.0,682,ON,HKCRP,813547,802792,SUMMER,NONE,P,2013-07-18,2013,7,2013-14,2013,Final_Report_2013_14.pdf,WL,682.0
18-Jul-13,3,1117,1,W LANTAU,2.0,134,ON,HKCRP,811458,801004,SUMMER,NONE,P,2013-07-18,2013,7,2013-14,2013,Final_Report_2013_14.pdf,WL,134.0
18-Jul-13,4,1128,1,W LANTAU,2.0,400,ON,HKCRP,811445,801519,SUMMER,NONE,P,2013-07-18,2013,7,2013-14,2013,Final_Report_2013_14.pdf,WL,400.0
18-Jul-13,5,1133,6,W LANTAU,2.0,411,ON,HKCRP,811456,801932,SUMMER,NONE,P,2013-07-18,2013,7,2013-14,2013,Final_Report_2013_14.pdf,WL,411.0
18-Jul-13,6,1217,5,W LANTAU,1.0,114,ON,HKCRP,806728,801715,SUMMER,NONE,S,2013-07-18,2013,7,2013-14,2013,Final_Report_2013_14.pdf,WL,114.0
18-Jul-13,7,1251,2,W LANTAU,1.0,67,ON,HKCRP,806462,801776,SUMMER,NONE,P,2013-07-18,2013,7,2013-14,2013,Final_Report_2013_14.pdf,WL,67.0
18-Jul-13,8,1303,3,W LANTAU,1.0,124,ON,HKCRP,808457,801059,SUMMER,NONE,P,2013-07-18,2013,7,2013-14,2013,Final_Report_2013_14.pdf,WL,124.0
18-Jul-13,9,1314,1,W LANTAU,1.0,310,ON,HKCRP,808436,800461,SUMMER,NONE,P,2013-07-18,2013,7,2013-14,2013,Final_Report_2013_14.pdf,WL,310.0
18-Jul-13,10,1335,1,W LANTAU,2.0,515,ON,HKCRP,810463,800187,SUMMER,NONE,P,2013-07-18,2013,7,2013-14,2013,Final_Report_2013_14.pdf,WL,515.0
18-Jul-13,11,1348,1,W LANTAU,2.0,262,ON,HKCRP,810758,801703,SUMMER,NONE,S,2013-07-18,2013,7,2013-14,2013,Final_Report_2013_14.pdf,WL,262.0
18-Jul-13,12,1426,4,W LANTAU,2.0,735,ON,HKCRP,812875,801048,SUMMER,NONE,S,2013-07-18,2013,7,2013-14,2013,Final_Report_2013_14.pdf,WL,735.0
23-Jul-13,1,1336,2,SW LANTAU,2.0,102,ON,HKCRP,807578,808491,SUMMER,NONE,S,2013-07-23,2013,7,2013-14,2013,Final_Report_2013_14.pdf,SWL,102.0
23-Jul-13,2,1638,4,W LANTAU,3.0,122,ON,HKCRP,812606,802388,SUMMER,NONE,S,2013-07-23,2013,7,2013-14,2013,Final_Report_2013_14.pdf,WL,122.0
24-Jul-13,1,1042,1,NW LANTAU,2.0,156,ON,HKCRP,823537,807511,SUMMER,NONE,P,2013-07-24,2013,7,2013-14,2013,Final_Report_2013_14.pdf,NWL,156.0
24-Jul-13,2,1055,2,NW LANTAU,2.0,31,ON,HKCRP,824544,807513,SUMMER,NONE,P,2013-07-24,2013,7,2013-14,2013,Final_Report_2013_14.pdf,NWL,31.0
24-Jul-13,3,1208,1,DEEP BAY,2.0,35,ON,HKCRP,831180,806053,SUMMER,NONE,S,2013-07-24,2013,7,2013-14,2013,Final_Report_2013_14.pdf,DB,35.0
24-Jul-13,4,1310,1,DEEP BAY,2.0,115,ON,HKCRP,834741,808675,SUMMER,NONE,S,2013-07-24,2013,7,2013-14,2013,Final_Report_2013_14.pdf,DB,115.0
24-Jul-13,5,1442,2,NW LANTAU,2.0,ND,OFF,HKCRP,825615,809379,SUMMER,NONE,,2013-07-24,2013,7,2013-14,2013,Final_Report_2013_14.pdf,NWL,
30-Jul-13,1,1423,1,SW LANTAU,2.0,143,ON,HKCRP,807299,809440,SUMMER,NONE,P,2013-07-30,2013,7,2013-14,2013,Final_Report_2013_14.pdf,SWL,143.0
30-Jul-13,2,1442,1,SW LANTAU,2.0,79,ON,HKCRP,807945,807378,SUMMER,NONE,P,2013-07-30,2013,7,2013-14,2013,Final_Report_2013_14.pdf,SWL,79.0
30-Jul-13,3,1611,2,SW LANTAU,2.0,ND,OFF,HKCRP,806492,803189,SUMMER,NONE,,2013-07-30,2013,7,2013-14,2013,Final_Report_2013_14.pdf,SWL,
30-Jul-13,4,1622,3,SW LANTAU,2.0,ND,OFF,HKCRP,806262,802095,SUMMER,NONE,,2013-07-30,2013,7,2013-14,2013,Final_Report_2013_14.pdf,SWL,
30-Jul-13,5,1640,3,W LANTAU,3.0,150,ON,HKCRP,809597,801092,SUMMER,NONE,S,2013-07-30,2013,7,2013-14,2013,Final_Report_2013_14.pdf,WL,150.0
30-Jul-13,6,1652,5,W LANTAU,3.0,438,ON,HKCRP,811633,801963,SUMMER,NONE,S,2013-07-30,2013,7,2013-14,2013,Final_Report_2013_14.pdf,WL,438.0
30-Jul-13,7,1704,2,W LANTAU,2.0,44,ON,HKCRP,812993,802564,SUMMER,NONE,S,2013-07-30,2013,7,2013-14,2013,Final_Report_2013_14.pdf,WL,44.0
31-Jul-13,1,1044,5,W LANTAU,2.0,590,ON,HKCRP,814155,803216,SUMMER,NONE,S,2013-07-31,2013,7,2013-14,2013,Final_Report_2013_14.pdf,WL,590.0
31-Jul-13,2,1107,4,W LANTAU,2.0,223,ON,HKCRP,813568,802988,SUMMER,NONE,S,2013-07-31,2013,7,2013-14,2013,Final_Report_2013_14.pdf,WL,223.0
31-Jul-13,3,1148,4,W LANTAU,3.0,477,ON,HKCRP,809398,800937,SUMMER,NONE,P,2013-07-31,2013,7,2013-14,2013,Final_Report_2013_14.pdf,WL,477.0
31-Jul-13,4,1241,1,W LANTAU,4.0,72,ON,HKCRP,805952,801703,SUMMER,NONE,S,2013-07-31,2013,7,2013-14,2013,Final_Report_2013_14.pdf,WL,72.0
31-Jul-13,5,1323,6,W LANTAU,3.0,133,ON,HKCRP,807869,801449,SUMMER,NONE,S,2013-07-31,2013,7,2013-14,2013,Final_Report_2013_14.pdf,WL,133.0
31-Jul-13,6,1403,5,W LANTAU,2.0,253,ON,HKCRP,810473,800744,SUMMER,NONE,P,2013-07-31,2013,7,2013-14,2013,Final_Report_2013_14.pdf,WL,253.0
31-Jul-13,7,1430,1,W LANTAU,3.0,14,ON,HKCRP,812441,802006,SUMMER,NONE,P,2013-07-31,2013,7,2013-14,2013,Final_Report_2013_14.pdf,WL,14.0
31-Jul-13,8,1458,2,W LANTAU,2.0,ND,OFF,HKCRP,814508,803567,SUMMER,NONE,,2013-07-31,2013,7,2013-14,2013,Final_Report_2013_14.pdf,WL,
31-Jul-13,9,1546,2,NW LANTAU,3.0,353,ON,HKCRP,824781,805433,SUMMER,NONE,P,2013-07-31,2013,7,2013-14,2013,Final_Report_2013_14.pdf,NWL,353.0
21-Aug-13,1,1026,2,W LANTAU,3.0,ND,OFF,HKCRP,812960,802533,SUMMER,NONE,,2013-08-21,2013,8,2013-14,2013,Final_Report_2013_14.pdf,WL,
26-Aug-13,1,1415,1,W LANTAU,2.0,82,ON,HKCRP,810294,801465,SUMMER,NONE,S,2013-08-26,2013,8,2013-14,2013,Final_Report_2013_14.pdf,WL,82.0
26-Aug-13,2,1443,2,W LANTAU,3.0,118,ON,HKCRP,813181,802719,SUMMER,NONE,S,2013-08-26,2013,8,2013-14,2013,Final_Report_2013_14.pdf,WL,118.0
27-Aug-13,1,1006,4,W LANTAU,2.0,330,ON,HKCRP,815137,804857,SUMMER,NONE,S,2013-08-27,2013,8,2013-14,2013,Final_Report_2013_14.pdf,WL,330.0
27-Aug-13,2,1013,2,W LANTAU,1.0,153,ON,HKCRP,814408,804092,SUMMER,NONE,S,2013-08-27,2013,8,2013-14,2013,Final_Report_2013_14.pdf,WL,153.0
27-Aug-13,3,1021,1,W LANTAU,1.0,279,ON,HKCRP,813734,803184,SUMMER,NONE,S,2013-08-27,2013,8,2013-14,2013,Final_Report_2013_14.pdf,WL,279.0
27-Aug-13,4,1028,2,W LANTAU,2.0,40,ON,HKCRP,812994,802492,SUMMER,NONE,S,2013-08-27,2013,8,2013-14,2013,Final_Report_2013_14.pdf,WL,40.0
27-Aug-13,5,1037,2,W LANTAU,2.0,737,ON,HKCRP,812628,802336,SUMMER,SHRIMP,S,2013-08-27,2013,8,2013-14,2013,Final_Report_2013_14.pdf,WL,737.0
27-Aug-13,6,1050,8,W LANTAU,2.0,12,ON,HKCRP,810549,801486,SUMMER,NONE,S,2013-08-27,2013,8,2013-14,2013,Final_Report_2013_14.pdf,WL,12.0
27-Aug-13,7,1119,7,W LANTAU,2.0,357,ON,HKCRP,806517,801879,SUMMER,NONE,S,2013-08-27,2013,8,2013-14,2013,Final_Report_2013_14.pdf,WL,357.0
27-Aug-13,8,1212,2,SW LANTAU,2.0,10,ON,HKCRP,805225,805311,SUMMER,NONE,P,2013-08-27,2013,8,2013-14,2013,Final_Report_2013_14.pdf,SWL,10.0
27-Aug-13,9,1344,1,SW LANTAU,2.0,243,ON,HKCRP,804851,809961,SUMMER,NONE,S,2013-08-27,2013,8,2013-14,2013,Final_Report_2013_14.pdf,SWL,243.0
27-Aug-13,10,1402,1,SW LANTAU,2.0,332,ON,HKCRP,807155,809388,SUMMER,NONE,P,2013-08-27,2013,8,2013-14,2013,Final_Report_2013_14.pdf,SWL,332.0
27-Aug-13,11,1415,1,SW LANTAU,2.0,114,ON,HKCRP,807454,809780,SUMMER,NONE,S,2013-08-27,2013,8,2013-14,2013,Final_Report_2013_14.pdf,SWL,114.0
30-Aug-13,1,1400,1,NW LANTAU,2.0,104,ON,HKCRP,828775,807500,SUMMER,NONE,P,2013-08-30,2013,8,2013-14,2013,Final_Report_2013_14.pdf,NWL,104.0
30-Aug-13,2,1428,2,NW LANTAU,1.0,134,ON,HKCRP,830350,805835,SUMMER,NONE,S,2013-08-30,2013,8,2013-14,2013,Final_Report_2013_14.pdf,NWL,134.0
30-Aug-13,3,1734,6,NE LANTAU,1.0,234,ON,HKCRP,822078,820478,SUMMER,NONE,P,2013-08-30,2013,8,2013-14,2013,Final_Report_2013_14.pdf,NEL,234.0
4-Sep-13,1,1153,3,W LANTAU,3.0,315,ON,HKCRP,813634,803132,AUTUMN,NONE,S,2013-09-04,2013,9,2013-14,2013,Final_Report_2013_14.pdf,WL,315.0
4-Sep-13,2,1233,2,W LANTAU,2.0,94,ON,HKCRP,810559,801527,AUTUMN,NONE,S,2013-09-04,2013,9,2013-14,2013,Final_Report_2013_14.pdf,WL,94.0
4-Sep-13,3,1331,1,W LANTAU,3.0,164,ON,HKCRP,806440,801559,AUTUMN,NONE,P,2013-09-04,2013,9,2013-14,2013,Final_Report_2013_14.pdf,WL,164.0
4-Sep-13,4,1450,1,W LANTAU,2.0,372,ON,HKCRP,812364,801810,AUTUMN,NONE,P,2013-09-04,2013,9,2013-14,2013,Final_Report_2013_14.pdf,WL,372.0
4-Sep-13,5,1612,1,NW LANTAU,3.0,24,ON,HKCRP,822289,805428,AUTUMN,NONE,P,2013-09-04,2013,9,2013-14,2013,Final_Report_2013_14.pdf,NWL,24.0
11-Sep-13,1,1018,5,W LANTAU,2.0,120,ON,HKCRP,813392,802719,AUTUMN,NONE,S,2013-09-11,2013,9,2013-14,2013,Final_Report_2013_14.pdf,WL,120.0
11-Sep-13,2,1035,3,W LANTAU,2.0,18,ON,HKCRP,812032,801840,AUTUMN,NONE,S,2013-09-11,2013,9,2013-14,2013,Final_Report_2013_14.pdf,WL,18.0
11-Sep-13,3,1105,5,W LANTAU,3.0,191,ON,HKCRP,805833,800537,AUTUMN,NONE,S,2013-09-11,2013,9,2013-14,2013,Final_Report_2013_14.pdf,WL,191.0
11-Sep-13,4,1454,3,NW LANTAU,3.0,52,ON,HKCRP,819576,805453,AUTUMN,NONE,P,2013-09-11,2013,9,2013-14,2013,Final_Report_2013_14.pdf,NWL,52.0
16-Sep-13,1,1554,1,W LANTAU,2.0,ND,OFF,HELI,813170,802678,AUTUMN,NONE,,2013-09-16,2013,9,2013-14,2013,Final_Report_2013_14.pdf,WL,
19-Sep-13,1,1240,1,W LANTAU,5.0,ND,OFF,HKCRP,807283,800757,AUTUMN,NONE,,2013-09-19,2013,9,2013-14,2013,Final_Report_2013_14.pdf,WL,
19-Sep-13,2,1303,3,W LANTAU,2.0,125,ON,HKCRP,810681,801610,AUTUMN,NONE,S,2013-09-19,2013,9,2013-14,2013,Final_Report_2013_14.pdf,WL,125.0
19-Sep-13,3,1322,3,W LANTAU,2.0,339,ON,HKCRP,813967,803050,AUTUMN,NONE,S,2013-09-19,2013,9,2013-14,2013,Final_Report_2013_14.pdf,WL,339.0
26-Sep-13,1,1238,1,NW LANTAU,2.0,253,ON,HKCRP,823666,809479,AUTUMN,NONE,P,2013-09-26,2013,9,2013-14,2013,Final_Report_2013_14.pdf,NWL,253.0
27-Sep-13,1,1049,7,W LANTAU,2.0,566,ON,HKCRP,813745,803184,AUTUMN,NONE,S,2013-09-27,2013,9,2013-14,2013,Final_Report_2013_14.pdf,WL,566.0
27-Sep-13,2,1154,5,W LANTAU,2.0,ND,OFF,HKCRP,809310,800762,AUTUMN,NONE,,2013-09-27,2013,9,2013-14,2013,Final_Report_2013_14.pdf,WL,
27-Sep-13,3,1211,4,W LANTAU,2.0,46,ON,HKCRP,808537,799605,AUTUMN,NONE,S,2013-09-27,2013,9,2013-14,2013,Final_Report_2013_14.pdf,WL,46.0
27-Sep-13,4,1223,2,W LANTAU,2.0,59,ON,HKCRP,807441,799798,AUTUMN,NONE,P,2013-09-27,2013,9,2013-14,2013,Final_Report_2013_14.pdf,WL,59.0
27-Sep-13,5,1301,2,W LANTAU,2.0,30,ON,HKCRP,806465,800270,AUTUMN,NONE,P,2013-09-27,2013,9,2013-14,2013,Final_Report_2013_14.pdf,WL,30.0
27-Sep-13,6,1320,1,W LANTAU,3.0,52,ON,HKCRP,806485,801446,AUTUMN,NONE,P,2013-09-27,2013,9,2013-14,2013,Final_Report_2013_14.pdf,WL,52.0
27-Sep-13,7,1326,1,W LANTAU,2.0,49,ON,HKCRP,806484,801714,AUTUMN,NONE,P,2013-09-27,2013,9,2013-14,2013,Final_Report_2013_14.pdf,WL,49.0
27-Sep-13,8,1358,4,W LANTAU,2.0,136,ON,HKCRP,809966,799670,AUTUMN,NONE,S,2013-09-27,2013,9,2013-14,2013,Final_Report_2013_14.pdf,WL,136.0
27-Sep-13,9,1433,1,W LANTAU,2.0,104,ON,HKCRP,812453,801490,AUTUMN,NONE,P,2013-09-27,2013,9,2013-14,2013,Final_Report_2013_14.pdf,WL,104.0
27-Sep-13,10,1456,2,W LANTAU,2.0,603,ON,HKCRP,814499,802907,AUTUMN,NONE,P,2013-09-27,2013,9,2013-14,2013,Final_Report_2013_14.pdf,WL,603.0
27-Sep-13,11,1606,1,NW LANTAU,1.0,64,ON,HKCRP,827082,806467,AUTUMN,PURSE SEINE,P,2013-09-27,2013,9,2013-14,2013,Final_Report_2013_14.pdf,NWL,64.0
9-Oct-13,1,1424,3,SW LANTAU,3.0,255,ON,HKCRP,803214,803017,AUTUMN,NONE,S,2013-10-09,2013,10,2013-14,2013,Final_Report_2013_14.pdf,SWL,255.0
11-Oct-13,1,1306,5,SW LANTAU,2.0,916,ON,HKCRP,806001,811149,AUTUMN,NONE,P,2013-10-11,2013,10,2013-14,2013,Final_Report_2013_14.pdf,SWL,916.0
11-Oct-13,2,1429,5,SW LANTAU,1.0,134,ON,HKCRP,806847,808397,AUTUMN,PURSE SEINE,P,2013-10-11,2013,10,2013-14,2013,Final_Report_2013_14.pdf,SWL,134.0
11-Oct-13,3,1502,4,SW LANTAU,2.0,257,ON,HKCRP,806795,806345,AUTUMN,NONE,P,2013-10-11,2013,10,2013-14,2013,Final_Report_2013_14.pdf,SWL,257.0
11-Oct-13,5,1603,1,SW LANTAU,2.0,400,ON,HKCRP,806767,803891,AUTUMN,NONE,S,2013-10-11,2013,10,2013-14,2013,Final_Report_2013_14.pdf,SWL,400.0
11-Oct-13,6,1609,8,SW LANTAU,2.0,176,ON,HKCRP,806536,803168,AUTUMN,NONE,S,2013-10-11,2013,10,2013-14,2013,Final_Report_2013_14.pdf,SWL,176.0
11-Oct-13,7,1654,2,W LANTAU,1.0,258,ON,HKCRP,811500,801983,AUTUMN,NONE,S,2013-10-11,2013,10,2013-14,2013,Final_Report_2013_14.pdf,WL,258.0
11-Oct-13,8,1701,2,W LANTAU,1.0,384,ON,HKCRP,812606,802439,AUTUMN,NONE,S,2013-10-11,2013,10,2013-14,2013,Final_Report_2013_14.pdf,WL,384.0
11-Oct-13,9,1706,1,W LANTAU,1.0,260,ON,HKCRP,813535,803080,AUTUMN,NONE,S,2013-10-11,2013,10,2013-14,2013,Final_Report_2013_14.pdf,WL,260.0
18-Oct-13,1,1434,4,SW LANTAU,2.0,ND,OFF,HKCRP,805973,802208,AUTUMN,NONE,,2013-10-18,2013,10,2013-14,2013,Final_Report_2013_14.pdf,SWL,
18-Oct-13,2,1445,2,SW LANTAU,2.0,ND,OFF,HKCRP,806249,802662,AUTUMN,NONE,,2013-10-18,2013,10,2013-14,2013,Final_Report_2013_14.pdf,SWL,
18-Oct-13,3,1452,5,SW LANTAU,2.0,ND,OFF,HKCRP,806369,803426,AUTUMN,NONE,,2013-10-18,2013,10,2013-14,2013,Final_Report_2013_14.pdf,SWL,
18-Oct-13,4,1502,3,SW LANTAU,2.0,ND,OFF,HKCRP,806722,804509,AUTUMN,NONE,,2013-10-18,2013,10,2013-14,2013,Final_Report_2013_14.pdf,SWL,
18-Oct-13,5,1520,1,SW LANTAU,3.0,ND,OFF,HKCRP,807224,808089,AUTUMN,NONE,,2013-10-18,2013,10,2013-14,2013,Final_Report_2013_14.pdf,SWL,
18-Oct-13,6,1527,1,SW LANTAU,3.0,ND,OFF,HKCRP,807344,809316,AUTUMN,NONE,,2013-10-18,2013,10,2013-14,2013,Final_Report_2013_14.pdf,SWL,
21-Oct-13,1,1043,2,NE LANTAU,2.0,ND,OFF,HKCRP,821572,817439,AUTUMN,NONE,,2013-10-21,2013,10,2013-14,2013,Final_Report_2013_14.pdf,NEL,
21-Oct-13,2,1054,1,NE LANTAU,2.0,122,ON,HKCRP,821827,817532,AUTUMN,NONE,P,2013-10-21,2013,10,2013-14,2013,Final_Report_2013_14.pdf,NEL,122.0
21-Oct-13,3,1257,4,NW LANTAU,3.0,233,ON,HKCRP,821340,809475,AUTUMN,NONE,P,2013-10-21,2013,10,2013-14,2013,Final_Report_2013_14.pdf,NWL,233.0
21-Oct-13,4,1415,5,NW LANTAU,3.0,170,ON,HKCRP,828564,807397,AUTUMN,NONE,P,2013-10-21,2013,10,2013-14,2013,Final_Report_2013_14.pdf,NWL,170.0
21-Oct-13,5,1459,4,DEEP BAY,3.0,148,ON,HKCRP,830970,806300,AUTUMN,NONE,S,2013-10-21,2013,10,2013-14,2013,Final_Report_2013_14.pdf,DB,148.0
31-Oct-13,3,1451,9,W LANTAU,2.0,394,ON,HKCRP,805900,800238,AUTUMN,NONE,S,2013-10-31,2013,10,2013-14,2013,Final_Report_2013_14.pdf,WL,394.0
31-Oct-13,4,1540,2,W LANTAU,2.0,664,ON,HKCRP,809043,801142,AUTUMN,NONE,S,2013-10-31,2013,10,2013-14,2013,Final_Report_2013_14.pdf,WL,664.0
31-Oct-13,5,1558,4,W LANTAU,2.0,133,ON,HKCRP,811268,801591,AUTUMN,NONE,S,2013-10-31,2013,10,2013-14,2013,Final_Report_2013_14.pdf,WL,133.0
31-Oct-13,6,1620,6,W LANTAU,2.0,329,ON,HKCRP,817971,805089,AUTUMN,NONE,S,2013-10-31,2013,10,2013-14,2013,Final_Report_2013_14.pdf,WL,329.0
6-Nov-13,1,1029,7,NW LANTAU,3.0,ND,OFF,HKCRP,819696,806370,AUTUMN,NONE,,2013-11-06,2013,11,2013-14,2013,Final_Report_2013_14.pdf,NWL,
6-Nov-13,2,1416,1,SW LANTAU,2.0,ND,OFF,HKCRP,807281,807212,AUTUMN,PURSE SEINE,,2013-11-06,2013,11,2013-14,2013,Final_Report_2013_14.pdf,SWL,
6-Nov-13,3,1423,3,SW LANTAU,2.0,ND,OFF,HKCRP,807036,808037,AUTUMN,NONE,,2013-11-06,2013,11,2013-14,2013,Final_Report_2013_14.pdf,SWL,
6-Nov-13,4,1435,6,SW LANTAU,2.0,ND,OFF,HKCRP,807540,810863,AUTUMN,NONE,,2013-11-06,2013,11,2013-14,2013,Final_Report_2013_14.pdf,SWL,
7-Nov-13,1,1115,2,NE LANTAU,2.0,430,ON,HKCRP,822582,815534,AUTUMN,NONE,P,2013-11-07,2013,11,2013-14,2013,Final_Report_2013_14.pdf,NEL,430.0
7-Nov-13,2,1330,7,DEEP BAY,2.0,386,ON,HKCRP,830437,806793,AUTUMN,NONE,P,2013-11-07,2013,11,2013-14,2013,Final_Report_2013_14.pdf,DB,386.0
7-Nov-13,3,1607,3,NW LANTAU,2.0,212,ON,HKCRP,826540,806456,AUTUMN,PURSE SEINE,P,2013-11-07,2013,11,2013-14,2013,Final_Report_2013_14.pdf,NWL,212.0
7-Nov-13,4,1629,10,NW LANTAU,2.0,297,ON,HKCRP,824303,806400,AUTUMN,NONE,P,2013-11-07,2013,11,2013-14,2013,Final_Report_2013_14.pdf,NWL,297.0
14-Nov-13,1,1127,2,NW LANTAU,2.0,18,ON,HKCRP,825873,807505,AUTUMN,NONE,P,2013-11-14,2013,11,2013-14,2013,Final_Report_2013_14.pdf,NWL,18.0
14-Nov-13,2,1203,5,NW LANTAU,2.0,98,ON,HKCRP,829306,807378,AUTUMN,NONE,S,2013-11-14,2013,11,2013-14,2013,Final_Report_2013_14.pdf,NWL,98.0
14-Nov-13,3,1255,1,NW LANTAU,2.0,386,ON,HKCRP,826099,805456,AUTUMN,NONE,P,2013-11-14,2013,11,2013-14,2013,Final_Report_2013_14.pdf,NWL,386.0
14-Nov-13,4,1311,4,NW LANTAU,2.0,208,ON,HKCRP,823375,805440,AUTUMN,NONE,P,2013-11-14,2013,11,2013-14,2013,Final_Report_2013_14.pdf,NWL,208.0
15-Nov-13,1,1356,5,SW LANTAU,3.0,270,ON,HKCRP,807727,805388,AUTUMN,NONE,S,2013-11-15,2013,11,2013-14,2013,Final_Report_2013_14.pdf,SWL,270.0
15-Nov-13,2,1422,1,SW LANTAU,2.0,183,ON,HKCRP,805336,805321,AUTUMN,NONE,P,2013-11-15,2013,11,2013-14,2013,Final_Report_2013_14.pdf,SWL,183.0
15-Nov-13,3,1433,2,SW LANTAU,2.0,215,ON,HKCRP,803509,805307,AUTUMN,NONE,P,2013-11-15,2013,11,2013-14,2013,Final_Report_2013_14.pdf,SWL,215.0
15-Nov-13,4,1453,2,SW LANTAU,3.0,134,ON,HKCRP,801435,806634,AUTUMN,NONE,S,2013-11-15,2013,11,2013-14,2013,Final_Report_2013_14.pdf,SWL,134.0
15-Nov-13,5,1531,3,SW LANTAU,3.0,137,ON,HKCRP,807735,807378,AUTUMN,NONE,P,2013-11-15,2013,11,2013-14,2013,Final_Report_2013_14.pdf,SWL,137.0
15-Nov-13,6,1542,2,SW LANTAU,3.0,273,ON,HKCRP,807500,808759,AUTUMN,NONE,S,2013-11-15,2013,11,2013-14,2013,Final_Report_2013_14.pdf,SWL,273.0
22-Nov-13,1,1033,1,NW LANTAU,2.0,295,ON,HKCRP,824938,810264,AUTUMN,NONE,S,2013-11-22,2013,11,2013-14,2013,Final_Report_2013_14.pdf,NWL,295.0
22-Nov-13,2,1044,1,NW LANTAU,2.0,35,ON,HKCRP,824962,809460,AUTUMN,NONE,P,2013-11-22,2013,11,2013-14,2013,Final_Report_2013_14.pdf,NWL,35.0
22-Nov-13,3,1130,8,NW LANTAU,2.0,90,ON,HKCRP,823348,807531,AUTUMN,PURSE SEINE,P,2013-11-22,2013,11,2013-14,2013,Final_Report_2013_14.pdf,NWL,90.0
22-Nov-13,4,1212,3,NW LANTAU,2.0,105,ON,HKCRP,827579,807529,AUTUMN,NONE,P,2013-11-22,2013,11,2013-14,2013,Final_Report_2013_14.pdf,NWL,105.0
22-Nov-13,5,1246,3,NW LANTAU,3.0,30,ON,HKCRP,827992,805460,AUTUMN,NONE,P,2013-11-22,2013,11,2013-14,2013,Final_Report_2013_14.pdf,NWL,30.0
25-Nov-13,2,1322,4,SW LANTAU,2.0,73,ON,HKCRP,807628,811142,AUTUMN,NONE,P,2013-11-25,2013,11,2013-14,2013,Final_Report_2013_14.pdf,SWL,73.0
25-Nov-13,3,1532,3,SW LANTAU,4.0,205,ON,HKCRP,803597,805297,AUTUMN,NONE,P,2013-11-25,2013,11,2013-14,2013,Final_Report_2013_14.pdf,SWL,205.0
25-Nov-13,4,1603,1,SW LANTAU,3.0,555,ON,HKCRP,806511,804591,AUTUMN,NONE,S,2013-11-25,2013,11,2013-14,2013,Final_Report_2013_14.pdf,SWL,555.0
25-Nov-13,5,1611,3,SW LANTAU,3.0,343,ON,HKCRP,806535,803601,AUTUMN,NONE,S,2013-11-25,2013,11,2013-14,2013,Final_Report_2013_14.pdf,SWL,343.0
25-Nov-13,6,1632,1,W LANTAU,3.0,ND,OFF,HKCRP,808579,800956,AUTUMN,NONE,,2013-11-25,2013,11,2013-14,2013,Final_Report_2013_14.pdf,WL,
25-Nov-13,7,1639,4,W LANTAU,3.0,103,ON,HKCRP,809774,801227,AUTUMN,NONE,S,2013-11-25,2013,11,2013-14,2013,Final_Report_2013_14.pdf,WL,103.0
26-Nov-13,1,1110,6,W LANTAU,3.0,88,ON,HKCRP,813558,802565,AUTUMN,NONE,P,2013-11-26,2013,11,2013-14,2013,Final_Report_2013_14.pdf,WL,88.0
26-Nov-13,2,1149,4,W LANTAU,3.0,112,ON,HKCRP,811458,801004,AUTUMN,NONE,P,2013-11-26,2013,11,2013-14,2013,Final_Report_2013_14.pdf,WL,112.0
26-Nov-13,3,1213,5,W LANTAU,2.0,304,ON,HKCRP,809431,801030,AUTUMN,PURSE SEINE,P,2013-11-26,2013,11,2013-14,2013,Final_Report_2013_14.pdf,WL,304.0
26-Nov-13,4,1227,2,W LANTAU,2.0,2,ON,HKCRP,809476,800628,AUTUMN,NONE,P,2013-11-26,2013,11,2013-14,2013,Final_Report_2013_14.pdf,WL,2.0
26-Nov-13,5,1247,7,W LANTAU,3.0,264,ON,HKCRP,807451,800005,AUTUMN,NONE,P,2013-11-26,2013,11,2013-14,2013,Final_Report_2013_14.pdf,WL,264.0
26-Nov-13,6,1310,1,W LANTAU,2.0,188,ON,HKCRP,806108,801682,AUTUMN,NONE,S,2013-11-26,2013,11,2013-14,2013,Final_Report_2013_14.pdf,WL,188.0
26-Nov-13,7,1326,3,W LANTAU,3.0,445,ON,HKCRP,806045,800146,AUTUMN,NONE,S,2013-11-26,2013,11,2013-14,2013,Final_Report_2013_14.pdf,WL,445.0
26-Nov-13,8,1332,1,W LANTAU,3.0,86,ON,HKCRP,806464,800538,AUTUMN,NONE,P,2013-11-26,2013,11,2013-14,2013,Final_Report_2013_14.pdf,WL,86.0
26-Nov-13,9,1347,3,W LANTAU,2.0,315,ON,HKCRP,806463,800961,AUTUMN,NONE,P,2013-11-26,2013,11,2013-14,2013,Final_Report_2013_14.pdf,WL,315.0
26-Nov-13,10,1421,2,W LANTAU,2.0,156,ON,HKCRP,810473,800537,AUTUMN,NONE,P,2013-11-26,2013,11,2013-14,2013,Final_Report_2013_14.pdf,WL,156.0
26-Nov-13,11,1449,2,W LANTAU,2.0,212,ON,HKCRP,812464,801779,AUTUMN,NONE,P,2013-11-26,2013,11,2013-14,2013,Final_Report_2013_14.pdf,WL,212.0
26-Nov-13,12,1505,6,W LANTAU,2.0,ND,OFF,HKCRP,814507,804123,AUTUMN,PURSE SEINE,,2013-11-26,2013,11,2013-14,2013,Final_Report_2013_14.pdf,WL,
3-Dec-13,1,1413,2,SW LANTAU,1.0,67,ON,HKCRP,806304,802992,WINTER,PURSE SEINE,S,2013-12-03,2013,12,2013-14,2013,Final_Report_2013_14.pdf,SWL,67.0
6-Dec-13,1,1015,5,W LANTAU,4.0,18,ON,HKCRP,814309,803649,WINTER,NONE,S,2013-12-06,2013,12,2013-14,2013,Final_Report_2013_14.pdf,WL,18.0
6-Dec-13,2,1103,4,W LANTAU,4.0,5,ON,HKCRP,806284,802002,WINTER,NONE,S,2013-12-06,2013,12,2013-14,2013,Final_Report_2013_14.pdf,WL,5.0
6-Dec-13,3,1114,4,SW LANTAU,3.0,80,ON,HKCRP,805928,802559,WINTER,NONE,P,2013-12-06,2013,12,2013-14,2013,Final_Report_2013_14.pdf,SWL,80.0
6-Dec-13,4,1153,4,SW LANTAU,4.0,104,ON,HKCRP,804319,804267,WINTER,NONE,P,2013-12-06,2013,12,2013-14,2013,Final_Report_2013_14.pdf,SWL,104.0
6-Dec-13,5,1204,3,SW LANTAU,4.0,59,ON,HKCRP,805692,804270,WINTER,NONE,P,2013-12-06,2013,12,2013-14,2013,Final_Report_2013_14.pdf,SWL,59.0
6-Dec-13,6,1213,2,SW LANTAU,3.0,20,ON,HKCRP,806866,804427,WINTER,NONE,S,2013-12-06,2013,12,2013-14,2013,Final_Report_2013_14.pdf,SWL,20.0
6-Dec-13,7,1403,2,SW LANTAU,2.0,128,ON,HKCRP,807297,810481,WINTER,NONE,P,2013-12-06,2013,12,2013-14,2013,Final_Report_2013_14.pdf,SWL,128.0
10-Dec-13,1,1440,3,DEEP BAY,2.0,312,ON,HKCRP,833447,807952,WINTER,NONE,P,2013-12-10,2013,12,2013-14,2013,Final_Report_2013_14.pdf,DB,312.0
10-Dec-13,2,1513,1,DEEP BAY,2.0,296,ON,HKCRP,831441,808648,WINTER,NONE,P,2013-12-10,2013,12,2013-14,2013,Final_Report_2013_14.pdf,DB,296.0
10-Dec-13,3,1550,5,NW LANTAU,2.0,442,ON,HKCRP,827682,805439,WINTER,NONE,P,2013-12-10,2013,12,2013-14,2013,Final_Report_2013_14.pdf,NWL,442.0
11-Dec-13,1,1037,9,W LANTAU,3.0,86,ON,HKCRP,809232,800988,WINTER,PURSE SEINE,S,2013-12-11,2013,12,2013-14,2013,Final_Report_2013_14.pdf,WL,86.0
11-Dec-13,2,1057,2,W LANTAU,3.0,564,ON,HKCRP,806938,801664,WINTER,NONE,S,2013-12-11,2013,12,2013-14,2013,Final_Report_2013_14.pdf,WL,564.0
11-Dec-13,3,1104,1,W LANTAU,3.0,132,ON,HKCRP,806339,801941,WINTER,NONE,S,2013-12-11,2013,12,2013-14,2013,Final_Report_2013_14.pdf,WL,132.0
11-Dec-13,4,1111,5,SW LANTAU,3.0,ND,OFF,HKCRP,806250,802343,WINTER,NONE,,2013-12-11,2013,12,2013-14,2013,Final_Report_2013_14.pdf,SWL,
11-Dec-13,5,1127,1,SW LANTAU,2.0,20,ON,HKCRP,806106,802528,WINTER,NONE,S,2013-12-11,2013,12,2013-14,2013,Final_Report_2013_14.pdf,SWL,20.0
11-Dec-13,6,1148,1,SW LANTAU,2.0,209,ON,HKCRP,807008,805304,WINTER,NONE,P,2013-12-11,2013,12,2013-14,2013,Final_Report_2013_14.pdf,SWL,209.0
11-Dec-13,7,1249,1,SW LANTAU,2.0,96,ON,HKCRP,807347,807377,WINTER,NONE,P,2013-12-11,2013,12,2013-14,2013,Final_Report_2013_14.pdf,SWL,96.0
20-Dec-13,1,1016,4,W LANTAU,3.0,295,ON,HKCRP,814010,803782,WINTER,NONE,S,2013-12-20,2013,12,2013-14,2013,Final_Report_2013_14.pdf,WL,295.0
20-Dec-13,2,1026,1,W LANTAU,4.0,140,ON,HKCRP,813447,802915,WINTER,NONE,S,2013-12-20,2013,12,2013-14,2013,Final_Report_2013_14.pdf,WL,140.0
20-Dec-13,3,1053,1,W LANTAU,4.0,ND,OFF,HKCRP,808690,800874,WINTER,NONE,,2013-12-20,2013,12,2013-14,2013,Final_Report_2013_14.pdf,WL,
20-Dec-13,4,1512,1,NE LANTAU,3.0,153,ON,HKCRP,820953,816500,WINTER,NONE,P,2013-12-20,2013,12,2013-14,2013,Final_Report_2013_14.pdf,NEL,153.0
20-Dec-13,5,1531,4,NE LANTAU,3.0,86,ON,HKCRP,822393,816585,WINTER,NONE,P,2013-12-20,2013,12,2013-14,2013,Final_Report_2013_14.pdf,NEL,86.0
30-Dec-13,1,1124,6,NW LANTAU,2.0,290,ON,HKCRP,826662,806456,WINTER,NONE,P,2013-12-30,2013,12,2013-14,2013,Final_Report_2013_14.pdf,NWL,290.0
30-Dec-13,2,1225,3,DEEP BAY,2.0,245,ON,HKCRP,831868,805612,WINTER,NONE,S,2013-12-30,2013,12,2013-14,2013,Final_Report_2013_14.pdf,DB,245.0
30-Dec-13,3,1241,12,DEEP BAY,2.0,270,ON,HKCRP,832453,806715,WINTER,NONE,P,2013-12-30,2013,12,2013-14,2013,Final_Report_2013_14.pdf,DB,270.0
30-Dec-13,4,1351,5,DEEP BAY,3.0,376,ON,HKCRP,832552,806756,WINTER,NONE,S,2013-12-30,2013,12,2013-14,2013,Final_Report_2013_14.pdf,DB,376.0
3-Jan-14,1,1032,1,NW LANTAU,2.0,ND,OFF,HKCRP,819874,806175,WINTER,NONE,,2014-01-03,2014,1,2013-14,2013,Final_Report_2013_14.pdf,NWL,
3-Jan-14,2,1423,6,W LANTAU,2.0,ND,OFF,HKCRP,806040,802105,WINTER,NONE,,2014-01-03,2014,1,2013-14,2013,Final_Report_2013_14.pdf,WL,
3-Jan-14,3,1442,2,SW LANTAU,2.0,390,ON,HKCRP,805317,803424,WINTER,NONE,P,2014-01-03,2014,1,2013-14,2013,Final_Report_2013_14.pdf,SWL,390.0
3-Jan-14,4,1447,10,SW LANTAU,2.0,0,ON,HKCRP,804443,803442,WINTER,NONE,P,2014-01-03,2014,1,2013-14,2013,Final_Report_2013_14.pdf,SWL,0.0
8-Jan-14,1,1031,1,W LANTAU,2.0,308,ON,HKCRP,810383,801187,WINTER,NONE,S,2014-01-08,2014,1,2013-14,2013,Final_Report_2013_14.pdf,WL,308.0
8-Jan-14,2,1119,7,SW LANTAU,1.0,273,ON,HKCRP,806774,806180,WINTER,GILLNET,S,2014-01-08,2014,1,2013-14,2013,Final_Report_2013_14.pdf,SWL,273.0
8-Jan-14,1,854,6,SW LANTAU,1.0,ND,OFF,THEO,806206,802013,WINTER,NONE,,2014-01-08,2014,1,2013-14,2013,Final_Report_2013_14.pdf,SWL,
8-Jan-14,2,1315,4,SW LANTAU,3.0,ND,OFF,THEO,806306,802054,WINTER,NONE,,2014-01-08,2014,1,2013-14,2013,Final_Report_2013_14.pdf,SWL,
10-Jan-14,1,1305,4,NW LANTAU,2.0,ND,OFF,HKCRP,830038,806978,WINTER,SINGLE,,2014-01-10,2014,1,2013-14,2013,Final_Report_2013_14.pdf,NWL,
22-Jan-14,1,1340,6,NW LANTAU,3.0,41,ON,HKCRP,820390,808638,WINTER,NONE,S,2014-01-22,2014,1,2013-14,2013,Final_Report_2013_14.pdf,NWL,41.0
22-Jan-14,2,1430,6,NW LANTAU,2.0,ND,OFF,HKCRP,821505,810670,WINTER,NONE,,2014-01-22,2014,1,2013-14,2013,Final_Report_2013_14.pdf,NWL,
22-Jan-14,3,1658,6,NW LANTAU,2.0,ND,OFF,HKCRP,821193,811576,WINTER,NONE,,2014-01-22,2014,1,2013-14,2013,Final_Report_2013_14.pdf,NWL,
24-Jan-14,1,1436,5,W LANTAU,3.0,694,ON,HKCRP,811690,801221,WINTER,NONE,S,2014-01-24,2014,1,2013-14,2013,Final_Report_2013_14.pdf,WL,694.0
24-Jan-14,2,1538,1,NW LANTAU,3.0,696,ON,HKCRP,823340,805965,WINTER,NONE,P,2014-01-24,2014,1,2013-14,2013,Final_Report_2013_14.pdf,NWL,696.0
24-Jan-14,3,1601,3,NW LANTAU,2.0,105,ON,HKCRP,826775,805323,WINTER,NONE,P,2014-01-24,2014,1,2013-14,2013,Final_Report_2013_14.pdf,NWL,105.0
27-Jan-14,1,1453,4,DEEP BAY,3.0,317,ON,HKCRP,832409,806416,WINTER,NONE,P,2014-01-27,2014,1,2013-14,2013,Final_Report_2013_14.pdf,DB,317.0
28-Jan-14,1,1123,6,NW LANTAU,2.0,702,ON,HKCRP,825985,806867,WINTER,NONE,P,2014-01-28,2014,1,2013-14,2013,Final_Report_2013_14.pdf,NWL,702.0
28-Jan-14,2,1205,4,NW LANTAU,2.0,ND,OFF,HKCRP,825233,806515,WINTER,NONE,,2014-01-28,2014,1,2013-14,2013,Final_Report_2013_14.pdf,NWL,
28-Jan-14,3,1617,8,NW LANTAU,2.0,931,ON,HKCRP,821138,805436,WINTER,NONE,S,2014-01-28,2014,1,2013-14,2013,Final_Report_2013_14.pdf,NWL,931.0
29-Jan-14,1,1040,1,W LANTAU,1.0,ND,OFF,HKCRP,810040,801114,WINTER,NONE,,2014-01-29,2014,1,2013-14,2013,Final_Report_2013_14.pdf,WL,
29-Jan-14,2,1100,7,W LANTAU,2.0,ND,OFF,HKCRP,806217,802209,WINTER,NONE,,2014-01-29,2014,1,2013-14,2013,Final_Report_2013_14.pdf,WL,
29-Jan-14,3,1114,7,SW LANTAU,3.0,324,ON,HKCRP,805762,802558,WINTER,NONE,P,2014-01-29,2014,1,2013-14,2013,Final_Report_2013_14.pdf,SWL,324.0
29-Jan-14,4,1308,2,SW LANTAU,4.0,399,ON,HKCRP,807310,809450,WINTER,NONE,S,2014-01-29,2014,1,2013-14,2013,Final_Report_2013_14.pdf,SWL,399.0
29-Jan-14,5,1346,2,SW LANTAU,4.0,98,ON,HKCRP,804196,811198,WINTER,NONE,P,2014-01-29,2014,1,2013-14,2013,Final_Report_2013_14.pdf,SWL,98.0
24-Feb-14,1,1002,4,NW LANTAU,3.0,ND,OFF,HKCRP,816718,806292,WINTER,NONE,,2014-02-24,2014,2,2013-14,2013,Final_Report_2013_14.pdf,NWL,
24-Feb-14,2,1018,3,W LANTAU,2.0,36,ON,HKCRP,814287,803608,WINTER,PURSE SEINE,S,2014-02-24,2014,2,2013-14,2013,Final_Report_2013_14.pdf,WL,36.0
24-Feb-14,3,1026,10,W LANTAU,3.0,92,ON,HKCRP,813348,802544,WINTER,PURSE SEINE,S,2014-02-24,2014,2,2013-14,2013,Final_Report_2013_14.pdf,WL,92.0
24-Feb-14,4,1045,1,W LANTAU,2.0,ND,OFF,HKCRP,812176,801820,WINTER,NONE,,2014-02-24,2014,2,2013-14,2013,Final_Report_2013_14.pdf,WL,
24-Feb-14,5,1053,21,W LANTAU,2.0,306,ON,HKCRP,810096,800743,WINTER,NONE,S,2014-02-24,2014,2,2013-14,2013,Final_Report_2013_14.pdf,WL,306.0
24-Feb-14,6,1113,5,W LANTAU,3.0,46,ON,HKCRP,809078,800679,WINTER,NONE,S,2014-02-24,2014,2,2013-14,2013,Final_Report_2013_14.pdf,WL,46.0
24-Feb-14,7,1117,1,W LANTAU,3.0,230,ON,HKCRP,808590,800750,WINTER,NONE,S,2014-02-24,2014,2,2013-14,2013,Final_Report_2013_14.pdf,WL,230.0
25-Feb-14,1,1049,1,NW LANTAU,2.0,0,ON,HKCRP,823440,806079,WINTER,NONE,S,2014-02-25,2014,2,2013-14,2013,Final_Report_2013_14.pdf,NWL,0.0
25-Feb-14,2,1104,5,NW LANTAU,3.0,7,ON,HKCRP,825532,806444,WINTER,PURSE SEINE,P,2014-02-25,2014,2,2013-14,2013,Final_Report_2013_14.pdf,NWL,7.0
27-Feb-14,1,1618,5,NW LANTAU,2.0,272,ON,HKCRP,822544,805449,WINTER,NONE,P,2014-02-27,2014,2,2013-14,2013,Final_Report_2013_14.pdf,NWL,272.0
28-Feb-14,1,1048,7,W LANTAU,3.0,231,ON,HKCRP,812452,801923,WINTER,NONE,P,2014-02-28,2014,2,2013-14,2013,Final_Report_2013_14.pdf,WL,231.0
28-Feb-14,2,1108,9,W LANTAU,3.0,ND,OFF,HKCRP,812673,802037,WINTER,NONE,,2014-02-28,2014,2,2013-14,2013,Final_Report_2013_14.pdf,WL,
28-Feb-14,3,1226,8,W LANTAU,3.0,19,ON,HKCRP,812676,800914,WINTER,NONE,S,2014-02-28,2014,2,2013-14,2013,Final_Report_2013_14.pdf,WL,19.0
28-Feb-14,4,1244,6,W LANTAU,3.0,126,ON,HKCRP,813548,802245,WINTER,PURSE SEINE,P,2014-02-28,2014,2,2013-14,2013,Final_Report_2013_14.pdf,WL,126.0
12-Mar-14,1,1018,3,NW LANTAU,2.0,13,ON,HKCRP,828932,806131,SPRING,NONE,S,2014-03-12,2014,3,2013-14,2013,Final_Report_2013_14.pdf,NWL,13.0
12-Mar-14,2,1507,1,W LANTAU,2.0,103,ON,HKCRP,813988,803576,SPRING,NONE,S,2014-03-12,2014,3,2013-14,2013,Final_Report_2013_14.pdf,WL,103.0
18-Mar-14,1,1023,15,W LANTAU,1.0,95,ON,HKCRP,813889,803359,SPRING,PURSE SEINE,S,2014-03-18,2014,3,2013-14,2013,Final_Report_2013_14.pdf,WL,95.0
18-Mar-14,2,1106,4,W LANTAU,2.0,567,ON,HKCRP,808568,800945,SPRING,NONE,S,2014-03-18,2014,3,2013-14,2013,Final_Report_2013_14.pdf,WL,567.0
18-Mar-14,3,1116,4,W LANTAU,2.0,387,ON,HKCRP,806983,801592,SPRING,NONE,S,2014-03-18,2014,3,2013-14,2013,Final_Report_2013_14.pdf,WL,387.0
18-Mar-14,4,1120,3,W LANTAU,2.0,86,ON,HKCRP,806484,801838,SPRING,NONE,S,2014-03-18,2014,3,2013-14,2013,Final_Report_2013_14.pdf,WL,86.0
18-Mar-14,5,1131,3,SW LANTAU,2.0,139,ON,HKCRP,806349,802786,SPRING,NONE,S,2014-03-18,2014,3,2013-14,2013,Final_Report_2013_14.pdf,SWL,139.0
18-Mar-14,7,1250,1,SW LANTAU,1.0,160,ON,HKCRP,807416,806336,SPRING,NONE,P,2014-03-18,2014,3,2013-14,2013,Final_Report_2013_14.pdf,SWL,160.0
18-Mar-14,16,1503,1,SW LANTAU,1.0,55,ON,HKCRP,806378,810480,SPRING,NONE,P,2014-03-18,2014,3,2013-14,2013,Final_Report_2013_14.pdf,SWL,55.0
26-Mar-14,1,1032,3,W LANTAU,2.0,549,ON,HKCRP,811699,801922,SPRING,NONE,S,2014-03-26,2014,3,2013-14,2013,Final_Report_2013_14.pdf,WL,549.0
26-Mar-14,2,1059,5,W LANTAU,2.0,364,ON,HKCRP,809133,800844,SPRING,NONE,S,2014-03-26,2014,3,2013-14,2013,Final_Report_2013_14.pdf,WL,364.0
26-Mar-14,3,1118,7,W LANTAU,1.0,ND,OFF,HKCRP,807340,800118,SPRING,NONE,,2014-03-26,2014,3,2013-14,2013,Final_Report_2013_14.pdf,WL,
26-Mar-14,4,1146,1,W LANTAU,2.0,25,ON,HKCRP,806422,799930,SPRING,NONE,S,2014-03-26,2014,3,2013-14,2013,Final_Report_2013_14.pdf,WL,25.0
26-Mar-14,5,1607,1,NW LANTAU,2.0,ND,OFF,HKCRP,827502,807137,SPRING,NONE,,2014-03-26,2014,3,2013-14,2013,Final_Report_2013_14.pdf,NWL,
26-Mar-14,6,1708,5,NW LANTAU,2.0,ND,OFF,HKCRP,821623,812432,SPRING,NONE,,2014-03-26,2014,3,2013-14,2013,Final_Report_2013_14.pdf,NWL,
24-Mar-14,3,1638,9,W LANTAU,2.0,ND,OFF,HELI,812928,801945,SPRING,NONE,,2014-03-24,2014,3,2013-14,2013,Final_Report_2013_14.pdf,WL,
27-Mar-14,1,1001,4,W LANTAU,1.0,76,ON,HKCRP,811976,801912,SPRING,NONE,S,2014-03-27,2014,3,2013-14,2013,Final_Report_2013_14.pdf,WL,76.0
7-Apr-14,1,1538,1,SW LANTAU,3.0,ND,OFF,HELI,804596,804051,SPRING,NONE,,2014-04-07,2014,4,2014-15,2014,Final_Report_2014_15.pdf,SWL,
9-Apr-14,6,1531,4,W LANTAU,3.0,378,ON,HKCRP,805587,801846,SPRING,NONE,S,2014-04-09,2014,4,2014-15,2014,Final_Report_2014_15.pdf,WL,378.0
9-Apr-14,7,1552,1,W LANTAU,2.0,ND,OFF,HKCRP,807460,801046,SPRING,NONE,,2014-04-09,2014,4,2014-15,2014,Final_Report_2014_15.pdf,WL,
10-Apr-14,1,1113,5,NW LANTAU,2.0,363,ON,HKCRP,827727,805470,SPRING,NONE,P,2014-04-10,2014,4,2014-15,2014,Final_Report_2014_15.pdf,NWL,363.0
10-Apr-14,2,1303,5,DEEP BAY,2.0,391,ON,HKCRP,831967,805952,SPRING,NONE,S,2014-04-10,2014,4,2014-15,2014,Final_Report_2014_15.pdf,DB,391.0
10-Apr-14,3,1618,3,NE LANTAU,3.0,178,ON,HKCRP,823535,815525,SPRING,NONE,P,2014-04-10,2014,4,2014-15,2014,Final_Report_2014_15.pdf,NEL,178.0
15-Apr-14,1,1113,2,NW LANTAU,3.0,42,ON,HKCRP,830095,806061,SPRING,NONE,S,2014-04-15,2014,4,2014-15,2014,Final_Report_2014_15.pdf,NWL,42.0
15-Apr-14,2,1547,4,W LANTAU,4.0,178,ON,HKCRP,806530,800755,SPRING,NONE,S,2014-04-15,2014,4,2014-15,2014,Final_Report_2014_15.pdf,WL,178.0
15-Apr-14,3,1602,2,W LANTAU,2.0,187,ON,HKCRP,809973,801237,SPRING,NONE,S,2014-04-15,2014,4,2014-15,2014,Final_Report_2014_15.pdf,WL,187.0
15-Apr-14,4,1620,1,W LANTAU,2.0,105,ON,HKCRP,812540,802408,SPRING,NONE,S,2014-04-15,2014,4,2014-15,2014,Final_Report_2014_15.pdf,WL,105.0
23-Apr-14,1,1035,4,W LANTAU,3.0,200,ON,HKCRP,810460,801249,SPRING,NONE,S,2014-04-23,2014,4,2014-15,2014,Final_Report_2014_15.pdf,WL,200.0
28-Apr-14,10,1520,1,W LANTAU,2.0,326,ON,HKCRP,807027,801592,SPRING,NONE,S,2014-04-28,2014,4,2014-15,2014,Final_Report_2014_15.pdf,WL,326.0
28-Apr-14,11,1549,1,W LANTAU,2.0,286,ON,HKCRP,811799,801953,SPRING,NONE,S,2014-04-28,2014,4,2014-15,2014,Final_Report_2014_15.pdf,WL,286.0
29-Apr-14,1,1203,9,DEEP BAY,2.0,107,ON,HKCRP,831114,806043,SPRING,NONE,S,2014-04-29,2014,4,2014-15,2014,Final_Report_2014_15.pdf,DB,107.0
29-Apr-14,2,1233,5,DEEP BAY,2.0,460,ON,HKCRP,832444,805561,SPRING,NONE,P,2014-04-29,2014,4,2014-15,2014,Final_Report_2014_15.pdf,DB,460.0
29-Apr-14,3,1337,4,DEEP BAY,4.0,152,ON,HKCRP,831435,806064,SPRING,NONE,P,2014-04-29,2014,4,2014-15,2014,Final_Report_2014_15.pdf,DB,152.0
7-May-14,1,1555,5,SW LANTAU,2.0,58,ON,HKCRP,805851,802631,SPRING,PURSE SEINE,S,2014-05-07,2014,5,2014-15,2014,Final_Report_2014_15.pdf,SWL,58.0
8-May-14,1,1124,2,NW LANTAU,1.0,81,ON,HKCRP,830451,805465,SPRING,NONE,P,2014-05-08,2014,5,2014-15,2014,Final_Report_2014_15.pdf,NWL,81.0
8-May-14,2,1140,1,NW LANTAU,1.0,ND,OFF,HKCRP,830415,806669,SPRING,NONE,,2014-05-08,2014,5,2014-15,2014,Final_Report_2014_15.pdf,NWL,
8-May-14,3,1316,4,DEEP BAY,2.0,371,ON,HKCRP,831835,805591,SPRING,NONE,S,2014-05-08,2014,5,2014-15,2014,Final_Report_2014_15.pdf,DB,371.0
12-May-14,1,1030,6,W LANTAU,2.0,ND,OFF,HKCRP,813749,801308,SPRING,NONE,,2014-05-12,2014,5,2014-15,2014,Final_Report_2014_15.pdf,WL,
12-May-14,2,1108,7,W LANTAU,2.0,531,ON,HKCRP,811544,802200,SPRING,NONE,S,2014-05-12,2014,5,2014-15,2014,Final_Report_2014_15.pdf,WL,531.0
12-May-14,3,1149,8,W LANTAU,3.0,191,ON,HKCRP,809800,799711,SPRING,NONE,S,2014-05-12,2014,5,2014-15,2014,Final_Report_2014_15.pdf,WL,191.0
12-May-14,4,1223,4,W LANTAU,3.0,3,ON,HKCRP,808483,799409,SPRING,NONE,S,2014-05-12,2014,5,2014-15,2014,Final_Report_2014_15.pdf,WL,3.0
12-May-14,5,1246,2,W LANTAU,3.0,114,ON,HKCRP,806395,801735,SPRING,NONE,P,2014-05-12,2014,5,2014-15,2014,Final_Report_2014_15.pdf,WL,114.0
12-May-14,6,1255,3,W LANTAU,2.0,ND,OFF,HKCRP,806293,802879,SPRING,PURSE SEINE,,2014-05-12,2014,5,2014-15,2014,Final_Report_2014_15.pdf,WL,
12-May-14,7,1324,4,W LANTAU,3.0,3,ON,HKCRP,806464,800776,SPRING,NONE,P,2014-05-12,2014,5,2014-15,2014,Final_Report_2014_15.pdf,WL,3.0
12-May-14,8,1344,3,W LANTAU,3.0,642,ON,HKCRP,806621,799899,SPRING,NONE,S,2014-05-12,2014,5,2014-15,2014,Final_Report_2014_15.pdf,WL,642.0
12-May-14,9,1356,3,W LANTAU,2.0,25,ON,HKCRP,807451,800015,SPRING,NONE,P,2014-05-12,2014,5,2014-15,2014,Final_Report_2014_15.pdf,WL,25.0
12-May-14,10,1419,7,W LANTAU,1.0,ND,OFF,HKCRP,808811,800967,SPRING,NONE,,2014-05-12,2014,5,2014-15,2014,Final_Report_2014_15.pdf,WL,
12-May-14,11,1438,3,W LANTAU,3.0,81,ON,HKCRP,809421,800535,SPRING,NONE,P,2014-05-12,2014,5,2014-15,2014,Final_Report_2014_15.pdf,WL,81.0
12-May-14,12,1452,4,W LANTAU,1.0,500,ON,HKCRP,810110,799732,SPRING,NONE,S,2014-05-12,2014,5,2014-15,2014,Final_Report_2014_15.pdf,WL,500.0
12-May-14,13,1537,10,W LANTAU,2.0,425,ON,HKCRP,815298,802002,SPRING,NONE,S,2014-05-12,2014,5,2014-15,2014,Final_Report_2014_15.pdf,WL,425.0
14-May-14,1,1349,3,NW LANTAU,3.0,26,ON,HKCRP,826595,806456,SPRING,NONE,P,2014-05-14,2014,5,2014-15,2014,Final_Report_2014_15.pdf,NWL,26.0
15-May-14,1,1050,1,W LANTAU,3.0,727,ON,HKCRP,810029,801176,SPRING,NONE,S,2014-05-15,2014,5,2014-15,2014,Final_Report_2014_15.pdf,WL,727.0
15-May-14,2,1113,5,W LANTAU,3.0,9,ON,HKCRP,806240,802054,SPRING,NONE,S,2014-05-15,2014,5,2014-15,2014,Final_Report_2014_15.pdf,WL,9.0
15-May-14,3,1138,2,SW LANTAU,2.0,50,ON,HKCRP,806557,803550,SPRING,NONE,S,2014-05-15,2014,5,2014-15,2014,Final_Report_2014_15.pdf,SWL,50.0
15-May-14,6,1500,1,SW LANTAU,1.0,327,ON,HKCRP,807717,811245,SPRING,NONE,P,2014-05-15,2014,5,2014-15,2014,Final_Report_2014_15.pdf,SWL,327.0
20-May-14,1,1319,5,W LANTAU,4.0,ND,OFF,HKCRP,806018,801899,SPRING,NONE,,2014-05-20,2014,5,2014-15,2014,Final_Report_2014_15.pdf,WL,
20-May-14,2,1333,3,SW LANTAU,4.0,ND,OFF,HKCRP,806239,802374,SPRING,NONE,,2014-05-20,2014,5,2014-15,2014,Final_Report_2014_15.pdf,SWL,
20-May-14,3,1339,4,SW LANTAU,3.0,223,ON,HKCRP,806602,803416,SPRING,NONE,S,2014-05-20,2014,5,2014-15,2014,Final_Report_2014_15.pdf,SWL,223.0
20-May-14,4,1625,3,W LANTAU,3.0,114,ON,HKCRP,808080,801171,SPRING,NONE,S,2014-05-20,2014,5,2014-15,2014,Final_Report_2014_15.pdf,WL,114.0
26-May-14,1,1619,6,SW LANTAU,2.0,ND,OFF,HELI,803902,807938,SPRING,NONE,,2014-05-26,2014,5,2014-15,2014,Final_Report_2014_15.pdf,SWL,
30-May-14,1,920,15,SW LANTAU,2.0,ND,OFF,THEO,806118,802157,SPRING,NONE,,2014-05-30,2014,5,2014-15,2014,Final_Report_2014_15.pdf,SWL,
4-Jun-14,1,1023,10,W LANTAU,2.0,106,ON,HKCRP,813072,802275,SUMMER,NONE,S,2014-06-04,2014,6,2014-15,2014,Final_Report_2014_15.pdf,WL,106.0
4-Jun-14,2,1051,11,W LANTAU,2.0,ND,OFF,HKCRP,812020,801871,SUMMER,NONE,,2014-06-04,2014,6,2014-15,2014,Final_Report_2014_15.pdf,WL,
4-Jun-14,3,1104,3,W LANTAU,2.0,83,ON,HKCRP,810992,801405,SUMMER,NONE,S,2014-06-04,2014,6,2014-15,2014,Final_Report_2014_15.pdf,WL,83.0
4-Jun-14,4,1115,1,W LANTAU,2.0,121,ON,HKCRP,809830,800969,SUMMER,NONE,S,2014-06-04,2014,6,2014-15,2014,Final_Report_2014_15.pdf,WL,121.0
4-Jun-14,5,1120,8,W LANTAU,2.0,75,ON,HKCRP,809154,800926,SUMMER,NONE,S,2014-06-04,2014,6,2014-15,2014,Final_Report_2014_15.pdf,WL,75.0
4-Jun-14,6,1128,3,W LANTAU,2.0,358,ON,HKCRP,808113,801120,SUMMER,NONE,S,2014-06-04,2014,6,2014-15,2014,Final_Report_2014_15.pdf,WL,358.0
4-Jun-14,7,1132,17,W LANTAU,2.0,98,ON,HKCRP,807060,801561,SUMMER,NONE,S,2014-06-04,2014,6,2014-15,2014,Final_Report_2014_15.pdf,WL,98.0
4-Jun-14,8,1201,3,SW LANTAU,2.0,14,ON,HKCRP,806943,804376,SUMMER,NONE,S,2014-06-04,2014,6,2014-15,2014,Final_Report_2014_15.pdf,SWL,14.0
4-Jun-14,9,1321,2,SW LANTAU,2.0,201,ON,HKCRP,807689,808213,SUMMER,NONE,S,2014-06-04,2014,6,2014-15,2014,Final_Report_2014_15.pdf,SWL,201.0
4-Jun-14,10,1331,2,SW LANTAU,2.0,34,ON,HKCRP,807410,809161,SUMMER,NONE,S,2014-06-04,2014,6,2014-15,2014,Final_Report_2014_15.pdf,SWL,34.0
4-Jun-14,11,1440,9,SW LANTAU,2.0,78,ON,HKCRP,807562,811152,SUMMER,NONE,P,2014-06-04,2014,6,2014-15,2014,Final_Report_2014_15.pdf,SWL,78.0
9-Jun-14,1,939,2,W LANTAU,2.0,218,ON,HKCRP,814750,804639,SUMMER,NONE,S,2014-06-09,2014,6,2014-15,2014,Final_Report_2014_15.pdf,WL,218.0
9-Jun-14,2,950,18,W LANTAU,2.0,ND,OFF,HKCRP,813745,803040,SUMMER,NONE,,2014-06-09,2014,6,2014-15,2014,Final_Report_2014_15.pdf,WL,
9-Jun-14,3,1036,1,W LANTAU,3.0,341,ON,HKCRP,810880,801621,SUMMER,NONE,S,2014-06-09,2014,6,2014-15,2014,Final_Report_2014_15.pdf,WL,341.0
9-Jun-14,1,1555,1,W LANTAU,4.0,ND,OFF,HELI,807305,800963,SUMMER,NONE,,2014-06-09,2014,6,2014-15,2014,Final_Report_2014_15.pdf,WL,
9-Jun-14,2,1558,3,W LANTAU,3.0,ND,OFF,HELI,813668,803153,SUMMER,NONE,,2014-06-09,2014,6,2014-15,2014,Final_Report_2014_15.pdf,WL,
13-Jun-14,1,1112,2,W LANTAU,2.0,1157,ON,HKCRP,812930,801048,SUMMER,NONE,S,2014-06-13,2014,6,2014-15,2014,Final_Report_2014_15.pdf,WL,1157.0
13-Jun-14,2,1134,1,W LANTAU,2.0,50,ON,HKCRP,811467,801653,SUMMER,NONE,P,2014-06-13,2014,6,2014-15,2014,Final_Report_2014_15.pdf,WL,50.0
13-Jun-14,3,1144,2,W LANTAU,2.0,230,ON,HKCRP,811425,800962,SUMMER,NONE,P,2014-06-13,2014,6,2014-15,2014,Final_Report_2014_15.pdf,WL,230.0
13-Jun-14,4,1211,3,W LANTAU,2.0,31,ON,HKCRP,810449,801445,SUMMER,NONE,P,2014-06-13,2014,6,2014-15,2014,Final_Report_2014_15.pdf,WL,31.0
13-Jun-14,5,1233,2,W LANTAU,2.0,455,ON,HKCRP,808859,799461,SUMMER,NONE,S,2014-06-13,2014,6,2014-15,2014,Final_Report_2014_15.pdf,WL,455.0
13-Jun-14,6,1244,4,W LANTAU,2.0,312,ON,HKCRP,808435,800821,SUMMER,NONE,P,2014-06-13,2014,6,2014-15,2014,Final_Report_2014_15.pdf,WL,312.0
13-Jun-14,7,1351,1,SW LANTAU,2.0,ND,OFF,HKCRP,805884,802693,SUMMER,NONE,,2014-06-13,2014,6,2014-15,2014,Final_Report_2014_15.pdf,SWL,
13-Jun-14,8,1412,7,SW LANTAU,1.0,168,ON,HKCRP,804895,804330,SUMMER,NONE,P,2014-06-13,2014,6,2014-15,2014,Final_Report_2014_15.pdf,SWL,168.0
13-Jun-14,9,1456,1,SW LANTAU,2.0,269,ON,HKCRP,804891,806341,SUMMER,NONE,P,2014-06-13,2014,6,2014-15,2014,Final_Report_2014_15.pdf,SWL,269.0
13-Jun-14,10,1531,8,SW LANTAU,2.0,280,ON,HKCRP,806105,808417,SUMMER,NONE,P,2014-06-13,2014,6,2014-15,2014,Final_Report_2014_15.pdf,SWL,280.0
13-Jun-14,11,1600,1,SW LANTAU,3.0,ND,OFF,HKCRP,806444,811109,SUMMER,NONE,,2014-06-13,2014,6,2014-15,2014,Final_Report_2014_15.pdf,SWL,
17-Jun-14,1,1010,10,NW LANTAU,3.0,ND,OFF,HKCRP,814981,805083,SUMMER,NONE,,2014-06-17,2014,6,2014-15,2014,Final_Report_2014_15.pdf,NWL,
17-Jun-14,2,1039,10,W LANTAU,2.0,95,ON,HKCRP,814330,803989,SUMMER,NONE,S,2014-06-17,2014,6,2014-15,2014,Final_Report_2014_15.pdf,WL,95.0
17-Jun-14,3,1114,3,W LANTAU,3.0,55,ON,HKCRP,811157,801591,SUMMER,NONE,S,2014-06-17,2014,6,2014-15,2014,Final_Report_2014_15.pdf,WL,55.0
17-Jun-14,4,1124,1,W LANTAU,2.0,337,ON,HKCRP,809951,801062,SUMMER,NONE,S,2014-06-17,2014,6,2014-15,2014,Final_Report_2014_15.pdf,WL,337.0
17-Jun-14,5,1130,5,W LANTAU,3.0,296,ON,HKCRP,809110,800916,SUMMER,NONE,S,2014-06-17,2014,6,2014-15,2014,Final_Report_2014_15.pdf,WL,296.0
25-Jun-14,1,1542,7,W LANTAU,3.0,ND,OFF,HKCRP,812828,802357,SUMMER,NONE,,2014-06-25,2014,6,2014-15,2014,Final_Report_2014_15.pdf,WL,
2-Jul-14,1,1541,7,SW LANTAU,2.0,ND,OFF,HELI,806372,802219,SUMMER,NONE,,2014-07-02,2014,7,2014-15,2014,Final_Report_2014_15.pdf,SWL,
2-Jul-14,2,1549,2,W LANTAU,4.0,ND,OFF,HELI,808036,800882,SUMMER,NONE,,2014-07-02,2014,7,2014-15,2014,Final_Report_2014_15.pdf,WL,
2-Jul-14,3,1551,5,W LANTAU,4.0,ND,OFF,HELI,812650,802728,SUMMER,NONE,,2014-07-02,2014,7,2014-15,2014,Final_Report_2014_15.pdf,WL,
4-Jul-14,1,1515,7,W LANTAU,3.0,263,ON,HKCRP,807040,800880,SUMMER,NONE,S,2014-07-04,2014,7,2014-15,2014,Final_Report_2014_15.pdf,WL,263.0
4-Jul-14,2,1535,8,W LANTAU,3.0,63,ON,HKCRP,808423,801048,SUMMER,NONE,S,2014-07-04,2014,7,2014-15,2014,Final_Report_2014_15.pdf,WL,63.0
4-Jul-14,3,1549,9,W LANTAU,2.0,7,ON,HKCRP,810128,801413,SUMMER,NONE,S,2014-07-04,2014,7,2014-15,2014,Final_Report_2014_15.pdf,WL,7.0
4-Jul-14,4,1608,1,W LANTAU,2.0,200,ON,HKCRP,812861,802574,SUMMER,NONE,S,2014-07-04,2014,7,2014-15,2014,Final_Report_2014_15.pdf,WL,200.0
9-Jul-14,1,1010,1,W LANTAU,2.0,ND,OFF,HKCRP,814739,804691,SUMMER,NONE,,2014-07-09,2014,7,2014-15,2014,Final_Report_2014_15.pdf,WL,
9-Jul-14,2,1020,10,W LANTAU,2.0,69,ON,HKCRP,813635,803101,SUMMER,NONE,S,2014-07-09,2014,7,2014-15,2014,Final_Report_2014_15.pdf,WL,69.0
9-Jul-14,3,1037,1,W LANTAU,1.0,361,ON,HKCRP,811799,801840,SUMMER,NONE,S,2014-07-09,2014,7,2014-15,2014,Final_Report_2014_15.pdf,WL,361.0
9-Jul-14,4,1042,1,W LANTAU,1.0,82,ON,HKCRP,810682,801414,SUMMER,NONE,S,2014-07-09,2014,7,2014-15,2014,Final_Report_2014_15.pdf,WL,82.0
9-Jul-14,5,1049,6,W LANTAU,1.0,506,ON,HKCRP,809232,801009,SUMMER,NONE,S,2014-07-09,2014,7,2014-15,2014,Final_Report_2014_15.pdf,WL,506.0
9-Jul-14,6,1051,15,W LANTAU,1.0,327,ON,HKCRP,808424,800801,SUMMER,NONE,S,2014-07-09,2014,7,2014-15,2014,Final_Report_2014_15.pdf,WL,327.0
24-Jul-14,1,1316,1,NW LANTAU,3.0,121,ON,HKCRP,827953,808508,SUMMER,NONE,P,2014-07-24,2014,7,2014-15,2014,Final_Report_2014_15.pdf,NWL,121.0
28-Jul-14,1,1301,1,SE LANTAU,2.0,ND,OFF,HKCRP,809852,812506,SUMMER,PURSE SEINE,,2014-07-28,2014,7,2014-15,2014,Final_Report_2014_15.pdf,SEL,
28-Jul-14,2,1425,3,SW LANTAU,2.0,559,ON,HKCRP,807177,809439,SUMMER,NONE,P,2014-07-28,2014,7,2014-15,2014,Final_Report_2014_15.pdf,SWL,559.0
28-Jul-14,3,1450,7,SW LANTAU,2.0,619,ON,HKCRP,807447,807388,SUMMER,PURSE SEINE,P,2014-07-28,2014,7,2014-15,2014,Final_Report_2014_15.pdf,SWL,619.0
28-Jul-14,4,1540,5,SW LANTAU,2.0,167,ON,HKCRP,806277,805313,SUMMER,NONE,P,2014-07-28,2014,7,2014-15,2014,Final_Report_2014_15.pdf,SWL,167.0
28-Jul-14,5,1554,5,SW LANTAU,2.0,ND,OFF,HKCRP,806312,804199,SUMMER,NONE,,2014-07-28,2014,7,2014-15,2014,Final_Report_2014_15.pdf,SWL,
28-Jul-14,6,1603,3,SW LANTAU,2.0,ND,OFF,HKCRP,806315,802962,SUMMER,NONE,,2014-07-28,2014,7,2014-15,2014,Final_Report_2014_15.pdf,SWL,
28-Jul-14,7,1609,6,W LANTAU,2.0,118,ON,HKCRP,806517,801879,SUMMER,NONE,S,2014-07-28,2014,7,2014-15,2014,Final_Report_2014_15.pdf,WL,118.0
28-Jul-14,8,1618,2,W LANTAU,3.0,40,ON,HKCRP,807016,801581,SUMMER,NONE,S,2014-07-28,2014,7,2014-15,2014,Final_Report_2014_15.pdf,WL,40.0
28-Jul-14,9,1622,11,W LANTAU,2.0,289,ON,HKCRP,807913,801449,SUMMER,NONE,S,2014-07-28,2014,7,2014-15,2014,Final_Report_2014_15.pdf,WL,289.0
28-Jul-14,10,1639,3,W LANTAU,3.0,195,ON,HKCRP,812683,802532,SUMMER,NONE,S,2014-07-28,2014,7,2014-15,2014,Final_Report_2014_15.pdf,WL,195.0
29-Jul-14,1,1058,4,W LANTAU,3.0,151,ON,HKCRP,813756,803246,SUMMER,NONE,S,2014-07-29,2014,7,2014-15,2014,Final_Report_2014_15.pdf,WL,151.0
29-Jul-14,2,1109,4,W LANTAU,2.0,ND,OFF,HKCRP,813436,802926,SUMMER,NONE,,2014-07-29,2014,7,2014-15,2014,Final_Report_2014_15.pdf,WL,
29-Jul-14,3,1134,1,W LANTAU,2.0,129,ON,HKCRP,812465,801253,SUMMER,NONE,P,2014-07-29,2014,7,2014-15,2014,Final_Report_2014_15.pdf,WL,129.0
29-Jul-14,4,1142,1,W LANTAU,2.0,872,ON,HKCRP,812475,801810,SUMMER,NONE,P,2014-07-29,2014,7,2014-15,2014,Final_Report_2014_15.pdf,WL,872.0
29-Jul-14,5,1156,2,W LANTAU,2.0,133,ON,HKCRP,811456,801797,SUMMER,NONE,P,2014-07-29,2014,7,2014-15,2014,Final_Report_2014_15.pdf,WL,133.0
29-Jul-14,6,1217,1,W LANTAU,2.0,340,ON,HKCRP,810450,801177,SUMMER,NONE,P,2014-07-29,2014,7,2014-15,2014,Final_Report_2014_15.pdf,WL,340.0
29-Jul-14,7,1244,4,W LANTAU,2.0,51,ON,HKCRP,808435,800770,SUMMER,NONE,P,2014-07-29,2014,7,2014-15,2014,Final_Report_2014_15.pdf,WL,51.0
29-Jul-14,8,1301,1,W LANTAU,1.0,73,ON,HKCRP,807437,801582,SUMMER,NONE,S,2014-07-29,2014,7,2014-15,2014,Final_Report_2014_15.pdf,WL,73.0
29-Jul-14,9,1308,10,W LANTAU,3.0,ND,OFF,HKCRP,806373,801900,SUMMER,NONE,,2014-07-29,2014,7,2014-15,2014,Final_Report_2014_15.pdf,WL,
29-Jul-14,10,1402,6,W LANTAU,2.0,ND,OFF,HKCRP,806749,801838,SUMMER,NONE,,2014-07-29,2014,7,2014-15,2014,Final_Report_2014_15.pdf,WL,
29-Jul-14,11,1419,1,W LANTAU,2.0,272,ON,HKCRP,807450,800592,SUMMER,NONE,P,2014-07-29,2014,7,2014-15,2014,Final_Report_2014_15.pdf,WL,272.0
29-Jul-14,12,1432,3,W LANTAU,2.0,548,ON,HKCRP,806463,801044,SUMMER,NONE,P,2014-07-29,2014,7,2014-15,2014,Final_Report_2014_15.pdf,WL,548.0
29-Jul-14,13,1454,7,SW LANTAU,2.0,ND,OFF,HKCRP,806195,802291,SUMMER,NONE,,2014-07-29,2014,7,2014-15,2014,Final_Report_2014_15.pdf,SWL,
29-Jul-14,14,1536,3,SW LANTAU,3.0,73,ON,HKCRP,805607,808416,SUMMER,NONE,S,2014-07-29,2014,7,2014-15,2014,Final_Report_2014_15.pdf,SWL,73.0
8-Aug-14,1,1057,2,NW LANTAU,2.0,625,ON,HKCRP,822841,806366,SUMMER,NONE,S,2014-08-08,2014,8,2014-15,2014,Final_Report_2014_15.pdf,NWL,625.0
8-Aug-14,2,1105,3,NW LANTAU,2.0,504,ON,HKCRP,823683,806110,SUMMER,NONE,S,2014-08-08,2014,8,2014-15,2014,Final_Report_2014_15.pdf,NWL,504.0
8-Aug-14,3,1130,1,NW LANTAU,1.0,97,ON,HKCRP,826783,806477,SUMMER,NONE,P,2014-08-08,2014,8,2014-15,2014,Final_Report_2014_15.pdf,NWL,97.0
8-Aug-14,4,1149,1,NW LANTAU,2.0,208,ON,HKCRP,827481,806468,SUMMER,NONE,P,2014-08-08,2014,8,2014-15,2014,Final_Report_2014_15.pdf,NWL,208.0
8-Aug-14,5,1206,5,NW LANTAU,2.0,130,ON,HKCRP,827780,806469,SUMMER,NONE,P,2014-08-08,2014,8,2014-15,2014,Final_Report_2014_15.pdf,NWL,130.0
18-Aug-14,1,859,5,SW LANTAU,3.0,ND,OFF,THEO,806306,802137,SUMMER,NONE,,2014-08-18,2014,8,2014-15,2014,Final_Report_2014_15.pdf,SWL,
18-Aug-14,2,935,9,SW LANTAU,3.0,ND,OFF,THEO,806317,802126,SUMMER,NONE,,2014-08-18,2014,8,2014-15,2014,Final_Report_2014_15.pdf,SWL,
18-Aug-14,3,1043,7,SW LANTAU,3.0,ND,OFF,THEO,806261,802178,SUMMER,NONE,,2014-08-18,2014,8,2014-15,2014,Final_Report_2014_15.pdf,SWL,
21-Aug-14,1,1344,2,NW LANTAU,3.0,52,ON,HKCRP,825639,808524,SUMMER,NONE,P,2014-08-21,2014,8,2014-15,2014,Final_Report_2014_15.pdf,NWL,52.0
21-Aug-14,2,1739,1,NE LANTAU,2.0,ND,OFF,HKCRP,820723,814512,SUMMER,NONE,,2014-08-21,2014,8,2014-15,2014,Final_Report_2014_15.pdf,NEL,
22-Aug-14,1,1539,6,SW LANTAU,2.0,96,ON,HKCRP,806554,805313,SUMMER,NONE,P,2014-08-22,2014,8,2014-15,2014,Final_Report_2014_15.pdf,SWL,96.0
22-Aug-14,2,1613,1,SW LANTAU,2.0,280,ON,HKCRP,807401,808068,SUMMER,NONE,S,2014-08-22,2014,8,2014-15,2014,Final_Report_2014_15.pdf,SWL,280.0
22-Aug-14,3,1621,3,SW LANTAU,2.0,99,ON,HKCRP,807434,808429,SUMMER,NONE,S,2014-08-22,2014,8,2014-15,2014,Final_Report_2014_15.pdf,SWL,99.0
22-Aug-14,4,1641,2,SW LANTAU,2.0,750,ON,HKCRP,807484,811214,SUMMER,NONE,S,2014-08-22,2014,8,2014-15,2014,Final_Report_2014_15.pdf,SWL,750.0
27-Aug-14,1,1022,6,W LANTAU,3.0,ND,OFF,HKCRP,814198,803690,SUMMER,NONE,,2014-08-27,2014,8,2014-15,2014,Final_Report_2014_15.pdf,WL,
27-Aug-14,2,1054,4,W LANTAU,3.0,220,ON,HKCRP,809121,800844,SUMMER,NONE,S,2014-08-27,2014,8,2014-15,2014,Final_Report_2014_15.pdf,WL,220.0
27-Aug-14,3,1111,2,W LANTAU,3.0,348,ON,HKCRP,807727,800572,SUMMER,NONE,S,2014-08-27,2014,8,2014-15,2014,Final_Report_2014_15.pdf,WL,348.0
28-Aug-14,1,1139,6,NW LANTAU,3.0,70,ON,HKCRP,820642,809968,SUMMER,NONE,S,2014-08-28,2014,8,2014-15,2014,Final_Report_2014_15.pdf,NWL,70.0
10-Sep-14,1,1418,2,SW LANTAU,1.0,ND,OFF,HKCRP,806301,804488,AUTUMN,NONE,,2014-09-10,2014,9,2014-15,2014,Final_Report_2014_15.pdf,SWL,
10-Sep-14,2,1446,5,SW LANTAU,2.0,ND,OFF,HKCRP,806869,808397,AUTUMN,NONE,,2014-09-10,2014,9,2014-15,2014,Final_Report_2014_15.pdf,SWL,
10-Sep-14,3,1520,3,SW LANTAU,2.0,ND,OFF,HKCRP,806338,802786,AUTUMN,NONE,,2014-09-10,2014,9,2014-15,2014,Final_Report_2014_15.pdf,SWL,
10-Sep-14,4,1548,3,W LANTAU,2.0,192,ON,HKCRP,808146,801161,AUTUMN,NONE,S,2014-09-10,2014,9,2014-15,2014,Final_Report_2014_15.pdf,WL,192.0
17-Sep-14,1,1505,1,W LANTAU,4.0,ND,OFF,HELI,811489,801715,AUTUMN,NONE,,2014-09-17,2014,9,2014-15,2014,Final_Report_2014_15.pdf,WL,
23-Sep-14,1,1019,5,W LANTAU,2.0,272,ON,HKCRP,813115,802482,AUTUMN,NONE,S,2014-09-23,2014,9,2014-15,2014,Final_Report_2014_15.pdf,WL,272.0
23-Sep-14,2,1036,2,W LANTAU,2.0,64,ON,HKCRP,811257,801374,AUTUMN,NONE,S,2014-09-23,2014,9,2014-15,2014,Final_Report_2014_15.pdf,WL,64.0
23-Sep-14,3,1044,5,W LANTAU,3.0,ND,OFF,HKCRP,811036,801240,AUTUMN,NONE,,2014-09-23,2014,9,2014-15,2014,Final_Report_2014_15.pdf,WL,
23-Sep-14,4,1107,10,W LANTAU,2.0,23,ON,HKCRP,810074,800588,AUTUMN,NONE,S,2014-09-23,2014,9,2014-15,2014,Final_Report_2014_15.pdf,WL,23.0
23-Sep-14,5,1138,4,W LANTAU,2.0,1025,ON,HKCRP,808513,800646,AUTUMN,NONE,S,2014-09-23,2014,9,2014-15,2014,Final_Report_2014_15.pdf,WL,1025.0
25-Sep-14,6,1450,6,SW LANTAU,2.0,114,ON,HKCRP,803138,808050,AUTUMN,NONE,S,2014-09-25,2014,9,2014-15,2014,Final_Report_2014_15.pdf,SWL,114.0
25-Sep-14,7,1506,8,SW LANTAU,2.0,91,ON,HKCRP,804378,808300,AUTUMN,NONE,S,2014-09-25,2014,9,2014-15,2014,Final_Report_2014_15.pdf,SWL,91.0
25-Sep-14,8,1547,4,SW LANTAU,2.0,ND,OFF,HKCRP,806227,802600,AUTUMN,NONE,,2014-09-25,2014,9,2014-15,2014,Final_Report_2014_15.pdf,SWL,
25-Sep-14,9,1627,3,W LANTAU,2.0,35,ON,HKCRP,812407,802418,AUTUMN,NONE,S,2014-09-25,2014,9,2014-15,2014,Final_Report_2014_15.pdf,WL,35.0
25-Sep-14,10,1640,4,W LANTAU,2.0,14,ON,HKCRP,813568,803163,AUTUMN,NONE,S,2014-09-25,2014,9,2014-15,2014,Final_Report_2014_15.pdf,WL,14.0
25-Sep-14,11,1649,1,W LANTAU,2.0,47,ON,HKCRP,814440,804247,AUTUMN,NONE,S,2014-09-25,2014,9,2014-15,2014,Final_Report_2014_15.pdf,WL,47.0
8-Oct-14,1,1317,4,SW LANTAU,2.0,ND,OFF,HKCRP,806040,802373,AUTUMN,NONE,,2014-10-08,2014,10,2014-15,2014,Final_Report_2014_15.pdf,SWL,
8-Oct-14,2,1337,3,SW LANTAU,2.0,1086,ON,HKCRP,804365,803442,AUTUMN,NONE,P,2014-10-08,2014,10,2014-15,2014,Final_Report_2014_15.pdf,SWL,1086.0
8-Oct-14,3,1342,1,SW LANTAU,2.0,287,ON,HKCRP,803900,803400,AUTUMN,NONE,P,2014-10-08,2014,10,2014-15,2014,Final_Report_2014_15.pdf,SWL,287.0
8-Oct-14,4,1352,4,SW LANTAU,2.0,853,ON,HKCRP,802470,804139,AUTUMN,NONE,S,2014-10-08,2014,10,2014-15,2014,Final_Report_2014_15.pdf,SWL,853.0
8-Oct-14,5,1412,4,SW LANTAU,2.0,281,ON,HKCRP,804173,805309,AUTUMN,NONE,P,2014-10-08,2014,10,2014-15,2014,Final_Report_2014_15.pdf,SWL,281.0
8-Oct-14,6,1438,2,SW LANTAU,2.0,27,ON,HKCRP,808168,806554,AUTUMN,NONE,S,2014-10-08,2014,10,2014-15,2014,Final_Report_2014_15.pdf,SWL,27.0
8-Oct-14,7,1448,4,SW LANTAU,2.0,147,ON,HKCRP,808056,807368,AUTUMN,PURSE SEINE,P,2014-10-08,2014,10,2014-15,2014,Final_Report_2014_15.pdf,SWL,147.0
8-Oct-14,8,1513,25,SW LANTAU,2.0,23,ON,HKCRP,804977,807363,AUTUMN,NONE,P,2014-10-08,2014,10,2014-15,2014,Final_Report_2014_15.pdf,SWL,23.0
9-Oct-14,1,1259,4,NW LANTAU,2.0,274,ON,HKCRP,822095,808508,AUTUMN,NONE,P,2014-10-09,2014,10,2014-15,2014,Final_Report_2014_15.pdf,NWL,274.0
9-Oct-14,2,1527,2,DEEP BAY,2.0,752,ON,HKCRP,832000,806055,AUTUMN,NONE,S,2014-10-09,2014,10,2014-15,2014,Final_Report_2014_15.pdf,DB,752.0
10-Oct-14,1,1030,1,W LANTAU,3.0,80,ON,HKCRP,812197,802170,AUTUMN,NONE,S,2014-10-10,2014,10,2014-15,2014,Final_Report_2014_15.pdf,WL,80.0
10-Oct-14,2,1044,1,W LANTAU,4.0,411,ON,HKCRP,810571,801321,AUTUMN,NONE,S,2014-10-10,2014,10,2014-15,2014,Final_Report_2014_15.pdf,WL,411.0
10-Oct-14,3,1118,4,SW LANTAU,2.0,82,ON,HKCRP,806932,804324,AUTUMN,NONE,P,2014-10-10,2014,10,2014-15,2014,Final_Report_2014_15.pdf,SWL,82.0
10-Oct-14,4,1133,1,SW LANTAU,3.0,274,ON,HKCRP,805526,804280,AUTUMN,NONE,P,2014-10-10,2014,10,2014-15,2014,Final_Report_2014_15.pdf,SWL,274.0
10-Oct-14,5,1237,4,SW LANTAU,2.0,340,ON,HKCRP,807249,806336,AUTUMN,NONE,P,2014-10-10,2014,10,2014-15,2014,Final_Report_2014_15.pdf,SWL,340.0
10-Oct-14,6,1253,1,SW LANTAU,2.0,87,ON,HKCRP,807257,808419,AUTUMN,NONE,P,2014-10-10,2014,10,2014-15,2014,Final_Report_2014_15.pdf,SWL,87.0
10-Oct-14,7,1434,1,SE LANTAU,3.0,ND,OFF,HKCRP,807993,811967,AUTUMN,NONE,,2014-10-10,2014,10,2014-15,2014,Final_Report_2014_15.pdf,SEL,
15-Oct-14,1,1111,3,NW LANTAU,2.0,158,ON,HKCRP,824919,808513,AUTUMN,NONE,P,2014-10-15,2014,10,2014-15,2014,Final_Report_2014_15.pdf,NWL,158.0
15-Oct-14,2,1203,7,NW LANTAU,3.0,ND,OFF,HKCRP,827414,806499,AUTUMN,NONE,,2014-10-15,2014,10,2014-15,2014,Final_Report_2014_15.pdf,NWL,
22-Oct-14,1,1334,1,W LANTAU,3.0,ND,OFF,HKCRP,806286,801301,AUTUMN,NONE,,2014-10-22,2014,10,2014-15,2014,Final_Report_2014_15.pdf,WL,
22-Oct-14,2,1406,1,W LANTAU,3.0,9,ON,HKCRP,810726,801517,AUTUMN,NONE,S,2014-10-22,2014,10,2014-15,2014,Final_Report_2014_15.pdf,WL,9.0
24-Oct-14,1,1006,4,NW LANTAU,3.0,142,ON,HKCRP,816752,805447,AUTUMN,NONE,P,2014-10-24,2014,10,2014-15,2014,Final_Report_2014_15.pdf,NWL,142.0
24-Oct-14,2,1106,2,NW LANTAU,2.0,32,ON,HKCRP,827716,805459,AUTUMN,NONE,P,2014-10-24,2014,10,2014-15,2014,Final_Report_2014_15.pdf,NWL,32.0
30-Oct-14,1,1107,4,NW LANTAU,3.0,882,ON,HKCRP,825451,808514,AUTUMN,NONE,P,2014-10-30,2014,10,2014-15,2014,Final_Report_2014_15.pdf,NWL,882.0
30-Oct-14,2,1223,8,NW LANTAU,3.0,644,ON,HKCRP,824945,806484,AUTUMN,NONE,P,2014-10-30,2014,10,2014-15,2014,Final_Report_2014_15.pdf,NWL,644.0
30-Oct-14,3,1335,2,NW LANTAU,3.0,328,ON,HKCRP,827684,804676,AUTUMN,NONE,P,2014-10-30,2014,10,2014-15,2014,Final_Report_2014_15.pdf,NWL,328.0
30-Oct-14,4,1440,4,W LANTAU,3.0,173,ON,HKCRP,815405,803785,AUTUMN,NONE,P,2014-10-30,2014,10,2014-15,2014,Final_Report_2014_15.pdf,WL,173.0
30-Oct-14,5,1506,6,W LANTAU,2.0,58,ON,HKCRP,813559,802019,AUTUMN,NONE,P,2014-10-30,2014,10,2014-15,2014,Final_Report_2014_15.pdf,WL,58.0
30-Oct-14,6,1550,8,W LANTAU,3.0,483,ON,HKCRP,810176,799846,AUTUMN,NONE,S,2014-10-30,2014,10,2014-15,2014,Final_Report_2014_15.pdf,WL,483.0
30-Oct-14,7,1624,2,W LANTAU,2.0,27,ON,HKCRP,810095,801310,AUTUMN,NONE,S,2014-10-30,2014,10,2014-15,2014,Final_Report_2014_15.pdf,WL,27.0
31-Oct-14,1,1104,1,W LANTAU,2.0,61,ON,HKCRP,808246,800976,AUTUMN,NONE,S,2014-10-31,2014,10,2014-15,2014,Final_Report_2014_15.pdf,WL,61.0
31-Oct-14,2,1111,1,W LANTAU,2.0,0,ON,HKCRP,807881,801057,AUTUMN,NONE,S,2014-10-31,2014,10,2014-15,2014,Final_Report_2014_15.pdf,WL,0.0
31-Oct-14,3,1154,3,SW LANTAU,3.0,295,ON,HKCRP,805393,804280,AUTUMN,NONE,P,2014-10-31,2014,10,2014-15,2014,Final_Report_2014_15.pdf,SWL,295.0
5-Nov-14,1,1044,7,W LANTAU,3.0,67,ON,HKCRP,810261,801341,AUTUMN,NONE,S,2014-11-05,2014,11,2014-15,2014,Final_Report_2014_15.pdf,WL,67.0
5-Nov-14,2,1058,11,W LANTAU,3.0,18,ON,HKCRP,809819,801041,AUTUMN,NONE,S,2014-11-05,2014,11,2014-15,2014,Final_Report_2014_15.pdf,WL,18.0
6-Nov-14,1,1031,2,W LANTAU,2.0,997,ON,HKCRP,811899,801922,AUTUMN,NONE,S,2014-11-06,2014,11,2014-15,2014,Final_Report_2014_15.pdf,WL,997.0
6-Nov-14,2,1043,13,W LANTAU,2.0,238,ON,HKCRP,810007,801114,AUTUMN,NONE,S,2014-11-06,2014,11,2014-15,2014,Final_Report_2014_15.pdf,WL,238.0
6-Nov-14,3,1114,4,W LANTAU,1.0,123,ON,HKCRP,807370,801448,AUTUMN,NONE,S,2014-11-06,2014,11,2014-15,2014,Final_Report_2014_15.pdf,WL,123.0
6-Nov-14,4,1136,3,SW LANTAU,1.0,13,ON,HKCRP,807219,804809,AUTUMN,NONE,S,2014-11-06,2014,11,2014-15,2014,Final_Report_2014_15.pdf,SWL,13.0
6-Nov-14,5,1158,3,SW LANTAU,2.0,237,ON,HKCRP,807015,807387,AUTUMN,NONE,P,2014-11-06,2014,11,2014-15,2014,Final_Report_2014_15.pdf,SWL,237.0
11-Nov-14,1,1043,5,W LANTAU,2.0,227,ON,HKCRP,813712,803070,AUTUMN,NONE,S,2014-11-11,2014,11,2014-15,2014,Final_Report_2014_15.pdf,WL,227.0
11-Nov-14,2,1107,3,W LANTAU,2.0,314,ON,HKCRP,812687,800862,AUTUMN,NONE,S,2014-11-11,2014,11,2014-15,2014,Final_Report_2014_15.pdf,WL,314.0
11-Nov-14,3,1129,3,W LANTAU,3.0,760,ON,HKCRP,810891,801796,AUTUMN,NONE,S,2014-11-11,2014,11,2014-15,2014,Final_Report_2014_15.pdf,WL,760.0
11-Nov-14,4,1141,2,W LANTAU,3.0,105,ON,HKCRP,809420,800989,AUTUMN,NONE,P,2014-11-11,2014,11,2014-15,2014,Final_Report_2014_15.pdf,WL,105.0
11-Nov-14,5,1524,2,NW LANTAU,3.0,391,ON,HKCRP,828768,805461,AUTUMN,NONE,P,2014-11-11,2014,11,2014-15,2014,Final_Report_2014_15.pdf,NWL,391.0
17-Nov-14,1,1442,4,W LANTAU,4.0,14,ON,HKCRP,810792,801672,AUTUMN,NONE,S,2014-11-17,2014,11,2014-15,2014,Final_Report_2014_15.pdf,WL,14.0
17-Nov-14,2,1504,2,W LANTAU,4.0,46,ON,HKCRP,813723,803112,AUTUMN,NONE,S,2014-11-17,2014,11,2014-15,2014,Final_Report_2014_15.pdf,WL,46.0
21-Nov-14,1,1150,6,W LANTAU,2.0,734,ON,HKCRP,809213,799483,AUTUMN,PURSE SEINE,S,2014-11-21,2014,11,2014-15,2014,Final_Report_2014_15.pdf,WL,734.0
21-Nov-14,2,1228,7,W LANTAU,2.0,420,ON,HKCRP,808424,800626,AUTUMN,PURSE SEINE,P,2014-11-21,2014,11,2014-15,2014,Final_Report_2014_15.pdf,WL,420.0
21-Nov-14,3,1311,5,W LANTAU,2.0,185,ON,HKCRP,806464,800673,AUTUMN,PURSE SEINE,P,2014-11-21,2014,11,2014-15,2014,Final_Report_2014_15.pdf,WL,185.0
21-Nov-14,4,1343,5,SW LANTAU,3.0,ND,OFF,HKCRP,806470,803168,AUTUMN,PURSE SEINE,,2014-11-21,2014,11,2014-15,2014,Final_Report_2014_15.pdf,SWL,
24-Nov-14,1,1041,5,W LANTAU,2.0,803,ON,HKCRP,813073,801554,AUTUMN,NONE,S,2014-11-24,2014,11,2014-15,2014,Final_Report_2014_15.pdf,WL,803.0
24-Nov-14,2,1103,11,W LANTAU,2.0,382,ON,HKCRP,809710,800206,AUTUMN,PURSE SEINE,S,2014-11-24,2014,11,2014-15,2014,Final_Report_2014_15.pdf,WL,382.0
24-Nov-14,3,1220,27,W LANTAU,2.0,618,ON,HKCRP,809774,801319,AUTUMN,NONE,S,2014-11-24,2014,11,2014-15,2014,Final_Report_2014_15.pdf,WL,618.0
24-Nov-14,4,1432,1,NW LANTAU,2.0,661,ON,HKCRP,827516,805459,AUTUMN,NONE,P,2014-11-24,2014,11,2014-15,2014,Final_Report_2014_15.pdf,NWL,661.0
25-Nov-14,1,1012,3,NW LANTAU,2.0,ND,OFF,HKCRP,816431,805364,AUTUMN,NONE,,2014-11-25,2014,11,2014-15,2014,Final_Report_2014_15.pdf,NWL,
25-Nov-14,2,1054,3,W LANTAU,2.0,854,ON,HKCRP,812518,802212,AUTUMN,NONE,S,2014-11-25,2014,11,2014-15,2014,Final_Report_2014_15.pdf,WL,854.0
25-Nov-14,3,1101,5,W LANTAU,2.0,0,ON,HKCRP,811655,801819,AUTUMN,NONE,S,2014-11-25,2014,11,2014-15,2014,Final_Report_2014_15.pdf,WL,0.0
25-Nov-14,4,1115,13,W LANTAU,2.0,225,ON,HKCRP,810261,801362,AUTUMN,NONE,S,2014-11-25,2014,11,2014-15,2014,Final_Report_2014_15.pdf,WL,225.0
25-Nov-14,5,1324,1,SW LANTAU,2.0,243,ON,HKCRP,807019,811151,AUTUMN,NONE,S,2014-11-25,2014,11,2014-15,2014,Final_Report_2014_15.pdf,SWL,243.0
25-Nov-14,6,1454,1,SE LANTAU,2.0,41,ON,HKCRP,807965,815287,AUTUMN,NONE,P,2014-11-25,2014,11,2014-15,2014,Final_Report_2014_15.pdf,SEL,41.0
26-Nov-14,1,901,5,SW LANTAU,3.0,ND,OFF,THEO,806240,802023,AUTUMN,NONE,,2014-11-26,2014,11,2014-15,2014,Final_Report_2014_15.pdf,SWL,
3-Dec-14,1,1006,8,W LANTAU,2.0,309,ON,HKCRP,809852,800979,WINTER,NONE,S,2014-12-03,2014,12,2014-15,2014,Final_Report_2014_15.pdf,WL,309.0
10-Dec-14,1,1417,8,SW LANTAU,2.0,529,ON,HKCRP,803518,806328,WINTER,NONE,P,2014-12-10,2014,12,2014-15,2014,Final_Report_2014_15.pdf,SWL,529.0
10-Dec-14,2,1458,6,SW LANTAU,2.0,ND,OFF,HKCRP,806206,802322,WINTER,NONE,,2014-12-10,2014,12,2014-15,2014,Final_Report_2014_15.pdf,SWL,
11-Dec-14,1,1021,5,W LANTAU,3.0,17,ON,HKCRP,814143,803494,WINTER,NONE,S,2014-12-11,2014,12,2014-15,2014,Final_Report_2014_15.pdf,WL,17.0
11-Dec-14,2,1043,3,W LANTAU,5.0,115,ON,HKCRP,812009,802056,WINTER,NONE,S,2014-12-11,2014,12,2014-15,2014,Final_Report_2014_15.pdf,WL,115.0
19-Dec-14,1,1250,8,DEEP BAY,2.0,82,ON,HKCRP,832188,806148,WINTER,NONE,S,2014-12-19,2014,12,2014-15,2014,Final_Report_2014_15.pdf,DB,82.0
24-Dec-14,1,1010,1,W LANTAU,2.0,132,ON,HKCRP,810637,801455,WINTER,NONE,S,2014-12-24,2014,12,2014-15,2014,Final_Report_2014_15.pdf,WL,132.0
24-Dec-14,2,1027,1,W LANTAU,3.0,208,ON,HKCRP,808168,801140,WINTER,NONE,S,2014-12-24,2014,12,2014-15,2014,Final_Report_2014_15.pdf,WL,208.0
29-Dec-14,1,1440,4,DEEP BAY,2.0,527,ON,HKCRP,832244,806014,WINTER,NONE,S,2014-12-29,2014,12,2014-15,2014,Final_Report_2014_15.pdf,DB,527.0
30-Dec-14,1,1043,1,W LANTAU,3.0,85,ON,HKCRP,813571,801967,WINTER,NONE,P,2014-12-30,2014,12,2014-15,2014,Final_Report_2014_15.pdf,WL,85.0
30-Dec-14,2,1109,1,W LANTAU,2.0,814,ON,HKCRP,811753,802427,WINTER,NONE,S,2014-12-30,2014,12,2014-15,2014,Final_Report_2014_15.pdf,WL,814.0
30-Dec-14,3,1118,4,W LANTAU,3.0,208,ON,HKCRP,811468,801323,WINTER,PURSE SEINE,P,2014-12-30,2014,12,2014-15,2014,Final_Report_2014_15.pdf,WL,208.0
30-Dec-14,4,1158,4,W LANTAU,3.0,ND,OFF,HKCRP,809487,800659,WINTER,NONE,,2014-12-30,2014,12,2014-15,2014,Final_Report_2014_15.pdf,WL,
30-Dec-14,5,1242,2,W LANTAU,2.0,ND,OFF,HKCRP,805556,800908,WINTER,NONE,,2014-12-30,2014,12,2014-15,2014,Final_Report_2014_15.pdf,WL,
30-Dec-14,6,1247,8,W LANTAU,2.0,682,ON,HKCRP,805444,801268,WINTER,NONE,P,2014-12-30,2014,12,2014-15,2014,Final_Report_2014_15.pdf,WL,682.0
14-Jan-15,1,1558,1,NW LANTAU,4.0,659,ON,HKCRP,821426,805446,WINTER,NONE,P,2015-01-14,2015,1,2014-15,2014,Final_Report_2014_15.pdf,NWL,659.0
22-Jan-15,1,1019,5,W LANTAU,3.0,208,ON,HKCRP,814087,803690,WINTER,NONE,S,2015-01-22,2015,1,2014-15,2014,Final_Report_2014_15.pdf,WL,208.0
22-Jan-15,2,1039,2,W LANTAU,3.0,110,ON,HKCRP,811964,802139,WINTER,NONE,S,2015-01-22,2015,1,2014-15,2014,Final_Report_2014_15.pdf,WL,110.0
22-Jan-15,3,1045,1,W LANTAU,3.0,343,ON,HKCRP,811113,801498,WINTER,NONE,S,2015-01-22,2015,1,2014-15,2014,Final_Report_2014_15.pdf,WL,343.0
22-Jan-15,4,1052,1,W LANTAU,2.0,113,ON,HKCRP,810007,801021,WINTER,NONE,S,2015-01-22,2015,1,2014-15,2014,Final_Report_2014_15.pdf,WL,113.0
22-Jan-15,5,1100,10,W LANTAU,2.0,137,ON,HKCRP,808401,800986,WINTER,NONE,S,2015-01-22,2015,1,2014-15,2014,Final_Report_2014_15.pdf,WL,137.0
22-Jan-15,6,1112,3,W LANTAU,2.0,240,ON,HKCRP,806484,801859,WINTER,NONE,S,2015-01-22,2015,1,2014-15,2014,Final_Report_2014_15.pdf,WL,240.0
22-Jan-15,7,1126,1,SW LANTAU,3.0,ND,OFF,HKCRP,806238,802673,WINTER,NONE,,2015-01-22,2015,1,2014-15,2014,Final_Report_2014_15.pdf,SWL,
22-Jan-15,8,1157,1,SW LANTAU,2.0,ND,OFF,HKCRP,807214,807439,WINTER,NONE,,2015-01-22,2015,1,2014-15,2014,Final_Report_2014_15.pdf,SWL,
22-Jan-15,9,1257,1,W LANTAU,3.0,ND,OFF,HKCRP,805753,801950,WINTER,NONE,,2015-01-22,2015,1,2014-15,2014,Final_Report_2014_15.pdf,WL,
26-Jan-15,3,1110,1,SW LANTAU,2.0,ND,OFF,HKCRP,806836,808088,WINTER,PURSE SEINE,,2015-01-26,2015,1,2014-15,2014,Final_Report_2014_15.pdf,SWL,
30-Jan-15,1,1031,1,SW LANTAU,2.0,ND,OFF,HKCRP,807089,809429,WINTER,NONE,,2015-01-30,2015,1,2014-15,2014,Final_Report_2014_15.pdf,SWL,
30-Jan-15,2,1330,2,SW LANTAU,2.0,ND,OFF,HKCRP,807299,809440,WINTER,NONE,,2015-01-30,2015,1,2014-15,2014,Final_Report_2014_15.pdf,SWL,
2-Feb-15,1,1013,3,SW LANTAU,2.0,ND,OFF,HKCRP,807109,804768,WINTER,NONE,,2015-02-02,2015,2,2014-15,2014,Final_Report_2014_15.pdf,SWL,
2-Feb-15,2,1034,3,W LANTAU,3.0,ND,OFF,HKCRP,806318,801858,WINTER,NONE,,2015-02-02,2015,2,2014-15,2014,Final_Report_2014_15.pdf,WL,
2-Feb-15,3,1111,1,SW LANTAU,2.0,ND,OFF,HKCRP,805844,805652,WINTER,NONE,,2015-02-02,2015,2,2014-15,2014,Final_Report_2014_15.pdf,SWL,
4-Feb-15,1,1013,1,SW LANTAU,2.0,ND,OFF,HKCRP,805512,805662,WINTER,NONE,,2015-02-04,2015,2,2014-15,2014,Final_Report_2014_15.pdf,SWL,
4-Feb-15,2,1202,3,SW LANTAU,1.0,ND,OFF,HKCRP,806543,805231,WINTER,NONE,,2015-02-04,2015,2,2014-15,2014,Final_Report_2014_15.pdf,SWL,
6-Feb-15,1,1002,1,SW LANTAU,1.0,ND,OFF,HKCRP,807649,805924,WINTER,NONE,,2015-02-06,2015,2,2014-15,2014,Final_Report_2014_15.pdf,SWL,
6-Feb-15,2,1202,5,SW LANTAU,2.0,ND,OFF,HKCRP,806250,802415,WINTER,NONE,,2015-02-06,2015,2,2014-15,2014,Final_Report_2014_15.pdf,SWL,
9-Feb-15,3,1554,4,W LANTAU,2.0,ND,OFF,HELI,809696,801381,WINTER,NONE,,2015-02-09,2015,2,2014-15,2014,Final_Report_2014_15.pdf,WL,
9-Feb-15,4,1559,3,W LANTAU,2.0,ND,OFF,HELI,813336,802750,WINTER,NONE,,2015-02-09,2015,2,2014-15,2014,Final_Report_2014_15.pdf,WL,
10-Feb-15,1,1423,8,W LANTAU,2.0,22,ON,HKCRP,806951,800653,WINTER,NONE,S,2015-02-10,2015,2,2014-15,2014,Final_Report_2014_15.pdf,WL,22.0
12-Feb-15,3,1305,1,SW LANTAU,1.0,ND,OFF,HKCRP,809289,811330,WINTER,NONE,,2015-02-12,2015,2,2014-15,2014,Final_Report_2014_15.pdf,SWL,
12-Mar-15,1,1323,3,NW LANTAU,2.0,120,ON,HKCRP,827492,806468,SPRING,NONE,P,2015-03-12,2015,3,2014-15,2014,Final_Report_2014_15.pdf,NWL,120.0
19-Mar-15,1,1328,4,W LANTAU,3.0,ND,OFF,HKCRP,806740,800993,SPRING,NONE,,2015-03-19,2015,3,2014-15,2014,Final_Report_2014_15.pdf,WL,
27-Mar-15,1,1333,2,SW LANTAU,2.0,ND,OFF,HKCRP,806018,802208,SPRING,NONE,,2015-03-27,2015,3,2014-15,2014,Final_Report_2014_15.pdf,SWL,
30-Mar-15,1,1035,3,W LANTAU,3.0,197,ON,HKCRP,811301,801498,SPRING,NONE,S,2015-03-30,2015,3,2014-15,2014,Final_Report_2014_15.pdf,WL,197.0
30-Mar-15,2,1038,1,W LANTAU,3.0,117,ON,HKCRP,810549,801249,SPRING,NONE,S,2015-03-30,2015,3,2014-15,2014,Final_Report_2014_15.pdf,WL,117.0
30-Mar-15,3,1043,6,W LANTAU,3.0,199,ON,HKCRP,809431,800886,SPRING,NONE,S,2015-03-30,2015,3,2014-15,2014,Final_Report_2014_15.pdf,WL,199.0
30-Mar-15,4,1050,3,W LANTAU,4.0,30,ON,HKCRP,807814,801109,SPRING,NONE,S,2015-03-30,2015,3,2014-15,2014,Final_Report_2014_15.pdf,WL,30.0
30-Mar-15,5,1051,3,W LANTAU,4.0,174,ON,HKCRP,807382,801293,SPRING,NONE,S,2015-03-30,2015,3,2014-15,2014,Final_Report_2014_15.pdf,WL,174.0
1-Apr-15,1,1133,3,DEEP BAY,2.0,287,ON,HKCRP,830537,806690,SPRING,NONE,P,2015-04-01,2015,4,2015-16,2015,Final_Report_2015_16.pdf,DB,287.0
2-Apr-15,1,1040,2,W LANTAU,3.0,106,ON,HKCRP,809897,800577,SPRING,NONE,S,2015-04-02,2015,4,2015-16,2015,Final_Report_2015_16.pdf,WL,106.0
9-Apr-15,1,1112,2,W LANTAU,2.0,408,ON,HKCRP,812452,801831,SPRING,NONE,P,2015-04-09,2015,4,2015-16,2015,Final_Report_2015_16.pdf,WL,408.0
9-Apr-15,2,1159,6,W LANTAU,2.0,91,ON,HKCRP,809375,801184,SPRING,NONE,S,2015-04-09,2015,4,2015-16,2015,Final_Report_2015_16.pdf,WL,91.0
9-Apr-15,3,1242,1,W LANTAU,2.0,12,ON,HKCRP,806628,801684,SPRING,NONE,S,2015-04-09,2015,4,2015-16,2015,Final_Report_2015_16.pdf,WL,12.0
9-Apr-15,4,1335,6,W LANTAU,3.0,57,ON,HKCRP,809677,799896,SPRING,NONE,S,2015-04-09,2015,4,2015-16,2015,Final_Report_2015_16.pdf,WL,57.0
9-Apr-15,5,1351,2,W LANTAU,2.0,1088,ON,HKCRP,810362,800764,SPRING,NONE,S,2015-04-09,2015,4,2015-16,2015,Final_Report_2015_16.pdf,WL,1088.0
9-Apr-15,6,1544,2,NW LANTAU,3.0,283,ON,HKCRP,830206,806144,SPRING,NONE,S,2015-04-09,2015,4,2015-16,2015,Final_Report_2015_16.pdf,NWL,283.0
13-Apr-15,1,1315,1,SW LANTAU,3.0,46,ON,HKCRP,806183,802518,SPRING,NONE,S,2015-04-13,2015,4,2015-16,2015,Final_Report_2015_16.pdf,SWL,46.0
15-Apr-15,1,1025,4,W LANTAU,2.0,117,ON,HKCRP,812927,802347,SPRING,NONE,S,2015-04-15,2015,4,2015-16,2015,Final_Report_2015_16.pdf,WL,117.0
15-Apr-15,2,1035,1,W LANTAU,2.0,32,ON,HKCRP,810737,801280,SPRING,NONE,S,2015-04-15,2015,4,2015-16,2015,Final_Report_2015_16.pdf,WL,32.0
15-Apr-15,3,1042,3,W LANTAU,2.0,56,ON,HKCRP,808978,800761,SPRING,PURSE SEINE,S,2015-04-15,2015,4,2015-16,2015,Final_Report_2015_16.pdf,WL,56.0
15-Apr-15,4,1050,5,W LANTAU,2.0,141,ON,HKCRP,806950,801457,SPRING,NONE,S,2015-04-15,2015,4,2015-16,2015,Final_Report_2015_16.pdf,WL,141.0
15-Apr-15,5,1055,4,W LANTAU,2.0,ND,OFF,HKCRP,806173,802157,SPRING,NONE,,2015-04-15,2015,4,2015-16,2015,Final_Report_2015_16.pdf,WL,
21-Apr-15,1,1114,3,W LANTAU,3.0,37,ON,HKCRP,810703,801559,SPRING,NONE,S,2015-04-21,2015,4,2015-16,2015,Final_Report_2015_16.pdf,WL,37.0
21-Apr-15,2,1138,3,W LANTAU,2.0,182,ON,HKCRP,809431,801288,SPRING,NONE,S,2015-04-21,2015,4,2015-16,2015,Final_Report_2015_16.pdf,WL,182.0
21-Apr-15,3,1222,2,W LANTAU,3.0,508,ON,HKCRP,807415,801232,SPRING,NONE,P,2015-04-21,2015,4,2015-16,2015,Final_Report_2015_16.pdf,WL,508.0
21-Apr-15,4,1237,8,W LANTAU,3.0,33,ON,HKCRP,806816,801725,SPRING,NONE,S,2015-04-21,2015,4,2015-16,2015,Final_Report_2015_16.pdf,WL,33.0
13-May-15,1,1053,3,W LANTAU,3.0,490,ON,HKCRP,811599,802303,SPRING,NONE,S,2015-05-13,2015,5,2015-16,2015,Final_Report_2015_16.pdf,WL,490.0
13-May-15,2,1120,13,W LANTAU,3.0,176,ON,HKCRP,810416,801125,SPRING,NONE,P,2015-05-13,2015,5,2015-16,2015,Final_Report_2015_16.pdf,WL,176.0
13-May-15,3,1319,1,W LANTAU,3.0,71,ON,HKCRP,811445,801643,SPRING,NONE,P,2015-05-13,2015,5,2015-16,2015,Final_Report_2015_16.pdf,WL,71.0
15-May-15,3,1133,3,SW LANTAU,1.0,ND,OFF,HKCRP,803668,808670,SPRING,NONE,,2015-05-15,2015,5,2015-16,2015,Final_Report_2015_16.pdf,SWL,
15-May-15,4,1210,1,SW LANTAU,3.0,ND,OFF,HKCRP,804859,805413,SPRING,NONE,,2015-05-15,2015,5,2015-16,2015,Final_Report_2015_16.pdf,SWL,
15-May-15,5,1224,8,SW LANTAU,2.0,ND,OFF,HKCRP,805372,803702,SPRING,NONE,,2015-05-15,2015,5,2015-16,2015,Final_Report_2015_16.pdf,SWL,
19-May-15,1,1220,1,DEEP BAY,4.0,55,ON,HKCRP,831802,805457,SPRING,NONE,S,2015-05-19,2015,5,2015-16,2015,Final_Report_2015_16.pdf,DB,55.0
22-May-15,1,1023,3,W LANTAU,3.0,94,ON,HKCRP,814488,802753,SPRING,NONE,P,2015-05-22,2015,5,2015-16,2015,Final_Report_2015_16.pdf,WL,94.0
27-May-15,1,1026,1,W LANTAU,3.0,406,ON,HKCRP,814188,803267,SPRING,NONE,S,2015-05-27,2015,5,2015-16,2015,Final_Report_2015_16.pdf,WL,406.0
27-May-15,2,1038,2,W LANTAU,4.0,256,ON,HKCRP,811589,801633,SPRING,NONE,S,2015-05-27,2015,5,2015-16,2015,Final_Report_2015_16.pdf,WL,256.0
27-May-15,3,1053,1,W LANTAU,3.0,378,ON,HKCRP,808091,801048,SPRING,NONE,S,2015-05-27,2015,5,2015-16,2015,Final_Report_2015_16.pdf,WL,378.0
27-May-15,4,1101,3,W LANTAU,3.0,58,ON,HKCRP,806395,801869,SPRING,NONE,S,2015-05-27,2015,5,2015-16,2015,Final_Report_2015_16.pdf,WL,58.0
4-Jun-15,3,1319,3,SW LANTAU,3.0,140,ON,HKCRP,808289,807028,SUMMER,NONE,S,2015-06-04,2015,6,2015-16,2015,Final_Report_2015_16.pdf,SWL,140.0
4-Jun-15,4,1454,2,SW LANTAU,3.0,91,ON,HKCRP,806546,803498,SUMMER,NONE,S,2015-06-04,2015,6,2015-16,2015,Final_Report_2015_16.pdf,SWL,91.0
4-Jun-15,5,1511,1,SW LANTAU,3.0,29,ON,HKCRP,806261,802539,SUMMER,NONE,S,2015-06-04,2015,6,2015-16,2015,Final_Report_2015_16.pdf,SWL,29.0
4-Jun-15,6,1520,1,SW LANTAU,3.0,ND,OFF,HKCRP,805187,802526,SUMMER,NONE,,2015-06-04,2015,6,2015-16,2015,Final_Report_2015_16.pdf,SWL,
4-Jun-15,7,1553,2,SW LANTAU,2.0,ND,OFF,HKCRP,806168,810355,SUMMER,NONE,,2015-06-04,2015,6,2015-16,2015,Final_Report_2015_16.pdf,SWL,
9-Jun-15,1,1349,1,SW LANTAU,3.0,228,ON,HKCRP,806293,802869,SUMMER,NONE,S,2015-06-09,2015,6,2015-16,2015,Final_Report_2015_16.pdf,SWL,228.0
9-Jun-15,2,1518,1,SW LANTAU,2.0,40,ON,HKCRP,805607,808405,SUMMER,NONE,S,2015-06-09,2015,6,2015-16,2015,Final_Report_2015_16.pdf,SWL,40.0
12-Jun-15,1,1029,5,W LANTAU,4.0,341,ON,HKCRP,811368,801261,SUMMER,NONE,S,2015-06-12,2015,6,2015-16,2015,Final_Report_2015_16.pdf,WL,341.0
12-Jun-15,2,1031,2,W LANTAU,3.0,79,ON,HKCRP,810782,801033,SUMMER,NONE,S,2015-06-12,2015,6,2015-16,2015,Final_Report_2015_16.pdf,WL,79.0
12-Jun-15,3,1102,2,W LANTAU,3.0,99,ON,HKCRP,806173,802023,SUMMER,NONE,S,2015-06-12,2015,6,2015-16,2015,Final_Report_2015_16.pdf,WL,99.0
12-Jun-15,4,1110,2,SW LANTAU,2.0,ND,OFF,HKCRP,806150,802353,SUMMER,NONE,,2015-06-12,2015,6,2015-16,2015,Final_Report_2015_16.pdf,SWL,
12-Jun-15,5,1221,2,SW LANTAU,2.0,83,ON,HKCRP,806828,806479,SUMMER,NONE,P,2015-06-12,2015,6,2015-16,2015,Final_Report_2015_16.pdf,SWL,83.0
12-Jun-15,6,1241,10,SW LANTAU,1.0,66,ON,HKCRP,808289,807173,SUMMER,NONE,S,2015-06-12,2015,6,2015-16,2015,Final_Report_2015_16.pdf,SWL,66.0
12-Jun-15,7,1331,4,SW LANTAU,3.0,65,ON,HKCRP,806049,808499,SUMMER,NONE,P,2015-06-12,2015,6,2015-16,2015,Final_Report_2015_16.pdf,SWL,65.0
15-Jun-15,1,1029,4,W LANTAU,2.0,87,ON,HKCRP,814143,803391,SUMMER,NONE,S,2015-06-15,2015,6,2015-16,2015,Final_Report_2015_16.pdf,WL,87.0
15-Jun-15,2,1038,1,W LANTAU,2.0,126,ON,HKCRP,812131,801799,SUMMER,NONE,S,2015-06-15,2015,6,2015-16,2015,Final_Report_2015_16.pdf,WL,126.0
15-Jun-15,3,1051,1,W LANTAU,2.0,873,ON,HKCRP,808856,800771,SUMMER,NONE,S,2015-06-15,2015,6,2015-16,2015,Final_Report_2015_16.pdf,WL,873.0
15-Jun-15,4,1052,2,W LANTAU,2.0,9,ON,HKCRP,808468,800852,SUMMER,NONE,S,2015-06-15,2015,6,2015-16,2015,Final_Report_2015_16.pdf,WL,9.0
15-Jun-15,5,1058,2,W LANTAU,3.0,16,ON,HKCRP,806750,801612,SUMMER,NONE,S,2015-06-15,2015,6,2015-16,2015,Final_Report_2015_16.pdf,WL,16.0
18-Jun-15,1,1329,3,SW LANTAU,2.0,74,ON,HKCRP,805940,802538,SUMMER,NONE,S,2015-06-18,2015,6,2015-16,2015,Final_Report_2015_16.pdf,SWL,74.0
18-Jun-15,2,1332,2,SW LANTAU,2.0,246,ON,HKCRP,806337,803044,SUMMER,NONE,S,2015-06-18,2015,6,2015-16,2015,Final_Report_2015_16.pdf,SWL,246.0
18-Jun-15,3,1339,3,SW LANTAU,2.0,262,ON,HKCRP,807010,804376,SUMMER,NONE,S,2015-06-18,2015,6,2015-16,2015,Final_Report_2015_16.pdf,SWL,262.0
18-Jun-15,4,1432,1,SW LANTAU,3.0,66,ON,HKCRP,805487,807446,SUMMER,NONE,P,2015-06-18,2015,6,2015-16,2015,Final_Report_2015_16.pdf,SWL,66.0
18-Jun-15,5,1455,10,SW LANTAU,3.0,105,ON,HKCRP,807955,807915,SUMMER,NONE,S,2015-06-18,2015,6,2015-16,2015,Final_Report_2015_16.pdf,SWL,105.0
18-Jun-15,6,1510,2,SW LANTAU,3.0,29,ON,HKCRP,807411,808790,SUMMER,NONE,S,2015-06-18,2015,6,2015-16,2015,Final_Report_2015_16.pdf,SWL,29.0
18-Jun-15,7,1519,3,SW LANTAU,3.0,680,ON,HKCRP,806491,809562,SUMMER,NONE,P,2015-06-18,2015,6,2015-16,2015,Final_Report_2015_16.pdf,SWL,680.0
18-Jun-15,8,1532,5,SW LANTAU,2.0,680,ON,HKCRP,805881,809561,SUMMER,NONE,P,2015-06-18,2015,6,2015-16,2015,Final_Report_2015_16.pdf,SWL,680.0
18-Jun-15,9,1558,1,SW LANTAU,2.0,ND,OFF,HKCRP,803400,809897,SUMMER,NONE,,2015-06-18,2015,6,2015-16,2015,Final_Report_2015_16.pdf,SWL,
19-Jun-15,1,1257,2,NW LANTAU,3.0,402,ON,HKCRP,829007,807501,SUMMER,NONE,P,2015-06-19,2015,6,2015-16,2015,Final_Report_2015_16.pdf,NWL,402.0
29-Jun-15,1,1406,9,SW LANTAU,2.0,574,ON,HKCRP,805726,809540,SUMMER,NONE,P,2015-06-29,2015,6,2015-16,2015,Final_Report_2015_16.pdf,SWL,574.0
29-Jun-15,2,1445,7,SW LANTAU,2.0,ND,OFF,HKCRP,807855,808172,SUMMER,NONE,,2015-06-29,2015,6,2015-16,2015,Final_Report_2015_16.pdf,SWL,
29-Jun-15,3,1507,2,SW LANTAU,2.0,497,ON,HKCRP,806838,807438,SUMMER,NONE,P,2015-06-29,2015,6,2015-16,2015,Final_Report_2015_16.pdf,SWL,497.0
30-Jun-15,1,1008,2,NW LANTAU,3.0,137,ON,HKCRP,816010,805456,SUMMER,NONE,P,2015-06-30,2015,6,2015-16,2015,Final_Report_2015_16.pdf,NWL,137.0
30-Jun-15,2,1030,3,NW LANTAU,3.0,169,ON,HKCRP,816287,805467,SUMMER,NONE,P,2015-06-30,2015,6,2015-16,2015,Final_Report_2015_16.pdf,NWL,169.0
6-Jul-15,1,1411,1,W LANTAU,2.0,ND,OFF,HKCRP,805731,801733,SUMMER,NONE,,2015-07-06,2015,7,2015-16,2015,Final_Report_2015_16.pdf,WL,
6-Jul-15,2,1414,10,SW LANTAU,2.0,208,ON,HKCRP,805984,802486,SUMMER,NONE,S,2015-07-06,2015,7,2015-16,2015,Final_Report_2015_16.pdf,SWL,208.0
6-Jul-15,3,1436,1,SW LANTAU,2.0,102,ON,HKCRP,806424,803663,SUMMER,NONE,S,2015-07-06,2015,7,2015-16,2015,Final_Report_2015_16.pdf,SWL,102.0
6-Jul-15,4,1439,5,SW LANTAU,2.0,39,ON,HKCRP,807065,804582,SUMMER,PURSE SEINE,S,2015-07-06,2015,7,2015-16,2015,Final_Report_2015_16.pdf,SWL,39.0
8-Jul-15,1,1029,2,W LANTAU,3.0,37,ON,HKCRP,813834,803122,SUMMER,NONE,S,2015-07-08,2015,7,2015-16,2015,Final_Report_2015_16.pdf,WL,37.0
8-Jul-15,2,1055,1,W LANTAU,4.0,ND,OFF,HKCRP,808800,800884,SUMMER,NONE,S,2015-07-08,2015,7,2015-16,2015,Final_Report_2015_16.pdf,WL,
8-Jul-15,3,1056,2,W LANTAU,4.0,95,ON,HKCRP,808634,800935,SUMMER,NONE,S,2015-07-08,2015,7,2015-16,2015,Final_Report_2015_16.pdf,WL,95.0
8-Jul-15,4,1102,2,W LANTAU,3.0,77,ON,HKCRP,807315,801427,SUMMER,NONE,S,2015-07-08,2015,7,2015-16,2015,Final_Report_2015_16.pdf,WL,77.0
28-Jul-15,1,1411,2,SW LANTAU,2.0,274,ON,HKCRP,806855,804479,SUMMER,NONE,P,2015-07-28,2015,7,2015-16,2015,Final_Report_2015_16.pdf,SWL,274.0
28-Jul-15,2,1449,1,SW LANTAU,3.0,614,ON,HKCRP,805433,806497,SUMMER,NONE,P,2015-07-28,2015,7,2015-16,2015,Final_Report_2015_16.pdf,SWL,614.0
28-Jul-15,3,1507,1,SW LANTAU,2.0,262,ON,HKCRP,808366,807420,SUMMER,NONE,S,2015-07-28,2015,7,2015-16,2015,Final_Report_2015_16.pdf,SWL,262.0
28-Jul-15,4,1523,5,SW LANTAU,2.0,127,ON,HKCRP,805795,808519,SUMMER,NONE,P,2015-07-28,2015,7,2015-16,2015,Final_Report_2015_16.pdf,SWL,127.0
30-Jul-15,1,1016,8,NW LANTAU,2.0,353,ON,HKCRP,820484,805486,SUMMER,NONE,P,2015-07-30,2015,7,2015-16,2015,Final_Report_2015_16.pdf,NWL,353.0
30-Jul-15,2,1507,2,W LANTAU,4.0,87,ON,HKCRP,811466,802024,SUMMER,NONE,P,2015-07-30,2015,7,2015-16,2015,Final_Report_2015_16.pdf,WL,87.0
30-Jul-15,3,1524,4,W LANTAU,3.0,102,ON,HKCRP,810515,801455,SUMMER,NONE,S,2015-07-30,2015,7,2015-16,2015,Final_Report_2015_16.pdf,WL,102.0
30-Jul-15,4,1600,6,W LANTAU,3.0,96,ON,HKCRP,807651,799623,SUMMER,NONE,S,2015-07-30,2015,7,2015-16,2015,Final_Report_2015_16.pdf,WL,96.0
30-Jul-15,5,1649,3,W LANTAU,2.0,44,ON,HKCRP,812827,802481,SUMMER,NONE,S,2015-07-30,2015,7,2015-16,2015,Final_Report_2015_16.pdf,WL,44.0
31-Jul-15,1,1258,5,SW LANTAU,2.0,776,ON,HKCRP,805560,809560,SUMMER,NONE,P,2015-07-31,2015,7,2015-16,2015,Final_Report_2015_16.pdf,SWL,776.0
31-Jul-15,2,1306,5,SW LANTAU,2.0,105,ON,HKCRP,806789,809562,SUMMER,NONE,P,2015-07-31,2015,7,2015-16,2015,Final_Report_2015_16.pdf,SWL,105.0
31-Jul-15,3,1428,4,SW LANTAU,3.0,573,ON,HKCRP,804239,805401,SUMMER,NONE,P,2015-07-31,2015,7,2015-16,2015,Final_Report_2015_16.pdf,SWL,573.0
31-Jul-15,4,1512,3,SW LANTAU,2.0,ND,OFF,HKCRP,807421,809110,SUMMER,NONE,,2015-07-31,2015,7,2015-16,2015,Final_Report_2015_16.pdf,SWL,
31-Jul-15,5,1516,1,SW LANTAU,2.0,ND,OFF,HKCRP,807464,810059,SUMMER,NONE,,2015-07-31,2015,7,2015-16,2015,Final_Report_2015_16.pdf,SWL,
31-Jul-15,6,1527,3,SE LANTAU,2.0,ND,OFF,HKCRP,807394,812502,SUMMER,NONE,,2015-07-31,2015,7,2015-16,2015,Final_Report_2015_16.pdf,SEL,
5-Aug-15,2,1622,1,SW LANTAU,2.0,ND,OFF,HELI,801463,809502,SUMMER,NONE,,2015-08-05,2015,8,2015-16,2015,Final_Report_2015_16.pdf,SWL,
5-Aug-15,3,1627,6,SW LANTAU,2.0,ND,OFF,HELI,802415,810019,SUMMER,NONE,,2015-08-05,2015,8,2015-16,2015,Final_Report_2015_16.pdf,SWL,
7-Aug-15,1,1028,1,W LANTAU,2.0,212,ON,HKCRP,812972,802347,SUMMER,NONE,S,2015-08-07,2015,8,2015-16,2015,Final_Report_2015_16.pdf,WL,212.0
7-Aug-15,2,1029,4,W LANTAU,2.0,148,ON,HKCRP,812695,802244,SUMMER,NONE,S,2015-08-07,2015,8,2015-16,2015,Final_Report_2015_16.pdf,WL,148.0
7-Aug-15,3,1035,1,W LANTAU,2.0,90,ON,HKCRP,811135,801642,SUMMER,NONE,S,2015-08-07,2015,8,2015-16,2015,Final_Report_2015_16.pdf,WL,90.0
7-Aug-15,4,1040,1,W LANTAU,2.0,31,ON,HKCRP,809774,801165,SUMMER,NONE,S,2015-08-07,2015,8,2015-16,2015,Final_Report_2015_16.pdf,WL,31.0
7-Aug-15,5,1042,7,W LANTAU,2.0,40,ON,HKCRP,809475,801040,SUMMER,NONE,S,2015-08-07,2015,8,2015-16,2015,Final_Report_2015_16.pdf,WL,40.0
7-Aug-15,6,1044,4,W LANTAU,2.0,70,ON,HKCRP,808789,800864,SUMMER,NONE,S,2015-08-07,2015,8,2015-16,2015,Final_Report_2015_16.pdf,WL,70.0
11-Aug-15,2,1319,7,SW LANTAU,1.0,480,ON,HKCRP,806592,808521,SUMMER,NONE,P,2015-08-11,2015,8,2015-16,2015,Final_Report_2015_16.pdf,SWL,480.0
11-Aug-15,4,1446,5,SW LANTAU,2.0,283,ON,HKCRP,803407,806503,SUMMER,NONE,P,2015-08-11,2015,8,2015-16,2015,Final_Report_2015_16.pdf,SWL,283.0
12-Aug-15,1,1038,6,W LANTAU,2.0,279,ON,HKCRP,814899,802197,SUMMER,NONE,S,2015-08-12,2015,8,2015-16,2015,Final_Report_2015_16.pdf,WL,279.0
12-Aug-15,2,1137,1,W LANTAU,2.0,ND,OFF,HKCRP,810360,801434,SUMMER,NONE,,2015-08-12,2015,8,2015-16,2015,Final_Report_2015_16.pdf,WL,
12-Aug-15,3,1143,6,W LANTAU,2.0,186,ON,HKCRP,809442,801267,SUMMER,NONE,S,2015-08-12,2015,8,2015-16,2015,Final_Report_2015_16.pdf,WL,186.0
12-Aug-15,4,1226,3,W LANTAU,2.0,9,ON,HKCRP,806041,801899,SUMMER,NONE,S,2015-08-12,2015,8,2015-16,2015,Final_Report_2015_16.pdf,WL,9.0
12-Aug-15,5,1348,1,SW LANTAU,2.0,94,ON,HKCRP,806373,807427,SUMMER,NONE,P,2015-08-12,2015,8,2015-16,2015,Final_Report_2015_16.pdf,SWL,94.0
12-Aug-15,6,1402,1,SW LANTAU,2.0,ND,OFF,HKCRP,804202,807423,SUMMER,NONE,,2015-08-12,2015,8,2015-16,2015,Final_Report_2015_16.pdf,SWL,
18-Aug-15,1,1525,9,SW LANTAU,3.0,25,ON,HKCRP,803105,808040,SUMMER,NONE,S,2015-08-18,2015,8,2015-16,2015,Final_Report_2015_16.pdf,SWL,25.0
26-Aug-15,1,1509,1,SW LANTAU,2.0,ND,OFF,HKCRP,806084,802394,SUMMER,NONE,,2015-08-26,2015,8,2015-16,2015,Final_Report_2015_16.pdf,SWL,
27-Aug-15,1,1112,10,NW LANTAU,1.0,7,ON,HKCRP,826340,806486,SUMMER,NONE,P,2015-08-27,2015,8,2015-16,2015,Final_Report_2015_16.pdf,NWL,7.0
7-Sep-15,1,1339,6,SW LANTAU,3.0,11,ON,HKCRP,806127,802745,AUTUMN,NONE,S,2015-09-07,2015,9,2015-16,2015,Final_Report_2015_16.pdf,SWL,11.0
7-Sep-15,2,1404,6,SW LANTAU,2.0,ND,OFF,HKCRP,806270,803405,AUTUMN,NONE,,2015-09-07,2015,9,2015-16,2015,Final_Report_2015_16.pdf,SWL,
7-Sep-15,3,1425,5,SW LANTAU,2.0,482,ON,HKCRP,806568,803797,AUTUMN,NONE,S,2015-09-07,2015,9,2015-16,2015,Final_Report_2015_16.pdf,SWL,482.0
7-Sep-15,4,1442,6,SW LANTAU,2.0,117,ON,HKCRP,807097,804984,AUTUMN,NONE,S,2015-09-07,2015,9,2015-16,2015,Final_Report_2015_16.pdf,SWL,117.0
8-Sep-15,1,1258,6,W LANTAU,3.0,375,ON,HKCRP,814354,803061,AUTUMN,NONE,S,2015-09-08,2015,9,2015-16,2015,Final_Report_2015_16.pdf,WL,375.0
8-Sep-15,2,1319,5,W LANTAU,2.0,ND,OFF,HKCRP,813857,802597,AUTUMN,NONE,,2015-09-08,2015,9,2015-16,2015,Final_Report_2015_16.pdf,WL,
8-Sep-15,3,1335,3,W LANTAU,2.0,316,ON,HKCRP,813559,802349,AUTUMN,NONE,P,2015-09-08,2015,9,2015-16,2015,Final_Report_2015_16.pdf,WL,316.0
8-Sep-15,4,1435,2,W LANTAU,4.0,1079,ON,HKCRP,807519,799592,AUTUMN,NONE,S,2015-09-08,2015,9,2015-16,2015,Final_Report_2015_16.pdf,WL,1079.0
8-Sep-15,5,1444,3,W LANTAU,4.0,358,ON,HKCRP,807438,800737,AUTUMN,NONE,P,2015-09-08,2015,9,2015-16,2015,Final_Report_2015_16.pdf,WL,358.0
8-Sep-15,6,1556,2,W LANTAU,3.0,281,ON,HKCRP,810473,800785,AUTUMN,NONE,P,2015-09-08,2015,9,2015-16,2015,Final_Report_2015_16.pdf,WL,281.0
8-Sep-15,7,1620,4,W LANTAU,3.0,191,ON,HKCRP,812595,802408,AUTUMN,NONE,S,2015-09-08,2015,9,2015-16,2015,Final_Report_2015_16.pdf,WL,191.0
10-Sep-15,1,1011,6,W LANTAU,2.0,367,ON,HKCRP,814099,803360,AUTUMN,NONE,S,2015-09-10,2015,9,2015-16,2015,Final_Report_2015_16.pdf,WL,367.0
10-Sep-15,2,1036,8,W LANTAU,2.0,1014,ON,HKCRP,812242,801913,AUTUMN,NONE,S,2015-09-10,2015,9,2015-16,2015,Final_Report_2015_16.pdf,WL,1014.0
10-Sep-15,3,1107,6,W LANTAU,2.0,411,ON,HKCRP,810848,801229,AUTUMN,NONE,S,2015-09-10,2015,9,2015-16,2015,Final_Report_2015_16.pdf,WL,411.0
10-Sep-15,4,1127,6,W LANTAU,2.0,229,ON,HKCRP,808269,800924,AUTUMN,NONE,S,2015-09-10,2015,9,2015-16,2015,Final_Report_2015_16.pdf,WL,229.0
10-Sep-15,5,1145,4,W LANTAU,3.0,128,ON,HKCRP,807503,801438,AUTUMN,NONE,S,2015-09-10,2015,9,2015-16,2015,Final_Report_2015_16.pdf,WL,128.0
10-Sep-15,6,1159,4,SW LANTAU,2.0,ND,OFF,HKCRP,806228,802219,AUTUMN,NONE,,2015-09-10,2015,9,2015-16,2015,Final_Report_2015_16.pdf,SWL,
21-Sep-15,1,1030,2,W LANTAU,2.0,176,ON,HKCRP,813812,803091,AUTUMN,NONE,S,2015-09-21,2015,9,2015-16,2015,Final_Report_2015_16.pdf,WL,176.0
21-Sep-15,2,1032,2,W LANTAU,2.0,94,ON,HKCRP,813558,802802,AUTUMN,NONE,S,2015-09-21,2015,9,2015-16,2015,Final_Report_2015_16.pdf,WL,94.0
21-Sep-15,3,1036,1,W LANTAU,2.0,117,ON,HKCRP,812618,802274,AUTUMN,NONE,S,2015-09-21,2015,9,2015-16,2015,Final_Report_2015_16.pdf,WL,117.0
21-Sep-15,4,1039,3,W LANTAU,2.0,122,ON,HKCRP,812197,802047,AUTUMN,NONE,S,2015-09-21,2015,9,2015-16,2015,Final_Report_2015_16.pdf,WL,122.0
21-Sep-15,5,1045,1,W LANTAU,3.0,74,ON,HKCRP,810881,801477,AUTUMN,NONE,S,2015-09-21,2015,9,2015-16,2015,Final_Report_2015_16.pdf,WL,74.0
21-Sep-15,6,1052,1,W LANTAU,3.0,4,ON,HKCRP,809431,801061,AUTUMN,NONE,S,2015-09-21,2015,9,2015-16,2015,Final_Report_2015_16.pdf,WL,4.0
21-Sep-15,7,1056,1,W LANTAU,3.0,84,ON,HKCRP,808534,800966,AUTUMN,NONE,S,2015-09-21,2015,9,2015-16,2015,Final_Report_2015_16.pdf,WL,84.0
22-Sep-15,1,1018,12,W LANTAU,2.0,ND,OFF,HKCRP,813812,802947,AUTUMN,NONE,,2015-09-22,2015,9,2015-16,2015,Final_Report_2015_16.pdf,WL,
22-Sep-15,2,1053,1,W LANTAU,2.0,362,ON,HKCRP,809422,800339,AUTUMN,NONE,P,2015-09-22,2015,9,2015-16,2015,Final_Report_2015_16.pdf,WL,362.0
22-Sep-15,3,1108,6,W LANTAU,3.0,42,ON,HKCRP,810198,799722,AUTUMN,NONE,S,2015-09-22,2015,9,2015-16,2015,Final_Report_2015_16.pdf,WL,42.0
22-Sep-15,4,1115,2,W LANTAU,2.0,72,ON,HKCRP,811028,800075,AUTUMN,NONE,S,2015-09-22,2015,9,2015-16,2015,Final_Report_2015_16.pdf,WL,72.0
22-Sep-15,5,1146,2,W LANTAU,3.0,113,ON,HKCRP,811456,801777,AUTUMN,NONE,P,2015-09-22,2015,9,2015-16,2015,Final_Report_2015_16.pdf,WL,113.0
22-Sep-15,6,1200,8,W LANTAU,2.0,416,ON,HKCRP,812085,802562,AUTUMN,NONE,S,2015-09-22,2015,9,2015-16,2015,Final_Report_2015_16.pdf,WL,416.0
22-Sep-15,7,1221,3,W LANTAU,2.0,9,ON,HKCRP,812761,802367,AUTUMN,NONE,S,2015-09-22,2015,9,2015-16,2015,Final_Report_2015_16.pdf,WL,9.0
22-Sep-15,8,1230,1,W LANTAU,2.0,186,ON,HKCRP,813413,802936,AUTUMN,NONE,S,2015-09-22,2015,9,2015-16,2015,Final_Report_2015_16.pdf,WL,186.0
22-Sep-15,9,1255,2,W LANTAU,2.0,247,ON,HKCRP,815571,803755,AUTUMN,NONE,P,2015-09-22,2015,9,2015-16,2015,Final_Report_2015_16.pdf,WL,247.0
22-Sep-15,10,1343,2,NW LANTAU,3.0,706,ON,HKCRP,825468,805455,AUTUMN,NONE,P,2015-09-22,2015,9,2015-16,2015,Final_Report_2015_16.pdf,NWL,706.0
22-Sep-15,11,1401,1,NW LANTAU,2.0,18,ON,HKCRP,827162,805386,AUTUMN,NONE,S,2015-09-22,2015,9,2015-16,2015,Final_Report_2015_16.pdf,NWL,18.0
25-Sep-15,1,1018,4,W LANTAU,2.0,17,ON,HKCRP,814695,804114,AUTUMN,NONE,S,2015-09-25,2015,9,2015-16,2015,Final_Report_2015_16.pdf,WL,17.0
25-Sep-15,2,1026,2,W LANTAU,2.0,ND,OFF,HKCRP,814132,803298,AUTUMN,NONE,,2015-09-25,2015,9,2015-16,2015,Final_Report_2015_16.pdf,WL,
25-Sep-15,3,1035,5,W LANTAU,2.0,42,ON,HKCRP,813005,802471,AUTUMN,NONE,S,2015-09-25,2015,9,2015-16,2015,Final_Report_2015_16.pdf,WL,42.0
25-Sep-15,4,1056,4,W LANTAU,3.0,1068,ON,HKCRP,810018,801217,AUTUMN,NONE,S,2015-09-25,2015,9,2015-16,2015,Final_Report_2015_16.pdf,WL,1068.0
25-Sep-15,5,1100,4,W LANTAU,3.0,13,ON,HKCRP,808745,800884,AUTUMN,NONE,S,2015-09-25,2015,9,2015-16,2015,Final_Report_2015_16.pdf,WL,13.0
25-Sep-15,6,1141,1,SW LANTAU,2.0,865,ON,HKCRP,804926,805454,AUTUMN,NONE,P,2015-09-25,2015,9,2015-16,2015,Final_Report_2015_16.pdf,SWL,865.0
25-Sep-15,7,1209,4,SW LANTAU,2.0,1058,ON,HKCRP,803226,808236,AUTUMN,NONE,P,2015-09-25,2015,9,2015-16,2015,Final_Report_2015_16.pdf,SWL,1058.0
25-Sep-15,8,1257,6,SW LANTAU,2.0,82,ON,HKCRP,807811,808172,AUTUMN,NONE,S,2015-09-25,2015,9,2015-16,2015,Final_Report_2015_16.pdf,SWL,82.0
25-Sep-15,9,1320,4,SW LANTAU,2.0,181,ON,HKCRP,805560,809560,AUTUMN,NONE,P,2015-09-25,2015,9,2015-16,2015,Final_Report_2015_16.pdf,SWL,181.0
25-Sep-15,10,1331,14,SW LANTAU,2.0,ND,OFF,HKCRP,803832,809898,AUTUMN,NONE,,2015-09-25,2015,9,2015-16,2015,Final_Report_2015_16.pdf,SWL,
25-Sep-15,11,1451,3,SE LANTAU,2.0,125,ON,HKCRP,807936,812730,AUTUMN,NONE,S,2015-09-25,2015,9,2015-16,2015,Final_Report_2015_16.pdf,SEL,125.0
7-Oct-15,1,1428,4,SW LANTAU,3.0,ND,OFF,HKCRP,806280,804044,AUTUMN,NONE,,2015-10-07,2015,10,2015-16,2015,Final_Report_2015_16.pdf,SWL,
15-Oct-15,1,1400,1,W LANTAU,2.0,ND,OFF,HKCRP,805533,801114,AUTUMN,NONE,,2015-10-15,2015,10,2015-16,2015,Final_Report_2015_16.pdf,WL,
15-Oct-15,2,1410,2,SW LANTAU,2.0,ND,OFF,HKCRP,806204,803229,AUTUMN,NONE,,2015-10-15,2015,10,2015-16,2015,Final_Report_2015_16.pdf,SWL,
15-Oct-15,3,1430,1,SW LANTAU,2.0,ND,OFF,HKCRP,807478,808306,AUTUMN,NONE,,2015-10-15,2015,10,2015-16,2015,Final_Report_2015_16.pdf,SWL,
16-Oct-15,1,1040,1,W LANTAU,2.0,785,ON,HKCRP,809497,801102,AUTUMN,NONE,S,2015-10-16,2015,10,2015-16,2015,Final_Report_2015_16.pdf,WL,785.0
16-Oct-15,2,1049,2,W LANTAU,2.0,374,ON,HKCRP,807326,801469,AUTUMN,NONE,S,2015-10-16,2015,10,2015-16,2015,Final_Report_2015_16.pdf,WL,374.0
16-Oct-15,3,1052,1,W LANTAU,2.0,113,ON,HKCRP,806583,801828,AUTUMN,NONE,S,2015-10-16,2015,10,2015-16,2015,Final_Report_2015_16.pdf,WL,113.0
20-Oct-15,1,1030,10,W LANTAU,2.0,39,ON,HKCRP,813627,801380,AUTUMN,NONE,S,2015-10-20,2015,10,2015-16,2015,Final_Report_2015_16.pdf,WL,39.0
20-Oct-15,2,1139,18,W LANTAU,3.0,218,ON,HKCRP,808981,799482,AUTUMN,NONE,S,2015-10-20,2015,10,2015-16,2015,Final_Report_2015_16.pdf,WL,218.0
20-Oct-15,3,1254,5,SW LANTAU,3.0,ND,OFF,HKCRP,805940,802538,AUTUMN,NONE,,2015-10-20,2015,10,2015-16,2015,Final_Report_2015_16.pdf,SWL,
22-Oct-15,1,1104,6,NW LANTAU,2.0,117,ON,HKCRP,826639,806487,AUTUMN,NONE,P,2015-10-22,2015,10,2015-16,2015,Final_Report_2015_16.pdf,NWL,117.0
23-Oct-15,1,1550,2,SE LANTAU,2.0,ND,OFF,HKCRP,808109,815731,AUTUMN,NONE,,2015-10-23,2015,10,2015-16,2015,Final_Report_2015_16.pdf,SEL,
28-Oct-15,1,1734,5,W LANTAU,4.0,ND,OFF,HELI,809532,800700,AUTUMN,PURSE SEINE,,2015-10-28,2015,10,2015-16,2015,Final_Report_2015_16.pdf,WL,
30-Oct-15,1,1030,2,W LANTAU,2.0,91,ON,HKCRP,814500,802165,AUTUMN,NONE,P,2015-10-30,2015,10,2015-16,2015,Final_Report_2015_16.pdf,WL,91.0
30-Oct-15,2,1123,6,W LANTAU,2.0,284,ON,HKCRP,809777,799763,AUTUMN,NONE,S,2015-10-30,2015,10,2015-16,2015,Final_Report_2015_16.pdf,WL,284.0
30-Oct-15,3,1140,1,W LANTAU,2.0,778,ON,HKCRP,808448,799904,AUTUMN,NONE,P,2015-10-30,2015,10,2015-16,2015,Final_Report_2015_16.pdf,WL,778.0
30-Oct-15,4,1144,3,W LANTAU,2.0,176,ON,HKCRP,808446,800821,AUTUMN,NONE,P,2015-10-30,2015,10,2015-16,2015,Final_Report_2015_16.pdf,WL,176.0
30-Oct-15,5,1249,3,W LANTAU,1.0,367,ON,HKCRP,808095,799542,AUTUMN,NONE,S,2015-10-30,2015,10,2015-16,2015,Final_Report_2015_16.pdf,WL,367.0
30-Oct-15,6,1257,2,W LANTAU,1.0,422,ON,HKCRP,808383,799471,AUTUMN,NONE,S,2015-10-30,2015,10,2015-16,2015,Final_Report_2015_16.pdf,WL,422.0
30-Oct-15,7,1309,2,W LANTAU,2.0,1105,ON,HKCRP,809433,800050,AUTUMN,NONE,P,2015-10-30,2015,10,2015-16,2015,Final_Report_2015_16.pdf,WL,1105.0
30-Oct-15,8,1337,14,W LANTAU,1.0,119,ON,HKCRP,811459,800633,AUTUMN,NONE,P,2015-10-30,2015,10,2015-16,2015,Final_Report_2015_16.pdf,WL,119.0
30-Oct-15,9,1438,4,W LANTAU,2.0,439,ON,HKCRP,818561,803648,AUTUMN,NONE,P,2015-10-30,2015,10,2015-16,2015,Final_Report_2015_16.pdf,WL,439.0
30-Oct-15,10,1536,4,NW LANTAU,2.0,325,ON,HKCRP,827108,804696,AUTUMN,NONE,P,2015-10-30,2015,10,2015-16,2015,Final_Report_2015_16.pdf,NWL,325.0
5-Nov-15,1,1410,2,SW LANTAU,3.0,68,ON,HKCRP,807164,804675,AUTUMN,NONE,S,2015-11-05,2015,11,2015-16,2015,Final_Report_2015_16.pdf,SWL,68.0
5-Nov-15,2,1511,3,W LANTAU,2.0,28,ON,HKCRP,808811,800884,AUTUMN,NONE,S,2015-11-05,2015,11,2015-16,2015,Final_Report_2015_16.pdf,WL,28.0
9-Nov-15,1,1020,1,W LANTAU,2.0,167,ON,HKCRP,813646,802844,AUTUMN,NONE,S,2015-11-09,2015,11,2015-16,2015,Final_Report_2015_16.pdf,WL,167.0
9-Nov-15,2,1037,1,W LANTAU,1.0,ND,OFF,HKCRP,809719,800835,AUTUMN,NONE,,2015-11-09,2015,11,2015-16,2015,Final_Report_2015_16.pdf,WL,
9-Nov-15,3,1040,1,W LANTAU,1.0,132,ON,HKCRP,808956,800771,AUTUMN,PURSE SEINE,S,2015-11-09,2015,11,2015-16,2015,Final_Report_2015_16.pdf,WL,132.0
9-Nov-15,4,1048,10,W LANTAU,1.0,12,ON,HKCRP,806816,801581,AUTUMN,NONE,S,2015-11-09,2015,11,2015-16,2015,Final_Report_2015_16.pdf,WL,12.0
13-Nov-15,1,1014,2,W LANTAU,2.0,121,ON,HKCRP,814817,804413,AUTUMN,PURSE SEINE,S,2015-11-13,2015,11,2015-16,2015,Final_Report_2015_16.pdf,WL,121.0
17-Nov-15,1,1048,6,NW LANTAU,2.0,151,ON,HKCRP,826065,805487,AUTUMN,NONE,P,2015-11-17,2015,11,2015-16,2015,Final_Report_2015_16.pdf,NWL,151.0
17-Nov-15,2,1334,2,NW LANTAU,2.0,260,ON,HKCRP,826283,807516,AUTUMN,NONE,P,2015-11-17,2015,11,2015-16,2015,Final_Report_2015_16.pdf,NWL,260.0
19-Nov-15,1,1024,3,W LANTAU,2.0,58,ON,HKCRP,812662,802109,AUTUMN,NONE,S,2015-11-19,2015,11,2015-16,2015,Final_Report_2015_16.pdf,WL,58.0
19-Nov-15,2,1042,2,W LANTAU,2.0,ND,OFF,HKCRP,812032,801665,AUTUMN,NONE,,2015-11-19,2015,11,2015-16,2015,Final_Report_2015_16.pdf,WL,
19-Nov-15,3,1044,13,W LANTAU,2.0,134,ON,HKCRP,811700,801509,AUTUMN,NONE,S,2015-11-19,2015,11,2015-16,2015,Final_Report_2015_16.pdf,WL,134.0
19-Nov-15,4,1601,3,NW LANTAU,3.0,209,ON,HKCRP,827348,806262,AUTUMN,NONE,S,2015-11-19,2015,11,2015-16,2015,Final_Report_2015_16.pdf,NWL,209.0
23-Nov-15,1,1023,4,W LANTAU,3.0,116,ON,HKCRP,813370,802554,AUTUMN,NONE,S,2015-11-23,2015,11,2015-16,2015,Final_Report_2015_16.pdf,WL,116.0
23-Nov-15,2,1034,2,W LANTAU,2.0,1616,ON,HKCRP,811943,801757,AUTUMN,NONE,S,2015-11-23,2015,11,2015-16,2015,Final_Report_2015_16.pdf,WL,1616.0
23-Nov-15,3,1046,10,W LANTAU,2.0,462,ON,HKCRP,809210,800823,AUTUMN,NONE,S,2015-11-23,2015,11,2015-16,2015,Final_Report_2015_16.pdf,WL,462.0
23-Nov-15,4,1100,1,W LANTAU,2.0,83,ON,HKCRP,807594,800417,AUTUMN,NONE,S,2015-11-23,2015,11,2015-16,2015,Final_Report_2015_16.pdf,WL,83.0
23-Nov-15,5,1104,8,W LANTAU,2.0,90,ON,HKCRP,807051,800849,AUTUMN,NONE,S,2015-11-23,2015,11,2015-16,2015,Final_Report_2015_16.pdf,WL,90.0
23-Nov-15,6,1131,12,SW LANTAU,1.0,160,ON,HKCRP,806026,803487,AUTUMN,NONE,P,2015-11-23,2015,11,2015-16,2015,Final_Report_2015_16.pdf,SWL,160.0
24-Nov-15,1,1027,1,W LANTAU,2.0,1188,ON,HKCRP,813240,801193,AUTUMN,NONE,S,2015-11-24,2015,11,2015-16,2015,Final_Report_2015_16.pdf,WL,1188.0
24-Nov-15,2,1036,7,W LANTAU,2.0,ND,OFF,HKCRP,812453,801769,AUTUMN,NONE,,2015-11-24,2015,11,2015-16,2015,Final_Report_2015_16.pdf,WL,
24-Nov-15,3,1050,4,W LANTAU,2.0,177,ON,HKCRP,812453,801645,AUTUMN,NONE,P,2015-11-24,2015,11,2015-16,2015,Final_Report_2015_16.pdf,WL,177.0
24-Nov-15,4,1110,1,W LANTAU,2.0,676,ON,HKCRP,812440,802367,AUTUMN,NONE,P,2015-11-24,2015,11,2015-16,2015,Final_Report_2015_16.pdf,WL,676.0
24-Nov-15,5,1126,7,W LANTAU,2.0,184,ON,HKCRP,810506,800703,AUTUMN,NONE,P,2015-11-24,2015,11,2015-16,2015,Final_Report_2015_16.pdf,WL,184.0
24-Nov-15,6,1154,3,W LANTAU,2.0,34,ON,HKCRP,808426,799945,AUTUMN,NONE,P,2015-11-24,2015,11,2015-16,2015,Final_Report_2015_16.pdf,WL,34.0
24-Nov-15,7,1346,1,W LANTAU,2.0,171,ON,HKCRP,814059,801628,AUTUMN,NONE,S,2015-11-24,2015,11,2015-16,2015,Final_Report_2015_16.pdf,WL,171.0
24-Nov-15,8,1354,13,W LANTAU,2.0,ND,OFF,HKCRP,814624,801279,AUTUMN,NONE,,2015-11-24,2015,11,2015-16,2015,Final_Report_2015_16.pdf,WL,
3-Dec-15,1,1326,8,SW LANTAU,2.0,361,ON,HKCRP,806414,803467,WINTER,NONE,P,2015-12-03,2015,12,2015-16,2015,Final_Report_2015_16.pdf,SWL,361.0
10-Dec-15,1,1607,4,W LANTAU,3.0,11,ON,HKCRP,809951,801227,WINTER,NONE,S,2015-12-10,2015,12,2015-16,2015,Final_Report_2015_16.pdf,WL,11.0
10-Dec-15,2,1628,2,W LANTAU,2.0,820,ON,HKCRP,813259,802729,WINTER,NONE,S,2015-12-10,2015,12,2015-16,2015,Final_Report_2015_16.pdf,WL,820.0
11-Dec-15,1,1024,1,W LANTAU,3.0,ND,OFF,HKCRP,813259,802585,WINTER,PURSE SEINE,,2015-12-11,2015,12,2015-16,2015,Final_Report_2015_16.pdf,WL,
11-Dec-15,2,1121,1,W LANTAU,3.0,155,ON,HKCRP,809522,800236,WINTER,NONE,S,2015-12-11,2015,12,2015-16,2015,Final_Report_2015_16.pdf,WL,155.0
11-Dec-15,3,1140,10,W LANTAU,3.0,661,ON,HKCRP,811669,800746,WINTER,NONE,S,2015-12-11,2015,12,2015-16,2015,Final_Report_2015_16.pdf,WL,661.0
18-Dec-15,2,1352,1,SW LANTAU,2.0,138,ON,HKCRP,804766,808136,WINTER,NONE,S,2015-12-18,2015,12,2015-16,2015,Final_Report_2015_16.pdf,SWL,138.0
18-Dec-15,3,1431,5,SW LANTAU,3.0,112,ON,HKCRP,806352,806499,WINTER,NONE,P,2015-12-18,2015,12,2015-16,2015,Final_Report_2015_16.pdf,SWL,112.0
18-Dec-15,4,1525,2,SW LANTAU,2.0,263,ON,HKCRP,803244,804481,WINTER,NONE,P,2015-12-18,2015,12,2015-16,2015,Final_Report_2015_16.pdf,SWL,263.0
18-Dec-15,5,1536,4,SW LANTAU,2.0,207,ON,HKCRP,804042,804483,WINTER,NONE,P,2015-12-18,2015,12,2015-16,2015,Final_Report_2015_16.pdf,SWL,207.0
21-Dec-15,1,1108,2,NW LANTAU,2.0,55,ON,HKCRP,828269,805481,WINTER,NONE,P,2015-12-21,2015,12,2015-16,2015,Final_Report_2015_16.pdf,NWL,55.0
29-Dec-15,1,959,1,NW LANTAU,3.0,ND,OFF,HKCRP,816728,806540,WINTER,NONE,,2015-12-29,2015,12,2015-16,2015,Final_Report_2015_16.pdf,NWL,
29-Dec-15,2,1121,5,NW LANTAU,3.0,ND,OFF,HKCRP,826628,806477,WINTER,NONE,,2015-12-29,2015,12,2015-16,2015,Final_Report_2015_16.pdf,NWL,
30-Dec-15,1,1047,1,W LANTAU,2.0,1181,ON,HKCRP,813992,801700,WINTER,NONE,S,2015-12-30,2015,12,2015-16,2015,Final_Report_2015_16.pdf,WL,1181.0
30-Dec-15,2,1055,9,W LANTAU,3.0,14,ON,HKCRP,813569,802555,WINTER,NONE,P,2015-12-30,2015,12,2015-16,2015,Final_Report_2015_16.pdf,WL,14.0
30-Dec-15,3,1131,12,W LANTAU,2.0,494,ON,HKCRP,812152,802562,WINTER,NONE,S,2015-12-30,2015,12,2015-16,2015,Final_Report_2015_16.pdf,WL,494.0
5-Jan-16,5,1518,3,SW LANTAU,2.0,135,ON,HKCRP,807004,807428,WINTER,NONE,P,2016-01-05,2016,1,2015-16,2015,Final_Report_2015_16.pdf,SWL,135.0
6-Jan-16,1,1047,15,W LANTAU,3.0,194,ON,HKCRP,807273,800613,WINTER,NONE,S,2016-01-06,2016,1,2015-16,2015,Final_Report_2015_16.pdf,WL,194.0
6-Jan-16,2,1155,7,SW LANTAU,2.0,ND,OFF,HKCRP,806271,802796,WINTER,GILLNET,,2016-01-06,2016,1,2015-16,2015,Final_Report_2015_16.pdf,SWL,
6-Jan-16,3,1606,3,NW LANTAU,2.0,162,ON,HKCRP,827792,806036,WINTER,NONE,S,2016-01-06,2016,1,2015-16,2015,Final_Report_2015_16.pdf,NWL,162.0
18-Jan-16,1,1051,1,W LANTAU,3.0,129,ON,HKCRP,806595,801725,WINTER,NONE,S,2016-01-18,2016,1,2015-16,2015,Final_Report_2015_16.pdf,WL,129.0
21-Jan-16,1,1527,10,SW LANTAU,2.0,ND,OFF,HKCRP,806018,802095,WINTER,NONE,,2016-01-21,2016,1,2015-16,2015,Final_Report_2015_16.pdf,SWL,
26-Jan-16,1,1025,1,W LANTAU,2.0,46,ON,HKCRP,814077,803185,WINTER,NONE,S,2016-01-26,2016,1,2015-16,2015,Final_Report_2015_16.pdf,WL,46.0
26-Jan-16,2,1059,3,W LANTAU,2.0,137,ON,HKCRP,809210,800844,WINTER,NONE,S,2016-01-26,2016,1,2015-16,2015,Final_Report_2015_16.pdf,WL,137.0
26-Jan-16,3,1118,1,W LANTAU,3.0,ND,OFF,HKCRP,806373,801869,WINTER,NONE,,2016-01-26,2016,1,2015-16,2015,Final_Report_2015_16.pdf,WL,
26-Jan-16,4,1122,5,SW LANTAU,3.0,305,ON,HKCRP,806194,802590,WINTER,NONE,S,2016-01-26,2016,1,2015-16,2015,Final_Report_2015_16.pdf,SWL,305.0
4-Feb-16,1,1323,14,W LANTAU,4.0,ND,OFF,HKCRP,805897,801909,WINTER,NONE,,2016-02-04,2016,2,2015-16,2015,Final_Report_2015_16.pdf,WL,
4-Feb-16,2,1342,6,W LANTAU,4.0,ND,OFF,HKCRP,806041,801888,WINTER,NONE,,2016-02-04,2016,2,2015-16,2015,Final_Report_2015_16.pdf,WL,
4-Feb-16,3,1354,1,SW LANTAU,2.0,173,ON,HKCRP,806756,803963,WINTER,NONE,S,2016-02-04,2016,2,2015-16,2015,Final_Report_2015_16.pdf,SWL,173.0
4-Feb-16,4,1357,2,SW LANTAU,2.0,212,ON,HKCRP,807010,804458,WINTER,GILLNET,S,2016-02-04,2016,2,2015-16,2015,Final_Report_2015_16.pdf,SWL,212.0
17-Feb-16,1,1037,2,W LANTAU,2.0,ND,OFF,HKCRP,809609,800927,WINTER,NONE,,2016-02-17,2016,2,2015-16,2015,Final_Report_2015_16.pdf,WL,
25-Feb-16,1,1051,3,NW LANTAU,3.0,104,ON,HKCRP,826650,806456,WINTER,NONE,P,2016-02-25,2016,2,2015-16,2015,Final_Report_2015_16.pdf,NWL,104.0
29-Feb-16,1,1009,2,W LANTAU,3.0,ND,OFF,HKCRP,815846,804683,WINTER,NONE,,2016-02-29,2016,2,2015-16,2015,Final_Report_2015_16.pdf,WL,
29-Feb-16,2,1204,2,W LANTAU,2.0,99,ON,HKCRP,807691,801645,WINTER,NONE,S,2016-02-29,2016,2,2015-16,2015,Final_Report_2015_16.pdf,WL,99.0
29-Feb-16,3,1233,3,W LANTAU,3.0,129,ON,HKCRP,806463,801157,WINTER,NONE,P,2016-02-29,2016,2,2015-16,2015,Final_Report_2015_16.pdf,WL,129.0
29-Feb-16,4,1242,1,W LANTAU,3.0,46,ON,HKCRP,806461,801848,WINTER,NONE,P,2016-02-29,2016,2,2015-16,2015,Final_Report_2015_16.pdf,WL,46.0
29-Feb-16,5,1315,2,SW LANTAU,2.0,ND,OFF,HKCRP,806325,803663,WINTER,NONE,,2016-02-29,2016,2,2015-16,2015,Final_Report_2015_16.pdf,SWL,
1-Mar-16,1,1326,1,NW LANTAU,3.0,471,ON,HKCRP,827823,807097,SPRING,NONE,P,2016-03-01,2016,3,2015-16,2015,Final_Report_2015_16.pdf,NWL,471.0
1-Mar-16,2,1541,1,NW LANTAU,2.0,100,ON,HKCRP,826121,805466,SPRING,NONE,P,2016-03-01,2016,3,2015-16,2015,Final_Report_2015_16.pdf,NWL,100.0
4-Mar-16,1,1313,1,SW LANTAU,1.0,167,ON,HKCRP,806159,803477,SPRING,NONE,P,2016-03-04,2016,3,2015-16,2015,Final_Report_2015_16.pdf,SWL,167.0
4-Mar-16,2,1329,1,SW LANTAU,1.0,421,ON,HKCRP,804808,803474,SPRING,NONE,P,2016-03-04,2016,3,2015-16,2015,Final_Report_2015_16.pdf,SWL,421.0
8-Mar-16,1,1055,1,W LANTAU,4.0,175,ON,HKCRP,806927,801530,SPRING,NONE,S,2016-03-08,2016,3,2015-16,2015,Final_Report_2015_16.pdf,WL,175.0
14-Mar-16,1,1340,6,SW LANTAU,2.0,331,ON,HKCRP,806062,802353,SPRING,NONE,S,2016-03-14,2016,3,2015-16,2015,Final_Report_2015_16.pdf,SWL,331.0
14-Mar-16,2,1353,2,SW LANTAU,2.0,136,ON,HKCRP,806260,802982,SPRING,NONE,S,2016-03-14,2016,3,2015-16,2015,Final_Report_2015_16.pdf,SWL,136.0
17-Mar-16,1,1027,6,W LANTAU,3.0,410,ON,HKCRP,813226,802492,SPRING,NONE,S,2016-03-17,2016,3,2015-16,2015,Final_Report_2015_16.pdf,WL,410.0
17-Mar-16,2,1115,1,W LANTAU,5.0,ND,OFF,HKCRP,806151,802074,SPRING,NONE,,2016-03-17,2016,3,2015-16,2015,Final_Report_2015_16.pdf,WL,
29-Mar-16,1,1102,3,W LANTAU,2.0,1236,ON,HKCRP,814833,802125,SPRING,NONE,S,2016-03-29,2016,3,2015-16,2015,Final_Report_2015_16.pdf,WL,1236.0
29-Mar-16,2,1204,10,W LANTAU,1.0,226,ON,HKCRP,809346,799504,SPRING,NONE,S,2016-03-29,2016,3,2015-16,2015,Final_Report_2015_16.pdf,WL,226.0
6-Apr-16,1,1025,12,W LANTAU,2.0,58,ON,HKCRP,813713,802792,SPRING,NONE,S,2016-04-06,2016,4,2016-17,2016,Final_Report_2016_17.pdf,WL,58.0
6-Apr-16,2,1113,3,W LANTAU,4.0,27,ON,HKCRP,806173,802043,SPRING,NONE,S,2016-04-06,2016,4,2016-17,2016,Final_Report_2016_17.pdf,WL,27.0
6-Apr-16,3,1345,2,SW LANTAU,2.0,ND,OFF,HKCRP,805606,803300,SPRING,NONE,,2016-04-06,2016,4,2016-17,2016,Final_Report_2016_17.pdf,SWL,
14-Apr-16,1,1613,4,W LANTAU,2.0,74,ON,HKCRP,808800,800864,SPRING,NONE,S,2016-04-14,2016,4,2016-17,2016,Final_Report_2016_17.pdf,WL,74.0
20-Apr-16,1,1339,4,W LANTAU,3.0,ND,OFF,HKCRP,805930,801929,SPRING,NONE,,2016-04-20,2016,4,2016-17,2016,Final_Report_2016_17.pdf,WL,
20-Apr-16,2,1359,6,SW LANTAU,3.0,ND,OFF,HKCRP,805762,802507,SPRING,NONE,,2016-04-20,2016,4,2016-17,2016,Final_Report_2016_17.pdf,SWL,
22-Apr-16,1,1015,1,W LANTAU,2.0,132,ON,HKCRP,814552,804010,SPRING,NONE,S,2016-04-22,2016,4,2016-17,2016,Final_Report_2016_17.pdf,WL,132.0
22-Apr-16,2,1041,2,W LANTAU,1.0,63,ON,HKCRP,808878,800812,SPRING,NONE,S,2016-04-22,2016,4,2016-17,2016,Final_Report_2016_17.pdf,WL,63.0
22-Apr-16,3,1050,1,W LANTAU,2.0,196,ON,HKCRP,806794,801653,SPRING,NONE,S,2016-04-22,2016,4,2016-17,2016,Final_Report_2016_17.pdf,WL,196.0
26-Apr-16,1,1134,1,W LANTAU,3.0,294,ON,HKCRP,809424,799463,SPRING,NONE,P,2016-04-26,2016,4,2016-17,2016,Final_Report_2016_17.pdf,WL,294.0
26-Apr-16,2,1155,7,W LANTAU,3.0,339,ON,HKCRP,808560,799430,SPRING,NONE,S,2016-04-26,2016,4,2016-17,2016,Final_Report_2016_17.pdf,WL,339.0
26-Apr-16,3,1249,3,W LANTAU,3.0,398,ON,HKCRP,807429,800262,SPRING,NONE,P,2016-04-26,2016,4,2016-17,2016,Final_Report_2016_17.pdf,WL,398.0
26-Apr-16,4,1321,2,W LANTAU,2.0,440,ON,HKCRP,806573,801694,SPRING,NONE,S,2016-04-26,2016,4,2016-17,2016,Final_Report_2016_17.pdf,WL,440.0
26-Apr-16,5,1344,1,W LANTAU,3.0,296,ON,HKCRP,806539,801756,SPRING,NONE,P,2016-04-26,2016,4,2016-17,2016,Final_Report_2016_17.pdf,WL,296.0
26-Apr-16,6,1411,1,W LANTAU,3.0,176,ON,HKCRP,810398,799723,SPRING,NONE,S,2016-04-26,2016,4,2016-17,2016,Final_Report_2016_17.pdf,WL,176.0
4-May-16,1,1103,1,W LANTAU,2.0,535,ON,HKCRP,811469,801066,SPRING,NONE,P,2016-05-04,2016,5,2016-17,2016,Final_Report_2016_17.pdf,WL,535.0
4-May-16,2,1127,5,W LANTAU,2.0,11,ON,HKCRP,809411,800215,SPRING,NONE,P,2016-05-04,2016,5,2016-17,2016,Final_Report_2016_17.pdf,WL,11.0
4-May-16,3,1200,6,W LANTAU,2.0,33,ON,HKCRP,807438,800881,SPRING,NONE,P,2016-05-04,2016,5,2016-17,2016,Final_Report_2016_17.pdf,WL,33.0
4-May-16,4,1239,4,SW LANTAU,2.0,ND,OFF,HKCRP,805962,802394,SPRING,NONE,,2016-05-04,2016,5,2016-17,2016,Final_Report_2016_17.pdf,SWL,
4-May-16,5,1255,1,SW LANTAU,2.0,171,ON,HKCRP,806081,803477,SPRING,NONE,P,2016-05-04,2016,5,2016-17,2016,Final_Report_2016_17.pdf,SWL,171.0
4-May-16,6,1516,13,W LANTAU,2.0,76,ON,HKCRP,808357,800924,SPRING,NONE,S,2016-05-04,2016,5,2016-17,2016,Final_Report_2016_17.pdf,WL,76.0
6-May-16,1,1017,2,W LANTAU,2.0,59,ON,HKCRP,813767,803071,SPRING,NONE,S,2016-05-06,2016,5,2016-17,2016,Final_Report_2016_17.pdf,WL,59.0
6-May-16,2,1023,2,W LANTAU,3.0,99,ON,HKCRP,812507,802130,SPRING,NONE,S,2016-05-06,2016,5,2016-17,2016,Final_Report_2016_17.pdf,WL,99.0
6-May-16,3,1027,5,W LANTAU,3.0,109,ON,HKCRP,811567,801674,SPRING,NONE,S,2016-05-06,2016,5,2016-17,2016,Final_Report_2016_17.pdf,WL,109.0
6-May-16,4,1032,2,W LANTAU,3.0,180,ON,HKCRP,810395,801001,SPRING,NONE,S,2016-05-06,2016,5,2016-17,2016,Final_Report_2016_17.pdf,WL,180.0
6-May-16,5,1039,2,W LANTAU,3.0,115,ON,HKCRP,808690,800874,SPRING,NONE,S,2016-05-06,2016,5,2016-17,2016,Final_Report_2016_17.pdf,WL,115.0
18-May-16,1,1036,8,W LANTAU,2.0,426,ON,HKCRP,812453,801490,SPRING,NONE,P,2016-05-18,2016,5,2016-17,2016,Final_Report_2016_17.pdf,WL,426.0
18-May-16,2,1112,5,W LANTAU,2.0,58,ON,HKCRP,811588,802334,SPRING,NONE,S,2016-05-18,2016,5,2016-17,2016,Final_Report_2016_17.pdf,WL,58.0
18-May-16,3,1132,1,W LANTAU,2.0,256,ON,HKCRP,810450,800919,SPRING,NONE,P,2016-05-18,2016,5,2016-17,2016,Final_Report_2016_17.pdf,WL,256.0
18-May-16,4,1207,7,W LANTAU,3.0,111,ON,HKCRP,806429,801735,SPRING,NONE,S,2016-05-18,2016,5,2016-17,2016,Final_Report_2016_17.pdf,WL,111.0
18-May-16,5,1251,2,SW LANTAU,3.0,ND,OFF,HKCRP,806866,804489,SPRING,NONE,,2016-05-18,2016,5,2016-17,2016,Final_Report_2016_17.pdf,SWL,
18-May-16,6,1452,1,SE LANTAU,2.0,10,ON,HKCRP,809571,815506,SPRING,NONE,P,2016-05-18,2016,5,2016-17,2016,Final_Report_2016_17.pdf,SEL,10.0
25-May-16,1,1502,2,SW LANTAU,4.0,ND,OFF,HKCRP,807453,810203,SPRING,NONE,,2016-05-25,2016,5,2016-17,2016,Final_Report_2016_17.pdf,SWL,
25-May-16,2,1535,1,SE LANTAU,2.0,ND,OFF,HKCRP,807632,816174,SPRING,NONE,,2016-05-25,2016,5,2016-17,2016,Final_Report_2016_17.pdf,SEL,
3-Jun-16,1,1108,4,W LANTAU,4.0,141,ON,HKCRP,806317,801920,SUMMER,NONE,S,2016-06-03,2016,6,2016-17,2016,Final_Report_2016_17.pdf,WL,141.0
3-Jun-16,2,1123,3,SW LANTAU,2.0,ND,OFF,HKCRP,806195,802332,SUMMER,NONE,,2016-06-03,2016,6,2016-17,2016,Final_Report_2016_17.pdf,SWL,
3-Jun-16,3,1403,1,SW LANTAU,3.0,54,ON,HKCRP,805684,808436,SUMMER,NONE,S,2016-06-03,2016,6,2016-17,2016,Final_Report_2016_17.pdf,SWL,54.0
7-Jun-16,1,1023,1,W LANTAU,2.0,82,ON,HKCRP,813569,802812,SUMMER,NONE,S,2016-06-07,2016,6,2016-17,2016,Final_Report_2016_17.pdf,WL,82.0
7-Jun-16,2,1028,1,W LANTAU,2.0,46,ON,HKCRP,812739,802336,SUMMER,NONE,S,2016-06-07,2016,6,2016-17,2016,Final_Report_2016_17.pdf,WL,46.0
7-Jun-16,3,1035,2,W LANTAU,2.0,272,ON,HKCRP,811168,801611,SUMMER,NONE,S,2016-06-07,2016,6,2016-17,2016,Final_Report_2016_17.pdf,WL,272.0
7-Jun-16,4,1042,5,W LANTAU,2.0,214,ON,HKCRP,809642,801010,SUMMER,NONE,S,2016-06-07,2016,6,2016-17,2016,Final_Report_2016_17.pdf,WL,214.0
7-Jun-16,5,1104,9,W LANTAU,2.0,17,ON,HKCRP,806561,801807,SUMMER,NONE,S,2016-06-07,2016,6,2016-17,2016,Final_Report_2016_17.pdf,WL,17.0
8-Jun-16,1,1102,1,W LANTAU,2.0,117,ON,HKCRP,811822,801551,SUMMER,NONE,S,2016-06-08,2016,6,2016-17,2016,Final_Report_2016_17.pdf,WL,117.0
8-Jun-16,2,1107,1,W LANTAU,3.0,426,ON,HKCRP,811136,801013,SUMMER,NONE,S,2016-06-08,2016,6,2016-17,2016,Final_Report_2016_17.pdf,WL,426.0
8-Jun-16,3,1113,3,W LANTAU,2.0,164,ON,HKCRP,809786,800711,SUMMER,NONE,S,2016-06-08,2016,6,2016-17,2016,Final_Report_2016_17.pdf,WL,164.0
8-Jun-16,4,1136,6,W LANTAU,2.0,83,ON,HKCRP,805988,800517,SUMMER,NONE,S,2016-06-08,2016,6,2016-17,2016,Final_Report_2016_17.pdf,WL,83.0
14-Jun-16,1,1310,4,SW LANTAU,3.0,ND,OFF,HKCRP,806457,809562,SUMMER,NONE,,2016-06-14,2016,6,2016-17,2016,Final_Report_2016_17.pdf,SWL,
14-Jun-16,2,1338,4,SW LANTAU,3.0,218,ON,HKCRP,807421,809172,SUMMER,NONE,S,2016-06-14,2016,6,2016-17,2016,Final_Report_2016_17.pdf,SWL,218.0
14-Jun-16,3,1400,2,SW LANTAU,3.0,88,ON,HKCRP,807511,808667,SUMMER,NONE,S,2016-06-14,2016,6,2016-17,2016,Final_Report_2016_17.pdf,SWL,88.0
14-Jun-16,4,1428,5,SW LANTAU,3.0,665,ON,HKCRP,806594,807417,SUMMER,NONE,P,2016-06-14,2016,6,2016-17,2016,Final_Report_2016_17.pdf,SWL,665.0
14-Jun-16,5,1537,1,SW LANTAU,2.0,ND,OFF,HKCRP,803834,809103,SUMMER,NONE,,2016-06-14,2016,6,2016-17,2016,Final_Report_2016_17.pdf,SWL,
20-Jun-16,1,1349,1,SW LANTAU,3.0,635,ON,HKCRP,805497,802506,SUMMER,NONE,P,2016-06-20,2016,6,2016-17,2016,Final_Report_2016_17.pdf,SWL,635.0
20-Jun-16,2,1353,8,SW LANTAU,2.0,14,ON,HKCRP,806150,802569,SUMMER,NONE,P,2016-06-20,2016,6,2016-17,2016,Final_Report_2016_17.pdf,SWL,14.0
20-Jun-16,3,1414,2,SW LANTAU,2.0,889,ON,HKCRP,807065,804458,SUMMER,NONE,S,2016-06-20,2016,6,2016-17,2016,Final_Report_2016_17.pdf,SWL,889.0
20-Jun-16,4,1503,12,SW LANTAU,2.0,462,ON,HKCRP,807868,807337,SUMMER,PURSE SEINE,P,2016-06-20,2016,6,2016-17,2016,Final_Report_2016_17.pdf,SWL,462.0
20-Jun-16,5,1542,2,SW LANTAU,2.0,155,ON,HKCRP,806481,808520,SUMMER,NONE,P,2016-06-20,2016,6,2016-17,2016,Final_Report_2016_17.pdf,SWL,155.0
20-Jun-16,6,1600,3,SW LANTAU,2.0,158,ON,HKCRP,804245,808423,SUMMER,NONE,S,2016-06-20,2016,6,2016-17,2016,Final_Report_2016_17.pdf,SWL,158.0
20-Jun-16,7,1613,1,SW LANTAU,2.0,ND,OFF,HKCRP,803977,809671,SUMMER,NONE,,2016-06-20,2016,6,2016-17,2016,Final_Report_2016_17.pdf,SWL,
28-Jun-16,1,1052,7,W LANTAU,3.0,83,ON,HKCRP,809221,800916,SUMMER,NONE,S,2016-06-28,2016,6,2016-17,2016,Final_Report_2016_17.pdf,WL,83.0
28-Jun-16,2,1130,7,W LANTAU,3.0,263,ON,HKCRP,806022,800537,SUMMER,NONE,S,2016-06-28,2016,6,2016-17,2016,Final_Report_2016_17.pdf,WL,263.0
28-Jun-16,3,1215,2,W LANTAU,3.0,ND,OFF,HKCRP,807474,799675,SUMMER,NONE,,2016-06-28,2016,6,2016-17,2016,Final_Report_2016_17.pdf,WL,
28-Jun-16,4,1236,5,W LANTAU,2.0,122,ON,HKCRP,809410,800700,SUMMER,NONE,P,2016-06-28,2016,6,2016-17,2016,Final_Report_2016_17.pdf,WL,122.0
28-Jun-16,5,1303,1,W LANTAU,2.0,104,ON,HKCRP,811445,801787,SUMMER,NONE,P,2016-06-28,2016,6,2016-17,2016,Final_Report_2016_17.pdf,WL,104.0
28-Jun-16,6,1323,4,W LANTAU,2.0,543,ON,HKCRP,813548,801977,SUMMER,NONE,P,2016-06-28,2016,6,2016-17,2016,Final_Report_2016_17.pdf,WL,543.0
4-Jul-16,1,1043,2,W LANTAU,4.0,0,ON,HKCRP,809155,800854,SUMMER,NONE,S,2016-07-04,2016,7,2016-17,2016,Final_Report_2016_17.pdf,WL,0.0
4-Jul-16,2,1237,3,W LANTAU,3.0,161,ON,HKCRP,813734,803287,SUMMER,NONE,S,2016-07-04,2016,7,2016-17,2016,Final_Report_2016_17.pdf,WL,161.0
6-Jul-16,1,1421,3,SW LANTAU,2.0,ND,OFF,HKCRP,806106,802384,SUMMER,NONE,,2016-07-06,2016,7,2016-17,2016,Final_Report_2016_17.pdf,SWL,
6-Jul-16,2,1504,2,SW LANTAU,2.0,ND,OFF,HKCRP,806976,804520,SUMMER,NONE,,2016-07-06,2016,7,2016-17,2016,Final_Report_2016_17.pdf,SWL,
6-Jul-16,3,1523,5,SW LANTAU,2.0,52,ON,HKCRP,807462,805191,SUMMER,NONE,S,2016-07-06,2016,7,2016-17,2016,Final_Report_2016_17.pdf,SWL,52.0
6-Jul-16,4,1556,3,SW LANTAU,2.0,ND,OFF,HKCRP,807223,808491,SUMMER,NONE,,2016-07-06,2016,7,2016-17,2016,Final_Report_2016_17.pdf,SWL,
8-Jul-16,1,1025,4,W LANTAU,2.0,265,ON,HKCRP,813170,802626,SUMMER,NONE,S,2016-07-08,2016,7,2016-17,2016,Final_Report_2016_17.pdf,WL,265.0
8-Jul-16,2,1028,3,W LANTAU,2.0,206,ON,HKCRP,812684,802264,SUMMER,NONE,S,2016-07-08,2016,7,2016-17,2016,Final_Report_2016_17.pdf,WL,206.0
8-Jul-16,3,1032,4,W LANTAU,2.0,88,ON,HKCRP,811511,801715,SUMMER,NONE,S,2016-07-08,2016,7,2016-17,2016,Final_Report_2016_17.pdf,WL,88.0
8-Jul-16,4,1042,3,W LANTAU,2.0,163,ON,HKCRP,809453,800958,SUMMER,NONE,S,2016-07-08,2016,7,2016-17,2016,Final_Report_2016_17.pdf,WL,163.0
8-Jul-16,5,1051,2,W LANTAU,2.0,347,ON,HKCRP,807426,801397,SUMMER,NONE,S,2016-07-08,2016,7,2016-17,2016,Final_Report_2016_17.pdf,WL,347.0
8-Jul-16,6,1054,3,W LANTAU,2.0,223,ON,HKCRP,806683,801725,SUMMER,NONE,S,2016-07-08,2016,7,2016-17,2016,Final_Report_2016_17.pdf,WL,223.0
13-Jul-16,1,1341,1,SW LANTAU,2.0,ND,OFF,HKCRP,806118,802146,SUMMER,NONE,,2016-07-13,2016,7,2016-17,2016,Final_Report_2016_17.pdf,SWL,
19-Jul-16,1,1345,1,SW LANTAU,2.0,ND,OFF,HKCRP,805773,808519,SUMMER,NONE,,2016-07-19,2016,7,2016-17,2016,Final_Report_2016_17.pdf,SWL,
19-Jul-16,2,1413,1,SW LANTAU,2.0,8,ON,HKCRP,807589,808182,SUMMER,NONE,S,2016-07-19,2016,7,2016-17,2016,Final_Report_2016_17.pdf,SWL,8.0
19-Jul-16,3,1537,3,SW LANTAU,1.0,ND,OFF,HKCRP,803911,809196,SUMMER,NONE,,2016-07-19,2016,7,2016-17,2016,Final_Report_2016_17.pdf,SWL,
27-Jul-16,1,1536,2,NW LANTAU,2.0,ND,OFF,HKCRP,818884,803061,SUMMER,NONE,,2016-07-27,2016,7,2016-17,2016,Final_Report_2016_17.pdf,NWL,
9-Aug-16,1,1316,1,SW LANTAU,2.0,25,ON,HKCRP,806161,802497,SUMMER,NONE,S,2016-08-09,2016,8,2016-17,2016,Final_Report_2016_17.pdf,SWL,25.0
9-Aug-16,2,1328,1,SW LANTAU,2.0,ND,OFF,HKCRP,807031,804603,SUMMER,NONE,,2016-08-09,2016,8,2016-17,2016,Final_Report_2016_17.pdf,SWL,
16-Aug-16,1,1318,1,W LANTAU,2.0,ND,OFF,HKCRP,805974,802012,SUMMER,NONE,,2016-08-16,2016,8,2016-17,2016,Final_Report_2016_17.pdf,WL,
16-Aug-16,2,1323,1,W LANTAU,2.0,ND,OFF,HKCRP,806403,803055,SUMMER,NONE,,2016-08-16,2016,8,2016-17,2016,Final_Report_2016_17.pdf,WL,
16-Aug-16,3,1327,2,SW LANTAU,1.0,69,ON,HKCRP,806546,803519,SUMMER,NONE,P,2016-08-16,2016,8,2016-17,2016,Final_Report_2016_17.pdf,SWL,69.0
16-Aug-16,4,1337,2,SW LANTAU,2.0,93,ON,HKCRP,804841,803433,SUMMER,NONE,P,2016-08-16,2016,8,2016-17,2016,Final_Report_2016_17.pdf,SWL,93.0
19-Aug-16,1,1345,6,NW LANTAU,3.0,10,ON,HKCRP,826438,807527,SUMMER,NONE,P,2016-08-19,2016,8,2016-17,2016,Final_Report_2016_17.pdf,NWL,10.0
22-Aug-16,1,1006,1,W LANTAU,2.0,ND,OFF,HKCRP,816718,806066,SUMMER,NONE,,2016-08-22,2016,8,2016-17,2016,Final_Report_2016_17.pdf,WL,
22-Aug-16,2,1027,2,W LANTAU,2.0,131,ON,HKCRP,814055,803112,SUMMER,NONE,S,2016-08-22,2016,8,2016-17,2016,Final_Report_2016_17.pdf,WL,131.0
22-Aug-16,3,1036,1,W LANTAU,2.0,73,ON,HKCRP,812396,802160,SUMMER,NONE,S,2016-08-22,2016,8,2016-17,2016,Final_Report_2016_17.pdf,WL,73.0
22-Aug-16,4,1043,1,W LANTAU,2.0,11,ON,HKCRP,810903,801559,SUMMER,NONE,S,2016-08-22,2016,8,2016-17,2016,Final_Report_2016_17.pdf,WL,11.0
22-Aug-16,5,1047,4,W LANTAU,2.0,ND,OFF,HKCRP,810230,800393,SUMMER,NONE,,2016-08-22,2016,8,2016-17,2016,Final_Report_2016_17.pdf,WL,
22-Aug-16,6,1059,1,W LANTAU,2.0,291,ON,HKCRP,808679,800812,SUMMER,NONE,S,2016-08-22,2016,8,2016-17,2016,Final_Report_2016_17.pdf,WL,291.0
25-Aug-16,1,1019,8,W LANTAU,2.0,63,ON,HKCRP,812784,802326,SUMMER,NONE,S,2016-08-25,2016,8,2016-17,2016,Final_Report_2016_17.pdf,WL,63.0
25-Aug-16,2,1039,5,W LANTAU,2.0,201,ON,HKCRP,810405,801476,SUMMER,NONE,S,2016-08-25,2016,8,2016-17,2016,Final_Report_2016_17.pdf,WL,201.0
25-Aug-16,3,1046,5,W LANTAU,2.0,79,ON,HKCRP,808833,800905,SUMMER,NONE,S,2016-08-25,2016,8,2016-17,2016,Final_Report_2016_17.pdf,WL,79.0
25-Aug-16,4,1106,1,SW LANTAU,3.0,131,ON,HKCRP,806238,802735,SUMMER,NONE,S,2016-08-25,2016,8,2016-17,2016,Final_Report_2016_17.pdf,SWL,131.0
29-Aug-16,1,1151,11,NW LANTAU,2.0,128,ON,HKCRP,827160,806509,SUMMER,NONE,P,2016-08-29,2016,8,2016-17,2016,Final_Report_2016_17.pdf,NWL,128.0
6-Sep-16,4,1501,1,SW LANTAU,1.0,83,ON,HKCRP,805225,805465,AUTUMN,NONE,P,2016-09-06,2016,9,2016-17,2016,Final_Report_2016_17.pdf,SWL,83.0
19-Sep-16,1,1044,3,W LANTAU,4.0,457,ON,HKCRP,808556,800956,AUTUMN,NONE,S,2016-09-19,2016,9,2016-17,2016,Final_Report_2016_17.pdf,WL,457.0
20-Sep-16,1,1038,1,W LANTAU,2.0,66,ON,HKCRP,811799,802056,AUTUMN,NONE,S,2016-09-20,2016,9,2016-17,2016,Final_Report_2016_17.pdf,WL,66.0
20-Sep-16,2,1045,2,W LANTAU,2.0,71,ON,HKCRP,811378,801942,AUTUMN,NONE,S,2016-09-20,2016,9,2016-17,2016,Final_Report_2016_17.pdf,WL,71.0
26-Sep-16,1,1024,10,W LANTAU,1.0,91,ON,HKCRP,813281,802678,AUTUMN,NONE,S,2016-09-26,2016,9,2016-17,2016,Final_Report_2016_17.pdf,WL,91.0
26-Sep-16,2,1041,5,W LANTAU,1.0,41,ON,HKCRP,810715,801383,AUTUMN,NONE,S,2016-09-26,2016,9,2016-17,2016,Final_Report_2016_17.pdf,WL,41.0
26-Sep-16,3,1057,9,W LANTAU,2.0,96,ON,HKCRP,808557,800739,AUTUMN,NONE,S,2016-09-26,2016,9,2016-17,2016,Final_Report_2016_17.pdf,WL,96.0
26-Sep-16,4,1114,7,W LANTAU,2.0,161,ON,HKCRP,807748,801119,AUTUMN,NONE,S,2016-09-26,2016,9,2016-17,2016,Final_Report_2016_17.pdf,WL,161.0
26-Sep-16,5,1123,5,W LANTAU,2.0,323,ON,HKCRP,805941,802043,AUTUMN,NONE,S,2016-09-26,2016,9,2016-17,2016,Final_Report_2016_17.pdf,WL,323.0
26-Sep-16,6,1201,5,SW LANTAU,2.0,114,ON,HKCRP,805074,803454,AUTUMN,NONE,P,2016-09-26,2016,9,2016-17,2016,Final_Report_2016_17.pdf,SWL,114.0
26-Sep-16,7,1216,1,SW LANTAU,2.0,163,ON,HKCRP,806436,803436,AUTUMN,NONE,P,2016-09-26,2016,9,2016-17,2016,Final_Report_2016_17.pdf,SWL,163.0
26-Sep-16,8,1341,1,SW LANTAU,2.0,76,ON,HKCRP,807410,809347,AUTUMN,NONE,S,2016-09-26,2016,9,2016-17,2016,Final_Report_2016_17.pdf,SWL,76.0
14-Oct-16,1,1037,3,W LANTAU,2.0,109,ON,HKCRP,812839,802244,AUTUMN,NONE,S,2016-10-14,2016,10,2016-17,2016,Final_Report_2016_17.pdf,WL,109.0
14-Oct-16,2,1050,3,W LANTAU,2.0,46,ON,HKCRP,810384,800826,AUTUMN,NONE,S,2016-10-14,2016,10,2016-17,2016,Final_Report_2016_17.pdf,WL,46.0
14-Oct-16,3,1104,2,W LANTAU,2.0,231,ON,HKCRP,808657,800492,AUTUMN,NONE,S,2016-10-14,2016,10,2016-17,2016,Final_Report_2016_17.pdf,WL,231.0
24-Oct-16,1,1012,1,W LANTAU,2.0,23,ON,HKCRP,814452,803866,AUTUMN,NONE,S,2016-10-24,2016,10,2016-17,2016,Final_Report_2016_17.pdf,WL,23.0
24-Oct-16,2,1026,3,W LANTAU,2.0,71,ON,HKCRP,810770,801394,AUTUMN,NONE,S,2016-10-24,2016,10,2016-17,2016,Final_Report_2016_17.pdf,WL,71.0
24-Oct-16,3,1040,3,W LANTAU,2.0,625,ON,HKCRP,808900,800884,AUTUMN,NONE,S,2016-10-24,2016,10,2016-17,2016,Final_Report_2016_17.pdf,WL,625.0
24-Oct-16,4,1045,2,W LANTAU,3.0,312,ON,HKCRP,807493,801314,AUTUMN,NONE,S,2016-10-24,2016,10,2016-17,2016,Final_Report_2016_17.pdf,WL,312.0
25-Oct-16,1,1208,2,NW LANTAU,2.0,281,ON,HKCRP,825955,805414,AUTUMN,NONE,P,2016-10-25,2016,10,2016-17,2016,Final_Report_2016_17.pdf,NWL,281.0
25-Oct-16,2,1347,1,W LANTAU,3.0,99,ON,HKCRP,813911,803184,AUTUMN,NONE,S,2016-10-25,2016,10,2016-17,2016,Final_Report_2016_17.pdf,WL,99.0
25-Oct-16,3,1452,7,W LANTAU,4.0,281,ON,HKCRP,807439,800458,AUTUMN,NONE,P,2016-10-25,2016,10,2016-17,2016,Final_Report_2016_17.pdf,WL,281.0
25-Oct-16,4,1556,6,W LANTAU,3.0,175,ON,HKCRP,810054,799691,AUTUMN,NONE,S,2016-10-25,2016,10,2016-17,2016,Final_Report_2016_17.pdf,WL,175.0
25-Oct-16,5,1640,1,W LANTAU,3.0,48,ON,HKCRP,814478,802196,AUTUMN,NONE,P,2016-10-25,2016,10,2016-17,2016,Final_Report_2016_17.pdf,WL,48.0
26-Oct-16,1,1020,6,W LANTAU,2.0,86,ON,HKCRP,813690,802864,AUTUMN,NONE,S,2016-10-26,2016,10,2016-17,2016,Final_Report_2016_17.pdf,WL,86.0
26-Oct-16,2,1023,1,W LANTAU,2.0,52,ON,HKCRP,812806,802378,AUTUMN,NONE,S,2016-10-26,2016,10,2016-17,2016,Final_Report_2016_17.pdf,WL,52.0
26-Oct-16,3,1027,3,W LANTAU,2.0,65,ON,HKCRP,811899,801922,AUTUMN,NONE,S,2016-10-26,2016,10,2016-17,2016,Final_Report_2016_17.pdf,WL,65.0
26-Oct-16,4,1031,1,W LANTAU,2.0,110,ON,HKCRP,810870,801415,AUTUMN,NONE,S,2016-10-26,2016,10,2016-17,2016,Final_Report_2016_17.pdf,WL,110.0
26-Oct-16,5,1046,2,W LANTAU,3.0,106,ON,HKCRP,806495,801735,AUTUMN,NONE,S,2016-10-26,2016,10,2016-17,2016,Final_Report_2016_17.pdf,WL,106.0
31-Oct-16,1,1011,2,NW LANTAU,2.0,124,ON,HKCRP,814916,804681,AUTUMN,NONE,P,2016-10-31,2016,10,2016-17,2016,Final_Report_2016_17.pdf,NWL,124.0
9-Nov-16,1,1038,1,W LANTAU,2.0,182,ON,HKCRP,814534,801804,AUTUMN,NONE,P,2016-11-09,2016,11,2016-17,2016,Final_Report_2016_17.pdf,WL,182.0
9-Nov-16,2,1111,1,W LANTAU,3.0,72,ON,HKCRP,810736,801610,AUTUMN,NONE,S,2016-11-09,2016,11,2016-17,2016,Final_Report_2016_17.pdf,WL,72.0
9-Nov-16,3,1132,2,W LANTAU,3.0,218,ON,HKCRP,809036,799462,AUTUMN,NONE,S,2016-11-09,2016,11,2016-17,2016,Final_Report_2016_17.pdf,WL,218.0
9-Nov-16,4,1225,1,SW LANTAU,3.0,ND,OFF,HKCRP,806172,802404,AUTUMN,NONE,,2016-11-09,2016,11,2016-17,2016,Final_Report_2016_17.pdf,SWL,
10-Nov-16,1,1325,2,NW LANTAU,3.0,332,ON,HKCRP,824487,808399,AUTUMN,NONE,P,2016-11-10,2016,11,2016-17,2016,Final_Report_2016_17.pdf,NWL,332.0
11-Nov-16,1,1501,1,SW LANTAU,2.0,129,ON,HKCRP,806183,808035,AUTUMN,NONE,S,2016-11-11,2016,11,2016-17,2016,Final_Report_2016_17.pdf,SWL,129.0
25-Nov-16,1,1143,7,W LANTAU,3.0,ND,OFF,HKCRP,806107,801816,AUTUMN,NONE,,2016-11-25,2016,11,2016-17,2016,Final_Report_2016_17.pdf,WL,
25-Nov-16,2,1216,1,SW LANTAU,2.0,689,ON,HKCRP,807074,805263,AUTUMN,NONE,S,2016-11-25,2016,11,2016-17,2016,Final_Report_2016_17.pdf,SWL,689.0
25-Nov-16,3,1224,2,SW LANTAU,2.0,254,ON,HKCRP,807149,806882,AUTUMN,NONE,S,2016-11-25,2016,11,2016-17,2016,Final_Report_2016_17.pdf,SWL,254.0
2-Dec-16,1,1400,2,SW LANTAU,2.0,437,ON,HKCRP,804551,804515,WINTER,NONE,P,2016-12-02,2016,12,2016-17,2016,Final_Report_2016_17.pdf,SWL,437.0
7-Dec-16,1,1023,2,W LANTAU,3.0,82,ON,HKCRP,813848,801586,WINTER,NONE,S,2016-12-07,2016,12,2016-17,2016,Final_Report_2016_17.pdf,WL,82.0
7-Dec-16,2,1031,4,W LANTAU,3.0,401,ON,HKCRP,813615,801689,WINTER,NONE,P,2016-12-07,2016,12,2016-17,2016,Final_Report_2016_17.pdf,WL,401.0
7-Dec-16,3,1059,3,W LANTAU,3.0,930,ON,HKCRP,811565,802488,WINTER,NONE,S,2016-12-07,2016,12,2016-17,2016,Final_Report_2016_17.pdf,WL,930.0
7-Dec-16,4,1105,2,W LANTAU,3.0,138,ON,HKCRP,811467,801705,WINTER,NONE,P,2016-12-07,2016,12,2016-17,2016,Final_Report_2016_17.pdf,WL,138.0
7-Dec-16,5,1201,2,W LANTAU,3.0,575,ON,HKCRP,805521,801702,WINTER,NONE,P,2016-12-07,2016,12,2016-17,2016,Final_Report_2016_17.pdf,WL,575.0
7-Dec-16,6,1230,2,SW LANTAU,2.0,614,ON,HKCRP,806613,803416,WINTER,NONE,P,2016-12-07,2016,12,2016-17,2016,Final_Report_2016_17.pdf,SWL,614.0
7-Dec-16,7,1243,1,SW LANTAU,2.0,140,ON,HKCRP,805816,803383,WINTER,NONE,P,2016-12-07,2016,12,2016-17,2016,Final_Report_2016_17.pdf,SWL,140.0
7-Dec-16,8,1344,3,SW LANTAU,2.0,33,ON,HKCRP,807936,806378,WINTER,NONE,S,2016-12-07,2016,12,2016-17,2016,Final_Report_2016_17.pdf,SWL,33.0
9-Dec-16,1,1506,4,SW LANTAU,3.0,ND,OFF,HKCRP,806315,802951,WINTER,NONE,,2016-12-09,2016,12,2016-17,2016,Final_Report_2016_17.pdf,SWL,
13-Dec-16,1,1126,3,SW LANTAU,2.0,146,ON,HKCRP,802657,804583,WINTER,NONE,P,2016-12-13,2016,12,2016-17,2016,Final_Report_2016_17.pdf,SWL,146.0
13-Dec-16,2,1230,2,SW LANTAU,2.0,219,ON,HKCRP,803429,806493,WINTER,NONE,P,2016-12-13,2016,12,2016-17,2016,Final_Report_2016_17.pdf,SWL,219.0
13-Dec-16,3,1308,2,SW LANTAU,3.0,90,ON,HKCRP,800770,807210,WINTER,PAIR,S,2016-12-13,2016,12,2016-17,2016,Final_Report_2016_17.pdf,SWL,90.0
13-Dec-16,4,1336,2,SW LANTAU,3.0,87,ON,HKCRP,803668,808680,WINTER,NONE,S,2016-12-13,2016,12,2016-17,2016,Final_Report_2016_17.pdf,SWL,87.0
3-Jan-17,1,1025,1,W LANTAU,2.0,615,ON,HKCRP,812639,802439,WINTER,NONE,S,2017-01-03,2017,1,2016-17,2016,Final_Report_2016_17.pdf,WL,615.0
3-Jan-17,2,1035,5,W LANTAU,2.0,321,ON,HKCRP,811744,801561,WINTER,NONE,S,2017-01-03,2017,1,2016-17,2016,Final_Report_2016_17.pdf,WL,321.0
3-Jan-17,3,1103,1,W LANTAU,2.0,88,ON,HKCRP,811247,801117,WINTER,NONE,S,2017-01-03,2017,1,2016-17,2016,Final_Report_2016_17.pdf,WL,88.0
3-Jan-17,4,1108,1,W LANTAU,2.0,43,ON,HKCRP,810705,801023,WINTER,NONE,S,2017-01-03,2017,1,2016-17,2016,Final_Report_2016_17.pdf,WL,43.0
3-Jan-17,5,1112,2,W LANTAU,2.0,404,ON,HKCRP,810162,800949,WINTER,NONE,S,2017-01-03,2017,1,2016-17,2016,Final_Report_2016_17.pdf,WL,404.0
4-Jan-17,1,1039,3,W LANTAU,2.0,210,ON,HKCRP,812485,801975,WINTER,NONE,P,2017-01-04,2017,1,2016-17,2016,Final_Report_2016_17.pdf,WL,210.0
4-Jan-17,2,1102,13,W LANTAU,2.0,228,ON,HKCRP,811919,802561,WINTER,NONE,S,2017-01-04,2017,1,2016-17,2016,Final_Report_2016_17.pdf,WL,228.0
4-Jan-17,3,1151,6,W LANTAU,3.0,328,ON,HKCRP,808382,799770,WINTER,NONE,P,2017-01-04,2017,1,2016-17,2016,Final_Report_2016_17.pdf,WL,328.0
4-Jan-17,4,1311,6,W LANTAU,3.0,281,ON,HKCRP,810243,799609,WINTER,NONE,S,2017-01-04,2017,1,2016-17,2016,Final_Report_2016_17.pdf,WL,281.0
4-Jan-17,5,1346,1,W LANTAU,2.0,224,ON,HKCRP,815438,803713,WINTER,NONE,P,2017-01-04,2017,1,2016-17,2016,Final_Report_2016_17.pdf,WL,224.0
4-Jan-17,6,1428,3,NW LANTAU,2.0,175,ON,HKCRP,823496,805482,WINTER,NONE,P,2017-01-04,2017,1,2016-17,2016,Final_Report_2016_17.pdf,NWL,175.0
9-Jan-17,1,1403,8,SW LANTAU,2.0,ND,OFF,HKCRP,806073,802249,WINTER,NONE,,2017-01-09,2017,1,2016-17,2016,Final_Report_2016_17.pdf,SWL,
13-Jan-17,1,1049,7,NW LANTAU,3.0,162,ON,HKCRP,826542,805364,WINTER,NONE,S,2017-01-13,2017,1,2016-17,2016,Final_Report_2016_17.pdf,NWL,162.0
17-Jan-17,1,1010,3,W LANTAU,2.0,ND,OFF,HKCRP,814916,804516,WINTER,NONE,,2017-01-17,2017,1,2016-17,2016,Final_Report_2016_17.pdf,WL,
17-Jan-17,2,1038,12,W LANTAU,3.0,504,ON,HKCRP,813207,801193,WINTER,NONE,S,2017-01-17,2017,1,2016-17,2016,Final_Report_2016_17.pdf,WL,504.0
17-Jan-17,3,1120,1,W LANTAU,3.0,155,ON,HKCRP,812487,801181,WINTER,NONE,P,2017-01-17,2017,1,2016-17,2016,Final_Report_2016_17.pdf,WL,155.0
17-Jan-17,4,1148,3,W LANTAU,2.0,427,ON,HKCRP,810474,800373,WINTER,NONE,P,2017-01-17,2017,1,2016-17,2016,Final_Report_2016_17.pdf,WL,427.0
17-Jan-17,5,1219,2,W LANTAU,2.0,47,ON,HKCRP,810298,799733,WINTER,NONE,S,2017-01-17,2017,1,2016-17,2016,Final_Report_2016_17.pdf,WL,47.0
17-Jan-17,6,1352,1,SW LANTAU,2.0,323,ON,HKCRP,804401,807423,WINTER,NONE,P,2017-01-17,2017,1,2016-17,2016,Final_Report_2016_17.pdf,SWL,323.0
19-Jan-17,2,1344,1,SE LANTAU,2.0,220,ON,HKCRP,805482,817573,WINTER,NONE,P,2017-01-19,2017,1,2016-17,2016,Final_Report_2016_17.pdf,SEL,220.0
23-Jan-17,1,1127,5,NW LANTAU,3.0,17,ON,HKCRP,831250,804694,WINTER,NONE,P,2017-01-23,2017,1,2016-17,2016,Final_Report_2016_17.pdf,NWL,17.0
23-Jan-17,2,1315,7,NW LANTAU,3.0,641,ON,HKCRP,828921,806481,WINTER,NONE,P,2017-01-23,2017,1,2016-17,2016,Final_Report_2016_17.pdf,NWL,641.0
26-Jan-17,3,1450,3,SE LANTAU,3.0,14,ON,HKCRP,806475,812542,WINTER,NONE,P,2017-01-26,2017,1,2016-17,2016,Final_Report_2016_17.pdf,SEL,14.0
1-Feb-17,1,1009,1,NW LANTAU,2.0,ND,OFF,HKCRP,816631,805231,WINTER,NONE,,2017-02-01,2017,2,2016-17,2016,Final_Report_2016_17.pdf,NWL,
1-Feb-17,2,1043,2,W LANTAU,3.0,ND,OFF,HKCRP,813505,801575,WINTER,NONE,,2017-02-01,2017,2,2016-17,2016,Final_Report_2016_17.pdf,WL,
1-Feb-17,3,1057,1,W LANTAU,3.0,191,ON,HKCRP,813527,801627,WINTER,NONE,P,2017-02-01,2017,2,2016-17,2016,Final_Report_2016_17.pdf,WL,191.0
1-Feb-17,6,1444,2,SW LANTAU,2.0,1105,ON,HKCRP,805658,810592,WINTER,NONE,P,2017-02-01,2017,2,2016-17,2016,Final_Report_2016_17.pdf,SWL,1105.0
1-Feb-17,7,1541,2,SW LANTAU,2.0,176,ON,HKCRP,805612,811530,WINTER,NONE,P,2017-02-01,2017,2,2016-17,2016,Final_Report_2016_17.pdf,SWL,176.0
3-Feb-17,1,1032,1,NW LANTAU,2.0,ND,OFF,HKCRP,822931,805511,WINTER,NONE,,2017-02-03,2017,2,2016-17,2016,Final_Report_2016_17.pdf,NWL,
6-Feb-17,1,1050,11,W LANTAU,3.0,60,ON,HKCRP,808612,800812,WINTER,PURSE SEINE,S,2017-02-06,2017,2,2016-17,2016,Final_Report_2016_17.pdf,WL,60.0
17-Feb-17,1,1007,1,NW LANTAU,2.0,54,ON,HKCRP,815523,805599,WINTER,NONE,S,2017-02-17,2017,2,2016-17,2016,Final_Report_2016_17.pdf,NWL,54.0
17-Feb-17,2,1030,1,W LANTAU,2.0,58,ON,HKCRP,813271,802276,WINTER,NONE,S,2017-02-17,2017,2,2016-17,2016,Final_Report_2016_17.pdf,WL,58.0
17-Feb-17,3,1038,4,W LANTAU,2.0,35,ON,HKCRP,812110,801562,WINTER,NONE,S,2017-02-17,2017,2,2016-17,2016,Final_Report_2016_17.pdf,WL,35.0
17-Feb-17,4,1052,1,W LANTAU,2.0,ND,OFF,HKCRP,812086,802057,WINTER,NONE,,2017-02-17,2017,2,2016-17,2016,Final_Report_2016_17.pdf,WL,
17-Feb-17,5,1101,5,W LANTAU,2.0,999,ON,HKCRP,810881,801343,WINTER,NONE,S,2017-02-17,2017,2,2016-17,2016,Final_Report_2016_17.pdf,WL,999.0
17-Feb-17,6,1116,4,W LANTAU,2.0,1,ON,HKCRP,808435,800863,WINTER,NONE,S,2017-02-17,2017,2,2016-17,2016,Final_Report_2016_17.pdf,WL,1.0
17-Feb-17,7,1134,2,W LANTAU,3.0,25,ON,HKCRP,806529,801518,WINTER,NONE,S,2017-02-17,2017,2,2016-17,2016,Final_Report_2016_17.pdf,WL,25.0
17-Feb-17,8,1145,1,SW LANTAU,3.0,ND,OFF,HKCRP,806184,802322,WINTER,NONE,,2017-02-17,2017,2,2016-17,2016,Final_Report_2016_17.pdf,SWL,
17-Feb-17,11,1308,2,SW LANTAU,2.0,1005,ON,HKCRP,807068,808542,WINTER,NONE,P,2017-02-17,2017,2,2016-17,2016,Final_Report_2016_17.pdf,SWL,1005.0
27-Feb-17,1,1051,2,NW LANTAU,3.0,341,ON,HKCRP,824738,804732,WINTER,NONE,P,2017-02-27,2017,2,2016-17,2016,Final_Report_2016_17.pdf,NWL,341.0
1-Mar-17,1,1308,3,SW LANTAU,3.0,181,ON,HKCRP,804145,802627,SPRING,PAIR,P,2017-03-01,2017,3,2016-17,2016,Final_Report_2016_17.pdf,SWL,181.0
1-Mar-17,2,1529,1,SW LANTAU,2.0,ND,OFF,HKCRP,804097,810476,SPRING,PURSE SEINE,,2017-03-01,2017,3,2016-17,2016,Final_Report_2016_17.pdf,SWL,
6-Mar-17,1,1043,4,W LANTAU,1.0,94,ON,HKCRP,808191,800914,SPRING,PURSE SEINE,S,2017-03-06,2017,3,2016-17,2016,Final_Report_2016_17.pdf,WL,94.0
13-Mar-17,1,1307,1,SW LANTAU,2.0,ND,OFF,HKCRP,806260,802931,SPRING,PURSE SEINE,,2017-03-13,2017,3,2016-17,2016,Final_Report_2016_17.pdf,SWL,
21-Mar-17,1,1023,4,W LANTAU,1.0,156,ON,HKCRP,813579,803070,SPRING,NONE,S,2017-03-21,2017,3,2016-17,2016,Final_Report_2016_17.pdf,WL,156.0
21-Mar-17,2,1042,7,W LANTAU,1.0,76,ON,HKCRP,808978,800833,SPRING,NONE,S,2017-03-21,2017,3,2016-17,2016,Final_Report_2016_17.pdf,WL,76.0
24-Mar-17,1,1015,2,NW LANTAU,2.0,1129,ON,HKCRP,815270,804589,SPRING,PURSE SEINE,P,2017-03-24,2017,3,2016-17,2016,Final_Report_2016_17.pdf,NWL,1129.0
7-Apr-17,1,1038,4,W LANTAU,3.0,639,ON,HKCRP,809022,800751,SPRING,NONE,S,2017-04-07,2017,4,2017-18,2017,Final_Report_2017_18.pdf,WL,639.0
13-Apr-17,1,1354,1,SW LANTAU,1.0,82,ON,HKCRP,805849,803487,SPRING,NONE,P,2017-04-13,2017,4,2017-18,2017,Final_Report_2017_18.pdf,SWL,82.0
18-Apr-17,1,1032,1,W LANTAU,2.0,ND,OFF,HKCRP,814280,801690,SPRING,NONE,,2017-04-18,2017,4,2017-18,2017,Final_Report_2017_18.pdf,WL,
18-Apr-17,2,1050,5,W LANTAU,2.0,534,ON,HKCRP,812463,802140,SPRING,NONE,P,2017-04-18,2017,4,2017-18,2017,Final_Report_2017_18.pdf,WL,534.0
18-Apr-17,3,1201,8,W LANTAU,2.0,353,ON,HKCRP,806474,801106,SPRING,NONE,P,2017-04-18,2017,4,2017-18,2017,Final_Report_2017_18.pdf,WL,353.0
18-Apr-17,4,1305,1,SW LANTAU,2.0,159,ON,HKCRP,808492,811452,SPRING,NONE,S,2017-04-18,2017,4,2017-18,2017,Final_Report_2017_18.pdf,SWL,159.0
18-Apr-17,8,1458,1,SE LANTAU,2.0,376,ON,HKCRP,809394,814970,SPRING,NONE,S,2017-04-18,2017,4,2017-18,2017,Final_Report_2017_18.pdf,SEL,376.0
28-Apr-17,1,1247,4,DEEP BAY,2.0,69,ON,HKCRP,831423,806455,SPRING,NONE,P,2017-04-28,2017,4,2017-18,2017,Final_Report_2017_18.pdf,DB,69.0
28-Apr-17,2,1333,3,NW LANTAU,2.0,135,ON,HKCRP,828788,806491,SPRING,NONE,P,2017-04-28,2017,4,2017-18,2017,Final_Report_2017_18.pdf,NWL,135.0
28-Apr-17,3,1524,2,NW LANTAU,2.0,142,ON,HKCRP,822166,812525,SPRING,NONE,P,2017-04-28,2017,4,2017-18,2017,Final_Report_2017_18.pdf,NWL,142.0
8-May-17,1,1437,1,SW LANTAU,4.0,298,ON,HKCRP,803834,803080,SPRING,NONE,S,2017-05-08,2017,5,2017-18,2017,Final_Report_2017_18.pdf,SWL,298.0
10-May-17,1,1030,3,W LANTAU,2.0,94,ON,HKCRP,810926,801147,SPRING,NONE,S,2017-05-10,2017,5,2017-18,2017,Final_Report_2017_18.pdf,WL,94.0
10-May-17,2,1036,4,W LANTAU,2.0,285,ON,HKCRP,810041,800743,SPRING,NONE,S,2017-05-10,2017,5,2017-18,2017,Final_Report_2017_18.pdf,WL,285.0
10-May-17,3,1044,6,W LANTAU,2.0,78,ON,HKCRP,808679,800750,SPRING,NONE,S,2017-05-10,2017,5,2017-18,2017,Final_Report_2017_18.pdf,WL,78.0
10-May-17,4,1101,4,W LANTAU,2.0,33,ON,HKCRP,806251,801930,SPRING,NONE,S,2017-05-10,2017,5,2017-18,2017,Final_Report_2017_18.pdf,WL,33.0
12-May-17,1,1024,2,W LANTAU,1.0,187,ON,HKCRP,812894,802265,SPRING,NONE,S,2017-05-12,2017,5,2017-18,2017,Final_Report_2017_18.pdf,WL,187.0
12-May-17,2,1028,1,W LANTAU,1.0,148,ON,HKCRP,812131,801830,SPRING,NONE,S,2017-05-12,2017,5,2017-18,2017,Final_Report_2017_18.pdf,WL,148.0
12-May-17,3,1031,1,W LANTAU,1.0,289,ON,HKCRP,811446,801457,SPRING,NONE,S,2017-05-12,2017,5,2017-18,2017,Final_Report_2017_18.pdf,WL,289.0
12-May-17,4,1033,6,W LANTAU,1.0,29,ON,HKCRP,809775,800711,SPRING,NONE,S,2017-05-12,2017,5,2017-18,2017,Final_Report_2017_18.pdf,WL,29.0
12-May-17,5,1043,2,W LANTAU,1.0,147,ON,HKCRP,809022,800730,SPRING,NONE,S,2017-05-12,2017,5,2017-18,2017,Final_Report_2017_18.pdf,WL,147.0
17-May-17,1,1629,3,W LANTAU,3.0,ND,OFF,HELI,809443,800721,SPRING,NONE,,2017-05-17,2017,5,2017-18,2017,Final_Report_2017_18.pdf,WL,
19-May-17,1,1018,1,W LANTAU,3.0,186,ON,HKCRP,812795,802223,SPRING,NONE,S,2017-05-19,2017,5,2017-18,2017,Final_Report_2017_18.pdf,WL,186.0
25-May-17,1,1108,4,NW LANTAU,2.0,69,ON,HKCRP,830761,805548,SPRING,NONE,P,2017-05-25,2017,5,2017-18,2017,Final_Report_2017_18.pdf,NWL,69.0
31-May-17,1,1420,3,SE LANTAU,3.0,282,ON,HKCRP,807261,812636,SPRING,NONE,P,2017-05-31,2017,5,2017-18,2017,Final_Report_2017_18.pdf,SEL,282.0
1-Jun-17,1,1258,3,NW LANTAU,3.0,13,ON,HKCRP,827714,806468,SUMMER,NONE,P,2017-06-01,2017,6,2017-18,2017,Final_Report_2017_18.pdf,NWL,13.0
6-Jun-17,1,1415,5,SW LANTAU,3.0,85,ON,HKCRP,807020,804541,SUMMER,NONE,P,2017-06-06,2017,6,2017-18,2017,Final_Report_2017_18.pdf,SWL,85.0
6-Jun-17,2,1503,7,SW LANTAU,3.0,47,ON,HKCRP,805052,803423,SUMMER,NONE,P,2017-06-06,2017,6,2017-18,2017,Final_Report_2017_18.pdf,SWL,47.0
6-Jun-17,3,1540,10,SW LANTAU,3.0,ND,OFF,HKCRP,807389,808532,SUMMER,PURSE SEINE,,2017-06-06,2017,6,2017-18,2017,Final_Report_2017_18.pdf,SWL,
9-Jun-17,1,1349,1,SW LANTAU,3.0,ND,OFF,HKCRP,805663,802383,SUMMER,NONE,,2017-06-09,2017,6,2017-18,2017,Final_Report_2017_18.pdf,SWL,
9-Jun-17,2,1358,1,SW LANTAU,2.0,89,ON,HKCRP,806281,803560,SUMMER,NONE,S,2017-06-09,2017,6,2017-18,2017,Final_Report_2017_18.pdf,SWL,89.0
9-Jun-17,3,1406,4,SW LANTAU,2.0,180,ON,HKCRP,806634,803870,SUMMER,NONE,S,2017-06-09,2017,6,2017-18,2017,Final_Report_2017_18.pdf,SWL,180.0
9-Jun-17,4,1427,1,SW LANTAU,2.0,64,ON,HKCRP,807109,804758,SUMMER,NONE,S,2017-06-09,2017,6,2017-18,2017,Final_Report_2017_18.pdf,SWL,64.0
9-Jun-17,5,1550,1,SW LANTAU,2.0,66,ON,HKCRP,807355,809099,SUMMER,NONE,S,2017-06-09,2017,6,2017-18,2017,Final_Report_2017_18.pdf,SWL,66.0
21-Jun-17,1,1406,9,SW LANTAU,2.0,402,ON,HKCRP,806337,803044,SUMMER,NONE,S,2017-06-21,2017,6,2017-18,2017,Final_Report_2017_18.pdf,SWL,402.0
23-Jun-17,1,1327,1,W LANTAU,3.0,383,ON,HKCRP,811057,801992,SUMMER,NONE,S,2017-06-23,2017,6,2017-18,2017,Final_Report_2017_18.pdf,WL,383.0
23-Jun-17,2,1405,2,W LANTAU,3.0,212,ON,HKCRP,807193,801695,SUMMER,NONE,S,2017-06-23,2017,6,2017-18,2017,Final_Report_2017_18.pdf,WL,212.0
23-Jun-17,3,1420,2,W LANTAU,3.0,169,ON,HKCRP,806284,801848,SUMMER,NONE,S,2017-06-23,2017,6,2017-18,2017,Final_Report_2017_18.pdf,WL,169.0
23-Jun-17,4,1447,12,SW LANTAU,2.0,ND,OFF,HKCRP,806115,803209,SUMMER,NONE,,2017-06-23,2017,6,2017-18,2017,Final_Report_2017_18.pdf,SWL,
23-Jun-17,5,1540,2,SW LANTAU,2.0,ND,OFF,HKCRP,807379,807893,SUMMER,NONE,,2017-06-23,2017,6,2017-18,2017,Final_Report_2017_18.pdf,SWL,
23-Jun-17,6,1551,3,SW LANTAU,2.0,ND,OFF,HKCRP,807474,810615,SUMMER,NONE,,2017-06-23,2017,6,2017-18,2017,Final_Report_2017_18.pdf,SWL,
28-Jun-17,1,1022,4,W LANTAU,2.0,645,ON,HKCRP,814456,802258,SUMMER,NONE,P,2017-06-28,2017,6,2017-18,2017,Final_Report_2017_18.pdf,WL,645.0
28-Jun-17,2,1125,5,W LANTAU,3.0,84,ON,HKCRP,811112,801910,SUMMER,NONE,S,2017-06-28,2017,6,2017-18,2017,Final_Report_2017_18.pdf,WL,84.0
28-Jun-17,3,1151,2,W LANTAU,3.0,108,ON,HKCRP,809246,799699,SUMMER,NONE,S,2017-06-28,2017,6,2017-18,2017,Final_Report_2017_18.pdf,WL,108.0
28-Jun-17,4,1216,6,W LANTAU,3.0,395,ON,HKCRP,808468,800760,SUMMER,NONE,P,2017-06-28,2017,6,2017-18,2017,Final_Report_2017_18.pdf,WL,395.0
28-Jun-17,5,1254,1,W LANTAU,3.0,ND,OFF,HKCRP,806175,801280,SUMMER,NONE,,2017-06-28,2017,6,2017-18,2017,Final_Report_2017_18.pdf,WL,
28-Jun-17,6,1307,3,SW LANTAU,2.0,65,ON,HKCRP,806150,802466,SUMMER,NONE,P,2017-06-28,2017,6,2017-18,2017,Final_Report_2017_18.pdf,SWL,65.0
28-Jun-17,7,1352,1,SW LANTAU,2.0,136,ON,HKCRP,807507,805088,SUMMER,NONE,S,2017-06-28,2017,6,2017-18,2017,Final_Report_2017_18.pdf,SWL,136.0
28-Jun-17,8,1402,1,SW LANTAU,2.0,123,ON,HKCRP,808279,806369,SUMMER,NONE,S,2017-06-28,2017,6,2017-18,2017,Final_Report_2017_18.pdf,SWL,123.0
28-Jun-17,9,1524,5,SW LANTAU,2.0,99,ON,HKCRP,805474,808292,SUMMER,NONE,S,2017-06-28,2017,6,2017-18,2017,Final_Report_2017_18.pdf,SWL,99.0
28-Jun-17,10,1553,4,SW LANTAU,2.0,172,ON,HKCRP,807420,809883,SUMMER,NONE,S,2017-06-28,2017,6,2017-18,2017,Final_Report_2017_18.pdf,SWL,172.0
4-Jul-17,1,1337,2,SW LANTAU,3.0,ND,OFF,HKCRP,806293,803013,SUMMER,NONE,,2017-07-04,2017,7,2017-18,2017,Final_Report_2017_18.pdf,SWL,
5-Jul-17,1,1127,2,NW LANTAU,2.0,34,ON,HKCRP,829628,806966,SUMMER,NONE,S,2017-07-05,2017,7,2017-18,2017,Final_Report_2017_18.pdf,NWL,34.0
5-Jul-17,2,1329,4,W LANTAU,3.0,682,ON,HKCRP,811370,800529,SUMMER,NONE,P,2017-07-05,2017,7,2017-18,2017,Final_Report_2017_18.pdf,WL,682.0
5-Jul-17,3,1438,4,W LANTAU,3.0,ND,OFF,HKCRP,805698,801774,SUMMER,NONE,,2017-07-05,2017,7,2017-18,2017,Final_Report_2017_18.pdf,WL,
5-Jul-17,4,1620,1,SE LANTAU,2.0,ND,OFF,HKCRP,808297,815783,SUMMER,PURSE SEINE,,2017-07-05,2017,7,2017-18,2017,Final_Report_2017_18.pdf,SEL,
12-Jul-17,1,957,4,W LANTAU,2.0,ND,OFF,HELI,812773,802264,SUMMER,NONE,,2017-07-12,2017,7,2017-18,2017,Final_Report_2017_18.pdf,WL,
12-Jul-17,2,1001,1,W LANTAU,2.0,ND,OFF,HELI,809231,801267,SUMMER,NONE,,2017-07-12,2017,7,2017-18,2017,Final_Report_2017_18.pdf,WL,
12-Jul-17,3,1002,1,W LANTAU,2.0,ND,OFF,HELI,808168,801553,SUMMER,NONE,,2017-07-12,2017,7,2017-18,2017,Final_Report_2017_18.pdf,WL,
12-Jul-17,4,1002,1,W LANTAU,2.0,ND,OFF,HELI,805750,803280,SUMMER,NONE,,2017-07-12,2017,7,2017-18,2017,Final_Report_2017_18.pdf,WL,
14-Jul-17,1,1339,2,SW LANTAU,3.0,ND,OFF,HKCRP,803569,808494,SUMMER,NONE,,2017-07-14,2017,7,2017-18,2017,Final_Report_2017_18.pdf,SWL,
14-Jul-17,2,1353,1,SW LANTAU,3.0,19,ON,HKCRP,804078,808526,SUMMER,NONE,S,2017-07-14,2017,7,2017-18,2017,Final_Report_2017_18.pdf,SWL,19.0
14-Jul-17,3,1605,2,SE LANTAU,2.0,ND,OFF,HKCRP,808076,815318,SUMMER,NONE,,2017-07-14,2017,7,2017-18,2017,Final_Report_2017_18.pdf,SEL,
28-Jul-17,1,1313,2,W LANTAU,2.0,107,ON,HKCRP,813936,801762,SUMMER,NONE,S,2017-07-28,2017,7,2017-18,2017,Final_Report_2017_18.pdf,WL,107.0
28-Jul-17,2,1425,1,W LANTAU,3.0,ND,OFF,HKCRP,806499,800002,SUMMER,NONE,,2017-07-28,2017,7,2017-18,2017,Final_Report_2017_18.pdf,WL,
28-Jul-17,3,1507,3,SW LANTAU,2.0,133,ON,HKCRP,807012,808758,SUMMER,GILLNET,S,2017-07-28,2017,7,2017-18,2017,Final_Report_2017_18.pdf,SWL,133.0
28-Jul-17,4,1530,1,SW LANTAU,2.0,24,ON,HKCRP,807506,811636,SUMMER,NONE,S,2017-07-28,2017,7,2017-18,2017,Final_Report_2017_18.pdf,SWL,24.0
2-Aug-17,1,1312,6,SW LANTAU,2.0,137,ON,HKCRP,804898,808208,SUMMER,NONE,S,2017-08-02,2017,8,2017-18,2017,Final_Report_2017_18.pdf,SWL,137.0
2-Aug-17,2,1419,5,SW LANTAU,2.0,183,ON,HKCRP,807670,806481,SUMMER,NONE,P,2017-08-02,2017,8,2017-18,2017,Final_Report_2017_18.pdf,SWL,183.0
2-Aug-17,3,1452,3,SW LANTAU,1.0,186,ON,HKCRP,804658,806496,SUMMER,NONE,P,2017-08-02,2017,8,2017-18,2017,Final_Report_2017_18.pdf,SWL,186.0
4-Aug-17,1,1014,3,W LANTAU,2.0,8,ON,HKCRP,814032,803494,SUMMER,NONE,S,2017-08-04,2017,8,2017-18,2017,Final_Report_2017_18.pdf,WL,8.0
4-Aug-17,2,1044,2,W LANTAU,2.0,60,ON,HKCRP,808745,800884,SUMMER,NONE,S,2017-08-04,2017,8,2017-18,2017,Final_Report_2017_18.pdf,WL,60.0
4-Aug-17,3,1100,4,W LANTAU,3.0,55,ON,HKCRP,806561,801776,SUMMER,NONE,S,2017-08-04,2017,8,2017-18,2017,Final_Report_2017_18.pdf,WL,55.0
4-Aug-17,4,1128,5,SW LANTAU,2.0,123,ON,HKCRP,806081,803477,SUMMER,NONE,P,2017-08-04,2017,8,2017-18,2017,Final_Report_2017_18.pdf,SWL,123.0
8-Aug-17,1,1434,1,SW LANTAU,2.0,252,ON,HKCRP,806149,802992,SUMMER,NONE,S,2017-08-08,2017,8,2017-18,2017,Final_Report_2017_18.pdf,SWL,252.0
8-Aug-17,2,1508,2,SW LANTAU,3.0,54,ON,HKCRP,802213,805181,SUMMER,NONE,S,2017-08-08,2017,8,2017-18,2017,Final_Report_2017_18.pdf,SWL,54.0
8-Aug-17,3,1536,7,SW LANTAU,3.0,ND,OFF,HKCRP,805519,808024,SUMMER,NONE,,2017-08-08,2017,8,2017-18,2017,Final_Report_2017_18.pdf,SWL,
9-Aug-17,1,1557,1,SW LANTAU,3.0,ND,OFF,HELI,807070,807428,SUMMER,NONE,,2017-08-09,2017,8,2017-18,2017,Final_Report_2017_18.pdf,SWL,
9-Aug-17,2,1559,2,W LANTAU,3.0,ND,OFF,HELI,806872,801385,SUMMER,NONE,,2017-08-09,2017,8,2017-18,2017,Final_Report_2017_18.pdf,WL,
14-Aug-17,1,1335,2,SW LANTAU,2.0,ND,OFF,HKCRP,806250,802528,SUMMER,NONE,,2017-08-14,2017,8,2017-18,2017,Final_Report_2017_18.pdf,SWL,
14-Aug-17,2,1427,1,SW LANTAU,3.0,109,ON,HKCRP,805811,805518,SUMMER,NONE,P,2017-08-14,2017,8,2017-18,2017,Final_Report_2017_18.pdf,SWL,109.0
14-Aug-17,3,1523,1,SW LANTAU,3.0,86,ON,HKCRP,804280,807433,SUMMER,NONE,P,2017-08-14,2017,8,2017-18,2017,Final_Report_2017_18.pdf,SWL,86.0
17-Aug-17,1,1342,1,W LANTAU,2.0,144,ON,HKCRP,814522,802577,SUMMER,NONE,P,2017-08-17,2017,8,2017-18,2017,Final_Report_2017_18.pdf,WL,144.0
17-Aug-17,2,1446,8,W LANTAU,2.0,246,ON,HKCRP,809962,801279,SUMMER,PURSE SEINE,S,2017-08-17,2017,8,2017-18,2017,Final_Report_2017_18.pdf,WL,246.0
1-Sep-17,1,1036,1,W LANTAU,2.0,341,ON,HKCRP,814777,802166,AUTUMN,NONE,S,2017-09-01,2017,9,2017-18,2017,Final_Report_2017_18.pdf,WL,341.0
1-Sep-17,2,1105,3,W LANTAU,2.0,314,ON,HKCRP,813295,801338,AUTUMN,NONE,S,2017-09-01,2017,9,2017-18,2017,Final_Report_2017_18.pdf,WL,314.0
1-Sep-17,3,1140,1,W LANTAU,2.0,261,ON,HKCRP,811183,800168,AUTUMN,NONE,S,2017-09-01,2017,9,2017-18,2017,Final_Report_2017_18.pdf,WL,261.0
1-Sep-17,4,1225,2,W LANTAU,2.0,0,ON,HKCRP,808469,800595,AUTUMN,NONE,P,2017-09-01,2017,9,2017-18,2017,Final_Report_2017_18.pdf,WL,0.0
1-Sep-17,5,1247,6,W LANTAU,2.0,103,ON,HKCRP,807416,800829,AUTUMN,NONE,P,2017-09-01,2017,9,2017-18,2017,Final_Report_2017_18.pdf,WL,103.0
1-Sep-17,6,1312,5,W LANTAU,2.0,212,ON,HKCRP,806864,800117,AUTUMN,NONE,S,2017-09-01,2017,9,2017-18,2017,Final_Report_2017_18.pdf,WL,212.0
1-Sep-17,7,1421,1,SW LANTAU,2.0,100,ON,HKCRP,803176,805451,AUTUMN,NONE,P,2017-09-01,2017,9,2017-18,2017,Final_Report_2017_18.pdf,SWL,100.0
7-Sep-17,1,1445,1,SW LANTAU,2.0,81,ON,HKCRP,805680,804610,AUTUMN,NONE,P,2017-09-07,2017,9,2017-18,2017,Final_Report_2017_18.pdf,SWL,81.0
7-Sep-17,2,1509,10,SW LANTAU,2.0,82,ON,HKCRP,807637,806553,AUTUMN,NONE,P,2017-09-07,2017,9,2017-18,2017,Final_Report_2017_18.pdf,SWL,82.0
7-Sep-17,3,1608,2,SW LANTAU,2.0,ND,OFF,HKCRP,807484,811172,AUTUMN,NONE,,2017-09-07,2017,9,2017-18,2017,Final_Report_2017_18.pdf,SWL,
8-Sep-17,1,1452,5,SW LANTAU,3.0,474,ON,HKCRP,805000,807383,AUTUMN,NONE,P,2017-09-08,2017,9,2017-18,2017,Final_Report_2017_18.pdf,SWL,474.0
13-Sep-17,1,1336,2,W LANTAU,2.0,ND,OFF,HKCRP,805278,801093,AUTUMN,NONE,,2017-09-13,2017,9,2017-18,2017,Final_Report_2017_18.pdf,WL,
13-Sep-17,2,1426,11,SW LANTAU,2.0,369,ON,HKCRP,805391,805497,AUTUMN,PURSE SEINE,P,2017-09-13,2017,9,2017-18,2017,Final_Report_2017_18.pdf,SWL,369.0
18-Sep-17,1,1459,4,NW LANTAU,3.0,119,ON,HKCRP,828764,807480,AUTUMN,NONE,P,2017-09-18,2017,9,2017-18,2017,Final_Report_2017_18.pdf,NWL,119.0
20-Sep-17,1,1029,2,W LANTAU,2.0,328,ON,HKCRP,814433,802361,AUTUMN,NONE,P,2017-09-20,2017,9,2017-18,2017,Final_Report_2017_18.pdf,WL,328.0
20-Sep-17,2,1051,2,W LANTAU,2.0,2,ON,HKCRP,813866,803380,AUTUMN,NONE,S,2017-09-20,2017,9,2017-18,2017,Final_Report_2017_18.pdf,WL,2.0
20-Sep-17,3,1059,2,W LANTAU,2.0,177,ON,HKCRP,813325,802853,AUTUMN,NONE,S,2017-09-20,2017,9,2017-18,2017,Final_Report_2017_18.pdf,WL,177.0
20-Sep-17,4,1104,1,W LANTAU,2.0,148,ON,HKCRP,812583,802903,AUTUMN,NONE,S,2017-09-20,2017,9,2017-18,2017,Final_Report_2017_18.pdf,WL,148.0
20-Sep-17,5,1131,6,W LANTAU,2.0,188,ON,HKCRP,810417,800785,AUTUMN,NONE,P,2017-09-20,2017,9,2017-18,2017,Final_Report_2017_18.pdf,WL,188.0
20-Sep-17,6,1152,1,W LANTAU,2.0,33,ON,HKCRP,809674,801257,AUTUMN,NONE,S,2017-09-20,2017,9,2017-18,2017,Final_Report_2017_18.pdf,WL,33.0
20-Sep-17,7,1206,1,W LANTAU,2.0,159,ON,HKCRP,808357,801151,AUTUMN,NONE,P,2017-09-20,2017,9,2017-18,2017,Final_Report_2017_18.pdf,WL,159.0
20-Sep-17,8,1308,1,SW LANTAU,3.0,ND,OFF,HKCRP,807983,811101,AUTUMN,NONE,,2017-09-20,2017,9,2017-18,2017,Final_Report_2017_18.pdf,SWL,
25-Sep-17,1,1406,1,W LANTAU,3.0,ND,OFF,HKCRP,808557,800894,AUTUMN,NONE,,2017-09-25,2017,9,2017-18,2017,Final_Report_2017_18.pdf,WL,
25-Sep-17,2,1425,5,W LANTAU,3.0,85,ON,HKCRP,806661,801787,AUTUMN,NONE,S,2017-09-25,2017,9,2017-18,2017,Final_Report_2017_18.pdf,WL,85.0
12-Oct-17,1,1458,2,W LANTAU,4.0,413,ON,HKCRP,807407,800087,AUTUMN,NONE,P,2017-10-12,2017,10,2017-18,2017,Final_Report_2017_18.pdf,WL,413.0
19-Oct-17,1,1418,10,NW LANTAU,4.0,32,ON,HKCRP,823186,805512,AUTUMN,NONE,P,2017-10-19,2017,10,2017-18,2017,Final_Report_2017_18.pdf,NWL,32.0
19-Oct-17,2,1529,3,NW LANTAU,2.0,137,ON,HKCRP,823404,807418,AUTUMN,NONE,P,2017-10-19,2017,10,2017-18,2017,Final_Report_2017_18.pdf,NWL,137.0
24-Oct-17,1,1437,1,SW LANTAU,2.0,316,ON,HKCRP,807849,805491,AUTUMN,NONE,P,2017-10-24,2017,10,2017-18,2017,Final_Report_2017_18.pdf,SWL,316.0
26-Oct-17,1,1340,3,W LANTAU,2.0,91,ON,HKCRP,814444,802433,AUTUMN,NONE,P,2017-10-26,2017,10,2017-18,2017,Final_Report_2017_18.pdf,WL,91.0
26-Oct-17,2,1352,3,W LANTAU,2.0,751,ON,HKCRP,814088,803432,AUTUMN,NONE,S,2017-10-26,2017,10,2017-18,2017,Final_Report_2017_18.pdf,WL,751.0
26-Oct-17,3,1512,2,SW LANTAU,2.0,ND,OFF,HKCRP,806513,803632,AUTUMN,NONE,,2017-10-26,2017,10,2017-18,2017,Final_Report_2017_18.pdf,SWL,
31-Oct-17,1,1051,2,W LANTAU,3.0,1703,ON,HKCRP,811455,802251,AUTUMN,NONE,S,2017-10-31,2017,10,2017-18,2017,Final_Report_2017_18.pdf,WL,1703.0
31-Oct-17,2,1059,2,W LANTAU,3.0,195,ON,HKCRP,810659,801600,AUTUMN,NONE,S,2017-10-31,2017,10,2017-18,2017,Final_Report_2017_18.pdf,WL,195.0
31-Oct-17,3,1116,5,W LANTAU,3.0,90,ON,HKCRP,810417,800671,AUTUMN,NONE,P,2017-10-31,2017,10,2017-18,2017,Final_Report_2017_18.pdf,WL,90.0
31-Oct-17,4,1138,1,W LANTAU,3.0,112,ON,HKCRP,808981,799420,AUTUMN,NONE,S,2017-10-31,2017,10,2017-18,2017,Final_Report_2017_18.pdf,WL,112.0
31-Oct-17,5,1207,1,W LANTAU,2.0,69,ON,HKCRP,807463,799829,AUTUMN,NONE,P,2017-10-31,2017,10,2017-18,2017,Final_Report_2017_18.pdf,WL,69.0
31-Oct-17,6,1246,3,W LANTAU,3.0,28,ON,HKCRP,811489,801921,AUTUMN,NONE,P,2017-10-31,2017,10,2017-18,2017,Final_Report_2017_18.pdf,WL,28.0
8-Nov-17,1,1446,4,W LANTAU,3.0,0,ON,HKCRP,808556,800987,AUTUMN,NONE,S,2017-11-08,2017,11,2017-18,2017,Final_Report_2017_18.pdf,WL,0.0
8-Nov-17,2,1502,1,W LANTAU,2.0,6,ON,HKCRP,806306,801930,AUTUMN,NONE,S,2017-11-08,2017,11,2017-18,2017,Final_Report_2017_18.pdf,WL,6.0
13-Nov-17,1,1028,5,W LANTAU,2.0,341,ON,HKCRP,813473,801204,AUTUMN,NONE,S,2017-11-13,2017,11,2017-18,2017,Final_Report_2017_18.pdf,WL,341.0
13-Nov-17,2,1135,1,W LANTAU,2.0,35,ON,HKCRP,808391,800842,AUTUMN,NONE,P,2017-11-13,2017,11,2017-18,2017,Final_Report_2017_18.pdf,WL,35.0
13-Nov-17,3,1211,1,W LANTAU,2.0,44,ON,HKCRP,811434,801725,AUTUMN,NONE,P,2017-11-13,2017,11,2017-18,2017,Final_Report_2017_18.pdf,WL,44.0
13-Nov-17,4,1225,5,W LANTAU,2.0,78,ON,HKCRP,812883,802594,AUTUMN,NONE,S,2017-11-13,2017,11,2017-18,2017,Final_Report_2017_18.pdf,WL,78.0
13-Nov-17,5,1253,5,W LANTAU,2.0,303,ON,HKCRP,814611,801990,AUTUMN,NONE,S,2017-11-13,2017,11,2017-18,2017,Final_Report_2017_18.pdf,WL,303.0
17-Nov-17,1,1347,4,W LANTAU,2.0,426,ON,HKCRP,812252,802346,AUTUMN,NONE,S,2017-11-17,2017,11,2017-18,2017,Final_Report_2017_18.pdf,WL,426.0
17-Nov-17,2,1456,4,SW LANTAU,3.0,471,ON,HKCRP,804241,804597,AUTUMN,NONE,P,2017-11-17,2017,11,2017-18,2017,Final_Report_2017_18.pdf,SWL,471.0
20-Nov-17,1,1052,3,W LANTAU,3.0,49,ON,HKCRP,807226,801510,AUTUMN,NONE,S,2017-11-20,2017,11,2017-18,2017,Final_Report_2017_18.pdf,WL,49.0
22-Nov-17,1,1405,2,SW LANTAU,3.0,ND,OFF,HKCRP,807762,810925,AUTUMN,NONE,,2017-11-22,2017,11,2017-18,2017,Final_Report_2017_18.pdf,SWL,
27-Nov-17,1,1254,1,NW LANTAU,2.0,17,ON,HKCRP,828520,807510,AUTUMN,NONE,P,2017-11-27,2017,11,2017-18,2017,Final_Report_2017_18.pdf,NWL,17.0
28-Nov-17,1,1414,1,W LANTAU,2.0,230,ON,HKCRP,811592,800416,AUTUMN,NONE,S,2017-11-28,2017,11,2017-18,2017,Final_Report_2017_18.pdf,WL,230.0
28-Nov-17,2,1437,1,W LANTAU,2.0,563,ON,HKCRP,810471,801383,AUTUMN,NONE,P,2017-11-28,2017,11,2017-18,2017,Final_Report_2017_18.pdf,WL,563.0
28-Nov-17,3,1503,1,W LANTAU,2.0,346,ON,HKCRP,808184,799058,AUTUMN,NONE,S,2017-11-28,2017,11,2017-18,2017,Final_Report_2017_18.pdf,WL,346.0
28-Nov-17,4,1527,2,SW LANTAU,2.0,ND,OFF,HKCRP,806095,802177,AUTUMN,NONE,,2017-11-28,2017,11,2017-18,2017,Final_Report_2017_18.pdf,SWL,
28-Nov-17,5,1546,1,SW LANTAU,2.0,ND,OFF,HKCRP,806198,806169,AUTUMN,NONE,,2017-11-28,2017,11,2017-18,2017,Final_Report_2017_18.pdf,SWL,
29-Nov-17,1,1452,3,SW LANTAU,2.0,132,ON,HKCRP,806810,804468,AUTUMN,NONE,P,2017-11-29,2017,11,2017-18,2017,Final_Report_2017_18.pdf,SWL,132.0
4-Dec-17,1,1304,3,SW LANTAU,3.0,181,ON,HKCRP,806194,802549,WINTER,NONE,P,2017-12-04,2017,12,2017-18,2017,Final_Report_2017_18.pdf,SWL,181.0
4-Dec-17,2,1324,1,SW LANTAU,3.0,53,ON,HKCRP,806955,804252,WINTER,HANDLINER,S,2017-12-04,2017,12,2017-18,2017,Final_Report_2017_18.pdf,SWL,53.0
6-Dec-17,1,1057,2,NW LANTAU,2.0,170,ON,HKCRP,825796,807443,WINTER,NONE,P,2017-12-06,2017,12,2017-18,2017,Final_Report_2017_18.pdf,NWL,170.0
6-Dec-17,2,1116,3,NW LANTAU,2.0,82,ON,HKCRP,827446,807405,WINTER,NONE,P,2017-12-06,2017,12,2017-18,2017,Final_Report_2017_18.pdf,NWL,82.0
6-Dec-17,3,1317,1,W LANTAU,2.0,54,ON,HKCRP,813704,801576,WINTER,NONE,S,2017-12-06,2017,12,2017-18,2017,Final_Report_2017_18.pdf,WL,54.0
6-Dec-17,4,1352,3,W LANTAU,2.0,819,ON,HKCRP,811481,800499,WINTER,NONE,P,2017-12-06,2017,12,2017-18,2017,Final_Report_2017_18.pdf,WL,819.0
6-Dec-17,5,1429,1,W LANTAU,2.0,123,ON,HKCRP,807373,800221,WINTER,NONE,P,2017-12-06,2017,12,2017-18,2017,Final_Report_2017_18.pdf,WL,123.0
6-Dec-17,6,1517,2,SW LANTAU,3.0,ND,OFF,HKCRP,807744,808172,WINTER,NONE,,2017-12-06,2017,12,2017-18,2017,Final_Report_2017_18.pdf,SWL,
6-Dec-17,7,1550,1,SE LANTAU,3.0,ND,OFF,HKCRP,808064,816288,WINTER,NONE,,2017-12-06,2017,12,2017-18,2017,Final_Report_2017_18.pdf,SEL,
7-Dec-17,1,1332,2,W LANTAU,3.0,226,ON,HKCRP,808767,800791,WINTER,NONE,S,2017-12-07,2017,12,2017-18,2017,Final_Report_2017_18.pdf,WL,226.0
7-Dec-17,2,1350,2,SW LANTAU,2.0,ND,OFF,HKCRP,806313,803745,WINTER,NONE,,2017-12-07,2017,12,2017-18,2017,Final_Report_2017_18.pdf,SWL,
7-Dec-17,3,1400,1,SW LANTAU,2.0,ND,OFF,HKCRP,806777,804396,WINTER,GILLNET,,2017-12-07,2017,12,2017-18,2017,Final_Report_2017_18.pdf,SWL,
7-Dec-17,5,1544,1,SE LANTAU,2.0,163,ON,HKCRP,808509,814453,WINTER,PURSE SEINE,P,2017-12-07,2017,12,2017-18,2017,Final_Report_2017_18.pdf,SEL,163.0
11-Dec-17,7,1559,1,SW LANTAU,2.0,ND,OFF,HELI,805907,802146,WINTER,NONE,,2017-12-11,2017,12,2017-18,2017,Final_Report_2017_18.pdf,SWL,
11-Dec-17,8,1603,1,W LANTAU,2.0,ND,OFF,HELI,815788,806187,WINTER,NONE,,2017-12-11,2017,12,2017-18,2017,Final_Report_2017_18.pdf,WL,
12-Dec-17,1,1417,7,W LANTAU,3.0,1090,ON,HKCRP,808457,800935,WINTER,NONE,P,2017-12-12,2017,12,2017-18,2017,Final_Report_2017_18.pdf,WL,1090.0
12-Dec-17,2,1513,1,SW LANTAU,2.0,ND,OFF,HKCRP,805730,802084,WINTER,NONE,,2017-12-12,2017,12,2017-18,2017,Final_Report_2017_18.pdf,SWL,
12-Dec-17,3,1545,1,SW LANTAU,2.0,ND,OFF,HKCRP,807389,808831,WINTER,NONE,,2017-12-12,2017,12,2017-18,2017,Final_Report_2017_18.pdf,SWL,
29-Dec-17,1,1040,4,W LANTAU,2.0,341,ON,HKCRP,814578,801980,WINTER,NONE,S,2017-12-29,2017,12,2017-18,2017,Final_Report_2017_18.pdf,WL,341.0
29-Dec-17,2,1144,1,W LANTAU,2.0,ND,OFF,HKCRP,811480,801004,WINTER,NONE,,2017-12-29,2017,12,2017-18,2017,Final_Report_2017_18.pdf,WL,
29-Dec-17,3,1208,3,W LANTAU,2.0,221,ON,HKCRP,809454,800803,WINTER,NONE,P,2017-12-29,2017,12,2017-18,2017,Final_Report_2017_18.pdf,WL,221.0
29-Dec-17,4,1308,4,W LANTAU,2.0,386,ON,HKCRP,806406,801766,WINTER,NONE,P,2017-12-29,2017,12,2017-18,2017,Final_Report_2017_18.pdf,WL,386.0
29-Dec-17,5,1341,4,SW LANTAU,2.0,ND,OFF,HKCRP,806184,802198,WINTER,NONE,,2017-12-29,2017,12,2017-18,2017,Final_Report_2017_18.pdf,SWL,
29-Dec-17,6,1515,1,SW LANTAU,3.0,168,ON,HKCRP,803373,806679,WINTER,NONE,S,2017-12-29,2017,12,2017-18,2017,Final_Report_2017_18.pdf,SWL,168.0
2-Jan-18,1,1503,3,SW LANTAU,2.0,ND,OFF,HKCRP,806239,802178,WINTER,NONE,,2018-01-02,2018,1,2017-18,2017,Final_Report_2017_18.pdf,SWL,
5-Jan-18,1,1021,1,W LANTAU,1.0,ND,OFF,HKCRP,813845,803143,WINTER,NONE,,2018-01-05,2018,1,2017-18,2017,Final_Report_2017_18.pdf,WL,
5-Jan-18,2,1029,2,W LANTAU,2.0,ND,OFF,HKCRP,812485,802192,WINTER,NONE,,2018-01-05,2018,1,2017-18,2017,Final_Report_2017_18.pdf,WL,
5-Jan-18,3,1035,2,W LANTAU,2.0,ND,OFF,HKCRP,811202,801642,WINTER,NONE,,2018-01-05,2018,1,2017-18,2017,Final_Report_2017_18.pdf,WL,
5-Jan-18,4,1040,2,W LANTAU,1.0,ND,OFF,HKCRP,810040,801114,WINTER,NONE,,2018-01-05,2018,1,2017-18,2017,Final_Report_2017_18.pdf,WL,
5-Jan-18,5,1049,1,W LANTAU,2.0,ND,OFF,HKCRP,807882,800676,WINTER,NONE,,2018-01-05,2018,1,2017-18,2017,Final_Report_2017_18.pdf,WL,
5-Jan-18,6,1057,1,W LANTAU,2.0,ND,OFF,HKCRP,806143,800517,WINTER,NONE,,2018-01-05,2018,1,2017-18,2017,Final_Report_2017_18.pdf,WL,
5-Jan-18,7,1107,3,W LANTAU,2.0,27,ON,HKCRP,806185,801693,WINTER,NONE,S,2018-01-05,2018,1,2017-18,2017,Final_Report_2017_18.pdf,WL,27.0
5-Jan-18,8,1147,2,W LANTAU,1.0,184,ON,HKCRP,809422,799968,WINTER,NONE,P,2018-01-05,2018,1,2017-18,2017,Final_Report_2017_18.pdf,WL,184.0
5-Jan-18,9,1225,1,W LANTAU,1.0,117,ON,HKCRP,812875,801162,WINTER,NONE,S,2018-01-05,2018,1,2017-18,2017,Final_Report_2017_18.pdf,WL,117.0
11-Jan-18,1,1303,4,DEEP BAY,3.0,338,ON,HKCRP,831347,805703,WINTER,NONE,P,2018-01-11,2018,1,2017-18,2017,Final_Report_2017_18.pdf,DB,338.0
16-Jan-18,1,1406,1,W LANTAU,2.0,55,ON,HKCRP,806384,801838,WINTER,NONE,S,2018-01-16,2018,1,2017-18,2017,Final_Report_2017_18.pdf,WL,55.0
16-Jan-18,2,1417,4,SW LANTAU,2.0,124,ON,HKCRP,806072,802559,WINTER,NONE,P,2018-01-16,2018,1,2017-18,2017,Final_Report_2017_18.pdf,SWL,124.0
16-Jan-18,3,1529,1,SW LANTAU,1.0,4,ON,HKCRP,806208,806540,WINTER,NONE,P,2018-01-16,2018,1,2017-18,2017,Final_Report_2017_18.pdf,SWL,4.0
17-Jan-18,1,1452,1,LAMMA,2.0,1182,ON,HKCRP,804526,821285,WINTER,NONE,P,2018-01-17,2018,1,2017-18,2017,Final_Report_2017_18.pdf,LM,1182.0
19-Jan-18,1,1433,12,W LANTAU,1.0,59,ON,HKCRP,809520,801092,WINTER,NONE,S,2018-01-19,2018,1,2017-18,2017,Final_Report_2017_18.pdf,WL,59.0
19-Jan-18,2,1458,8,W LANTAU,1.0,105,ON,HKCRP,806317,801879,WINTER,NONE,S,2018-01-19,2018,1,2017-18,2017,Final_Report_2017_18.pdf,WL,105.0
23-Jan-18,1,1005,1,NW LANTAU,2.0,ND,OFF,HKCRP,816927,806839,WINTER,NONE,,2018-01-23,2018,1,2017-18,2017,Final_Report_2017_18.pdf,NWL,
23-Jan-18,2,1027,2,W LANTAU,1.0,224,ON,HKCRP,814962,803774,WINTER,NONE,S,2018-01-23,2018,1,2017-18,2017,Final_Report_2017_18.pdf,WL,224.0
23-Jan-18,3,1045,2,W LANTAU,2.0,220,ON,HKCRP,812817,802264,WINTER,NONE,S,2018-01-23,2018,1,2017-18,2017,Final_Report_2017_18.pdf,WL,220.0
23-Jan-18,4,1101,2,W LANTAU,2.0,25,ON,HKCRP,810317,801207,WINTER,NONE,S,2018-01-23,2018,1,2017-18,2017,Final_Report_2017_18.pdf,WL,25.0
23-Jan-18,5,1105,4,W LANTAU,2.0,265,ON,HKCRP,810007,801134,WINTER,NONE,S,2018-01-23,2018,1,2017-18,2017,Final_Report_2017_18.pdf,WL,265.0
23-Jan-18,6,1113,3,W LANTAU,2.0,ND,OFF,HKCRP,809465,800896,WINTER,NONE,,2018-01-23,2018,1,2017-18,2017,Final_Report_2017_18.pdf,WL,
30-Jan-18,1,1225,2,SW LANTAU,2.0,105,ON,HKCRP,804341,804504,WINTER,NONE,P,2018-01-30,2018,1,2017-18,2017,Final_Report_2017_18.pdf,SWL,105.0
12-Feb-18,1,1018,2,NW LANTAU,3.0,338,ON,HKCRP,817018,805407,WINTER,NONE,P,2018-02-12,2018,2,2017-18,2017,Final_Report_2017_18.pdf,NWL,338.0
12-Feb-18,2,1112,7,NW LANTAU,3.0,91,ON,HKCRP,823020,805450,WINTER,NONE,P,2018-02-12,2018,2,2017-18,2017,Final_Report_2017_18.pdf,NWL,91.0
12-Feb-18,3,1140,4,NW LANTAU,2.0,80,ON,HKCRP,826664,805241,WINTER,NONE,P,2018-02-12,2018,2,2017-18,2017,Final_Report_2017_18.pdf,NWL,80.0
13-Feb-18,1,1416,1,W LANTAU,2.0,165,ON,HKCRP,813734,803091,WINTER,NONE,S,2018-02-13,2018,2,2017-18,2017,Final_Report_2017_18.pdf,WL,165.0
13-Feb-18,2,1441,2,W LANTAU,2.0,364,ON,HKCRP,811865,802221,WINTER,NONE,P,2018-02-13,2018,2,2017-18,2017,Final_Report_2017_18.pdf,WL,364.0
23-Feb-18,1,1440,1,SW LANTAU,2.0,180,ON,HKCRP,804896,809765,WINTER,NONE,S,2018-02-23,2018,2,2017-18,2017,Final_Report_2017_18.pdf,SWL,180.0
7-Mar-18,1,1409,2,W LANTAU,2.0,55,ON,HKCRP,810150,801258,SPRING,NONE,S,2018-03-07,2018,3,2017-18,2017,Final_Report_2017_18.pdf,WL,55.0
7-Mar-18,2,1521,1,NW LANTAU,3.0,51,ON,HKCRP,823330,805419,SPRING,NONE,P,2018-03-07,2018,3,2017-18,2017,Final_Report_2017_18.pdf,NWL,51.0
15-Mar-18,1,1008,1,NW LANTAU,0.0,ND,OFF,HKCRP,817773,804625,SPRING,NONE,,2018-03-15,2018,3,2017-18,2017,Final_Report_2017_18.pdf,NWL,
23-Mar-18,1,1234,3,DEEP BAY,2.0,1124,ON,HKCRP,832687,805830,SPRING,NONE,S,2018-03-23,2018,3,2017-18,2017,Final_Report_2017_18.pdf,DB,1124.0
26-Mar-18,1,1415,6,W LANTAU,3.0,875,ON,HKCRP,810342,799795,SPRING,NONE,S,2018-03-26,2018,3,2017-18,2017,Final_Report_2017_18.pdf,WL,875.0
26-Mar-18,2,1451,2,W LANTAU,2.0,76,ON,HKCRP,809366,800494,SPRING,NONE,P,2018-03-26,2018,3,2017-18,2017,Final_Report_2017_18.pdf,WL,76.0
26-Mar-18,3,1518,3,W LANTAU,2.0,296,ON,HKCRP,807483,800675,SPRING,PURSE SEINE,P,2018-03-26,2018,3,2017-18,2017,Final_Report_2017_18.pdf,WL,296.0
26-Mar-18,4,1539,2,W LANTAU,2.0,519,ON,HKCRP,808957,800225,SPRING,NONE,S,2018-03-26,2018,3,2017-18,2017,Final_Report_2017_18.pdf,WL,519.0
26-Mar-18,5,1603,4,W LANTAU,2.0,0,ON,HKCRP,813148,802667,SPRING,NONE,S,2018-03-26,2018,3,2017-18,2017,Final_Report_2017_18.pdf,WL,0.0
10-Apr-18,1,1335,3,W LANTAU,2.0,227,ON,HKCRP,813735,802802,SPRING,NONE,S,2018-04-10,2018,4,2018-19,2018,Final_Report_2018_19.pdf,WL,227.0
11-Apr-18,1,1403,3,DEEP BAY,2.0,ND,OFF,HKCRP,832421,806086,SPRING,NONE,,2018-04-11,2018,4,2018-19,2018,Final_Report_2018_19.pdf,DB,
11-Apr-18,2,1432,2,DEEP BAY,2.0,175,ON,HKCRP,832819,806098,SPRING,NONE,S,2018-04-11,2018,4,2018-19,2018,Final_Report_2018_19.pdf,DB,175.0
13-Apr-18,1,1400,2,W LANTAU,2.0,ND,OFF,HKCRP,805963,802125,SPRING,NONE,,2018-04-13,2018,4,2018-19,2018,Final_Report_2018_19.pdf,WL,
13-Apr-18,2,1411,3,SW LANTAU,2.0,71,ON,HKCRP,806635,803725,SPRING,NONE,S,2018-04-13,2018,4,2018-19,2018,Final_Report_2018_19.pdf,SWL,71.0
13-Apr-18,4,1523,1,SW LANTAU,2.0,43,ON,HKCRP,802064,807801,SPRING,NONE,S,2018-04-13,2018,4,2018-19,2018,Final_Report_2018_19.pdf,SWL,43.0
24-Apr-18,1,1449,5,W LANTAU,2.0,147,ON,HKCRP,813425,802730,SPRING,NONE,S,2018-04-24,2018,4,2018-19,2018,Final_Report_2018_19.pdf,WL,147.0
24-Apr-18,2,1458,4,W LANTAU,2.0,296,ON,HKCRP,813238,802204,SPRING,NONE,S,2018-04-24,2018,4,2018-19,2018,Final_Report_2018_19.pdf,WL,296.0
24-Apr-18,3,1522,1,W LANTAU,2.0,100,ON,HKCRP,810173,801197,SPRING,PURSE SEINE,S,2018-04-24,2018,4,2018-19,2018,Final_Report_2018_19.pdf,WL,100.0
27-Apr-18,1,1108,1,NW LANTAU,2.0,63,ON,HKCRP,827284,805479,SPRING,NONE,P,2018-04-27,2018,4,2018-19,2018,Final_Report_2018_19.pdf,NWL,63.0
27-Apr-18,2,1142,3,DEEP BAY,2.0,87,ON,HKCRP,831391,806043,SPRING,NONE,P,2018-04-27,2018,4,2018-19,2018,Final_Report_2018_19.pdf,DB,87.0
8-May-18,1,1037,2,W LANTAU,2.0,ND,OFF,HKCRP,808977,800843,SPRING,NONE,,2018-05-08,2018,5,2018-19,2018,Final_Report_2018_19.pdf,WL,
8-May-18,2,1102,7,SW LANTAU,2.0,44,ON,HKCRP,806193,802879,SPRING,NONE,S,2018-05-08,2018,5,2018-19,2018,Final_Report_2018_19.pdf,SWL,44.0
8-May-18,3,1145,1,SW LANTAU,1.0,5,ON,HKCRP,807335,807903,SPRING,NONE,S,2018-05-08,2018,5,2018-19,2018,Final_Report_2018_19.pdf,SWL,5.0
8-May-18,4,1205,1,SW LANTAU,2.0,156,ON,HKCRP,804289,808269,SPRING,NONE,S,2018-05-08,2018,5,2018-19,2018,Final_Report_2018_19.pdf,SWL,156.0
14-May-18,1,1107,4,NW LANTAU,3.0,63,ON,HKCRP,828247,805697,SPRING,NONE,S,2018-05-14,2018,5,2018-19,2018,Final_Report_2018_19.pdf,NWL,63.0
14-May-18,2,1441,3,SW LANTAU,2.0,ND,OFF,HKCRP,806027,802889,SPRING,NONE,,2018-05-14,2018,5,2018-19,2018,Final_Report_2018_19.pdf,SWL,
14-May-18,3,1516,2,SW LANTAU,2.0,ND,OFF,HKCRP,807245,808522,SPRING,NONE,,2018-05-14,2018,5,2018-19,2018,Final_Report_2018_19.pdf,SWL,
15-May-18,1,1326,3,SW LANTAU,3.0,32,ON,HKCRP,806117,802611,SPRING,NONE,P,2018-05-15,2018,5,2018-19,2018,Final_Report_2018_19.pdf,SWL,32.0
15-May-18,2,1525,2,SW LANTAU,2.0,47,ON,HKCRP,803215,808246,SPRING,NONE,S,2018-05-15,2018,5,2018-19,2018,Final_Report_2018_19.pdf,SWL,47.0
15-May-18,3,1553,1,SW LANTAU,2.0,212,ON,HKCRP,806138,808509,SPRING,NONE,P,2018-05-15,2018,5,2018-19,2018,Final_Report_2018_19.pdf,SWL,212.0
17-May-18,5,1425,2,SW LANTAU,2.0,299,ON,HKCRP,807122,809470,SPRING,NONE,P,2018-05-17,2018,5,2018-19,2018,Final_Report_2018_19.pdf,SWL,299.0
28-May-18,5,1417,2,SW LANTAU,2.0,152,ON,HKCRP,806913,808707,SPRING,NONE,P,2018-05-28,2018,5,2018-19,2018,Final_Report_2018_19.pdf,SWL,152.0
28-May-18,6,1543,4,SW LANTAU,2.0,ND,OFF,HKCRP,805853,807189,SPRING,NONE,,2018-05-28,2018,5,2018-19,2018,Final_Report_2018_19.pdf,SWL,
30-May-18,1,1125,3,SW LANTAU,2.0,ND,OFF,HKCRP,806766,804520,SPRING,NONE,,2018-05-30,2018,5,2018-19,2018,Final_Report_2018_19.pdf,SWL,
30-May-18,2,1142,2,W LANTAU,2.0,82,ON,HKCRP,806429,801374,SPRING,NONE,P,2018-05-30,2018,5,2018-19,2018,Final_Report_2018_19.pdf,WL,82.0
30-May-18,3,1151,1,W LANTAU,2.0,349,ON,HKCRP,806908,800106,SPRING,NONE,S,2018-05-30,2018,5,2018-19,2018,Final_Report_2018_19.pdf,WL,349.0
30-May-18,4,1155,3,W LANTAU,2.0,601,ON,HKCRP,807219,799932,SPRING,NONE,S,2018-05-30,2018,5,2018-19,2018,Final_Report_2018_19.pdf,WL,601.0
30-May-18,5,1201,1,W LANTAU,2.0,176,ON,HKCRP,807607,799747,SPRING,NONE,S,2018-05-30,2018,5,2018-19,2018,Final_Report_2018_19.pdf,WL,176.0
30-May-18,6,1214,1,W LANTAU,3.0,ND,OFF,HKCRP,808426,799955,SPRING,NONE,,2018-05-30,2018,5,2018-19,2018,Final_Report_2018_19.pdf,WL,
30-May-18,7,1226,2,W LANTAU,3.0,ND,OFF,HKCRP,808944,800946,SPRING,NONE,,2018-05-30,2018,5,2018-19,2018,Final_Report_2018_19.pdf,WL,
31-May-18,1,1621,1,SE LANTAU,2.0,ND,OFF,HKCRP,808183,818319,SPRING,NONE,,2018-05-31,2018,5,2018-19,2018,Final_Report_2018_19.pdf,SEL,
4-Jun-18,1,1400,2,SW LANTAU,3.0,188,ON,HKCRP,806767,803983,SUMMER,NONE,S,2018-06-04,2018,6,2018-19,2018,Final_Report_2018_19.pdf,SWL,188.0
11-Jun-18,2,1413,1,SE LANTAU,2.0,54,ON,HKCRP,808012,813483,SUMMER,PURSE SEINE,P,2018-06-11,2018,6,2018-19,2018,Final_Report_2018_19.pdf,SEL,54.0
14-Jun-18,1,1524,1,NW LANTAU,2.0,12,ON,HKCRP,827401,807611,SUMMER,NONE,P,2018-06-14,2018,6,2018-19,2018,Final_Report_2018_19.pdf,NWL,12.0
20-Jun-18,1,1532,1,SW LANTAU,2.0,1,ON,HKCRP,807442,810337,SUMMER,NONE,S,2018-06-20,2018,6,2018-19,2018,Final_Report_2018_19.pdf,SWL,1.0
21-Jun-18,1,1353,3,W LANTAU,2.0,41,ON,HKCRP,809099,800988,SUMMER,NONE,S,2018-06-21,2018,6,2018-19,2018,Final_Report_2018_19.pdf,WL,41.0
21-Jun-18,2,1411,12,W LANTAU,3.0,43,ON,HKCRP,806384,801930,SUMMER,PURSE SEINE,S,2018-06-21,2018,6,2018-19,2018,Final_Report_2018_19.pdf,WL,43.0
21-Jun-18,3,1456,7,SW LANTAU,3.0,ND,OFF,HKCRP,807291,807975,SUMMER,NONE,,2018-06-21,2018,6,2018-19,2018,Final_Report_2018_19.pdf,SWL,
27-Jun-18,1,1354,1,W LANTAU,3.0,113,ON,HKCRP,813204,802698,SUMMER,NONE,S,2018-06-27,2018,6,2018-19,2018,Final_Report_2018_19.pdf,WL,113.0
27-Jun-18,2,1417,6,W LANTAU,3.0,197,ON,HKCRP,810010,799753,SUMMER,NONE,S,2018-06-27,2018,6,2018-19,2018,Final_Report_2018_19.pdf,WL,197.0
27-Jun-18,3,1449,3,W LANTAU,3.0,54,ON,HKCRP,808545,800966,SUMMER,NONE,S,2018-06-27,2018,6,2018-19,2018,Final_Report_2018_19.pdf,WL,54.0
27-Jun-18,4,1511,4,W LANTAU,2.0,ND,OFF,HKCRP,806239,802198,SUMMER,NONE,,2018-06-27,2018,6,2018-19,2018,Final_Report_2018_19.pdf,WL,
4-Jul-18,1,1314,3,SW LANTAU,2.0,ND,OFF,HKCRP,807485,804624,SUMMER,NONE,,2018-07-04,2018,7,2018-19,2018,Final_Report_2018_19.pdf,SWL,
4-Jul-18,2,1351,5,SW LANTAU,2.0,ND,OFF,HKCRP,805817,808416,SUMMER,NONE,,2018-07-04,2018,7,2018-19,2018,Final_Report_2018_19.pdf,SWL,
9-Jul-18,1,1125,9,W LANTAU,3.0,967,ON,HKCRP,809387,800803,SUMMER,NONE,P,2018-07-09,2018,7,2018-19,2018,Final_Report_2018_19.pdf,WL,967.0
9-Jul-18,2,1158,2,W LANTAU,3.0,144,ON,HKCRP,807614,801572,SUMMER,NONE,S,2018-07-09,2018,7,2018-19,2018,Final_Report_2018_19.pdf,WL,144.0
9-Jul-18,3,1239,4,SW LANTAU,4.0,ND,OFF,HKCRP,806128,802476,SUMMER,NONE,,2018-07-09,2018,7,2018-19,2018,Final_Report_2018_19.pdf,SWL,
9-Jul-18,4,1320,2,SW LANTAU,3.0,102,ON,HKCRP,804906,804444,SUMMER,NONE,P,2018-07-09,2018,7,2018-19,2018,Final_Report_2018_19.pdf,SWL,102.0
16-Jul-18,1,1408,1,NW LANTAU,3.0,94,ON,HKCRP,827003,807548,SUMMER,NONE,P,2018-07-16,2018,7,2018-19,2018,Final_Report_2018_19.pdf,NWL,94.0
23-Jul-18,1,1315,12,W LANTAU,3.0,1189,ON,HKCRP,814542,803144,SUMMER,NONE,P,2018-07-23,2018,7,2018-19,2018,Final_Report_2018_19.pdf,WL,1189.0
25-Jul-18,1,1019,2,W LANTAU,2.0,627,ON,HKCRP,814011,803267,SUMMER,NONE,S,2018-07-25,2018,7,2018-19,2018,Final_Report_2018_19.pdf,WL,627.0
25-Jul-18,2,1024,1,W LANTAU,2.0,200,ON,HKCRP,813503,802699,SUMMER,NONE,S,2018-07-25,2018,7,2018-19,2018,Final_Report_2018_19.pdf,WL,200.0
25-Jul-18,3,1030,13,W LANTAU,2.0,123,ON,HKCRP,810040,801268,SUMMER,NONE,S,2018-07-25,2018,7,2018-19,2018,Final_Report_2018_19.pdf,WL,123.0
25-Jul-18,4,1104,3,W LANTAU,3.0,80,ON,HKCRP,806617,801797,SUMMER,NONE,S,2018-07-25,2018,7,2018-19,2018,Final_Report_2018_19.pdf,WL,80.0
2-Aug-18,1,1400,2,SW LANTAU,3.0,ND,OFF,HKCRP,806028,802414,SUMMER,NONE,,2018-08-02,2018,8,2018-19,2018,Final_Report_2018_19.pdf,SWL,
2-Aug-18,2,1442,1,SW LANTAU,3.0,95,ON,HKCRP,805136,805568,SUMMER,NONE,P,2018-08-02,2018,8,2018-19,2018,Final_Report_2018_19.pdf,SWL,95.0
8-Aug-18,1,1553,3,W LANTAU,3.0,ND,OFF,HELI,807127,801282,SUMMER,NONE,,2018-08-08,2018,8,2018-19,2018,Final_Report_2018_19.pdf,WL,
8-Aug-18,2,1553,1,W LANTAU,3.0,ND,OFF,HELI,809719,801072,SUMMER,NONE,,2018-08-08,2018,8,2018-19,2018,Final_Report_2018_19.pdf,WL,
8-Aug-18,3,1556,4,W LANTAU,2.0,ND,OFF,HELI,813514,802524,SUMMER,NONE,,2018-08-08,2018,8,2018-19,2018,Final_Report_2018_19.pdf,WL,
8-Aug-18,4,1556,1,W LANTAU,2.0,ND,OFF,HELI,813855,803431,SUMMER,NONE,,2018-08-08,2018,8,2018-19,2018,Final_Report_2018_19.pdf,WL,
20-Aug-18,1,1414,1,W LANTAU,2.0,226,ON,HKCRP,813259,802760,SUMMER,NONE,S,2018-08-20,2018,8,2018-19,2018,Final_Report_2018_19.pdf,WL,226.0
20-Aug-18,2,1441,1,W LANTAU,1.0,457,ON,HKCRP,810652,799961,SUMMER,NONE,S,2018-08-20,2018,8,2018-19,2018,Final_Report_2018_19.pdf,WL,457.0
20-Aug-18,3,1501,5,W LANTAU,1.0,106,ON,HKCRP,809357,799555,SUMMER,NONE,S,2018-08-20,2018,8,2018-19,2018,Final_Report_2018_19.pdf,WL,106.0
20-Aug-18,4,1522,1,W LANTAU,2.0,328,ON,HKCRP,807473,800046,SUMMER,NONE,S,2018-08-20,2018,8,2018-19,2018,Final_Report_2018_19.pdf,WL,328.0
20-Aug-18,5,1530,1,W LANTAU,2.0,187,ON,HKCRP,806328,801920,SUMMER,NONE,S,2018-08-20,2018,8,2018-19,2018,Final_Report_2018_19.pdf,WL,187.0
28-Aug-18,1,1316,1,W LANTAU,4.0,186,ON,HKCRP,811478,801767,SUMMER,NONE,S,2018-08-28,2018,8,2018-19,2018,Final_Report_2018_19.pdf,WL,186.0
28-Aug-18,2,1344,2,SW LANTAU,2.0,ND,OFF,HKCRP,806105,802703,SUMMER,NONE,,2018-08-28,2018,8,2018-19,2018,Final_Report_2018_19.pdf,SWL,
3-Sep-18,1,1024,8,W LANTAU,2.0,87,ON,HKCRP,812363,802191,AUTUMN,NONE,S,2018-09-03,2018,9,2018-19,2018,Final_Report_2018_19.pdf,WL,87.0
3-Sep-18,2,1053,3,W LANTAU,2.0,12,ON,HKCRP,809431,801061,AUTUMN,NONE,S,2018-09-03,2018,9,2018-19,2018,Final_Report_2018_19.pdf,WL,12.0
3-Sep-18,3,1118,2,SW LANTAU,2.0,ND,OFF,HKCRP,806206,802291,AUTUMN,NONE,,2018-09-03,2018,9,2018-19,2018,Final_Report_2018_19.pdf,SWL,
3-Sep-18,4,1200,1,SW LANTAU,2.0,212,ON,HKCRP,806323,804426,AUTUMN,NONE,P,2018-09-03,2018,9,2018-19,2018,Final_Report_2018_19.pdf,SWL,212.0
5-Sep-18,1,1427,1,SW LANTAU,2.0,9,ON,HKCRP,805982,803476,AUTUMN,NONE,P,2018-09-05,2018,9,2018-19,2018,Final_Report_2018_19.pdf,SWL,9.0
11-Sep-18,1,1440,1,SW LANTAU,2.0,152,ON,HKCRP,806793,807552,AUTUMN,NONE,S,2018-09-11,2018,9,2018-19,2018,Final_Report_2018_19.pdf,SWL,152.0
11-Sep-18,3,1609,1,SE LANTAU,2.0,ND,OFF,HKCRP,808899,813113,AUTUMN,NONE,,2018-09-11,2018,9,2018-19,2018,Final_Report_2018_19.pdf,SEL,
14-Sep-18,1,1312,1,W LANTAU,1.0,532,ON,HKCRP,812452,802119,AUTUMN,NONE,P,2018-09-14,2018,9,2018-19,2018,Final_Report_2018_19.pdf,WL,532.0
14-Sep-18,2,1405,2,W LANTAU,2.0,102,ON,HKCRP,806407,801570,AUTUMN,NONE,P,2018-09-14,2018,9,2018-19,2018,Final_Report_2018_19.pdf,WL,102.0
14-Sep-18,3,1511,1,SE LANTAU,2.0,ND,OFF,HKCRP,808134,813277,AUTUMN,NONE,,2018-09-14,2018,9,2018-19,2018,Final_Report_2018_19.pdf,SEL,
19-Sep-18,1,1336,6,W LANTAU,2.0,137,ON,HKCRP,814799,802186,AUTUMN,NONE,S,2018-09-19,2018,9,2018-19,2018,Final_Report_2018_19.pdf,WL,137.0
19-Sep-18,2,1355,2,W LANTAU,2.0,982,ON,HKCRP,813559,802225,AUTUMN,NONE,P,2018-09-19,2018,9,2018-19,2018,Final_Report_2018_19.pdf,WL,982.0
19-Sep-18,3,1403,6,W LANTAU,2.0,210,ON,HKCRP,813071,802605,AUTUMN,NONE,S,2018-09-19,2018,9,2018-19,2018,Final_Report_2018_19.pdf,WL,210.0
19-Sep-18,4,1423,4,W LANTAU,2.0,155,ON,HKCRP,811555,802066,AUTUMN,NONE,P,2018-09-19,2018,9,2018-19,2018,Final_Report_2018_19.pdf,WL,155.0
19-Sep-18,5,1458,1,W LANTAU,1.0,201,ON,HKCRP,808789,800812,AUTUMN,NONE,S,2018-09-19,2018,9,2018-19,2018,Final_Report_2018_19.pdf,WL,201.0
2-Oct-18,1,1334,1,SW LANTAU,4.0,64,ON,HKCRP,805120,802495,AUTUMN,NONE,P,2018-10-02,2018,10,2018-19,2018,Final_Report_2018_19.pdf,SWL,64.0
3-Oct-18,1,1601,1,W LANTAU,2.0,ND,OFF,HELI,804842,803144,AUTUMN,NONE,,2018-10-03,2018,10,2018-19,2018,Final_Report_2018_19.pdf,WL,
3-Oct-18,2,1603,1,W LANTAU,,ND,OFF,HELI,812728,802491,AUTUMN,NONE,,2018-10-03,2018,10,2018-19,2018,Final_Report_2018_19.pdf,WL,
8-Oct-18,1,1101,5,NW LANTAU,2.0,239,ON,HKCRP,826885,805324,AUTUMN,NONE,S,2018-10-08,2018,10,2018-19,2018,Final_Report_2018_19.pdf,NWL,239.0
8-Oct-18,2,1111,1,NW LANTAU,2.0,317,ON,HKCRP,828147,805512,AUTUMN,NONE,P,2018-10-08,2018,10,2018-19,2018,Final_Report_2018_19.pdf,NWL,317.0
8-Oct-18,3,1308,1,NW LANTAU,2.0,143,ON,HKCRP,828066,807499,AUTUMN,NONE,P,2018-10-08,2018,10,2018-19,2018,Final_Report_2018_19.pdf,NWL,143.0
11-Oct-18,1,1418,7,W LANTAU,3.0,51,ON,HKCRP,811028,800199,AUTUMN,NONE,S,2018-10-11,2018,10,2018-19,2018,Final_Report_2018_19.pdf,WL,51.0
11-Oct-18,2,1455,5,W LANTAU,3.0,408,ON,HKCRP,808822,800946,AUTUMN,NONE,S,2018-10-11,2018,10,2018-19,2018,Final_Report_2018_19.pdf,WL,408.0
16-Oct-18,1,1406,5,W LANTAU,3.0,347,ON,HKCRP,809147,799596,AUTUMN,NONE,S,2018-10-16,2018,10,2018-19,2018,Final_Report_2018_19.pdf,WL,347.0
24-Oct-18,1,1055,4,NW LANTAU,2.0,475,ON,HKCRP,823985,804700,AUTUMN,NONE,P,2018-10-24,2018,10,2018-19,2018,Final_Report_2018_19.pdf,NWL,475.0
24-Oct-18,2,1114,3,NW LANTAU,2.0,342,ON,HKCRP,826409,805178,AUTUMN,NONE,P,2018-10-24,2018,10,2018-19,2018,Final_Report_2018_19.pdf,NWL,342.0
24-Oct-18,3,1144,1,NW LANTAU,2.0,170,ON,HKCRP,829467,804670,AUTUMN,NONE,P,2018-10-24,2018,10,2018-19,2018,Final_Report_2018_19.pdf,NWL,170.0
29-Oct-18,1,1007,1,SAI KUNG,1.0,ND,OFF,HKCRP,826319,852194,AUTUMN,NONE,,2018-10-29,2018,10,2018-19,2018,Final_Report_2018_19.pdf,SK,
30-Oct-18,1,1038,7,W LANTAU,3.0,584,ON,HKCRP,814091,801773,AUTUMN,NONE,S,2018-10-30,2018,10,2018-19,2018,Final_Report_2018_19.pdf,WL,584.0
30-Oct-18,2,1112,1,W LANTAU,4.0,410,ON,HKCRP,812008,802324,AUTUMN,NONE,S,2018-10-30,2018,10,2018-19,2018,Final_Report_2018_19.pdf,WL,410.0
30-Oct-18,3,1147,4,W LANTAU,4.0,26,ON,HKCRP,806217,802105,AUTUMN,NONE,S,2018-10-30,2018,10,2018-19,2018,Final_Report_2018_19.pdf,WL,26.0
19-Nov-18,1,1051,8,W LANTAU,3.0,355,ON,HKCRP,808468,800852,AUTUMN,NONE,S,2018-11-19,2018,11,2018-19,2018,Final_Report_2018_19.pdf,WL,355.0
19-Nov-18,2,1139,1,SW LANTAU,2.0,ND,OFF,HKCRP,806205,802683,AUTUMN,NONE,,2018-11-19,2018,11,2018-19,2018,Final_Report_2018_19.pdf,SWL,
21-Nov-18,1,1018,5,W LANTAU,2.0,214,ON,HKCRP,814629,804155,AUTUMN,NONE,S,2018-11-21,2018,11,2018-19,2018,Final_Report_2018_19.pdf,WL,214.0
21-Nov-18,2,1029,1,W LANTAU,2.0,1502,ON,HKCRP,813248,802564,AUTUMN,NONE,S,2018-11-21,2018,11,2018-19,2018,Final_Report_2018_19.pdf,WL,1502.0
21-Nov-18,3,1045,11,W LANTAU,3.0,290,ON,HKCRP,809763,801154,AUTUMN,NONE,S,2018-11-21,2018,11,2018-19,2018,Final_Report_2018_19.pdf,WL,290.0
21-Nov-18,4,1222,12,W LANTAU,2.0,245,ON,HKCRP,812398,801511,AUTUMN,NONE,P,2018-11-21,2018,11,2018-19,2018,Final_Report_2018_19.pdf,WL,245.0
29-Nov-18,1,1033,1,NW LANTAU,2.0,728,ON,HKCRP,817861,804646,AUTUMN,NONE,P,2018-11-29,2018,11,2018-19,2018,Final_Report_2018_19.pdf,NWL,728.0
29-Nov-18,2,1225,1,DEEP BAY,2.0,61,ON,HKCRP,832930,806376,AUTUMN,NONE,S,2018-11-29,2018,11,2018-19,2018,Final_Report_2018_19.pdf,DB,61.0
29-Nov-18,3,1316,3,NW LANTAU,2.0,ND,OFF,HKCRP,830049,807029,AUTUMN,NONE,,2018-11-29,2018,11,2018-19,2018,Final_Report_2018_19.pdf,NWL,
29-Nov-18,4,1329,3,NW LANTAU,2.0,186,ON,HKCRP,829629,806452,AUTUMN,NONE,P,2018-11-29,2018,11,2018-19,2018,Final_Report_2018_19.pdf,NWL,186.0
29-Nov-18,5,1352,3,NW LANTAU,2.0,364,ON,HKCRP,828234,806408,AUTUMN,NONE,P,2018-11-29,2018,11,2018-19,2018,Final_Report_2018_19.pdf,NWL,364.0
3-Dec-18,1,1400,2,W LANTAU,2.0,260,ON,HKCRP,814954,802465,WINTER,NONE,S,2018-12-03,2018,12,2018-19,2018,Final_Report_2018_19.pdf,WL,260.0
3-Dec-18,2,1423,1,W LANTAU,2.0,205,ON,HKCRP,812905,802564,WINTER,NONE,S,2018-12-03,2018,12,2018-19,2018,Final_Report_2018_19.pdf,WL,205.0
3-Dec-18,1,1606,5,SW LANTAU,2.0,ND,OFF,HELI,805829,802300,WINTER,NONE,,2018-12-03,2018,12,2018-19,2018,Final_Report_2018_19.pdf,SWL,
3-Dec-18,2,1610,1,W LANTAU,2.0,ND,OFF,HELI,810251,800991,WINTER,NONE,,2018-12-03,2018,12,2018-19,2018,Final_Report_2018_19.pdf,WL,
3-Dec-18,3,1614,2,W LANTAU,2.0,ND,OFF,HELI,812773,802275,WINTER,NONE,,2018-12-03,2018,12,2018-19,2018,Final_Report_2018_19.pdf,WL,
3-Dec-18,4,1616,1,W LANTAU,2.0,ND,OFF,HELI,815036,805403,WINTER,NONE,,2018-12-03,2018,12,2018-19,2018,Final_Report_2018_19.pdf,WL,
13-Dec-18,1,1256,3,SW LANTAU,3.0,ND,OFF,HKCRP,806304,803003,WINTER,NONE,,2018-12-13,2018,12,2018-19,2018,Final_Report_2018_19.pdf,SWL,
17-Dec-18,1,1136,1,SW LANTAU,2.0,ND,OFF,HKCRP,802364,807358,WINTER,NONE,,2018-12-17,2018,12,2018-19,2018,Final_Report_2018_19.pdf,SWL,
3-Jan-19,1,1438,1,SW LANTAU,2.0,17,ON,HKCRP,806282,802745,WINTER,NONE,S,2019-01-03,2019,1,2018-19,2018,Final_Report_2018_19.pdf,SWL,17.0
3-Jan-19,2,1502,10,SW LANTAU,2.0,71,ON,HKCRP,804031,804483,WINTER,NONE,P,2019-01-03,2019,1,2018-19,2018,Final_Report_2018_19.pdf,SWL,71.0
8-Jan-19,1,1331,9,SW LANTAU,2.0,634,ON,HKCRP,805127,804485,WINTER,NONE,P,2019-01-08,2019,1,2018-19,2018,Final_Report_2018_19.pdf,SWL,634.0
11-Jan-19,3,1347,1,SW LANTAU,2.0,68,ON,HKCRP,805585,808302,WINTER,NONE,S,2019-01-11,2019,1,2018-19,2018,Final_Report_2018_19.pdf,SWL,68.0
14-Jan-19,1,1352,3,W LANTAU,1.0,153,ON,HKCRP,814520,803484,WINTER,NONE,P,2019-01-14,2019,1,2018-19,2018,Final_Report_2018_19.pdf,WL,153.0
14-Jan-19,2,1414,1,W LANTAU,1.0,96,ON,HKCRP,813649,801431,WINTER,NONE,S,2019-01-14,2019,1,2018-19,2018,Final_Report_2018_19.pdf,WL,96.0
14-Jan-19,3,1501,2,SW LANTAU,3.0,ND,OFF,HKCRP,806206,802312,WINTER,NONE,,2019-01-14,2019,1,2018-19,2018,Final_Report_2018_19.pdf,SWL,
15-Jan-19,1,1353,2,NW LANTAU,2.0,39,ON,HKCRP,823535,808551,WINTER,NONE,P,2019-01-15,2019,1,2018-19,2018,Final_Report_2018_19.pdf,NWL,39.0
17-Jan-19,1,1035,1,W LANTAU,3.0,319,ON,HKCRP,809973,801237,WINTER,NONE,S,2019-01-17,2019,1,2018-19,2018,Final_Report_2018_19.pdf,WL,319.0
23-Jan-19,1,1009,2,W LANTAU,2.0,ND,OFF,HKCRP,816321,805405,WINTER,NONE,,2019-01-23,2019,1,2018-19,2018,Final_Report_2018_19.pdf,WL,
23-Jan-19,2,1051,6,W LANTAU,2.0,759,ON,HKCRP,813204,802667,WINTER,NONE,S,2019-01-23,2019,1,2018-19,2018,Final_Report_2018_19.pdf,WL,759.0
23-Jan-19,3,1130,2,W LANTAU,2.0,827,ON,HKCRP,812462,802295,WINTER,NONE,P,2019-01-23,2019,1,2018-19,2018,Final_Report_2018_19.pdf,WL,827.0
23-Jan-19,4,1225,1,W LANTAU,2.0,379,ON,HKCRP,808447,800316,WINTER,NONE,P,2019-01-23,2019,1,2018-19,2018,Final_Report_2018_19.pdf,WL,379.0
23-Jan-19,5,1255,1,W LANTAU,3.0,ND,OFF,HKCRP,806705,801715,WINTER,NONE,,2019-01-23,2019,1,2018-19,2018,Final_Report_2018_19.pdf,WL,
23-Jan-19,6,1258,1,W LANTAU,3.0,ND,OFF,HKCRP,807215,801489,WINTER,NONE,,2019-01-23,2019,1,2018-19,2018,Final_Report_2018_19.pdf,WL,
23-Jan-19,7,1302,1,W LANTAU,3.0,55,ON,HKCRP,807980,801181,WINTER,NONE,S,2019-01-23,2019,1,2018-19,2018,Final_Report_2018_19.pdf,WL,55.0
23-Jan-19,8,1326,2,W LANTAU,2.0,542,ON,HKCRP,812606,802305,WINTER,NONE,S,2019-01-23,2019,1,2018-19,2018,Final_Report_2018_19.pdf,WL,542.0
23-Jan-19,9,1335,1,W LANTAU,3.0,0,ON,HKCRP,813513,802957,WINTER,NONE,S,2019-01-23,2019,1,2018-19,2018,Final_Report_2018_19.pdf,WL,0.0
29-Jan-19,1,1020,1,NW LANTAU,3.0,114,ON,HKCRP,817450,805469,WINTER,NONE,P,2019-01-29,2019,1,2018-19,2018,Final_Report_2018_19.pdf,NWL,114.0
29-Jan-19,2,1055,10,NW LANTAU,3.0,165,ON,HKCRP,824171,805689,WINTER,NONE,P,2019-01-29,2019,1,2018-19,2018,Final_Report_2018_19.pdf,NWL,165.0
12-Feb-19,1,1040,5,W LANTAU,2.0,348,ON,HKCRP,808745,800884,WINTER,NONE,S,2019-02-12,2019,2,2018-19,2018,Final_Report_2018_19.pdf,WL,348.0
12-Feb-19,2,1049,1,W LANTAU,2.0,772,ON,HKCRP,808026,800336,WINTER,NONE,S,2019-02-12,2019,2,2018-19,2018,Final_Report_2018_19.pdf,WL,772.0
12-Feb-19,3,1450,1,NW LANTAU,2.0,410,ON,HKCRP,825778,805466,WINTER,NONE,P,2019-02-12,2019,2,2018-19,2018,Final_Report_2018_19.pdf,NWL,410.0
20-Feb-19,1,1359,6,W LANTAU,2.0,874,ON,HKCRP,812019,802469,WINTER,GILLNET,S,2019-02-20,2019,2,2018-19,2018,Final_Report_2018_19.pdf,WL,874.0
20-Feb-19,2,1452,1,W LANTAU,3.0,7,ON,HKCRP,808446,800956,WINTER,NONE,S,2019-02-20,2019,2,2018-19,2018,Final_Report_2018_19.pdf,WL,7.0
20-Feb-19,3,1506,4,W LANTAU,3.0,43,ON,HKCRP,806584,801683,WINTER,NONE,S,2019-02-20,2019,2,2018-19,2018,Final_Report_2018_19.pdf,WL,43.0
11-Mar-19,1,1340,6,W LANTAU,3.0,29,ON,HKCRP,806206,801992,SPRING,NONE,S,2019-03-11,2019,3,2018-19,2018,Final_Report_2018_19.pdf,WL,29.0
18-Mar-19,1,1346,3,W LANTAU,2.0,14,ON,HKCRP,809055,800947,SPRING,NONE,S,2019-03-18,2019,3,2018-19,2018,Final_Report_2018_19.pdf,WL,14.0
18-Mar-19,2,1359,7,W LANTAU,2.0,105,ON,HKCRP,807071,801623,SPRING,NONE,S,2019-03-18,2019,3,2018-19,2018,Final_Report_2018_19.pdf,WL,105.0
25-Mar-19,1,1247,1,NW LANTAU,2.0,51,ON,HKCRP,827833,807509,SPRING,NONE,P,2019-03-25,2019,3,2018-19,2018,Final_Report_2018_19.pdf,NWL,51.0
3-Apr-19,1,1340,1,SW LANTAU,3.0,ND,OFF,HKCRP,805984,802301,SPRING,NONE,,2019-04-03,2019,4,2019-20,2019,Final_Report_2019_20.pdf,SWL,
17-Apr-19,9,1422,6,SW LANTAU,1.0,68,ON,HKCRP,802382,809555,SPRING,NONE,P,2019-04-17,2019,4,2019-20,2019,Final_Report_2019_20.pdf,SWL,68.0
17-Apr-19,10,1440,2,SW LANTAU,1.0,121,ON,HKCRP,805284,809539,SPRING,NONE,P,2019-04-17,2019,4,2019-20,2019,Final_Report_2019_20.pdf,SWL,121.0
24-Apr-19,1,1537,2,SW LANTAU,1.0,32,ON,HKCRP,807420,809790,SPRING,NONE,S,2019-04-24,2019,4,2019-20,2019,Final_Report_2019_20.pdf,SWL,32.0
25-Apr-19,1,1350,1,W LANTAU,3.0,25,ON,HKCRP,811080,801467,SPRING,NONE,S,2019-04-25,2019,4,2019-20,2019,Final_Report_2019_20.pdf,WL,25.0
25-Apr-19,2,1526,1,SW LANTAU,2.0,54,ON,HKCRP,804579,807351,SPRING,NONE,P,2019-04-25,2019,4,2019-20,2019,Final_Report_2019_20.pdf,SWL,54.0
29-Apr-19,1,1444,1,SW LANTAU,3.0,895,ON,HKCRP,805201,806435,SPRING,NONE,P,2019-04-29,2019,4,2019-20,2019,Final_Report_2019_20.pdf,SWL,895.0
7-May-19,1,1342,1,W LANTAU,3.0,406,ON,HKCRP,813558,802730,SPRING,NONE,P,2019-05-07,2019,5,2019-20,2019,Final_Report_2019_20.pdf,WL,406.0
7-May-19,2,1410,5,W LANTAU,2.0,133,ON,HKCRP,811413,801220,SPRING,NONE,P,2019-05-07,2019,5,2019-20,2019,Final_Report_2019_20.pdf,WL,133.0
7-May-19,3,1428,1,W LANTAU,2.0,42,ON,HKCRP,810154,799815,SPRING,NONE,S,2019-05-07,2019,5,2019-20,2019,Final_Report_2019_20.pdf,WL,42.0
9-May-19,1,1336,4,SW LANTAU,2.0,140,ON,HKCRP,805973,802239,SPRING,NONE,S,2019-05-09,2019,5,2019-20,2019,Final_Report_2019_20.pdf,SWL,140.0
9-May-19,2,1434,3,SW LANTAU,2.0,491,ON,HKCRP,806110,805529,SPRING,PURSE SEINE,P,2019-05-09,2019,5,2019-20,2019,Final_Report_2019_20.pdf,SWL,491.0
9-May-19,3,1454,1,SW LANTAU,2.0,253,ON,HKCRP,807548,806800,SPRING,NONE,S,2019-05-09,2019,5,2019-20,2019,Final_Report_2019_20.pdf,SWL,253.0
9-May-19,4,1504,1,SW LANTAU,2.0,369,ON,HKCRP,807491,807666,SPRING,NONE,S,2019-05-09,2019,5,2019-20,2019,Final_Report_2019_20.pdf,SWL,369.0
14-May-19,1,1018,1,W LANTAU,1.0,186,ON,HKCRP,813933,803308,SPRING,NONE,S,2019-05-14,2019,5,2019-20,2019,Final_Report_2019_20.pdf,WL,186.0
14-May-19,2,1024,1,W LANTAU,2.0,16,ON,HKCRP,813414,802503,SPRING,NONE,S,2019-05-14,2019,5,2019-20,2019,Final_Report_2019_20.pdf,WL,16.0
14-May-19,3,1032,7,W LANTAU,2.0,334,ON,HKCRP,811014,801157,SPRING,NONE,S,2019-05-14,2019,5,2019-20,2019,Final_Report_2019_20.pdf,WL,334.0
14-May-19,4,1052,2,W LANTAU,2.0,377,ON,HKCRP,810483,800878,SPRING,NONE,S,2019-05-14,2019,5,2019-20,2019,Final_Report_2019_20.pdf,WL,377.0
14-May-19,5,1117,5,W LANTAU,3.0,155,ON,HKCRP,806439,801817,SPRING,NONE,S,2019-05-14,2019,5,2019-20,2019,Final_Report_2019_20.pdf,WL,155.0
14-May-19,6,1128,4,SW LANTAU,2.0,34,ON,HKCRP,806061,802744,SPRING,NONE,S,2019-05-14,2019,5,2019-20,2019,Final_Report_2019_20.pdf,SWL,34.0
14-May-19,7,1143,13,SW LANTAU,2.0,91,ON,HKCRP,806899,804283,SPRING,NONE,S,2019-05-14,2019,5,2019-20,2019,Final_Report_2019_20.pdf,SWL,91.0
16-May-19,1,1404,5,SW LANTAU,3.0,24,ON,HKCRP,806026,803301,SPRING,NONE,S,2019-05-16,2019,5,2019-20,2019,Final_Report_2019_20.pdf,SWL,24.0
16-May-19,2,1454,3,SW LANTAU,2.0,242,ON,HKCRP,804179,808186,SPRING,NONE,S,2019-05-16,2019,5,2019-20,2019,Final_Report_2019_20.pdf,SWL,242.0
23-May-19,1,1326,3,W LANTAU,2.0,866,ON,HKCRP,812764,800986,SPRING,NONE,S,2019-05-23,2019,5,2019-20,2019,Final_Report_2019_20.pdf,WL,866.0
23-May-19,2,1403,1,W LANTAU,2.0,0,ON,HKCRP,810902,801786,SPRING,NONE,S,2019-05-23,2019,5,2019-20,2019,Final_Report_2019_20.pdf,WL,0.0
23-May-19,3,1420,4,W LANTAU,2.0,43,ON,HKCRP,810462,800651,SPRING,NONE,P,2019-05-23,2019,5,2019-20,2019,Final_Report_2019_20.pdf,WL,43.0
23-May-19,4,1446,3,W LANTAU,3.0,76,ON,HKCRP,808348,800306,SPRING,NONE,P,2019-05-23,2019,5,2019-20,2019,Final_Report_2019_20.pdf,WL,76.0
29-May-19,1,1235,2,W LANTAU,3.0,ND,OFF,HELI,806584,801374,SPRING,NONE,,2019-05-29,2019,5,2019-20,2019,Final_Report_2019_20.pdf,WL,
29-May-19,2,1239,5,W LANTAU,3.0,ND,OFF,HELI,810938,800776,SPRING,NONE,,2019-05-29,2019,5,2019-20,2019,Final_Report_2019_20.pdf,WL,
29-May-19,3,1242,3,W LANTAU,3.0,ND,OFF,HELI,813569,802802,SPRING,NONE,,2019-05-29,2019,5,2019-20,2019,Final_Report_2019_20.pdf,WL,
4-Jun-19,1,1329,3,SW LANTAU,1.0,ND,OFF,HKCRP,807300,808749,SUMMER,NONE,,2019-06-04,2019,6,2019-20,2019,Final_Report_2019_20.pdf,SWL,
5-Jun-19,1,1010,1,W LANTAU,2.0,ND,OFF,HKCRP,814805,804526,SUMMER,NONE,,2019-06-05,2019,6,2019-20,2019,Final_Report_2019_20.pdf,WL,
5-Jun-19,2,1016,7,W LANTAU,2.0,135,ON,HKCRP,813966,803349,SUMMER,PURSE SEINE,S,2019-06-05,2019,6,2019-20,2019,Final_Report_2019_20.pdf,WL,135.0
5-Jun-19,3,1056,1,W LANTAU,2.0,183,ON,HKCRP,806573,801725,SUMMER,NONE,S,2019-06-05,2019,6,2019-20,2019,Final_Report_2019_20.pdf,WL,183.0
6-Jun-19,1,1350,1,W LANTAU,3.0,86,ON,HKCRP,813524,803049,SUMMER,NONE,S,2019-06-06,2019,6,2019-20,2019,Final_Report_2019_20.pdf,WL,86.0
6-Jun-19,2,1501,5,SW LANTAU,2.0,ND,OFF,HKCRP,805485,802630,SUMMER,PURSE SEINE,,2019-06-06,2019,6,2019-20,2019,Final_Report_2019_20.pdf,SWL,
6-Jun-19,3,1521,1,SW LANTAU,2.0,ND,OFF,HKCRP,805834,805157,SUMMER,NONE,,2019-06-06,2019,6,2019-20,2019,Final_Report_2019_20.pdf,SWL,
17-Jun-19,1,1438,1,W LANTAU,2.0,92,ON,HKCRP,810250,801331,SUMMER,NONE,S,2019-06-17,2019,6,2019-20,2019,Final_Report_2019_20.pdf,WL,92.0
24-Jun-19,1,1125,1,W LANTAU,3.0,ND,OFF,HKCRP,806151,801868,SUMMER,NONE,,2019-06-24,2019,6,2019-20,2019,Final_Report_2019_20.pdf,WL,
5-Jul-19,1,1021,13,SW LANTAU,3.0,ND,OFF,HKCRP,805518,802980,SUMMER,NONE,,2019-07-05,2019,7,2019-20,2019,Final_Report_2019_20.pdf,SWL,
11-Jul-19,1,1331,3,SW LANTAU,2.0,560,ON,HKCRP,806746,803499,SUMMER,NONE,P,2019-07-11,2019,7,2019-20,2019,Final_Report_2019_20.pdf,SWL,560.0
15-Jul-19,1,1111,9,W LANTAU,3.0,43,ON,HKCRP,808391,800739,SUMMER,NONE,P,2019-07-15,2019,7,2019-20,2019,Final_Report_2019_20.pdf,WL,43.0
15-Jul-19,2,1138,5,W LANTAU,2.0,382,ON,HKCRP,807436,801665,SUMMER,NONE,S,2019-07-15,2019,7,2019-20,2019,Final_Report_2019_20.pdf,WL,382.0
15-Jul-19,3,1152,9,W LANTAU,3.0,374,ON,HKCRP,806495,801683,SUMMER,NONE,S,2019-07-15,2019,7,2019-20,2019,Final_Report_2019_20.pdf,WL,374.0
15-Jul-19,4,1232,4,SW LANTAU,2.0,265,ON,HKCRP,805286,802485,SUMMER,NONE,P,2019-07-15,2019,7,2019-20,2019,Final_Report_2019_20.pdf,SWL,265.0
15-Jul-19,5,1248,15,SW LANTAU,2.0,69,ON,HKCRP,805796,802476,SUMMER,NONE,P,2019-07-15,2019,7,2019-20,2019,Final_Report_2019_20.pdf,SWL,69.0
15-Jul-19,6,1313,3,SW LANTAU,2.0,5,ON,HKCRP,806646,803612,SUMMER,NONE,S,2019-07-15,2019,7,2019-20,2019,Final_Report_2019_20.pdf,SWL,5.0
15-Jul-19,7,1326,1,SW LANTAU,2.0,710,ON,HKCRP,805348,804517,SUMMER,NONE,P,2019-07-15,2019,7,2019-20,2019,Final_Report_2019_20.pdf,SWL,710.0
15-Jul-19,8,1330,1,SW LANTAU,2.0,ND,OFF,HKCRP,805016,804547,SUMMER,NONE,,2019-07-15,2019,7,2019-20,2019,Final_Report_2019_20.pdf,SWL,
15-Jul-19,9,1334,2,SW LANTAU,2.0,56,ON,HKCRP,804706,804505,SUMMER,NONE,P,2019-07-15,2019,7,2019-20,2019,Final_Report_2019_20.pdf,SWL,56.0
15-Jul-19,10,1405,2,SW LANTAU,2.0,223,ON,HKCRP,803938,806474,SUMMER,NONE,P,2019-07-15,2019,7,2019-20,2019,Final_Report_2019_20.pdf,SWL,223.0
15-Jul-19,11,1418,4,SW LANTAU,2.0,4,ON,HKCRP,804957,806465,SUMMER,NONE,P,2019-07-15,2019,7,2019-20,2019,Final_Report_2019_20.pdf,SWL,4.0
15-Jul-19,12,1426,1,SW LANTAU,2.0,100,ON,HKCRP,805876,806436,SUMMER,NONE,P,2019-07-15,2019,7,2019-20,2019,Final_Report_2019_20.pdf,SWL,100.0
15-Jul-19,13,1432,6,SW LANTAU,2.0,268,ON,HKCRP,806673,806438,SUMMER,NONE,P,2019-07-15,2019,7,2019-20,2019,Final_Report_2019_20.pdf,SWL,268.0
15-Jul-19,14,1455,8,SW LANTAU,2.0,523,ON,HKCRP,806426,808634,SUMMER,NONE,P,2019-07-15,2019,7,2019-20,2019,Final_Report_2019_20.pdf,SWL,523.0
16-Jul-19,1,1346,2,W LANTAU,2.0,34,ON,HKCRP,813137,802626,SUMMER,NONE,S,2019-07-16,2019,7,2019-20,2019,Final_Report_2019_20.pdf,WL,34.0
16-Jul-19,2,1410,1,W LANTAU,3.0,ND,OFF,HKCRP,811414,800777,SUMMER,NONE,,2019-07-16,2019,7,2019-20,2019,Final_Report_2019_20.pdf,WL,
16-Jul-19,3,1435,7,W LANTAU,3.0,786,ON,HKCRP,809322,800442,SUMMER,NONE,P,2019-07-16,2019,7,2019-20,2019,Final_Report_2019_20.pdf,WL,786.0
16-Jul-19,4,1451,6,W LANTAU,3.0,26,ON,HKCRP,807504,801345,SUMMER,NONE,S,2019-07-16,2019,7,2019-20,2019,Final_Report_2019_20.pdf,WL,26.0
23-Jul-19,1,1032,6,W LANTAU,1.0,44,ON,HKCRP,813635,803050,SUMMER,NONE,S,2019-07-23,2019,7,2019-20,2019,Final_Report_2019_20.pdf,WL,44.0
23-Jul-19,2,1054,5,W LANTAU,2.0,57,ON,HKCRP,810704,801466,SUMMER,NONE,S,2019-07-23,2019,7,2019-20,2019,Final_Report_2019_20.pdf,WL,57.0
23-Jul-19,3,1100,2,W LANTAU,2.0,178,ON,HKCRP,810272,801187,SUMMER,NONE,S,2019-07-23,2019,7,2019-20,2019,Final_Report_2019_20.pdf,WL,178.0
23-Jul-19,4,1106,7,W LANTAU,2.0,186,ON,HKCRP,808745,800894,SUMMER,NONE,S,2019-07-23,2019,7,2019-20,2019,Final_Report_2019_20.pdf,WL,186.0
23-Jul-19,5,1115,2,W LANTAU,3.0,46,ON,HKCRP,806859,802251,SUMMER,NONE,S,2019-07-23,2019,7,2019-20,2019,Final_Report_2019_20.pdf,WL,46.0
23-Jul-19,6,1120,5,W LANTAU,1.0,ND,OFF,HKCRP,806351,801858,SUMMER,NONE,,2019-07-23,2019,7,2019-20,2019,Final_Report_2019_20.pdf,WL,
24-Jul-19,1,1354,1,W LANTAU,3.0,606,ON,HKCRP,814511,802155,SUMMER,NONE,P,2019-07-24,2019,7,2019-20,2019,Final_Report_2019_20.pdf,WL,606.0
24-Jul-19,2,1424,14,W LANTAU,3.0,29,ON,HKCRP,811322,802024,SUMMER,NONE,S,2019-07-24,2019,7,2019-20,2019,Final_Report_2019_20.pdf,WL,29.0
24-Jul-19,3,1513,4,W LANTAU,3.0,375,ON,HKCRP,808458,800636,SUMMER,NONE,P,2019-07-24,2019,7,2019-20,2019,Final_Report_2019_20.pdf,WL,375.0
24-Jul-19,4,1528,2,SW LANTAU,2.0,ND,OFF,HKCRP,806217,802425,SUMMER,NONE,,2019-07-24,2019,7,2019-20,2019,Final_Report_2019_20.pdf,SWL,
29-Jul-19,1,1410,1,SW LANTAU,2.0,146,ON,HKCRP,807934,807440,SUMMER,NONE,S,2019-07-29,2019,7,2019-20,2019,Final_Report_2019_20.pdf,SWL,146.0
29-Jul-19,2,1432,7,SW LANTAU,2.0,36,ON,HKCRP,805675,807323,SUMMER,NONE,P,2019-07-29,2019,7,2019-20,2019,Final_Report_2019_20.pdf,SWL,36.0
29-Jul-19,3,1448,2,SW LANTAU,2.0,45,ON,HKCRP,804745,807311,SUMMER,NONE,P,2019-07-29,2019,7,2019-20,2019,Final_Report_2019_20.pdf,SWL,45.0
29-Jul-19,4,1502,2,SW LANTAU,3.0,83,ON,HKCRP,801667,807305,SUMMER,NONE,P,2019-07-29,2019,7,2019-20,2019,Final_Report_2019_20.pdf,SWL,83.0
29-Jul-19,5,1534,2,SW LANTAU,3.0,108,ON,HKCRP,805092,805310,SUMMER,NONE,P,2019-07-29,2019,7,2019-20,2019,Final_Report_2019_20.pdf,SWL,108.0
29-Jul-19,6,1621,1,SE LANTAU,1.0,ND,OFF,HKCRP,808057,813112,SUMMER,NONE,,2019-07-29,2019,7,2019-20,2019,Final_Report_2019_20.pdf,SEL,
14-Aug-19,1,1351,2,SW LANTAU,2.0,55,ON,HKCRP,805884,802693,SUMMER,NONE,P,2019-08-14,2019,8,2019-20,2019,Final_Report_2019_20.pdf,SWL,55.0
14-Aug-19,2,1402,1,SW LANTAU,2.0,51,ON,HKCRP,805485,802609,SUMMER,NONE,P,2019-08-14,2019,8,2019-20,2019,Final_Report_2019_20.pdf,SWL,51.0
14-Aug-19,3,1412,1,SW LANTAU,3.0,456,ON,HKCRP,804777,802566,SUMMER,NONE,P,2019-08-14,2019,8,2019-20,2019,Final_Report_2019_20.pdf,SWL,456.0
14-Aug-19,4,1423,2,SW LANTAU,3.0,348,ON,HKCRP,803723,803183,SUMMER,NONE,S,2019-08-14,2019,8,2019-20,2019,Final_Report_2019_20.pdf,SWL,348.0
15-Aug-19,1,1044,7,W LANTAU,2.0,97,ON,HKCRP,811123,801962,SUMMER,NONE,S,2019-08-15,2019,8,2019-20,2019,Final_Report_2019_20.pdf,WL,97.0
15-Aug-19,2,1123,8,W LANTAU,1.0,28,ON,HKCRP,808435,800677,SUMMER,NONE,P,2019-08-15,2019,8,2019-20,2019,Final_Report_2019_20.pdf,WL,28.0
15-Aug-19,3,1143,1,W LANTAU,3.0,20,ON,HKCRP,806528,801776,SUMMER,NONE,P,2019-08-15,2019,8,2019-20,2019,Final_Report_2019_20.pdf,WL,20.0
15-Aug-19,4,1153,2,W LANTAU,3.0,389,ON,HKCRP,806408,800889,SUMMER,NONE,P,2019-08-15,2019,8,2019-20,2019,Final_Report_2019_20.pdf,WL,389.0
15-Aug-19,5,1250,6,SW LANTAU,2.0,44,ON,HKCRP,805346,805497,SUMMER,NONE,P,2019-08-15,2019,8,2019-20,2019,Final_Report_2019_20.pdf,SWL,44.0
15-Aug-19,6,1437,1,SW LANTAU,2.0,39,ON,HKCRP,807773,810977,SUMMER,NONE,S,2019-08-15,2019,8,2019-20,2019,Final_Report_2019_20.pdf,SWL,39.0
15-Aug-19,9,1553,1,SE LANTAU,3.0,183,ON,HKCRP,806296,813491,SUMMER,NONE,P,2019-08-15,2019,8,2019-20,2019,Final_Report_2019_20.pdf,SEL,183.0
20-Aug-19,1,1331,1,W LANTAU,2.0,348,ON,HKCRP,814280,801690,SUMMER,NONE,S,2019-08-20,2019,8,2019-20,2019,Final_Report_2019_20.pdf,WL,348.0
20-Aug-19,2,1341,1,W LANTAU,2.0,99,ON,HKCRP,813481,802317,SUMMER,NONE,P,2019-08-20,2019,8,2019-20,2019,Final_Report_2019_20.pdf,WL,99.0
20-Aug-19,3,1414,9,W LANTAU,2.0,105,ON,HKCRP,811127,800168,SUMMER,NONE,S,2019-08-20,2019,8,2019-20,2019,Final_Report_2019_20.pdf,WL,105.0
20-Aug-19,4,1440,6,W LANTAU,4.0,281,ON,HKCRP,809422,800205,SUMMER,NONE,P,2019-08-20,2019,8,2019-20,2019,Final_Report_2019_20.pdf,WL,281.0
20-Aug-19,5,1510,3,W LANTAU,4.0,ND,OFF,HKCRP,806229,801910,SUMMER,NONE,,2019-08-20,2019,8,2019-20,2019,Final_Report_2019_20.pdf,WL,
28-Aug-19,1,1343,2,SW LANTAU,2.0,ND,OFF,HKCRP,805884,802414,SUMMER,NONE,,2019-08-28,2019,8,2019-20,2019,Final_Report_2019_20.pdf,SWL,
29-Aug-19,1,1521,1,NW LANTAU,2.0,87,ON,HKCRP,814650,804701,SUMMER,NONE,P,2019-08-29,2019,8,2019-20,2019,Final_Report_2019_20.pdf,NWL,87.0
11-Sep-19,1,1404,1,W LANTAU,3.0,451,ON,HKCRP,813827,801380,AUTUMN,NONE,S,2019-09-11,2019,9,2019-20,2019,Final_Report_2019_20.pdf,WL,451.0
11-Sep-19,2,1425,3,W LANTAU,3.0,306,ON,HKCRP,812385,802387,AUTUMN,NONE,P,2019-09-11,2019,9,2019-20,2019,Final_Report_2019_20.pdf,WL,306.0
11-Sep-19,3,1504,1,W LANTAU,2.0,34,ON,HKCRP,808379,800945,AUTUMN,NONE,P,2019-09-11,2019,9,2019-20,2019,Final_Report_2019_20.pdf,WL,34.0
11-Sep-19,4,1518,7,W LANTAU,2.0,302,ON,HKCRP,807027,801674,AUTUMN,NONE,S,2019-09-11,2019,9,2019-20,2019,Final_Report_2019_20.pdf,WL,302.0
12-Sep-19,1,1013,3,W LANTAU,2.0,18,ON,HKCRP,814430,803845,AUTUMN,NONE,S,2019-09-12,2019,9,2019-20,2019,Final_Report_2019_20.pdf,WL,18.0
12-Sep-19,2,1023,2,W LANTAU,2.0,606,ON,HKCRP,812374,802109,AUTUMN,NONE,S,2019-09-12,2019,9,2019-20,2019,Final_Report_2019_20.pdf,WL,606.0
12-Sep-19,3,1026,5,W LANTAU,2.0,13,ON,HKCRP,811489,801694,AUTUMN,NONE,S,2019-09-12,2019,9,2019-20,2019,Final_Report_2019_20.pdf,WL,13.0
12-Sep-19,4,1040,4,W LANTAU,2.0,25,ON,HKCRP,807980,801181,AUTUMN,NONE,S,2019-09-12,2019,9,2019-20,2019,Final_Report_2019_20.pdf,WL,25.0
17-Sep-19,1,1321,1,W LANTAU,3.0,ND,OFF,HKCRP,812761,802398,AUTUMN,NONE,,2019-09-17,2019,9,2019-20,2019,Final_Report_2019_20.pdf,WL,
19-Sep-19,1,1014,1,W LANTAU,3.0,199,ON,HKCRP,815395,803208,AUTUMN,NONE,S,2019-09-19,2019,9,2019-20,2019,Final_Report_2019_20.pdf,WL,199.0
19-Sep-19,2,1048,1,W LANTAU,3.0,76,ON,HKCRP,808637,799595,AUTUMN,NONE,S,2019-09-19,2019,9,2019-20,2019,Final_Report_2019_20.pdf,WL,76.0
25-Sep-19,1,1407,10,SW LANTAU,2.0,153,ON,HKCRP,806183,802683,AUTUMN,NONE,S,2019-09-25,2019,9,2019-20,2019,Final_Report_2019_20.pdf,SWL,153.0
30-Sep-19,2,1307,3,W LANTAU,2.0,ND,OFF,HELI,806817,801478,AUTUMN,NONE,,2019-09-30,2019,9,2019-20,2019,Final_Report_2019_20.pdf,WL,
30-Sep-19,3,1309,2,W LANTAU,2.0,ND,OFF,HELI,808147,800914,AUTUMN,NONE,,2019-09-30,2019,9,2019-20,2019,Final_Report_2019_20.pdf,WL,
30-Sep-19,4,1310,4,W LANTAU,2.0,ND,OFF,HELI,810228,801279,AUTUMN,NONE,,2019-09-30,2019,9,2019-20,2019,Final_Report_2019_20.pdf,WL,
2-Oct-19,1,1327,2,SW LANTAU,2.0,ND,OFF,HKCRP,806150,802631,AUTUMN,NONE,,2019-10-02,2019,10,2019-20,2019,Final_Report_2019_20.pdf,SWL,
9-Oct-19,1,1340,1,W LANTAU,2.0,407,ON,HKCRP,813185,801152,AUTUMN,NONE,S,2019-10-09,2019,10,2019-20,2019,Final_Report_2019_20.pdf,WL,407.0
9-Oct-19,2,1410,5,W LANTAU,2.0,406,ON,HKCRP,810427,801331,AUTUMN,NONE,P,2019-10-09,2019,10,2019-20,2019,Final_Report_2019_20.pdf,WL,406.0
9-Oct-19,3,1443,9,W LANTAU,3.0,329,ON,HKCRP,808435,800605,AUTUMN,NONE,P,2019-10-09,2019,10,2019-20,2019,Final_Report_2019_20.pdf,WL,329.0
9-Oct-19,4,1510,5,SW LANTAU,3.0,ND,OFF,HKCRP,806315,802900,AUTUMN,NONE,,2019-10-09,2019,10,2019-20,2019,Final_Report_2019_20.pdf,SWL,
10-Oct-19,1,1017,1,W LANTAU,2.0,65,ON,HKCRP,813414,802812,AUTUMN,NONE,S,2019-10-10,2019,10,2019-20,2019,Final_Report_2019_20.pdf,WL,65.0
10-Oct-19,2,1029,1,W LANTAU,2.0,148,ON,HKCRP,810626,801497,AUTUMN,NONE,S,2019-10-10,2019,10,2019-20,2019,Final_Report_2019_20.pdf,WL,148.0
14-Oct-19,1,1421,10,W LANTAU,2.0,102,ON,HKCRP,809322,800195,AUTUMN,NONE,P,2019-10-14,2019,10,2019-20,2019,Final_Report_2019_20.pdf,WL,102.0
14-Oct-19,2,1455,3,W LANTAU,2.0,86,ON,HKCRP,807403,801623,AUTUMN,NONE,S,2019-10-14,2019,10,2019-20,2019,Final_Report_2019_20.pdf,WL,86.0
16-Oct-19,1,1348,1,W LANTAU,2.0,61,ON,HKCRP,810637,801579,AUTUMN,NONE,S,2019-10-16,2019,10,2019-20,2019,Final_Report_2019_20.pdf,WL,61.0
16-Oct-19,2,1405,2,W LANTAU,2.0,136,ON,HKCRP,813845,803236,AUTUMN,NONE,S,2019-10-16,2019,10,2019-20,2019,Final_Report_2019_20.pdf,WL,136.0
23-Oct-19,1,1030,3,W LANTAU,2.0,874,ON,HKCRP,813115,802543,AUTUMN,NONE,S,2019-10-23,2019,10,2019-20,2019,Final_Report_2019_20.pdf,WL,874.0
23-Oct-19,2,1037,2,W LANTAU,1.0,ND,OFF,HKCRP,812286,802129,AUTUMN,NONE,,2019-10-23,2019,10,2019-20,2019,Final_Report_2019_20.pdf,WL,
23-Oct-19,3,1053,3,W LANTAU,1.0,45,ON,HKCRP,808789,800884,AUTUMN,NONE,S,2019-10-23,2019,10,2019-20,2019,Final_Report_2019_20.pdf,WL,45.0
4-Nov-19,1,1306,3,SW LANTAU,2.0,ND,OFF,HKCRP,806492,803179,AUTUMN,NONE,,2019-11-04,2019,11,2019-20,2019,Final_Report_2019_20.pdf,SWL,
7-Nov-19,1,1033,2,W LANTAU,3.0,6,ON,HKCRP,809287,800999,AUTUMN,NONE,S,2019-11-07,2019,11,2019-20,2019,Final_Report_2019_20.pdf,WL,6.0
7-Nov-19,2,1054,1,SW LANTAU,3.0,ND,OFF,HKCRP,804877,802298,AUTUMN,NONE,,2019-11-07,2019,11,2019-20,2019,Final_Report_2019_20.pdf,SWL,
21-Nov-19,1,1019,4,W LANTAU,2.0,48,ON,HKCRP,814563,804021,AUTUMN,NONE,S,2019-11-21,2019,11,2019-20,2019,Final_Report_2019_20.pdf,WL,48.0
21-Nov-19,2,1028,2,W LANTAU,2.0,157,ON,HKCRP,813458,802802,AUTUMN,NONE,S,2019-11-21,2019,11,2019-20,2019,Final_Report_2019_20.pdf,WL,157.0
21-Nov-19,3,1034,2,W LANTAU,2.0,500,ON,HKCRP,812595,802254,AUTUMN,NONE,S,2019-11-21,2019,11,2019-20,2019,Final_Report_2019_20.pdf,WL,500.0
4-Dec-19,1,1320,4,SW LANTAU,3.0,30,ON,HKCRP,806203,803498,WINTER,NONE,P,2019-12-04,2019,12,2019-20,2019,Final_Report_2019_20.pdf,SWL,30.0
10-Dec-19,1,1424,2,W LANTAU,2.0,41,ON,HKCRP,811446,801241,WINTER,NONE,P,2019-12-10,2019,12,2019-20,2019,Final_Report_2019_20.pdf,WL,41.0
10-Dec-19,2,1512,1,SW LANTAU,2.0,ND,OFF,HKCRP,806358,803849,WINTER,NONE,,2019-12-10,2019,12,2019-20,2019,Final_Report_2019_20.pdf,SWL,
16-Dec-19,1,1334,1,W LANTAU,1.0,242,ON,HKCRP,813579,803173,WINTER,NONE,P,2019-12-16,2019,12,2019-20,2019,Final_Report_2019_20.pdf,WL,242.0
16-Dec-19,2,1409,2,W LANTAU,1.0,103,ON,HKCRP,809410,800370,WINTER,NONE,P,2019-12-16,2019,12,2019-20,2019,Final_Report_2019_20.pdf,WL,103.0
23-Dec-19,1,1206,3,W LANTAU,3.0,129,ON,HKCRP,806462,801673,WINTER,NONE,P,2019-12-23,2019,12,2019-20,2019,Final_Report_2019_20.pdf,WL,129.0
3-Jan-20,1,1026,1,W LANTAU,2.0,565,ON,HKCRP,810228,801279,WINTER,NONE,S,2020-01-03,2020,1,2019-20,2019,Final_Report_2019_20.pdf,WL,565.0
3-Jan-20,2,1037,1,W LANTAU,2.0,743,ON,HKCRP,808191,801120,WINTER,NONE,S,2020-01-03,2020,1,2019-20,2019,Final_Report_2019_20.pdf,WL,743.0
3-Jan-20,3,1049,5,SW LANTAU,2.0,ND,OFF,HKCRP,806239,802394,WINTER,NONE,,2020-01-03,2020,1,2019-20,2019,Final_Report_2019_20.pdf,SWL,
3-Jan-20,4,1136,5,SW LANTAU,2.0,539,ON,HKCRP,806079,804498,WINTER,NONE,P,2020-01-03,2020,1,2019-20,2019,Final_Report_2019_20.pdf,SWL,539.0
3-Jan-20,6,1317,1,SW LANTAU,2.0,87,ON,HKCRP,807445,808594,WINTER,NONE,P,2020-01-03,2020,1,2019-20,2019,Final_Report_2019_20.pdf,SWL,87.0
6-Jan-20,1,1352,2,W LANTAU,2.0,86,ON,HKCRP,810453,799826,WINTER,NONE,S,2020-01-06,2020,1,2019-20,2019,Final_Report_2019_20.pdf,WL,86.0
6-Jan-20,2,1401,2,W LANTAU,2.0,0,ON,HKCRP,810507,800063,WINTER,NONE,P,2020-01-06,2020,1,2019-20,2019,Final_Report_2019_20.pdf,WL,0.0
8-Jan-20,1,1250,8,SW LANTAU,2.0,ND,OFF,HKCRP,806085,802012,WINTER,NONE,,2020-01-08,2020,1,2019-20,2019,Final_Report_2019_20.pdf,SWL,
8-Jan-20,2,1314,2,SW LANTAU,1.0,755,ON,HKCRP,806624,803581,WINTER,NONE,P,2020-01-08,2020,1,2019-20,2019,Final_Report_2019_20.pdf,SWL,755.0
15-Jan-20,1,1022,5,W LANTAU,3.0,45,ON,HKCRP,812640,802233,WINTER,NONE,S,2020-01-15,2020,1,2019-20,2019,Final_Report_2019_20.pdf,WL,45.0
15-Jan-20,2,1045,1,W LANTAU,3.0,2,ON,HKCRP,809930,800918,WINTER,NONE,S,2020-01-15,2020,1,2019-20,2019,Final_Report_2019_20.pdf,WL,2.0
15-Jan-20,3,1055,8,W LANTAU,3.0,31,ON,HKCRP,808557,800595,WINTER,NONE,S,2020-01-15,2020,1,2019-20,2019,Final_Report_2019_20.pdf,WL,31.0
22-Jan-20,7,1418,5,SW LANTAU,1.0,126,ON,HKCRP,806272,802487,WINTER,NONE,S,2020-01-22,2020,1,2019-20,2019,Final_Report_2019_20.pdf,SWL,126.0
10-Feb-20,1,1332,1,W LANTAU,2.0,155,ON,HKCRP,810538,801362,WINTER,NONE,S,2020-02-10,2020,2,2019-20,2019,Final_Report_2019_20.pdf,WL,155.0
10-Feb-20,2,1350,3,W LANTAU,2.0,50,ON,HKCRP,807526,801407,WINTER,NONE,S,2020-02-10,2020,2,2019-20,2019,Final_Report_2019_20.pdf,WL,50.0
24-Feb-20,1,1423,3,W LANTAU,3.0,207,ON,HKCRP,805434,800722,WINTER,NONE,P,2020-02-24,2020,2,2019-20,2019,Final_Report_2019_20.pdf,WL,207.0
3-Mar-20,1,1437,1,W LANTAU,3.0,185,ON,HKCRP,808424,800615,SPRING,NONE,P,2020-03-03,2020,3,2019-20,2019,Final_Report_2019_20.pdf,WL,185.0
3-Mar-20,2,1505,2,W LANTAU,3.0,175,ON,HKCRP,805478,801114,SPRING,NONE,P,2020-03-03,2020,3,2019-20,2019,Final_Report_2019_20.pdf,WL,175.0
3-Mar-20,3,1515,3,W LANTAU,3.0,ND,OFF,HKCRP,805476,801722,SPRING,NONE,,2020-03-03,2020,3,2019-20,2019,Final_Report_2019_20.pdf,WL,
3-Mar-20,4,1518,1,SW LANTAU,3.0,ND,OFF,HKCRP,805862,802404,SPRING,NONE,,2020-03-03,2020,3,2019-20,2019,Final_Report_2019_20.pdf,SWL,
6-Mar-20,1,1321,4,SW LANTAU,3.0,65,ON,HKCRP,804378,802535,SPRING,NONE,P,2020-03-06,2020,3,2019-20,2019,Final_Report_2019_20.pdf,SWL,65.0
11-Mar-20,1,1025,1,W LANTAU,2.0,157,ON,HKCRP,813547,802823,SPRING,NONE,S,2020-03-11,2020,3,2019-20,2019,Final_Report_2019_20.pdf,WL,157.0
11-Mar-20,2,1101,1,W LANTAU,2.0,16,ON,HKCRP,806574,801065,SPRING,NONE,S,2020-03-11,2020,3,2019-20,2019,Final_Report_2019_20.pdf,WL,16.0
18-Mar-20,1,1322,2,DEEP BAY,2.0,132,ON,HKCRP,830469,807411,SPRING,NONE,P,2020-03-18,2020,3,2019-20,2019,Final_Report_2019_20.pdf,DB,132.0
21-Apr-20,1,1331,1,W LANTAU,2.0,81,ON,HKCRP,813569,802503,SPRING,NONE,P,2020-04-21,2020,4,2020-21,2020,Final_Report_2020-21.pdf,WL,81.0
21-Apr-20,2,1347,7,W LANTAU,2.0,341,ON,HKCRP,813148,802605,SPRING,NONE,S,2020-04-21,2020,4,2020-21,2020,Final_Report_2020-21.pdf,WL,341.0
21-Apr-20,3,1417,2,W LANTAU,3.0,36,ON,HKCRP,809933,799650,SPRING,NONE,S,2020-04-21,2020,4,2020-21,2020,Final_Report_2020-21.pdf,WL,36.0
21-Apr-20,4,1445,4,W LANTAU,3.0,67,ON,HKCRP,809320,801184,SPRING,NONE,S,2020-04-21,2020,4,2020-21,2020,Final_Report_2020-21.pdf,WL,67.0
27-Apr-20,1,1025,3,W LANTAU,1.0,193,ON,HKCRP,813823,803040,SPRING,NONE,S,2020-04-27,2020,4,2020-21,2020,Final_Report_2020-21.pdf,WL,193.0
27-Apr-20,2,1107,1,W LANTAU,2.0,67,ON,HKCRP,806251,802105,SPRING,NONE,S,2020-04-27,2020,4,2020-21,2020,Final_Report_2020-21.pdf,WL,67.0
28-Apr-20,1,1307,4,W LANTAU,2.0,68,ON,HKCRP,813613,802823,SPRING,NONE,P,2020-04-28,2020,4,2020-21,2020,Final_Report_2020-21.pdf,WL,68.0
28-Apr-20,2,1441,1,W LANTAU,4.0,113,ON,HKCRP,807439,800664,SPRING,NONE,P,2020-04-28,2020,4,2020-21,2020,Final_Report_2020-21.pdf,WL,113.0
6-May-20,1,1355,4,SW LANTAU,2.0,202,ON,HKCRP,806095,802538,SPRING,NONE,P,2020-05-06,2020,5,2020-21,2020,Final_Report_2020-21.pdf,SWL,202.0
6-May-20,2,1500,2,SW LANTAU,2.0,601,ON,HKCRP,806795,806520,SPRING,NONE,P,2020-05-06,2020,5,2020-21,2020,Final_Report_2020-21.pdf,SWL,601.0
8-May-20,1,1521,2,SW LANTAU,2.0,51,ON,HKCRP,804483,805505,SPRING,NONE,P,2020-05-08,2020,5,2020-21,2020,Final_Report_2020-21.pdf,SWL,51.0
13-May-20,1,1105,5,W LANTAU,1.0,181,ON,HKCRP,812464,801697,SPRING,NONE,P,2020-05-13,2020,5,2020-21,2020,Final_Report_2020-21.pdf,WL,181.0
13-May-20,2,1138,5,W LANTAU,2.0,117,ON,HKCRP,811456,801653,SPRING,NONE,P,2020-05-13,2020,5,2020-21,2020,Final_Report_2020-21.pdf,WL,117.0
13-May-20,3,1155,3,W LANTAU,2.0,149,ON,HKCRP,811458,800808,SPRING,NONE,P,2020-05-13,2020,5,2020-21,2020,Final_Report_2020-21.pdf,WL,149.0
13-May-20,4,1238,1,W LANTAU,3.0,71,ON,HKCRP,808436,800564,SPRING,NONE,P,2020-05-13,2020,5,2020-21,2020,Final_Report_2020-21.pdf,WL,71.0
20-May-20,1,1350,2,SW LANTAU,3.0,ND,OFF,HKCRP,806083,802724,SPRING,NONE,,2020-05-20,2020,5,2020-21,2020,Final_Report_2020-21.pdf,SWL,
2-Jun-20,1,1355,3,SW LANTAU,2.0,111,ON,HKCRP,805205,804496,SUMMER,NONE,P,2020-06-02,2020,6,2020-21,2020,Final_Report_2020-21.pdf,SWL,111.0
2-Jun-20,2,1411,2,SW LANTAU,2.0,97,ON,HKCRP,806334,804364,SUMMER,NONE,P,2020-06-02,2020,6,2020-21,2020,Final_Report_2020-21.pdf,SWL,97.0
2-Jun-20,3,1445,1,SW LANTAU,2.0,182,ON,HKCRP,806806,806510,SUMMER,NONE,P,2020-06-02,2020,6,2020-21,2020,Final_Report_2020-21.pdf,SWL,182.0
3-Jun-20,2,1529,5,SW LANTAU,2.0,ND,OFF,HKCRP,803146,804017,SUMMER,NONE,,2020-06-03,2020,6,2020-21,2020,Final_Report_2020-21.pdf,SWL,
3-Jun-20,3,1602,1,SW LANTAU,2.0,ND,OFF,HKCRP,806114,809788,SUMMER,NONE,,2020-06-03,2020,6,2020-21,2020,Final_Report_2020-21.pdf,SWL,
10-Jun-20,1,1341,1,W LANTAU,3.0,44,ON,HKCRP,809907,801340,SUMMER,NONE,S,2020-06-10,2020,6,2020-21,2020,Final_Report_2020-21.pdf,WL,44.0
10-Jun-20,2,1351,2,W LANTAU,3.0,34,ON,HKCRP,809465,800587,SUMMER,NONE,P,2020-06-10,2020,6,2020-21,2020,Final_Report_2020-21.pdf,WL,34.0
10-Jun-20,3,1412,1,W LANTAU,3.0,39,ON,HKCRP,808413,800533,SUMMER,NONE,P,2020-06-10,2020,6,2020-21,2020,Final_Report_2020-21.pdf,WL,39.0
10-Jun-20,4,1446,2,W LANTAU,3.0,70,ON,HKCRP,806709,800178,SUMMER,NONE,S,2020-06-10,2020,6,2020-21,2020,Final_Report_2020-21.pdf,WL,70.0
10-Jun-20,5,1500,4,W LANTAU,3.0,43,ON,HKCRP,806074,801693,SUMMER,NONE,S,2020-06-10,2020,6,2020-21,2020,Final_Report_2020-21.pdf,WL,43.0
10-Jun-20,6,1517,2,SW LANTAU,2.0,ND,OFF,HKCRP,806455,804828,SUMMER,NONE,,2020-06-10,2020,6,2020-21,2020,Final_Report_2020-21.pdf,SWL,
17-Jun-20,1,1012,4,W LANTAU,2.0,165,ON,HKCRP,813878,803153,SUMMER,NONE,S,2020-06-17,2020,6,2020-21,2020,Final_Report_2020-21.pdf,WL,165.0
17-Jun-20,2,1047,3,W LANTAU,3.0,19,ON,HKCRP,807182,801530,SUMMER,NONE,S,2020-06-17,2020,6,2020-21,2020,Final_Report_2020-21.pdf,WL,19.0
17-Jun-20,3,1105,4,SW LANTAU,2.0,ND,OFF,HKCRP,806162,802208,SUMMER,NONE,,2020-06-17,2020,6,2020-21,2020,Final_Report_2020-21.pdf,SWL,
17-Jun-20,4,1157,2,SW LANTAU,2.0,ND,OFF,HKCRP,806602,803560,SUMMER,NONE,,2020-06-17,2020,6,2020-21,2020,Final_Report_2020-21.pdf,SWL,
17-Jun-20,5,1223,5,SW LANTAU,3.0,443,ON,HKCRP,806085,807385,SUMMER,NONE,P,2020-06-17,2020,6,2020-21,2020,Final_Report_2020-21.pdf,SWL,443.0
17-Jun-20,6,1358,4,SW LANTAU,3.0,ND,OFF,HKCRP,806239,802085,SUMMER,NONE,,2020-06-17,2020,6,2020-21,2020,Final_Report_2020-21.pdf,SWL,
17-Jun-20,7,1432,8,SW LANTAU,2.0,ND,OFF,HKCRP,807269,807728,SUMMER,NONE,,2020-06-17,2020,6,2020-21,2020,Final_Report_2020-21.pdf,SWL,
22-Jun-20,1,1306,8,SW LANTAU,2.0,ND,OFF,HKCRP,805839,803146,SUMMER,NONE,,2020-06-22,2020,6,2020-21,2020,Final_Report_2020-21.pdf,SWL,
22-Jun-20,2,1339,3,SW LANTAU,2.0,ND,OFF,HKCRP,806594,807396,SUMMER,NONE,,2020-06-22,2020,6,2020-21,2020,Final_Report_2020-21.pdf,SWL,
22-Jun-20,3,1359,1,SW LANTAU,2.0,ND,OFF,HKCRP,807609,809358,SUMMER,PURSE SEINE,,2020-06-22,2020,6,2020-21,2020,Final_Report_2020-21.pdf,SWL,
23-Jun-20,1,1021,6,W LANTAU,3.0,126,ON,HKCRP,813127,802430,SUMMER,NONE,S,2020-06-23,2020,6,2020-21,2020,Final_Report_2020-21.pdf,WL,126.0
23-Jun-20,2,1048,1,W LANTAU,3.0,721,ON,HKCRP,808091,801212,SUMMER,NONE,S,2020-06-23,2020,6,2020-21,2020,Final_Report_2020-21.pdf,WL,721.0
23-Jun-20,3,1054,7,W LANTAU,3.0,58,ON,HKCRP,806572,801797,SUMMER,NONE,S,2020-06-23,2020,6,2020-21,2020,Final_Report_2020-21.pdf,WL,58.0
23-Jun-20,4,1109,4,SW LANTAU,2.0,127,ON,HKCRP,806095,802518,SUMMER,NONE,P,2020-06-23,2020,6,2020-21,2020,Final_Report_2020-21.pdf,SWL,127.0
23-Jun-20,5,1144,3,SW LANTAU,3.0,279,ON,HKCRP,804872,804495,SUMMER,NONE,P,2020-06-23,2020,6,2020-21,2020,Final_Report_2020-21.pdf,SWL,279.0
23-Jun-20,6,1157,3,SW LANTAU,2.0,60,ON,HKCRP,805249,804548,SUMMER,NONE,P,2020-06-23,2020,6,2020-21,2020,Final_Report_2020-21.pdf,SWL,60.0
23-Jun-20,7,1208,1,SW LANTAU,2.0,270,ON,HKCRP,806168,804498,SUMMER,NONE,P,2020-06-23,2020,6,2020-21,2020,Final_Report_2020-21.pdf,SWL,270.0
23-Jun-20,8,1224,5,SW LANTAU,2.0,55,ON,HKCRP,807440,805099,SUMMER,PURSE SEINE,S,2020-06-23,2020,6,2020-21,2020,Final_Report_2020-21.pdf,SWL,55.0
23-Jun-20,9,1256,2,SW LANTAU,2.0,700,ON,HKCRP,805522,806508,SUMMER,NONE,P,2020-06-23,2020,6,2020-21,2020,Final_Report_2020-21.pdf,SWL,700.0
23-Jun-20,10,1350,8,SW LANTAU,3.0,28,ON,HKCRP,805507,808333,SUMMER,NONE,S,2020-06-23,2020,6,2020-21,2020,Final_Report_2020-21.pdf,SWL,28.0
6-Jul-20,1,1233,5,SW LANTAU,3.0,ND,OFF,HKCRP,805974,802115,SUMMER,NONE,,2020-07-06,2020,7,2020-21,2020,Final_Report_2020-21.pdf,SWL,
6-Jul-20,2,1256,1,SW LANTAU,2.0,770,ON,HKCRP,806591,803344,SUMMER,NONE,S,2020-07-06,2020,7,2020-21,2020,Final_Report_2020-21.pdf,SWL,770.0
6-Jul-20,3,1307,1,SW LANTAU,2.0,18,ON,HKCRP,805824,804559,SUMMER,NONE,P,2020-07-06,2020,7,2020-21,2020,Final_Report_2020-21.pdf,SWL,18.0
6-Jul-20,4,1322,2,SW LANTAU,3.0,267,ON,HKCRP,803676,804472,SUMMER,NONE,P,2020-07-06,2020,7,2020-21,2020,Final_Report_2020-21.pdf,SWL,267.0
6-Jul-20,5,1443,2,SW LANTAU,2.0,51,ON,HKCRP,803702,808598,SUMMER,NONE,P,2020-07-06,2020,7,2020-21,2020,Final_Report_2020-21.pdf,SWL,51.0
6-Jul-20,6,1545,9,SW LANTAU,2.0,257,ON,HKCRP,806001,810644,SUMMER,NONE,P,2020-07-06,2020,7,2020-21,2020,Final_Report_2020-21.pdf,SWL,257.0
8-Jul-20,1,1410,1,SW LANTAU,2.0,103,ON,HKCRP,804154,809795,SUMMER,NONE,P,2020-07-08,2020,7,2020-21,2020,Final_Report_2020-21.pdf,SWL,103.0
8-Jul-20,2,1434,3,SW LANTAU,2.0,29,ON,HKCRP,805616,809633,SUMMER,NONE,P,2020-07-08,2020,7,2020-21,2020,Final_Report_2020-21.pdf,SWL,29.0
8-Jul-20,3,1502,1,SW LANTAU,3.0,6,ON,HKCRP,807410,809223,SUMMER,NONE,S,2020-07-08,2020,7,2020-21,2020,Final_Report_2020-21.pdf,SWL,6.0
8-Jul-20,4,1537,1,SW LANTAU,2.0,ND,OFF,HKCRP,806259,809201,SUMMER,NONE,,2020-07-08,2020,7,2020-21,2020,Final_Report_2020-21.pdf,SWL,
17-Jul-20,3,1550,2,W LANTAU,4.0,ND,OFF,HELI,813503,802400,SUMMER,NONE,,2020-07-17,2020,7,2020-21,2020,Final_Report_2020-21.pdf,WL,
20-Jul-20,1,1415,1,W LANTAU,3.0,122,ON,HKCRP,812430,801996,SUMMER,NONE,S,2020-07-20,2020,7,2020-21,2020,Final_Report_2020-21.pdf,WL,122.0
20-Jul-20,2,1443,4,W LANTAU,3.0,326,ON,HKCRP,809744,799711,SUMMER,NONE,S,2020-07-20,2020,7,2020-21,2020,Final_Report_2020-21.pdf,WL,326.0
20-Jul-20,3,1506,1,W LANTAU,2.0,203,ON,HKCRP,807714,801428,SUMMER,NONE,S,2020-07-20,2020,7,2020-21,2020,Final_Report_2020-21.pdf,WL,203.0
20-Jul-20,4,1515,5,W LANTAU,2.0,122,ON,HKCRP,806295,801961,SUMMER,PURSE SEINE,S,2020-07-20,2020,7,2020-21,2020,Final_Report_2020-21.pdf,WL,122.0
20-Jul-20,5,1526,1,SW LANTAU,2.0,ND,OFF,HKCRP,806082,803023,SUMMER,PURSE SEINE,,2020-07-20,2020,7,2020-21,2020,Final_Report_2020-21.pdf,SWL,
20-Jul-20,6,1549,2,SW LANTAU,2.0,ND,OFF,HKCRP,806182,808850,SUMMER,NONE,,2020-07-20,2020,7,2020-21,2020,Final_Report_2020-21.pdf,SWL,
29-Jul-20,1,1303,2,W LANTAU,1.0,41,ON,HKCRP,815042,802465,SUMMER,NONE,S,2020-07-29,2020,7,2020-21,2020,Final_Report_2020-21.pdf,WL,41.0
29-Jul-20,2,1315,5,W LANTAU,1.0,57,ON,HKCRP,814488,802948,SUMMER,NONE,P,2020-07-29,2020,7,2020-21,2020,Final_Report_2020-21.pdf,WL,57.0
29-Jul-20,3,1404,4,W LANTAU,2.0,142,ON,HKCRP,811446,801045,SUMMER,NONE,P,2020-07-29,2020,7,2020-21,2020,Final_Report_2020-21.pdf,WL,142.0
29-Jul-20,4,1441,2,W LANTAU,2.0,261,ON,HKCRP,808280,800893,SUMMER,NONE,P,2020-07-29,2020,7,2020-21,2020,Final_Report_2020-21.pdf,WL,261.0
29-Jul-20,5,1504,1,W LANTAU,2.0,225,ON,HKCRP,806720,800168,SUMMER,NONE,S,2020-07-29,2020,7,2020-21,2020,Final_Report_2020-21.pdf,WL,225.0
6-Aug-20,1,1317,2,SW LANTAU,3.0,174,ON,HKCRP,806205,802549,SUMMER,NONE,P,2020-08-06,2020,8,2020-21,2020,Final_Report_2020-21.pdf,SWL,174.0
6-Aug-20,2,1405,9,SW LANTAU,2.0,134,ON,HKCRP,806035,804477,SUMMER,NONE,P,2020-08-06,2020,8,2020-21,2020,Final_Report_2020-21.pdf,SWL,134.0
7-Aug-20,1,1518,3,SW LANTAU,3.0,27,ON,HKCRP,805335,805435,SUMMER,NONE,P,2020-08-07,2020,8,2020-21,2020,Final_Report_2020-21.pdf,SWL,27.0
7-Aug-20,2,1543,1,SW LANTAU,3.0,ND,OFF,HKCRP,807333,808893,SUMMER,NONE,,2020-08-07,2020,8,2020-21,2020,Final_Report_2020-21.pdf,SWL,
17-Aug-20,1,1426,1,W LANTAU,3.0,179,ON,HKCRP,808413,800863,SUMMER,NONE,P,2020-08-17,2020,8,2020-21,2020,Final_Report_2020-21.pdf,WL,179.0
15-Sep-20,1,1411,1,W LANTAU,2.0,698,ON,HKCRP,813683,801308,AUTUMN,NONE,S,2020-09-15,2020,9,2020-21,2020,Final_Report_2020-21.pdf,WL,698.0
15-Sep-20,2,1439,2,W LANTAU,2.0,33,ON,HKCRP,810493,801507,AUTUMN,NONE,S,2020-09-15,2020,9,2020-21,2020,Final_Report_2020-21.pdf,WL,33.0
15-Sep-20,3,1523,5,W LANTAU,2.0,148,ON,HKCRP,806506,801848,AUTUMN,NONE,S,2020-09-15,2020,9,2020-21,2020,Final_Report_2020-21.pdf,WL,148.0
15-Sep-20,4,1539,5,SW LANTAU,2.0,ND,OFF,HKCRP,806169,803797,AUTUMN,NONE,,2020-09-15,2020,9,2020-21,2020,Final_Report_2020-21.pdf,SWL,
16-Sep-20,1,1241,1,W LANTAU,2.0,17,ON,HKCRP,815139,804053,AUTUMN,NONE,P,2020-09-16,2020,9,2020-21,2020,Final_Report_2020-21.pdf,WL,17.0
16-Sep-20,2,1311,2,W LANTAU,2.0,0,ON,HKCRP,813568,802905,AUTUMN,NONE,P,2020-09-16,2020,9,2020-21,2020,Final_Report_2020-21.pdf,WL,0.0
16-Sep-20,3,1337,6,W LANTAU,2.0,0,ON,HKCRP,812420,801552,AUTUMN,NONE,P,2020-09-16,2020,9,2020-21,2020,Final_Report_2020-21.pdf,WL,0.0
16-Sep-20,4,1431,1,W LANTAU,3.0,51,ON,HKCRP,809356,799793,AUTUMN,NONE,P,2020-09-16,2020,9,2020-21,2020,Final_Report_2020-21.pdf,WL,51.0
16-Sep-20,5,1445,8,W LANTAU,3.0,23,ON,HKCRP,808326,800213,AUTUMN,NONE,P,2020-09-16,2020,9,2020-21,2020,Final_Report_2020-21.pdf,WL,23.0
16-Sep-20,6,1522,1,SW LANTAU,2.0,ND,OFF,HKCRP,806217,802209,AUTUMN,NONE,,2020-09-16,2020,9,2020-21,2020,Final_Report_2020-21.pdf,SWL,
16-Sep-20,7,1528,1,SW LANTAU,2.0,ND,OFF,HKCRP,806249,802972,AUTUMN,NONE,,2020-09-16,2020,9,2020-21,2020,Final_Report_2020-21.pdf,SWL,
24-Sep-20,1,1318,1,SW LANTAU,2.0,ND,OFF,HKCRP,807615,806419,AUTUMN,NONE,,2020-09-24,2020,9,2020-21,2020,Final_Report_2020-21.pdf,SWL,
22-Oct-20,1,1322,1,W LANTAU,3.0,123,ON,HKCRP,813362,801276,AUTUMN,NONE,S,2020-10-22,2020,10,2020-21,2020,Final_Report_2020-21.pdf,WL,123.0
27-Oct-20,1,1435,1,SW LANTAU,3.0,79,ON,HKCRP,803845,803183,AUTUMN,NONE,S,2020-10-27,2020,10,2020-21,2020,Final_Report_2020-21.pdf,SWL,79.0
27-Oct-20,2,1452,6,SW LANTAU,3.0,411,ON,HKCRP,806318,801703,AUTUMN,NONE,P,2020-10-27,2020,10,2020-21,2020,Final_Report_2020-21.pdf,SWL,411.0
27-Oct-20,3,1531,6,SW LANTAU,3.0,ND,OFF,HKCRP,806303,803622,AUTUMN,NONE,,2020-10-27,2020,10,2020-21,2020,Final_Report_2020-21.pdf,SWL,
27-Oct-20,4,1555,2,SW LANTAU,2.0,ND,OFF,HKCRP,807444,808636,AUTUMN,NONE,,2020-10-27,2020,10,2020-21,2020,Final_Report_2020-21.pdf,SWL,
28-Oct-20,1,1349,2,W LANTAU,2.0,241,ON,HKCRP,813306,801307,AUTUMN,NONE,S,2020-10-28,2020,10,2020-21,2020,Final_Report_2020-21.pdf,WL,241.0
28-Oct-20,2,1455,4,W LANTAU,2.0,42,ON,HKCRP,807449,800850,AUTUMN,NONE,P,2020-10-28,2020,10,2020-21,2020,Final_Report_2020-21.pdf,WL,42.0
28-Oct-20,3,1514,3,W LANTAU,3.0,133,ON,HKCRP,805435,800577,AUTUMN,NONE,S,2020-10-28,2020,10,2020-21,2020,Final_Report_2020-21.pdf,WL,133.0
2-Nov-20,3,1252,1,SW LANTAU,2.0,103,ON,HKCRP,808514,811473,AUTUMN,PURSE SEINE,P,2020-11-02,2020,11,2020-21,2020,Final_Report_2020-21.pdf,SWL,103.0
2-Nov-20,4,1508,1,SW LANTAU,2.0,10,ON,HKCRP,805978,805446,AUTUMN,NONE,P,2020-11-02,2020,11,2020-21,2020,Final_Report_2020-21.pdf,SWL,10.0
3-Nov-20,1,1134,1,W LANTAU,3.0,65,ON,HKCRP,810453,799795,AUTUMN,NONE,S,2020-11-03,2020,11,2020-21,2020,Final_Report_2020-21.pdf,WL,65.0
3-Nov-20,2,1234,1,W LANTAU,3.0,146,ON,HKCRP,806464,800631,AUTUMN,NONE,P,2020-11-03,2020,11,2020-21,2020,Final_Report_2020-21.pdf,WL,146.0
3-Nov-20,3,1253,4,W LANTAU,3.0,112,ON,HKCRP,805400,801031,AUTUMN,NONE,P,2020-11-03,2020,11,2020-21,2020,Final_Report_2020-21.pdf,WL,112.0
3-Nov-20,4,1312,2,SW LANTAU,2.0,ND,OFF,HKCRP,806195,802373,AUTUMN,NONE,,2020-11-03,2020,11,2020-21,2020,Final_Report_2020-21.pdf,SWL,
11-Nov-20,1,1036,2,W LANTAU,2.0,90,ON,HKCRP,807171,801365,AUTUMN,NONE,S,2020-11-11,2020,11,2020-21,2020,Final_Report_2020-21.pdf,WL,90.0
11-Nov-20,2,1042,1,W LANTAU,2.0,14,ON,HKCRP,806307,801745,AUTUMN,NONE,S,2020-11-11,2020,11,2020-21,2020,Final_Report_2020-21.pdf,WL,14.0
11-Nov-20,3,1048,1,W LANTAU,2.0,50,ON,HKCRP,806041,801785,AUTUMN,NONE,S,2020-11-11,2020,11,2020-21,2020,Final_Report_2020-21.pdf,WL,50.0
11-Nov-20,4,1112,5,W LANTAU,3.0,431,ON,HKCRP,807439,800592,AUTUMN,NONE,P,2020-11-11,2020,11,2020-21,2020,Final_Report_2020-21.pdf,WL,431.0
11-Nov-20,5,1149,2,W LANTAU,3.0,83,ON,HKCRP,810054,799732,AUTUMN,NONE,S,2020-11-11,2020,11,2020-21,2020,Final_Report_2020-21.pdf,WL,83.0
16-Nov-20,1,1030,1,W LANTAU,2.0,145,ON,HKCRP,815418,802847,AUTUMN,NONE,P,2020-11-16,2020,11,2020-21,2020,Final_Report_2020-21.pdf,WL,145.0
16-Nov-20,2,1052,4,W LANTAU,2.0,285,ON,HKCRP,813592,802472,AUTUMN,NONE,P,2020-11-16,2020,11,2020-21,2020,Final_Report_2020-21.pdf,WL,285.0
16-Nov-20,3,1141,3,W LANTAU,2.0,226,ON,HKCRP,811028,800126,AUTUMN,NONE,S,2020-11-16,2020,11,2020-21,2020,Final_Report_2020-21.pdf,WL,226.0
16-Nov-20,4,1215,4,W LANTAU,4.0,30,ON,HKCRP,808414,800409,AUTUMN,NONE,P,2020-11-16,2020,11,2020-21,2020,Final_Report_2020-21.pdf,WL,30.0
24-Nov-20,1,1121,1,NW LANTAU,2.0,134,ON,HKCRP,827900,807529,AUTUMN,NONE,P,2020-11-24,2020,11,2020-21,2020,Final_Report_2020-21.pdf,NWL,134.0
24-Nov-20,2,1400,2,W LANTAU,2.0,208,ON,HKCRP,810441,800115,AUTUMN,NONE,P,2020-11-24,2020,11,2020-21,2020,Final_Report_2020-21.pdf,WL,208.0
24-Nov-20,3,1449,7,W LANTAU,2.0,40,ON,HKCRP,807439,800582,AUTUMN,NONE,P,2020-11-24,2020,11,2020-21,2020,Final_Report_2020-21.pdf,WL,40.0
24-Nov-20,4,1515,10,W LANTAU,2.0,ND,OFF,HKCRP,806805,801632,AUTUMN,NONE,,2020-11-24,2020,11,2020-21,2020,Final_Report_2020-21.pdf,WL,
24-Nov-20,5,1532,2,SW LANTAU,2.0,ND,OFF,HKCRP,806304,802817,AUTUMN,NONE,,2020-11-24,2020,11,2020-21,2020,Final_Report_2020-21.pdf,SWL,
24-Nov-20,6,1545,1,SW LANTAU,2.0,ND,OFF,HKCRP,807096,805717,AUTUMN,NONE,,2020-11-24,2020,11,2020-21,2020,Final_Report_2020-21.pdf,SWL,
26-Nov-20,2,1504,4,SW LANTAU,2.0,432,ON,HKCRP,806899,804499,AUTUMN,NONE,P,2020-11-26,2020,11,2020-21,2020,Final_Report_2020-21.pdf,SWL,432.0
26-Nov-20,3,1536,1,SW LANTAU,2.0,ND,OFF,HKCRP,807005,806706,AUTUMN,NONE,,2020-11-26,2020,11,2020-21,2020,Final_Report_2020-21.pdf,SWL,
30-Nov-20,1,1125,3,NW LANTAU,3.0,88,ON,HKCRP,826518,806466,AUTUMN,NONE,P,2020-11-30,2020,11,2020-21,2020,Final_Report_2020-21.pdf,NWL,88.0
2-Dec-20,1,1047,5,W LANTAU,3.0,107,ON,HKCRP,814497,803536,WINTER,NONE,P,2020-12-02,2020,12,2020-21,2020,Final_Report_2020-21.pdf,WL,107.0
2-Dec-20,2,1156,1,W LANTAU,3.0,68,ON,HKCRP,810440,800496,WINTER,NONE,P,2020-12-02,2020,12,2020-21,2020,Final_Report_2020-21.pdf,WL,68.0
2-Dec-20,3,1230,1,W LANTAU,3.0,142,ON,HKCRP,808434,801017,WINTER,NONE,P,2020-12-02,2020,12,2020-21,2020,Final_Report_2020-21.pdf,WL,142.0
2-Dec-20,4,1242,1,W LANTAU,3.0,86,ON,HKCRP,807327,801283,WINTER,NONE,P,2020-12-02,2020,12,2020-21,2020,Final_Report_2020-21.pdf,WL,86.0
11-Dec-20,1,1128,2,W LANTAU,2.0,71,ON,HKCRP,810663,799930,WINTER,NONE,S,2020-12-11,2020,12,2020-21,2020,Final_Report_2020-21.pdf,WL,71.0
11-Dec-20,2,1151,1,W LANTAU,2.0,16,ON,HKCRP,810471,801373,WINTER,NONE,P,2020-12-11,2020,12,2020-21,2020,Final_Report_2020-21.pdf,WL,16.0
11-Dec-20,3,1220,3,W LANTAU,2.0,103,ON,HKCRP,808402,800760,WINTER,NONE,P,2020-12-11,2020,12,2020-21,2020,Final_Report_2020-21.pdf,WL,103.0
11-Dec-20,4,1256,6,W LANTAU,2.0,123,ON,HKCRP,806429,801570,WINTER,NONE,P,2020-12-11,2020,12,2020-21,2020,Final_Report_2020-21.pdf,WL,123.0
11-Dec-20,5,1329,6,SW LANTAU,2.0,25,ON,HKCRP,806525,803189,WINTER,NONE,S,2020-12-11,2020,12,2020-21,2020,Final_Report_2020-21.pdf,SWL,25.0
14-Dec-20,1,1125,5,NW LANTAU,3.0,13,ON,HKCRP,827436,806561,WINTER,NONE,P,2020-12-14,2020,12,2020-21,2020,Final_Report_2020-21.pdf,NWL,13.0
14-Dec-20,2,1338,3,W LANTAU,3.0,48,ON,HKCRP,811724,800571,WINTER,NONE,S,2020-12-14,2020,12,2020-21,2020,Final_Report_2020-21.pdf,WL,48.0
14-Dec-20,3,1438,8,W LANTAU,3.0,142,ON,HKCRP,806462,801549,WINTER,NONE,P,2020-12-14,2020,12,2020-21,2020,Final_Report_2020-21.pdf,WL,142.0
14-Dec-20,4,1501,5,SW LANTAU,3.0,196,ON,HKCRP,805771,803455,WINTER,NONE,S,2020-12-14,2020,12,2020-21,2020,Final_Report_2020-21.pdf,SWL,196.0
4-Jan-21,1,1051,1,W LANTAU,2.0,168,ON,HKCRP,813591,802761,WINTER,NONE,P,2021-01-04,2021,1,2020-21,2020,Final_Report_2020-21.pdf,WL,168.0
4-Jan-21,2,1108,1,W LANTAU,2.0,115,ON,HKCRP,812632,800934,WINTER,NONE,S,2021-01-04,2021,1,2020-21,2020,Final_Report_2020-21.pdf,WL,115.0
4-Jan-21,3,1126,1,W LANTAU,2.0,92,ON,HKCRP,812450,803057,WINTER,NONE,P,2021-01-04,2021,1,2020-21,2020,Final_Report_2020-21.pdf,WL,92.0
4-Jan-21,4,1237,12,W LANTAU,2.0,5,ON,HKCRP,807474,799901,WINTER,NONE,P,2021-01-04,2021,1,2020-21,2020,Final_Report_2020-21.pdf,WL,5.0
4-Jan-21,5,1327,2,W LANTAU,3.0,259,ON,HKCRP,806440,801745,WINTER,NONE,P,2021-01-04,2021,1,2020-21,2020,Final_Report_2020-21.pdf,WL,259.0
4-Jan-21,6,1359,8,SW LANTAU,2.0,71,ON,HKCRP,806194,802528,WINTER,NONE,P,2021-01-04,2021,1,2020-21,2020,Final_Report_2020-21.pdf,SWL,71.0
4-Jan-21,7,1440,2,SW LANTAU,2.0,26,ON,HKCRP,804773,804505,WINTER,NONE,P,2021-01-04,2021,1,2020-21,2020,Final_Report_2020-21.pdf,SWL,26.0
13-Jan-21,1,1051,2,NW LANTAU,1.0,7,ON,HKCRP,823891,807501,WINTER,NONE,P,2021-01-13,2021,1,2020-21,2020,Final_Report_2020-21.pdf,NWL,7.0
13-Jan-21,2,1106,1,NW LANTAU,1.0,252,ON,HKCRP,824932,807514,WINTER,NONE,P,2021-01-13,2021,1,2020-21,2020,Final_Report_2020-21.pdf,NWL,252.0
27-Jan-21,1,1315,3,W LANTAU,2.0,333,ON,HKCRP,814497,803639,WINTER,NONE,P,2021-01-27,2021,1,2020-21,2020,Final_Report_2020-21.pdf,WL,333.0
27-Jan-21,2,1441,3,W LANTAU,2.0,3,ON,HKCRP,808778,800936,WINTER,NONE,S,2021-01-27,2021,1,2020-21,2020,Final_Report_2020-21.pdf,WL,3.0
27-Jan-21,3,1517,5,W LANTAU,2.0,9,ON,HKCRP,806672,801704,WINTER,NONE,S,2021-01-27,2021,1,2020-21,2020,Final_Report_2020-21.pdf,WL,9.0
1-Feb-21,1,1027,2,W LANTAU,2.0,24,ON,HKCRP,816745,803788,WINTER,NONE,P,2021-02-01,2021,2,2020-21,2020,Final_Report_2020-21.pdf,WL,24.0
1-Feb-21,2,1108,6,W LANTAU,1.0,562,ON,HKCRP,813593,801978,WINTER,NONE,P,2021-02-01,2021,2,2020-21,2020,Final_Report_2020-21.pdf,WL,562.0
1-Feb-21,3,1125,5,W LANTAU,1.0,552,ON,HKCRP,812632,800955,WINTER,NONE,S,2021-02-01,2021,2,2020-21,2020,Final_Report_2020-21.pdf,WL,552.0
1-Feb-21,4,1136,1,W LANTAU,1.0,577,ON,HKCRP,812475,801532,WINTER,NONE,P,2021-02-01,2021,2,2020-21,2020,Final_Report_2020-21.pdf,WL,577.0
1-Feb-21,5,1202,3,W LANTAU,1.0,339,ON,HKCRP,811458,800715,WINTER,NONE,P,2021-02-01,2021,2,2020-21,2020,Final_Report_2020-21.pdf,WL,339.0
1-Feb-21,6,1221,7,W LANTAU,1.0,247,ON,HKCRP,810472,801074,WINTER,NONE,P,2021-02-01,2021,2,2020-21,2020,Final_Report_2020-21.pdf,WL,247.0
4-Feb-21,1,1403,3,SW LANTAU,3.0,62,ON,HKCRP,807700,808419,WINTER,NONE,S,2021-02-04,2021,2,2020-21,2020,Final_Report_2020-21.pdf,SWL,62.0
19-Feb-21,1,1022,2,W LANTAU,2.0,170,ON,HKCRP,816889,803799,WINTER,GILLNET,P,2021-02-19,2021,2,2020-21,2020,Final_Report_2020-21.pdf,WL,170.0
19-Feb-21,2,1050,4,W LANTAU,2.0,196,ON,HKCRP,814689,802062,WINTER,GILLNET,S,2021-02-19,2021,2,2020-21,2020,Final_Report_2020-21.pdf,WL,196.0
19-Feb-21,3,1118,5,W LANTAU,2.0,59,ON,HKCRP,813558,802544,WINTER,NONE,P,2021-02-19,2021,2,2020-21,2020,Final_Report_2020-21.pdf,WL,59.0
19-Feb-21,4,1136,2,W LANTAU,2.0,514,ON,HKCRP,813549,801864,WINTER,NONE,P,2021-02-19,2021,2,2020-21,2020,Final_Report_2020-21.pdf,WL,514.0
19-Feb-21,5,1229,2,W LANTAU,1.0,1344,ON,HKCRP,809398,801051,WINTER,NONE,P,2021-02-19,2021,2,2020-21,2020,Final_Report_2020-21.pdf,WL,1344.0
19-Feb-21,6,1234,1,W LANTAU,2.0,434,ON,HKCRP,809443,800597,WINTER,NONE,P,2021-02-19,2021,2,2020-21,2020,Final_Report_2020-21.pdf,WL,434.0
19-Feb-21,7,1246,2,W LANTAU,2.0,473,ON,HKCRP,808914,799513,WINTER,NONE,S,2021-02-19,2021,2,2020-21,2020,Final_Report_2020-21.pdf,WL,473.0
19-Feb-21,8,1307,1,W LANTAU,2.0,58,ON,HKCRP,808413,800708,WINTER,NONE,P,2021-02-19,2021,2,2020-21,2020,Final_Report_2020-21.pdf,WL,58.0
19-Feb-21,9,1326,6,W LANTAU,2.0,541,ON,HKCRP,806662,801457,WINTER,NONE,S,2021-02-19,2021,2,2020-21,2020,Final_Report_2020-21.pdf,WL,541.0
23-Feb-21,1,1412,5,W LANTAU,2.0,564,ON,HKCRP,810493,801507,WINTER,NONE,S,2021-02-23,2021,2,2020-21,2020,Final_Report_2020-21.pdf,WL,564.0
23-Feb-21,2,1433,1,W LANTAU,2.0,37,ON,HKCRP,809443,800453,WINTER,NONE,P,2021-02-23,2021,2,2020-21,2020,Final_Report_2020-21.pdf,WL,37.0
23-Feb-21,3,1445,4,W LANTAU,3.0,75,ON,HKCRP,808811,800864,WINTER,NONE,S,2021-02-23,2021,2,2020-21,2020,Final_Report_2020-21.pdf,WL,75.0
23-Feb-21,4,1512,1,W LANTAU,2.0,174,ON,HKCRP,806251,802002,WINTER,NONE,S,2021-02-23,2021,2,2020-21,2020,Final_Report_2020-21.pdf,WL,174.0
1-Mar-21,6,1531,1,SW LANTAU,2.0,ND,OFF,HKCRP,807657,807347,SPRING,NONE,,2021-03-01,2021,3,2020-21,2020,Final_Report_2020-21.pdf,SWL,
5-Mar-21,1,1050,2,W LANTAU,3.0,64,ON,HKCRP,813535,803132,SPRING,NONE,S,2021-03-05,2021,3,2020-21,2020,Final_Report_2020-21.pdf,WL,64.0
5-Mar-21,2,1120,1,W LANTAU,2.0,211,ON,HKCRP,812454,801006,SPRING,NONE,P,2021-03-05,2021,3,2020-21,2020,Final_Report_2020-21.pdf,WL,211.0
5-Mar-21,3,1142,1,W LANTAU,2.0,8,ON,HKCRP,811478,801921,SPRING,NONE,P,2021-03-05,2021,3,2020-21,2020,Final_Report_2020-21.pdf,WL,8.0
5-Mar-21,4,1156,1,W LANTAU,2.0,350,ON,HKCRP,811149,800240,SPRING,NONE,S,2021-03-05,2021,3,2020-21,2020,Final_Report_2020-21.pdf,WL,350.0
5-Mar-21,5,1208,1,W LANTAU,2.0,103,ON,HKCRP,810451,800682,SPRING,NONE,P,2021-03-05,2021,3,2020-21,2020,Final_Report_2020-21.pdf,WL,103.0
5-Mar-21,6,1230,2,W LANTAU,2.0,54,ON,HKCRP,809444,800195,SPRING,NONE,P,2021-03-05,2021,3,2020-21,2020,Final_Report_2020-21.pdf,WL,54.0
5-Mar-21,8,1339,1,W LANTAU,2.0,63,ON,HKCRP,806440,801755,SPRING,NONE,S,2021-03-05,2021,3,2020-21,2020,Final_Report_2020-21.pdf,WL,63.0
9-Mar-21,1,1433,7,W LANTAU,2.0,284,ON,HKCRP,806305,802724,SPRING,NONE,P,2021-03-09,2021,3,2020-21,2020,Final_Report_2020-21.pdf,WL,284.0
9-Mar-21,2,1516,3,SW LANTAU,2.0,0,ON,HKCRP,806392,803333,SPRING,NONE,S,2021-03-09,2021,3,2020-21,2020,Final_Report_2020-21.pdf,SWL,0.0
19-Mar-21,2,1126,1,SE LANTAU,2.0,281,ON,HKCRP,809261,815268,SPRING,PURSE SEINE,S,2021-03-19,2021,3,2020-21,2020,Final_Report_2020-21.pdf,SEL,281.0
7-Apr-21,1,1141,2,W LANTAU,2.0,329,ON,HKCRP,809420,800896,SPRING,NONE,P,2021-04-07,2021,4,2021-22,2021,Final_Report_2021_22.pdf,WL,329.0
7-Apr-21,2,1157,12,W LANTAU,2.0,ND,OFF,HKCRP,810164,800227,SPRING,NONE,,2021-04-07,2021,4,2021-22,2021,Final_Report_2021_22.pdf,WL,
22-Apr-21,1,1427,2,W LANTAU,2.0,121,ON,HKCRP,808448,800058,SPRING,NONE,P,2021-04-22,2021,4,2021-22,2021,Final_Report_2021_22.pdf,WL,121.0
22-Apr-21,2,1450,3,W LANTAU,2.0,541,ON,HKCRP,807394,800994,SPRING,NONE,P,2021-04-22,2021,4,2021-22,2021,Final_Report_2021_22.pdf,WL,541.0
22-Apr-21,3,1505,2,W LANTAU,2.0,620,ON,HKCRP,807549,801036,SPRING,NONE,S,2021-04-22,2021,4,2021-22,2021,Final_Report_2021_22.pdf,WL,620.0
28-Apr-21,1,1504,1,SW LANTAU,2.0,ND,OFF,HKCRP,806106,802487,SPRING,NONE,,2021-04-28,2021,4,2021-22,2021,Final_Report_2021_22.pdf,SWL,
28-Apr-21,2,1534,1,SW LANTAU,2.0,67,ON,HKCRP,807333,809275,SPRING,NONE,S,2021-04-28,2021,4,2021-22,2021,Final_Report_2021_22.pdf,SWL,67.0
28-Apr-21,3,1540,1,SW LANTAU,2.0,45,ON,HKCRP,807442,810069,SPRING,NONE,S,2021-04-28,2021,4,2021-22,2021,Final_Report_2021_22.pdf,SWL,45.0
6-May-21,1,1122,8,W LANTAU,3.0,298,ON,HKCRP,810825,801621,SPRING,NONE,P,2021-05-06,2021,5,2021-22,2021,Final_Report_2021_22.pdf,WL,298.0
6-May-21,2,1208,1,W LANTAU,3.0,279,ON,HKCRP,807404,801201,SPRING,NONE,P,2021-05-06,2021,5,2021-22,2021,Final_Report_2021_22.pdf,WL,279.0
6-May-21,3,1236,4,W LANTAU,3.0,ND,OFF,HKCRP,805830,801898,SPRING,PURSE SEINE,,2021-05-06,2021,5,2021-22,2021,Final_Report_2021_22.pdf,WL,
6-May-21,4,1310,1,SW LANTAU,3.0,19,ON,HKCRP,806151,802250,SPRING,NONE,S,2021-05-06,2021,5,2021-22,2021,Final_Report_2021_22.pdf,SWL,19.0
7-May-21,2,1358,1,SW LANTAU,1.0,228,ON,HKCRP,804887,808156,SPRING,NONE,S,2021-05-07,2021,5,2021-22,2021,Final_Report_2021_22.pdf,SWL,228.0
11-May-21,1,1430,1,W LANTAU,3.0,ND,OFF,HKCRP,808401,801193,SPRING,NONE,,2021-05-11,2021,5,2021-22,2021,Final_Report_2021_22.pdf,WL,
11-May-21,2,1517,6,SW LANTAU,2.0,0,ON,HKCRP,806127,802693,SPRING,PURSE SEINE,S,2021-05-11,2021,5,2021-22,2021,Final_Report_2021_22.pdf,SWL,0.0
12-May-21,1,1516,5,SW LANTAU,2.0,180,ON,HKCRP,806248,803477,SPRING,PURSE SEINE,P,2021-05-12,2021,5,2021-22,2021,Final_Report_2021_22.pdf,SWL,180.0
14-May-21,1,1144,5,W LANTAU,2.0,ND,OFF,HELI,805797,802104,SPRING,PURSE SEINE,,2021-05-14,2021,5,2021-22,2021,Final_Report_2021_22.pdf,WL,
14-May-21,2,1146,3,W LANTAU,2.0,ND,OFF,HELI,806196,801837,SPRING,NONE,,2021-05-14,2021,5,2021-22,2021,Final_Report_2021_22.pdf,WL,
20-May-21,1,1340,1,W LANTAU,3.0,408,ON,HKCRP,813882,801360,SPRING,NONE,S,2021-05-20,2021,5,2021-22,2021,Final_Report_2021_22.pdf,WL,408.0
20-May-21,2,1445,5,W LANTAU,3.0,162,ON,HKCRP,808447,800182,SPRING,NONE,P,2021-05-20,2021,5,2021-22,2021,Final_Report_2021_22.pdf,WL,162.0
20-May-21,3,1517,2,SW LANTAU,2.0,204,ON,HKCRP,806446,803746,SPRING,NONE,S,2021-05-20,2021,5,2021-22,2021,Final_Report_2021_22.pdf,SWL,204.0
9-Jun-21,1,1058,2,W LANTAU,2.0,149,ON,HKCRP,813822,803277,SUMMER,NONE,S,2021-06-09,2021,6,2021-22,2021,Final_Report_2021_22.pdf,WL,149.0
9-Jun-21,2,1157,2,W LANTAU,3.0,15,ON,HKCRP,810363,800372,SUMMER,NONE,P,2021-06-09,2021,6,2021-22,2021,Final_Report_2021_22.pdf,WL,15.0
9-Jun-21,3,1224,4,W LANTAU,2.0,245,ON,HKCRP,808347,800625,SUMMER,NONE,P,2021-06-09,2021,6,2021-22,2021,Final_Report_2021_22.pdf,WL,245.0
9-Jun-21,4,1320,3,SW LANTAU,2.0,93,ON,HKCRP,806238,802889,SUMMER,PURSE SEINE,S,2021-06-09,2021,6,2021-22,2021,Final_Report_2021_22.pdf,SWL,93.0
9-Jun-21,5,1530,2,SW LANTAU,2.0,34,ON,HKCRP,807618,810760,SUMMER,NONE,S,2021-06-09,2021,6,2021-22,2021,Final_Report_2021_22.pdf,SWL,34.0
10-Jun-21,1,1344,1,SW LANTAU,2.0,94,ON,HKCRP,805474,808292,SUMMER,NONE,S,2021-06-10,2021,6,2021-22,2021,Final_Report_2021_22.pdf,SWL,94.0
7-Jul-21,1,1026,8,W LANTAU,2.0,306,ON,HKCRP,811511,801725,SUMMER,NONE,S,2021-07-07,2021,7,2021-22,2021,Final_Report_2021_22.pdf,WL,306.0
7-Jul-21,2,1050,1,W LANTAU,4.0,83,ON,HKCRP,806750,801508,SUMMER,NONE,S,2021-07-07,2021,7,2021-22,2021,Final_Report_2021_22.pdf,WL,83.0
7-Jul-21,3,1109,3,W LANTAU,4.0,516,ON,HKCRP,806163,801724,SUMMER,NONE,S,2021-07-07,2021,7,2021-22,2021,Final_Report_2021_22.pdf,WL,516.0
7-Jul-21,4,1159,2,W LANTAU,3.0,0,ON,HKCRP,809432,800762,SUMMER,NONE,P,2021-07-07,2021,7,2021-22,2021,Final_Report_2021_22.pdf,WL,0.0
7-Jul-21,5,1209,1,W LANTAU,3.0,51,ON,HKCRP,809873,801278,SUMMER,NONE,S,2021-07-07,2021,7,2021-22,2021,Final_Report_2021_22.pdf,WL,51.0
8-Jul-21,1,1012,1,W LANTAU,2.0,130,ON,HKCRP,813701,802875,SUMMER,NONE,S,2021-07-08,2021,7,2021-22,2021,Final_Report_2021_22.pdf,WL,130.0
8-Jul-21,2,1035,1,W LANTAU,3.0,80,ON,HKCRP,808590,800873,SUMMER,NONE,S,2021-07-08,2021,7,2021-22,2021,Final_Report_2021_22.pdf,WL,80.0
8-Jul-21,3,1044,2,W LANTAU,3.0,52,ON,HKCRP,806240,801961,SUMMER,NONE,S,2021-07-08,2021,7,2021-22,2021,Final_Report_2021_22.pdf,WL,52.0
15-Jul-21,1,1018,2,W LANTAU,1.0,376,ON,HKCRP,814187,803443,SUMMER,NONE,S,2021-07-15,2021,7,2021-22,2021,Final_Report_2021_22.pdf,WL,376.0
15-Jul-21,2,1021,6,W LANTAU,1.0,192,ON,HKCRP,813679,802998,SUMMER,GILLNET,S,2021-07-15,2021,7,2021-22,2021,Final_Report_2021_22.pdf,WL,192.0
15-Jul-21,3,1035,2,W LANTAU,1.0,1048,ON,HKCRP,811666,801860,SUMMER,NONE,S,2021-07-15,2021,7,2021-22,2021,Final_Report_2021_22.pdf,WL,1048.0
15-Jul-21,4,1045,3,W LANTAU,1.0,335,ON,HKCRP,809742,800824,SUMMER,NONE,S,2021-07-15,2021,7,2021-22,2021,Final_Report_2021_22.pdf,WL,335.0
15-Jul-21,5,1051,1,W LANTAU,3.0,40,ON,HKCRP,808624,800647,SUMMER,NONE,S,2021-07-15,2021,7,2021-22,2021,Final_Report_2021_22.pdf,WL,40.0
15-Jul-21,6,1054,1,W LANTAU,2.0,523,ON,HKCRP,807859,800913,SUMMER,NONE,S,2021-07-15,2021,7,2021-22,2021,Final_Report_2021_22.pdf,WL,523.0
15-Jul-21,7,1100,4,W LANTAU,2.0,301,ON,HKCRP,806895,801303,SUMMER,NONE,S,2021-07-15,2021,7,2021-22,2021,Final_Report_2021_22.pdf,WL,301.0
22-Jul-21,2,1513,1,SW LANTAU,1.0,31,ON,HKCRP,806115,803425,SUMMER,NONE,P,2021-07-22,2021,7,2021-22,2021,Final_Report_2021_22.pdf,SWL,31.0
22-Jul-21,3,1534,1,SW LANTAU,1.0,ND,OFF,HKCRP,805952,807560,SUMMER,NONE,,2021-07-22,2021,7,2021-22,2021,Final_Report_2021_22.pdf,SWL,
26-Jul-21,1,1120,3,W LANTAU,2.0,431,ON,HKCRP,811425,800571,SUMMER,PURSE SEINE,P,2021-07-26,2021,7,2021-22,2021,Final_Report_2021_22.pdf,WL,431.0
26-Jul-21,2,1141,2,W LANTAU,2.0,107,ON,HKCRP,810338,801414,SUMMER,NONE,P,2021-07-26,2021,7,2021-22,2021,Final_Report_2021_22.pdf,WL,107.0
26-Jul-21,3,1154,5,W LANTAU,2.0,221,ON,HKCRP,809466,800411,SUMMER,PURSE SEINE,P,2021-07-26,2021,7,2021-22,2021,Final_Report_2021_22.pdf,WL,221.0
26-Jul-21,4,1218,3,W LANTAU,2.0,13,ON,HKCRP,809368,799514,SUMMER,NONE,P,2021-07-26,2021,7,2021-22,2021,Final_Report_2021_22.pdf,WL,13.0
26-Jul-21,5,1227,12,W LANTAU,2.0,93,ON,HKCRP,808370,800007,SUMMER,NONE,P,2021-07-26,2021,7,2021-22,2021,Final_Report_2021_22.pdf,WL,93.0
26-Jul-21,6,1305,1,W LANTAU,2.0,11,ON,HKCRP,807462,799943,SUMMER,NONE,P,2021-07-26,2021,7,2021-22,2021,Final_Report_2021_22.pdf,WL,11.0
26-Jul-21,7,1318,4,W LANTAU,2.0,74,ON,HKCRP,806096,801858,SUMMER,NONE,S,2021-07-26,2021,7,2021-22,2021,Final_Report_2021_22.pdf,WL,74.0
26-Jul-21,8,1426,2,SW LANTAU,2.0,36,ON,HKCRP,805016,804506,SUMMER,NONE,P,2021-07-26,2021,7,2021-22,2021,Final_Report_2021_22.pdf,SWL,36.0
26-Jul-21,9,1459,3,SW LANTAU,2.0,703,ON,HKCRP,804578,807857,SUMMER,NONE,P,2021-07-26,2021,7,2021-22,2021,Final_Report_2021_22.pdf,SWL,703.0
26-Jul-21,10,1549,2,SW LANTAU,2.0,209,ON,HKCRP,803668,808794,SUMMER,NONE,S,2021-07-26,2021,7,2021-22,2021,Final_Report_2021_22.pdf,SWL,209.0
2-Aug-21,1,1117,5,W LANTAU,1.0,130,ON,HKCRP,810441,799898,SUMMER,NONE,S,2021-08-02,2021,8,2021-22,2021,Final_Report_2021_22.pdf,WL,130.0
2-Aug-21,2,1156,12,W LANTAU,1.0,46,ON,HKCRP,808369,800677,SUMMER,NONE,P,2021-08-02,2021,8,2021-22,2021,Final_Report_2021_22.pdf,WL,46.0
2-Aug-21,3,1229,1,W LANTAU,1.0,46,ON,HKCRP,806397,800930,SUMMER,NONE,P,2021-08-02,2021,8,2021-22,2021,Final_Report_2021_22.pdf,WL,46.0
2-Aug-21,4,1336,7,SW LANTAU,2.0,135,ON,HKCRP,804616,805433,SUMMER,PURSE SEINE,P,2021-08-02,2021,8,2021-22,2021,Final_Report_2021_22.pdf,SWL,135.0
10-Aug-21,1,1025,1,W LANTAU,3.0,458,ON,HKCRP,811899,801788,SUMMER,NONE,S,2021-08-10,2021,8,2021-22,2021,Final_Report_2021_22.pdf,WL,458.0
10-Aug-21,2,1035,1,W LANTAU,3.0,227,ON,HKCRP,809321,800906,SUMMER,NONE,S,2021-08-10,2021,8,2021-22,2021,Final_Report_2021_22.pdf,WL,227.0
30-Aug-21,1,1151,8,W LANTAU,3.0,126,ON,HKCRP,808403,800440,SUMMER,NONE,P,2021-08-30,2021,8,2021-22,2021,Final_Report_2021_22.pdf,WL,126.0
30-Aug-21,2,1245,1,W LANTAU,2.0,ND,OFF,HKCRP,806063,801858,SUMMER,NONE,,2021-08-30,2021,8,2021-22,2021,Final_Report_2021_22.pdf,WL,
30-Aug-21,3,1249,6,SW LANTAU,3.0,158,ON,HKCRP,806195,802363,SUMMER,NONE,S,2021-08-30,2021,8,2021-22,2021,Final_Report_2021_22.pdf,SWL,158.0
9-Sep-21,1,1031,2,W LANTAU,1.0,113,ON,HKCRP,813093,802482,AUTUMN,NONE,S,2021-09-09,2021,9,2021-22,2021,Final_Report_2021_22.pdf,WL,113.0
9-Sep-21,2,1037,1,W LANTAU,1.0,42,ON,HKCRP,811677,801870,AUTUMN,NONE,S,2021-09-09,2021,9,2021-22,2021,Final_Report_2021_22.pdf,WL,42.0
9-Sep-21,3,1042,2,W LANTAU,1.0,88,ON,HKCRP,810637,801373,AUTUMN,NONE,S,2021-09-09,2021,9,2021-22,2021,Final_Report_2021_22.pdf,WL,88.0
9-Sep-21,4,1102,1,SW LANTAU,2.0,ND,OFF,HKCRP,806051,802270,AUTUMN,NONE,,2021-09-09,2021,9,2021-22,2021,Final_Report_2021_22.pdf,SWL,
14-Sep-21,1,1025,1,W LANTAU,1.0,1027,ON,HKCRP,812463,802150,AUTUMN,NONE,S,2021-09-14,2021,9,2021-22,2021,Final_Report_2021_22.pdf,WL,1027.0
14-Sep-21,2,1036,1,W LANTAU,1.0,89,ON,HKCRP,809232,800906,AUTUMN,NONE,S,2021-09-14,2021,9,2021-22,2021,Final_Report_2021_22.pdf,WL,89.0
14-Sep-21,3,1044,1,W LANTAU,1.0,460,ON,HKCRP,807182,801417,AUTUMN,NONE,S,2021-09-14,2021,9,2021-22,2021,Final_Report_2021_22.pdf,WL,460.0
14-Sep-21,4,1048,5,W LANTAU,1.0,91,ON,HKCRP,806329,801838,AUTUMN,NONE,S,2021-09-14,2021,9,2021-22,2021,Final_Report_2021_22.pdf,WL,91.0
17-Sep-21,1,1115,10,W LANTAU,2.0,363,ON,HKCRP,811444,802169,AUTUMN,NONE,P,2021-09-17,2021,9,2021-22,2021,Final_Report_2021_22.pdf,WL,363.0
17-Sep-21,2,1135,4,W LANTAU,2.0,95,ON,HKCRP,811371,800333,AUTUMN,NONE,S,2021-09-17,2021,9,2021-22,2021,Final_Report_2021_22.pdf,WL,95.0
17-Sep-21,3,1200,3,W LANTAU,2.0,130,ON,HKCRP,809422,800071,AUTUMN,NONE,P,2021-09-17,2021,9,2021-22,2021,Final_Report_2021_22.pdf,WL,130.0
17-Sep-21,4,1222,4,W LANTAU,1.0,334,ON,HKCRP,808414,800430,AUTUMN,NONE,P,2021-09-17,2021,9,2021-22,2021,Final_Report_2021_22.pdf,WL,334.0
17-Sep-21,5,1254,6,W LANTAU,2.0,111,ON,HKCRP,806387,800734,AUTUMN,NONE,P,2021-09-17,2021,9,2021-22,2021,Final_Report_2021_22.pdf,WL,111.0
17-Sep-21,6,1310,7,W LANTAU,2.0,76,ON,HKCRP,806140,801847,AUTUMN,NONE,S,2021-09-17,2021,9,2021-22,2021,Final_Report_2021_22.pdf,WL,76.0
17-Sep-21,7,1335,2,SW LANTAU,2.0,43,ON,HKCRP,806150,802497,AUTUMN,PURSE SEINE,P,2021-09-17,2021,9,2021-22,2021,Final_Report_2021_22.pdf,SWL,43.0
5-Oct-21,1,1021,8,W LANTAU,2.0,395,ON,HKCRP,813016,802306,AUTUMN,NONE,S,2021-10-05,2021,10,2021-22,2021,Final_Report_2021_22.pdf,WL,395.0
5-Oct-21,2,1031,1,W LANTAU,2.0,68,ON,HKCRP,810715,801383,AUTUMN,NONE,S,2021-10-05,2021,10,2021-22,2021,Final_Report_2021_22.pdf,WL,68.0
5-Oct-21,3,1037,5,W LANTAU,2.0,331,ON,HKCRP,809099,800802,AUTUMN,NONE,S,2021-10-05,2021,10,2021-22,2021,Final_Report_2021_22.pdf,WL,331.0
6-Oct-21,1,1019,1,W LANTAU,3.0,197,ON,HKCRP,813657,802978,AUTUMN,NONE,S,2021-10-06,2021,10,2021-22,2021,Final_Report_2021_22.pdf,WL,197.0
6-Oct-21,2,1027,5,W LANTAU,3.0,176,ON,HKCRP,812397,802057,AUTUMN,NONE,S,2021-10-06,2021,10,2021-22,2021,Final_Report_2021_22.pdf,WL,176.0
6-Oct-21,3,1039,2,W LANTAU,3.0,68,ON,HKCRP,810970,801064,AUTUMN,NONE,S,2021-10-06,2021,10,2021-22,2021,Final_Report_2021_22.pdf,WL,68.0
6-Oct-21,4,1051,1,W LANTAU,2.0,120,ON,HKCRP,808922,800730,AUTUMN,NONE,S,2021-10-06,2021,10,2021-22,2021,Final_Report_2021_22.pdf,WL,120.0
6-Oct-21,5,1055,2,W LANTAU,2.0,58,ON,HKCRP,807804,800779,AUTUMN,NONE,S,2021-10-06,2021,10,2021-22,2021,Final_Report_2021_22.pdf,WL,58.0
6-Oct-21,6,1131,6,W LANTAU,3.0,600,ON,HKCRP,808368,801100,AUTUMN,NONE,P,2021-10-06,2021,10,2021-22,2021,Final_Report_2021_22.pdf,WL,600.0
6-Oct-21,7,1153,3,W LANTAU,3.0,0,ON,HKCRP,808427,799646,AUTUMN,NONE,P,2021-10-06,2021,10,2021-22,2021,Final_Report_2021_22.pdf,WL,0.0
6-Oct-21,8,1212,14,W LANTAU,3.0,863,ON,HKCRP,810383,801032,AUTUMN,NONE,S,2021-10-06,2021,10,2021-22,2021,Final_Report_2021_22.pdf,WL,863.0
6-Oct-21,9,1240,6,W LANTAU,2.0,83,ON,HKCRP,811457,801416,AUTUMN,NONE,P,2021-10-06,2021,10,2021-22,2021,Final_Report_2021_22.pdf,WL,83.0
6-Oct-21,10,1307,4,W LANTAU,2.0,37,ON,HKCRP,812432,800862,AUTUMN,NONE,P,2021-10-06,2021,10,2021-22,2021,Final_Report_2021_22.pdf,WL,37.0
18-Oct-21,1,1043,4,W LANTAU,3.0,194,ON,HKCRP,813612,803060,AUTUMN,NONE,S,2021-10-18,2021,10,2021-22,2021,Final_Report_2021_22.pdf,WL,194.0
18-Oct-21,2,1132,3,W LANTAU,2.0,120,ON,HKCRP,810508,799816,AUTUMN,NONE,S,2021-10-18,2021,10,2021-22,2021,Final_Report_2021_22.pdf,WL,120.0
18-Oct-21,3,1251,1,SW LANTAU,3.0,ND,OFF,HKCRP,806006,802528,AUTUMN,NONE,,2021-10-18,2021,10,2021-22,2021,Final_Report_2021_22.pdf,SWL,
18-Oct-21,4,1302,5,SW LANTAU,2.0,448,ON,HKCRP,805926,803476,AUTUMN,NONE,P,2021-10-18,2021,10,2021-22,2021,Final_Report_2021_22.pdf,SWL,448.0
18-Oct-21,5,1346,1,SW LANTAU,2.0,259,ON,HKCRP,807881,805945,AUTUMN,NONE,S,2021-10-18,2021,10,2021-22,2021,Final_Report_2021_22.pdf,SWL,259.0
18-Oct-21,6,1400,2,SW LANTAU,2.0,65,ON,HKCRP,807325,807408,AUTUMN,NONE,P,2021-10-18,2021,10,2021-22,2021,Final_Report_2021_22.pdf,SWL,65.0
19-Oct-21,1,1028,5,W LANTAU,1.0,373,ON,HKCRP,815242,802507,AUTUMN,NONE,S,2021-10-19,2021,10,2021-22,2021,Final_Report_2021_22.pdf,WL,373.0
19-Oct-21,2,1046,2,W LANTAU,1.0,149,ON,HKCRP,814476,803093,AUTUMN,NONE,P,2021-10-19,2021,10,2021-22,2021,Final_Report_2021_22.pdf,WL,149.0
19-Oct-21,3,1113,1,W LANTAU,2.0,342,ON,HKCRP,812396,802181,AUTUMN,NONE,P,2021-10-19,2021,10,2021-22,2021,Final_Report_2021_22.pdf,WL,342.0
19-Oct-21,4,1141,8,W LANTAU,2.0,5,ON,HKCRP,810348,801795,AUTUMN,NONE,P,2021-10-19,2021,10,2021-22,2021,Final_Report_2021_22.pdf,WL,5.0
19-Oct-21,5,1213,1,W LANTAU,2.0,52,ON,HKCRP,809423,799927,AUTUMN,NONE,P,2021-10-19,2021,10,2021-22,2021,Final_Report_2021_22.pdf,WL,52.0
3-Nov-21,1,1013,2,W LANTAU,2.0,62,ON,HKCRP,813779,803071,AUTUMN,NONE,S,2021-11-03,2021,11,2021-22,2021,Final_Report_2021_22.pdf,WL,62.0
3-Nov-21,2,1028,3,W LANTAU,2.0,477,ON,HKCRP,811080,801343,AUTUMN,NONE,S,2021-11-03,2021,11,2021-22,2021,Final_Report_2021_22.pdf,WL,477.0
3-Nov-21,3,1030,3,W LANTAU,2.0,105,ON,HKCRP,810549,801208,AUTUMN,NONE,S,2021-11-03,2021,11,2021-22,2021,Final_Report_2021_22.pdf,WL,105.0
4-Nov-21,1,1034,3,W LANTAU,2.0,200,ON,HKCRP,809508,801092,AUTUMN,NONE,S,2021-11-04,2021,11,2021-22,2021,Final_Report_2021_22.pdf,WL,200.0
4-Nov-21,2,1119,6,W LANTAU,2.0,7,ON,HKCRP,808401,801028,AUTUMN,NONE,S,2021-11-04,2021,11,2021-22,2021,Final_Report_2021_22.pdf,WL,7.0
4-Nov-21,3,1138,3,W LANTAU,2.0,131,ON,HKCRP,809368,799751,AUTUMN,NONE,P,2021-11-04,2021,11,2021-22,2021,Final_Report_2021_22.pdf,WL,131.0
4-Nov-21,4,1147,1,W LANTAU,2.0,210,ON,HKCRP,809431,801102,AUTUMN,NONE,P,2021-11-04,2021,11,2021-22,2021,Final_Report_2021_22.pdf,WL,210.0
4-Nov-21,5,1202,4,W LANTAU,2.0,126,ON,HKCRP,810474,799991,AUTUMN,NONE,P,2021-11-04,2021,11,2021-22,2021,Final_Report_2021_22.pdf,WL,126.0
4-Nov-21,6,1238,3,W LANTAU,2.0,1259,ON,HKCRP,813569,802586,AUTUMN,NONE,S,2021-11-04,2021,11,2021-22,2021,Final_Report_2021_22.pdf,WL,1259.0
4-Nov-21,7,1251,1,W LANTAU,2.0,944,ON,HKCRP,813008,801172,AUTUMN,NONE,S,2021-11-04,2021,11,2021-22,2021,Final_Report_2021_22.pdf,WL,944.0
4-Nov-21,8,1319,1,W LANTAU,2.0,85,ON,HKCRP,814601,801856,AUTUMN,NONE,P,2021-11-04,2021,11,2021-22,2021,Final_Report_2021_22.pdf,WL,85.0
4-Nov-21,9,1401,1,NW LANTAU,2.0,148,ON,HKCRP,821638,804674,AUTUMN,NONE,P,2021-11-04,2021,11,2021-22,2021,Final_Report_2021_22.pdf,NWL,148.0
12-Nov-21,1,1042,18,W LANTAU,3.0,219,ON,HKCRP,808856,800843,AUTUMN,NONE,S,2021-11-12,2021,11,2021-22,2021,Final_Report_2021_22.pdf,WL,219.0
15-Nov-21,1,1029,1,W LANTAU,2.0,405,ON,HKCRP,814523,801722,AUTUMN,NONE,S,2021-11-15,2021,11,2021-22,2021,Final_Report_2021_22.pdf,WL,405.0
15-Nov-21,2,1103,2,W LANTAU,2.0,13,ON,HKCRP,812430,801769,AUTUMN,NONE,P,2021-11-15,2021,11,2021-22,2021,Final_Report_2021_22.pdf,WL,13.0
15-Nov-21,3,1129,14,W LANTAU,2.0,59,ON,HKCRP,810143,799619,AUTUMN,NONE,S,2021-11-15,2021,11,2021-22,2021,Final_Report_2021_22.pdf,WL,59.0
15-Nov-21,4,1234,6,W LANTAU,2.0,344,ON,HKCRP,806487,800518,AUTUMN,NONE,P,2021-11-15,2021,11,2021-22,2021,Final_Report_2021_22.pdf,WL,344.0
15-Nov-21,5,1247,5,W LANTAU,2.0,0,ON,HKCRP,806485,801425,AUTUMN,NONE,P,2021-11-15,2021,11,2021-22,2021,Final_Report_2021_22.pdf,WL,0.0
15-Nov-21,6,1356,1,SW LANTAU,2.0,111,ON,HKCRP,807374,805160,AUTUMN,NONE,S,2021-11-15,2021,11,2021-22,2021,Final_Report_2021_22.pdf,SWL,111.0
18-Nov-21,1,1011,1,W LANTAU,3.0,450,ON,HKCRP,813989,803246,AUTUMN,NONE,S,2021-11-18,2021,11,2021-22,2021,Final_Report_2021_22.pdf,WL,450.0
24-Nov-21,1,1018,3,W LANTAU,3.0,1580,ON,HKCRP,813734,803091,AUTUMN,NONE,P,2021-11-24,2021,11,2021-22,2021,Final_Report_2021_22.pdf,WL,1580.0
24-Nov-21,2,1137,5,SW LANTAU,2.0,421,ON,HKCRP,805415,804486,AUTUMN,NONE,P,2021-11-24,2021,11,2021-22,2021,Final_Report_2021_22.pdf,SWL,421.0
24-Nov-21,3,1151,2,SW LANTAU,2.0,444,ON,HKCRP,805747,804456,AUTUMN,NONE,P,2021-11-24,2021,11,2021-22,2021,Final_Report_2021_22.pdf,SWL,444.0
1-Dec-21,1,1031,1,W LANTAU,4.0,172,ON,HKCRP,810162,801207,WINTER,NONE,S,2021-12-01,2021,12,2021-22,2021,Final_Report_2021_22.pdf,WL,172.0
9-Dec-21,1,1038,2,W LANTAU,2.0,185,ON,HKCRP,814165,803463,WINTER,GILLNET,S,2021-12-09,2021,12,2021-22,2021,Final_Report_2021_22.pdf,WL,185.0
9-Dec-21,2,1110,3,W LANTAU,2.0,532,ON,HKCRP,811521,802447,WINTER,NONE,S,2021-12-09,2021,12,2021-22,2021,Final_Report_2021_22.pdf,WL,532.0
9-Dec-21,3,1138,5,W LANTAU,3.0,308,ON,HKCRP,810484,800744,WINTER,NONE,P,2021-12-09,2021,12,2021-22,2021,Final_Report_2021_22.pdf,WL,308.0
9-Dec-21,4,1208,6,W LANTAU,2.0,126,ON,HKCRP,809290,799648,WINTER,NONE,P,2021-12-09,2021,12,2021-22,2021,Final_Report_2021_22.pdf,WL,126.0
9-Dec-21,5,1223,2,W LANTAU,2.0,68,ON,HKCRP,808436,800213,WINTER,NONE,P,2021-12-09,2021,12,2021-22,2021,Final_Report_2021_22.pdf,WL,68.0
9-Dec-21,6,1249,4,W LANTAU,2.0,137,ON,HKCRP,806585,800951,WINTER,NONE,P,2021-12-09,2021,12,2021-22,2021,Final_Report_2021_22.pdf,WL,137.0
9-Dec-21,7,1547,1,SW LANTAU,2.0,40,ON,HKCRP,804208,810569,WINTER,NONE,P,2021-12-09,2021,12,2021-22,2021,Final_Report_2021_22.pdf,SWL,40.0
10-Dec-21,1,1006,1,NW LANTAU,2.0,86,ON,HKCRP,816254,805415,WINTER,NONE,P,2021-12-10,2021,12,2021-22,2021,Final_Report_2021_22.pdf,NWL,86.0
10-Dec-21,2,1100,9,NW LANTAU,3.0,21,ON,HKCRP,827926,805449,WINTER,NONE,P,2021-12-10,2021,12,2021-22,2021,Final_Report_2021_22.pdf,NWL,21.0
5-Jan-22,3,1536,5,SW LANTAU,2.0,285,ON,HKCRP,805706,803156,WINTER,NONE,P,2022-01-05,2022,1,2021-22,2021,Final_Report_2021_22.pdf,SWL,285.0
6-Jan-22,1,1041,1,W LANTAU,3.0,174,ON,HKCRP,818107,803781,WINTER,NONE,P,2022-01-06,2022,1,2021-22,2021,Final_Report_2021_22.pdf,WL,174.0
6-Jan-22,2,1112,10,W LANTAU,2.0,111,ON,HKCRP,814666,802217,WINTER,GILLNET,S,2022-01-06,2022,1,2021-22,2021,Final_Report_2021_22.pdf,WL,111.0
6-Jan-22,3,1201,1,W LANTAU,2.0,1279,ON,HKCRP,811434,801509,WINTER,NONE,P,2022-01-06,2022,1,2021-22,2021,Final_Report_2021_22.pdf,WL,1279.0
18-Jan-22,2,1422,1,SW LANTAU,3.0,267,ON,HKCRP,805322,806466,WINTER,NONE,P,2022-01-18,2022,1,2021-22,2021,Final_Report_2021_22.pdf,SWL,267.0
20-Jan-22,1,1232,10,W LANTAU,2.0,365,ON,HKCRP,814235,802082,WINTER,NONE,P,2022-01-20,2022,1,2021-22,2021,Final_Report_2021_22.pdf,WL,365.0
20-Jan-22,2,1258,2,W LANTAU,3.0,430,ON,HKCRP,814011,802906,WINTER,NONE,P,2022-01-20,2022,1,2021-22,2021,Final_Report_2021_22.pdf,WL,430.0
20-Jan-22,3,1333,2,W LANTAU,2.0,7,ON,HKCRP,816269,803766,WINTER,NONE,P,2022-01-20,2022,1,2021-22,2021,Final_Report_2021_22.pdf,WL,7.0
14-Feb-22,1,1052,1,W LANTAU,3.0,648,ON,HKCRP,813601,803132,WINTER,NONE,S,2022-02-14,2022,2,2021-22,2021,Final_Report_2021_22.pdf,WL,648.0
14-Feb-22,2,1135,3,W LANTAU,3.0,60,ON,HKCRP,811083,800065,WINTER,NONE,S,2022-02-14,2022,2,2021-22,2021,Final_Report_2021_22.pdf,WL,60.0
14-Feb-22,3,1200,3,W LANTAU,2.0,183,ON,HKCRP,809431,801267,WINTER,NONE,S,2022-02-14,2022,2,2021-22,2021,Final_Report_2021_22.pdf,WL,183.0
14-Feb-22,4,1229,7,W LANTAU,2.0,702,ON,HKCRP,808291,800945,WINTER,NONE,S,2022-02-14,2022,2,2021-22,2021,Final_Report_2021_22.pdf,WL,702.0
14-Feb-22,5,1253,2,W LANTAU,3.0,77,ON,HKCRP,807415,801252,WINTER,NONE,P,2022-02-14,2022,2,2021-22,2021,Final_Report_2021_22.pdf,WL,77.0
14-Feb-22,6,1418,3,W LANTAU,2.0,102,ON,HKCRP,807704,805903,WINTER,NONE,S,2022-02-14,2022,2,2021-22,2021,Final_Report_2021_22.pdf,WL,102.0
28-Feb-22,1,1130,3,W LANTAU,2.0,11,ON,HKCRP,810429,800372,SPRING,GILLNET,P,2022-02-28,2022,2,2021-22,2021,Final_Report_2021_22.pdf,WL,11.0
28-Feb-22,2,1145,6,W LANTAU,2.0,31,ON,HKCRP,809475,801143,SPRING,GILLNET,S,2022-02-28,2022,2,2021-22,2021,Final_Report_2021_22.pdf,WL,31.0
28-Feb-22,3,1206,4,W LANTAU,2.0,368,ON,HKCRP,809391,799174,SPRING,NONE,P,2022-02-28,2022,2,2021-22,2021,Final_Report_2021_22.pdf,WL,368.0
28-Feb-22,4,1306,1,SW LANTAU,2.0,42,ON,HKCRP,806065,812624,SPRING,NONE,S,2022-02-28,2022,2,2021-22,2021,Final_Report_2021_22.pdf,SWL,42.0
3-Mar-22,1,1038,3,W LANTAU,2.0,546,ON,HKCRP,809796,801185,SPRING,NONE,S,2022-03-03,2022,3,2021-22,2021,Final_Report_2021_22.pdf,WL,546.0
3-Mar-22,2,1138,8,W LANTAU,3.0,41,ON,HKCRP,807471,800860,SPRING,NONE,P,2022-03-03,2022,3,2021-22,2021,Final_Report_2021_22.pdf,WL,41.0
3-Mar-22,3,1200,6,W LANTAU,2.0,389,ON,HKCRP,808446,800687,SPRING,GILLNET,P,2022-03-03,2022,3,2021-22,2021,Final_Report_2021_22.pdf,WL,389.0
3-Mar-22,4,1233,2,W LANTAU,1.0,247,ON,HKCRP,810450,801043,SPRING,GILLNET,P,2022-03-03,2022,3,2021-22,2021,Final_Report_2021_22.pdf,WL,247.0
10-Mar-22,1,1123,3,W LANTAU,2.0,153,ON,HKCRP,811457,801416,SPRING,NONE,P,2022-03-10,2022,3,2021-22,2021,Final_Report_2021_22.pdf,WL,153.0
